date,cell,tmean,tmax,tmin,precip,kind
2025-01-01,0,18.3,24.7,13.0,0.0,observed
2025-01-02,0,19.3,25.7,13.6,0.0,observed
2025-01-03,0,20.0,25.9,14.4,0.0,observed
2025-01-04,0,19.0,24.7,14.1,0.0,observed
2025-01-05,0,19.4,24.6,14.4,0.0,observed
2025-01-06,0,19.1,24.6,14.0,0.0,observed
2025-01-07,0,18.6,24.0,13.9,0.0,observed
2025-01-08,0,19.4,24.0,15.2,0.1,observed
2025-01-09,0,18.8,22.9,16.3,0.0,observed
2025-01-10,0,16.1,19.2,13.5,0.0,observed
2025-01-11,0,15.3,18.3,12.5,0.0,observed
2025-01-12,0,14.8,20.2,9.7,0.0,observed
2025-01-13,0,15.4,21.2,8.8,0.0,observed
2025-01-14,0,17.5,24.0,11.0,0.0,observed
2025-01-15,0,19.3,23.1,16.6,0.2,observed
2025-01-16,0,18.3,23.2,14.8,0.0,observed
2025-01-17,0,17.2,22.9,11.9,0.0,observed
2025-01-18,0,17.5,21.9,13.1,0.0,observed
2025-01-19,0,19.0,24.3,14.2,0.0,observed
2025-01-20,0,19.3,26.0,13.2,0.0,observed
2025-01-21,0,19.2,25.7,13.5,0.0,observed
2025-01-22,0,19.2,23.3,15.4,0.4,observed
2025-01-23,0,19.5,24.0,16.5,0.7,observed
2025-01-24,0,21.2,26.9,17.5,1.4,observed
2025-01-25,0,21.5,24.4,19.9,4.9,observed
2025-01-26,0,14.9,20.4,13.6,11.3,observed
2025-01-27,0,14.6,17.8,12.6,0.1,observed
2025-01-28,0,13.6,17.8,10.4,0.3,observed
2025-01-29,0,13.9,19.1,9.1,0.0,observed
2025-01-30,0,16.7,23.3,10.6,0.0,observed
2025-01-31,0,20.2,26.3,16.2,0.1,observed
2025-02-01,0,21.0,25.4,18.8,3.2,observed
2025-02-02,0,20.8,23.6,18.4,1.8,observed
2025-02-03,0,15.7,17.6,13.9,5.2,observed
2025-02-04,0,15.3,18.7,13.0,0.0,observed
2025-02-05,0,15.8,19.2,12.3,0.7,observed
2025-02-06,0,17.4,21.1,15.5,1.6,observed
2025-02-07,0,14.3,16.0,12.7,6.1,observed
2025-02-08,0,13.2,15.8,10.9,0.7,observed
2025-02-09,0,13.5,16.0,12.0,0.0,observed
2025-02-10,0,14.6,19.5,9.8,0.0,observed
2025-02-11,0,17.2,23.9,11.9,0.1,observed
2025-02-12,0,19.4,22.8,16.1,0.8,observed
2025-02-13,0,19.0,22.6,16.3,2.6,observed
2025-02-14,0,19.1,22.5,17.1,0.6,observed
2025-02-15,0,20.8,25.1,18.6,0.3,observed
2025-02-16,0,17.4,19.9,15.7,6.1,observed
2025-02-17,0,18.3,22.2,15.5,0.9,observed
2025-02-18,0,17.0,19.1,15.5,3.1,observed
2025-02-19,0,17.7,20.1,16.1,1.1,observed
2025-02-20,0,19.6,23.0,17.4,0.4,observed
2025-02-21,0,19.7,22.1,17.9,0.6,observed
2025-02-22,0,19.3,21.8,17.6,1.6,observed
2025-02-23,0,16.9,18.8,14.8,2.2,observed
2025-02-24,0,13.7,15.2,12.4,1.5,observed
2025-02-25,0,14.1,15.9,13.0,9.2,observed
2025-02-26,0,15.6,19.2,13.6,1.8,observed
2025-02-27,0,18.2,22.9,15.2,0.0,observed
2025-02-28,0,20.6,24.9,17.2,0.4,observed
2025-03-01,0,22.7,28.0,19.8,0.3,observed
2025-03-02,0,23.7,28.5,21.3,0.8,observed
2025-03-03,0,24.1,28.4,21.1,0.5,observed
2025-03-04,0,25.2,29.5,22.5,0.1,observed
2025-03-05,0,22.8,24.8,18.6,5.5,observed
2025-03-06,0,15.3,17.3,13.5,2.7,observed
2025-03-07,0,15.3,18.0,13.2,0.0,observed
2025-03-08,0,16.1,18.7,14.5,0.0,observed
2025-03-09,0,18.0,21.1,15.6,0.1,observed
2025-03-10,0,19.9,23.5,17.6,0.9,observed
2025-03-11,0,21.2,25.9,17.7,0.4,observed
2025-03-12,0,23.4,26.6,21.0,1.4,observed
2025-03-13,0,23.6,25.8,21.8,1.1,observed
2025-03-14,0,24.5,28.2,22.6,0.6,observed
2025-03-15,0,23.8,26.6,20.8,1.6,observed
2025-03-16,0,18.4,20.9,15.7,0.9,observed
2025-03-17,0,17.5,20.6,15.4,0.0,observed
2025-03-18,0,17.2,20.3,15.5,0.0,observed
2025-03-19,0,18.0,22.5,13.6,0.0,observed
2025-03-20,0,18.5,24.1,13.3,0.0,observed
2025-03-21,0,19.6,25.5,13.9,0.0,observed
2025-03-22,0,20.7,26.5,15.0,0.0,observed
2025-03-23,0,21.8,27.7,16.6,0.0,observed
2025-03-24,0,23.3,29.7,17.5,0.0,observed
2025-03-25,0,24.5,31.4,19.6,0.0,observed
2025-03-26,0,24.6,31.3,20.3,0.0,observed
2025-03-27,0,26.2,33.4,21.4,0.0,observed
2025-03-28,0,26.1,32.0,22.0,0.2,observed
2025-03-29,0,17.4,25.2,14.6,14.0,observed
2025-03-30,0,15.0,17.7,12.9,0.7,observed
2025-03-31,0,15.5,18.6,13.5,0.0,observed
2025-04-01,0,18.1,22.4,14.6,0.0,observed
2025-04-02,0,19.7,25.4,14.6,0.0,observed
2025-04-03,0,21.2,27.9,15.3,0.0,observed
2025-04-04,0,21.7,26.7,17.1,0.0,observed
2025-04-05,0,22.4,24.9,20.5,1.7,observed
2025-04-06,0,23.4,27.2,20.8,1.5,observed
2025-04-07,0,22.6,26.1,20.3,0.8,observed
2025-04-08,0,23.7,28.4,19.9,0.3,observed
2025-04-09,0,25.3,29.7,22.5,0.3,observed
2025-04-10,0,25.3,30.7,23.1,0.3,observed
2025-04-11,0,26.7,32.6,22.8,0.4,observed
2025-04-12,0,26.4,33.8,21.7,8.0,observed
2025-04-13,0,22.7,26.7,19.3,1.7,observed
2025-04-14,0,22.1,25.7,19.1,2.7,observed
2025-04-15,0,25.1,33.4,18.0,0.0,observed
2025-04-16,0,25.0,31.3,19.3,0.0,observed
2025-04-17,0,26.7,32.9,22.2,0.1,observed
2025-04-18,0,28.5,34.4,23.2,0.2,observed
2025-04-19,0,30.4,36.8,25.1,0.1,observed
2025-04-20,0,29.8,35.7,25.6,0.1,observed
2025-04-21,0,29.4,35.6,25.5,0.0,observed
2025-04-22,0,30.1,36.7,25.5,0.0,observed
2025-04-23,0,28.9,37.1,25.6,35.6,observed
2025-04-24,0,28.3,33.4,24.7,9.0,observed
2025-04-25,0,25.8,29.1,23.0,29.3,observed
2025-04-26,0,26.1,29.5,23.9,0.1,observed
2025-04-27,0,27.6,31.6,25.4,1.0,observed
2025-04-28,0,25.4,28.5,23.3,25.2,observed
2025-04-29,0,25.9,29.4,23.2,2.1,observed
2025-04-30,0,26.5,30.3,24.1,28.4,observed
2025-05-01,0,25.4,28.1,23.7,25.4,observed
2025-05-02,0,26.9,31.4,22.8,0.0,observed
2025-05-03,0,27.4,31.7,24.9,0.1,observed
2025-05-04,0,28.9,33.8,25.6,0.2,observed
2025-05-05,0,29.7,35.0,25.8,0.0,observed
2025-05-06,0,29.3,33.2,26.5,0.4,observed
2025-05-07,0,29.9,34.8,25.9,0.5,observed
2025-05-08,0,30.8,35.7,27.2,0.0,observed
2025-05-09,0,29.0,32.5,26.5,5.2,observed
2025-05-10,0,26.9,31.5,23.6,26.8,observed
2025-05-11,0,23.0,26.7,21.0,10.9,observed
2025-05-12,0,23.9,28.3,19.7,0.0,observed
2025-05-13,0,25.4,30.0,21.3,0.0,observed
2025-05-14,0,26.7,29.5,23.8,5.9,observed
2025-05-15,0,26.3,29.9,24.8,15.9,observed
2025-05-16,0,27.0,29.6,25.5,14.3,observed
2025-05-17,0,27.8,31.6,26.1,11.8,observed
2025-05-18,0,27.6,32.3,25.7,23.8,observed
2025-05-19,0,27.0,30.9,24.4,24.7,observed
2025-05-20,0,29.0,32.9,26.5,3.3,observed
2025-05-21,0,29.4,33.1,26.9,1.0,observed
2025-05-22,0,28.8,31.1,27.1,4.1,observed
2025-05-23,0,27.4,29.1,25.6,7.1,observed
2025-05-24,0,23.9,25.2,22.6,28.1,observed
2025-05-25,0,24.1,27.8,22.1,0.5,observed
2025-05-26,0,24.2,27.9,20.8,0.0,observed
2025-05-27,0,24.4,26.0,23.0,3.6,observed
2025-05-28,0,27.1,31.2,23.9,6.4,observed
2025-05-29,0,27.0,30.2,24.8,9.3,observed
2025-05-30,0,26.1,29.7,23.1,22.5,observed
2025-05-31,0,29.4,34.6,25.3,0.1,observed
2025-06-01,0,32.0,38.1,27.3,0.0,observed
2025-06-02,0,32.4,37.3,28.1,0.1,observed
2025-06-03,0,28.9,32.5,26.2,16.3,observed
2025-06-04,0,27.5,31.7,25.0,28.3,observed
2025-06-05,0,28.5,32.7,24.4,3.0,observed
2025-06-06,0,29.3,32.3,26.9,9.5,observed
2025-06-07,0,29.7,32.4,27.4,8.9,observed
2025-06-08,0,29.5,32.9,27.1,9.0,observed
2025-06-09,0,28.3,32.6,25.0,22.0,observed
2025-06-10,0,27.4,29.4,24.9,26.2,observed
2025-06-11,0,28.6,33.0,25.3,0.9,observed
2025-06-12,0,29.2,32.8,25.6,0.5,observed
2025-06-13,0,28.8,31.6,25.5,6.0,observed
2025-06-14,0,30.3,34.4,26.9,0.9,observed
2025-06-15,0,29.3,35.4,26.5,31.5,observed
2025-06-16,0,28.2,32.6,25.9,5.0,observed
2025-06-17,0,28.9,32.2,26.7,3.1,observed
2025-06-18,0,30.2,34.1,27.0,4.6,observed
2025-06-19,0,30.2,33.6,27.6,0.4,observed
2025-06-20,0,29.7,32.9,26.9,26.8,observed
2025-06-21,0,27.4,31.7,25.5,47.1,observed
2025-06-22,0,27.1,30.4,24.6,56.5,observed
2025-06-23,0,28.5,32.6,24.6,10.9,observed
2025-06-24,0,28.8,32.7,26.2,9.0,observed
2025-06-25,0,28.6,32.4,25.2,6.3,observed
2025-06-26,0,29.1,32.9,26.2,5.8,observed
2025-06-27,0,26.7,29.9,24.5,65.5,observed
2025-06-28,0,26.9,30.1,24.4,18.0,observed
2025-06-29,0,27.3,31.7,24.4,27.3,observed
2025-06-30,0,27.3,32.1,25.1,41.8,observed
2025-07-01,0,27.0,31.0,24.5,45.0,observed
2025-07-02,0,26.8,30.1,24.6,8.7,observed
2025-07-03,0,26.4,29.0,24.2,13.1,observed
2025-07-04,0,27.6,31.6,24.8,3.3,observed
2025-07-05,0,29.2,33.3,25.2,0.0,observed
2025-07-06,0,28.7,32.6,26.2,4.6,observed
2025-07-07,0,28.9,33.1,26.1,0.6,observed
2025-07-08,0,30.4,34.7,26.6,0.2,observed
2025-07-09,0,30.2,35.5,27.1,2.3,observed
2025-07-10,0,29.5,33.5,26.7,0.9,observed
2025-07-11,0,27.5,31.3,25.1,31.5,observed
2025-07-12,0,26.9,30.6,24.4,33.2,observed
2025-07-13,0,28.3,32.3,24.8,13.1,observed
2025-07-14,0,28.8,31.9,26.5,7.7,observed
2025-07-15,0,29.5,32.9,27.0,0.6,observed
2025-07-16,0,29.5,31.9,27.2,1.3,observed
2025-07-17,0,30.5,34.8,26.5,0.2,observed
2025-07-18,0,31.6,35.9,27.6,0.0,observed
2025-07-19,0,29.6,35.4,24.9,16.2,observed
2025-07-20,0,28.6,32.8,25.7,1.9,observed
2025-07-21,0,28.0,31.2,26.3,44.7,observed
2025-07-22,0,27.3,30.8,25.6,42.4,observed
2025-07-23,0,27.5,31.0,24.8,20.4,observed
2025-07-24,0,27.3,30.6,24.9,24.9,observed
2025-07-25,0,27.6,30.8,25.3,14.7,observed
2025-07-26,0,28.6,32.6,26.2,6.3,observed
2025-07-27,0,28.8,32.6,25.8,1.1,observed
2025-07-28,0,29.9,34.3,25.9,0.1,observed
2025-07-29,0,31.2,35.6,27.2,0.0,observed
2025-07-30,0,31.7,36.2,28.0,2.2,observed
2025-07-31,0,30.1,34.1,27.5,6.9,observed
2025-08-01,0,28.6,32.4,26.6,3.4,observed
2025-08-02,0,30.0,34.6,26.0,0.3,observed
2025-08-03,0,31.7,36.7,27.5,0.0,observed
2025-08-04,0,32.5,37.2,28.5,0.2,observed
2025-08-05,0,29.7,35.3,27.5,9.9,observed
2025-08-06,0,28.0,30.0,27.0,9.3,observed
2025-08-07,0,29.0,32.0,26.3,2.5,observed
2025-08-08,0,30.8,35.1,27.2,0.2,observed
2025-08-09,0,31.5,35.9,27.4,0.0,observed
2025-08-10,0,30.8,34.4,28.3,1.6,observed
2025-08-11,0,30.4,34.3,26.9,2.8,observed
2025-08-12,0,30.0,34.5,26.8,4.6,observed
2025-08-13,0,29.5,33.0,26.4,0.4,observed
2025-08-14,0,29.9,32.5,27.2,4.3,observed
2025-08-15,0,26.7,28.9,24.8,13.0,observed
2025-08-16,0,25.8,29.7,23.8,20.6,observed
2025-08-17,0,26.7,32.0,24.3,14.3,observed
2025-08-18,0,26.1,29.5,23.9,28.8,observed
2025-08-19,0,26.5,28.7,24.5,12.6,observed
2025-08-20,0,28.9,32.8,26.2,1.6,observed
2025-08-21,0,27.9,30.2,25.7,16.2,observed
2025-08-22,0,28.6,31.1,26.9,9.8,observed
2025-08-23,0,27.9,30.4,25.6,8.1,observed
2025-08-24,0,27.6,32.3,25.3,4.0,observed
2025-08-25,0,25.7,27.2,24.6,31.4,observed
2025-08-26,0,24.7,26.5,23.8,72.1,observed
2025-08-27,0,25.2,28.1,23.5,29.0,observed
2025-08-28,0,27.1,31.1,24.0,1.9,observed
2025-08-29,0,26.9,30.8,24.3,10.6,observed
2025-08-30,0,26.4,29.7,24.2,33.2,observed
2025-08-31,0,26.0,30.2,23.6,23.8,observed
2025-09-01,0,27.1,30.7,24.3,10.8,observed
2025-09-02,0,28.1,31.7,25.5,0.7,observed
2025-09-03,0,28.9,32.6,25.8,0.3,observed
2025-09-04,0,29.3,33.2,25.9,0.0,observed
2025-09-05,0,29.7,33.5,26.2,0.0,observed
2025-09-06,0,29.4,33.1,26.7,0.4,observed
2025-09-07,0,30.0,33.6,26.4,0.1,observed
2025-09-08,0,30.7,34.7,26.7,0.0,observed
2025-09-09,0,28.8,31.9,26.7,2.2,observed
2025-09-10,0,28.3,31.6,26.1,5.5,observed
2025-09-11,0,27.4,30.8,25.2,19.4,observed
2025-09-12,0,27.2,31.4,25.2,7.8,observed
2025-09-13,0,28.6,32.4,25.6,1.7,observed
2025-09-14,0,28.3,31.4,25.6,1.5,observed
2025-09-15,0,27.4,30.2,24.8,5.3,observed
2025-09-16,0,27.8,31.7,24.1,10.9,observed
2025-09-17,0,27.2,31.9,24.7,10.5,observed
2025-09-18,0,26.7,30.4,23.6,26.2,observed
2025-09-19,0,27.8,31.9,24.2,6.2,observed
2025-09-20,0,29.7,33.8,25.9,0.0,observed
2025-09-21,0,29.0,33.2,26.5,4.6,observed
2025-09-22,0,26.8,30.3,24.1,18.6,observed
2025-09-23,0,27.9,31.7,24.2,0.5,observed
2025-09-24,0,28.9,33.2,24.8,0.1,observed
2025-09-25,0,26.0,27.4,24.2,18.7,observed
2025-09-26,0,25.5,28.4,23.9,13.6,observed
2025-09-27,0,26.8,31.5,23.7,16.5,observed
2025-09-28,0,26.1,29.7,24.2,41.0,observed
2025-09-29,0,24.6,25.3,24.2,78.3,observed
2025-09-30,0,25.2,27.4,23.7,43.8,observed
2025-10-01,0,26.4,30.0,23.8,4.7,observed
2025-10-02,0,28.1,32.3,24.9,0.0,observed
2025-10-03,0,28.0,31.8,24.8,0.0,observed
2025-10-04,0,28.0,31.4,25.4,0.2,observed
2025-10-05,0,28.5,32.7,24.9,0.9,observed
2025-10-06,0,25.7,29.0,23.7,35.1,observed
2025-10-07,0,24.3,26.5,23.2,133.8,observed
2025-10-08,0,26.3,29.6,23.2,9.2,observed
2025-10-09,0,27.1,30.9,24.0,0.5,observed
2025-10-10,0,27.6,31.1,24.5,0.9,observed
2025-10-11,0,26.4,29.5,24.4,3.3,observed
2025-10-12,0,27.9,31.0,25.0,0.2,observed
2025-10-13,0,26.6,30.0,24.9,15.6,observed
2025-10-14,0,24.9,27.9,23.5,30.5,observed
2025-10-15,0,25.6,29.0,23.7,7.4,observed
2025-10-16,0,26.1,30.4,22.4,14.5,observed
2025-10-17,0,27.2,31.2,23.8,0.3,observed
2025-10-18,0,27.5,31.2,23.9,0.2,observed
2025-10-19,0,26.3,30.7,23.4,12.0,observed
2025-10-20,0,25.7,29.7,23.3,0.3,observed
2025-10-21,0,24.1,28.1,21.3,0.0,observed
2025-10-22,0,22.3,24.5,20.2,0.0,observed
2025-10-23,0,19.6,21.1,18.5,1.7,observed
2025-10-24,0,20.1,22.0,18.5,1.1,observed
2025-10-25,0,22.1,25.5,19.8,0.0,observed
2025-10-26,0,23.8,27.2,21.3,0.0,observed
2025-10-27,0,23.3,26.9,20.9,0.0,observed
2025-10-28,0,23.7,26.8,21.7,0.0,observed
2025-10-29,0,23.8,27.0,20.1,0.0,observed
2025-10-30,0,23.9,25.9,22.6,0.7,observed
2025-10-31,0,23.4,25.2,22.1,4.8,observed
2025-11-01,0,20.9,22.2,20.0,6.1,observed
2025-11-02,0,20.2,21.4,19.1,2.4,observed
2025-11-03,0,19.4,20.2,18.4,2.2,observed
2025-11-04,0,19.4,20.6,18.2,1.5,observed
2025-11-05,0,20.8,22.9,19.0,0.1,observed
2025-11-06,0,22.0,24.7,19.4,0.0,observed
2025-11-07,0,23.1,25.1,20.6,6.5,observed
2025-11-08,0,24.7,28.0,22.2,13.4,observed
2025-11-09,0,24.5,27.2,22.6,60.0,observed
2025-11-10,0,24.4,27.5,22.5,1.0,observed
2025-11-11,0,22.5,24.2,21.6,0.8,observed
2025-11-12,0,22.2,24.9,20.2,0.0,observed
2025-11-13,0,22.2,25.9,19.7,0.0,observed
2025-11-14,0,21.0,25.7,17.0,0.0,observed
2025-11-15,0,21.3,26.5,16.4,0.0,observed
2025-11-16,0,22.0,25.3,19.8,0.0,observed
2025-11-17,0,22.5,25.1,20.7,1.4,observed
2025-11-18,0,18.0,21.7,13.8,17.0,observed
2025-11-19,0,14.7,16.9,12.9,1.7,observed
2025-11-20,0,17.1,21.3,13.8,0.0,observed
2025-11-21,0,18.4,22.9,14.8,0.0,observed
2025-11-22,0,19.1,23.6,14.5,0.0,observed
2025-11-23,0,20.3,24.8,17.4,0.0,observed
2025-11-24,0,20.0,25.3,15.9,0.0,observed
2025-11-25,0,19.5,23.4,15.8,0.0,observed
2025-11-26,0,17.8,23.1,13.9,0.0,observed
2025-11-27,0,17.9,23.6,13.5,0.0,observed
2025-11-28,0,17.1,23.5,12.0,0.0,observed
2025-11-29,0,16.9,22.9,11.2,0.0,observed
2025-11-30,0,18.6,24.0,14.1,0.0,observed
2025-12-01,0,19.9,24.2,17.2,1.9,observed
2025-12-02,0,22.4,26.4,19.3,0.1,observed
2025-12-03,0,21.2,24.0,19.1,2.1,observed
2025-12-04,0,20.3,23.4,18.0,0.0,observed
2025-12-05,0,19.3,20.7,18.5,0.7,observed
2025-12-06,0,20.0,23.5,17.3,0.1,observed
2025-12-07,0,21.2,25.2,18.5,0.7,observed
2025-12-08,0,20.9,25.3,18.7,1.1,observed
2025-12-09,0,20.4,24.4,16.4,0.0,observed
2025-12-10,0,21.3,26.5,16.6,0.0,observed
2025-12-11,0,21.0,23.0,19.5,0.0,observed
2025-12-12,0,21.9,24.5,19.6,1.2,observed
2025-12-13,0,20.7,22.4,17.9,17.6,observed
2025-12-14,0,17.8,20.7,15.4,0.0,observed
2025-12-15,0,17.9,22.1,14.3,0.0,observed
2025-12-16,0,18.9,21.6,16.3,0.0,observed
2025-12-17,0,20.2,23.4,18.1,1.5,observed
2025-12-18,0,20.2,24.4,17.1,0.0,observed
2025-12-19,0,20.2,25.5,16.0,0.0,observed
2025-12-20,0,21.5,24.7,19.7,2.1,observed
2025-12-21,0,21.2,25.0,18.2,1.2,observed
2025-12-22,0,21.2,25.4,18.1,1.2,observed
2025-12-23,0,22.5,26.2,20.1,1.7,observed
2025-12-24,0,22.4,26.9,18.6,3.0,observed
2025-12-25,0,17.2,19.3,15.2,1.0,observed
2025-12-26,0,16.0,19.6,12.9,0.0,observed
2025-12-27,0,15.8,19.5,12.6,0.0,observed
2025-12-28,0,17.3,21.0,13.9,0.0,observed
2025-12-29,0,19.6,23.3,16.8,0.2,observed
2025-12-30,0,20.4,23.8,17.6,0.2,observed
2025-12-31,0,20.8,24.7,17.8,0.4,observed
2026-01-01,0,19.6,23.2,16.6,4.6,observed
2026-01-02,0,15.7,16.8,14.3,1.0,observed
2026-01-03,0,15.9,18.5,13.7,0.0,observed
2026-01-04,0,17.4,21.6,14.7,0.3,observed
2026-01-05,0,15.7,17.2,14.2,1.3,observed
2026-01-06,0,13.8,14.7,13.2,0.0,observed
2026-01-07,0,14.6,18.8,10.4,0.0,observed
2026-01-08,0,14.8,19.8,10.7,0.0,observed
2026-01-09,0,15.1,20.5,9.8,0.0,observed
2026-01-10,0,15.8,21.6,10.6,0.0,observed
2026-01-11,0,16.9,22.5,12.4,0.0,observed
2026-01-12,0,17.5,22.7,13.0,0.0,observed
2026-01-13,0,18.2,23.8,13.2,0.0,observed
2026-01-14,0,19.3,25.3,14.4,0.0,observed
2026-01-15,0,19.8,23.0,17.3,0.0,observed
2026-01-16,0,21.3,26.3,17.9,0.0,observed
2026-01-17,0,20.4,23.3,19.0,3.5,observed
2026-01-18,0,21.0,26.7,18.0,0.7,observed
2026-01-19,0,21.7,26.6,18.7,0.4,observed
2026-01-20,0,21.9,25.7,19.7,2.6,observed
2026-01-21,0,16.5,20.2,12.8,5.6,observed
2026-01-22,0,11.1,12.3,9.7,1.7,observed
2026-01-23,0,12.3,16.0,9.8,0.0,observed
2026-01-24,0,13.6,15.9,11.9,0.0,observed
2026-01-25,0,17.3,22.7,13.8,0.0,observed
2026-01-26,0,18.6,22.0,16.5,3.5,observed
2026-01-27,0,19.8,23.6,17.2,0.2,observed
2026-01-28,0,19.1,24.1,15.5,0.0,observed
2026-01-29,0,20.0,25.0,16.2,0.0,observed
2026-01-30,0,21.4,25.4,18.5,1.1,observed
2026-01-31,0,19.0,21.2,16.9,0.4,observed
2026-02-01,0,17.6,20.5,15.5,0.0,observed
2026-02-02,0,16.1,18.3,14.2,0.3,observed
2026-02-03,0,17.0,21.7,12.3,0.0,observed
2026-02-04,0,18.9,23.9,15.2,0.2,observed
2026-02-05,0,21.0,26.3,17.7,0.3,observed
2026-02-06,0,22.7,26.5,20.7,0.4,observed
2026-02-07,0,22.1,25.1,20.1,1.9,observed
2026-02-08,0,15.2,20.2,12.2,16.0,observed
2026-02-09,0,13.4,16.8,11.8,5.2,observed
2026-02-10,0,17.4,22.2,13.3,0.1,observed
2026-02-11,0,18.2,19.5,17.3,4.1,observed
2026-02-12,0,19.5,23.3,17.2,0.4,observed
2026-02-13,0,21.6,24.9,18.5,1.0,observed
2026-02-14,0,22.3,25.6,20.0,0.2,observed
2026-02-15,0,23.0,28.2,19.9,0.0,observed
2026-02-16,0,23.3,27.9,20.7,0.1,observed
2026-02-17,0,22.3,25.1,19.6,1.4,observed
2026-02-18,0,19.0,20.9,17.1,1.3,observed
2026-02-19,0,19.4,21.9,17.6,1.5,observed
2026-02-20,0,19.8,23.7,16.7,0.7,observed
2026-02-21,0,21.5,27.8,18.1,0.1,observed
2026-02-22,0,22.0,24.9,20.2,2.1,observed
2026-02-23,0,23.2,26.0,21.0,0.4,observed
2026-02-24,0,23.1,24.8,21.9,0.7,observed
2026-02-25,0,23.2,26.7,21.1,23.0,observed
2026-02-26,0,22.1,24.7,20.6,3.2,observed
2026-02-27,0,23.7,28.4,19.9,0.1,observed
2026-02-28,0,25.4,29.4,22.9,1.1,observed
2026-03-01,0,26.0,30.8,22.5,0.5,observed
2026-03-02,0,26.2,30.6,23.6,1.6,observed
2026-03-03,0,21.7,24.8,19.6,7.0,observed
2026-03-04,0,19.5,22.1,17.4,0.1,observed
2026-03-05,0,19.9,23.0,16.4,0.0,observed
2026-03-06,0,21.3,24.7,19.1,0.0,observed
2026-03-07,0,21.3,24.4,19.2,0.0,observed
2026-03-08,0,21.7,24.9,19.2,1.8,observed
2026-03-09,0,19.9,23.3,17.7,5.0,observed
2026-03-10,0,18.7,21.9,16.2,0.0,observed
2026-03-11,0,18.7,21.8,15.8,0.1,observed
2026-03-12,0,20.4,24.6,18.0,0.1,observed
2026-03-13,0,20.5,24.8,16.8,0.1,observed
2026-03-14,0,20.8,23.6,18.9,0.3,observed
2026-03-15,0,21.4,24.6,18.8,0.4,observed
2026-03-16,0,22.3,26.1,19.3,1.0,observed
2026-03-17,0,23.1,26.8,20.1,0.0,observed
2026-03-18,0,23.7,27.1,20.6,0.0,observed
2026-03-19,0,24.3,28.5,21.6,0.0,observed
2026-03-20,0,24.3,27.3,22.1,0.4,observed
2026-03-21,0,23.8,25.7,21.6,0.3,observed
2026-03-22,0,24.5,28.6,21.5,0.6,observed
2026-03-23,0,24.8,29.0,21.9,0.5,observed
2026-03-24,0,25.4,29.5,23.0,0.6,observed
2026-03-25,0,25.6,28.9,23.6,0.2,observed
2026-03-26,0,26.3,30.4,23.4,0.2,observed
2026-03-27,0,25.9,29.4,23.3,1.3,observed
2026-03-28,0,26.2,30.0,23.8,0.4,observed
2026-03-29,0,26.7,30.9,23.8,3.8,observed
2026-03-30,0,28.0,33.0,23.7,0.0,observed
2026-03-31,0,29.4,36.8,24.5,0.0,observed
2026-04-01,0,25.0,27.9,22.4,0.2,observed
2026-04-02,0,25.3,30.6,22.1,0.3,observed
2026-04-03,0,28.0,33.2,24.2,0.1,observed
2026-04-04,0,26.9,31.3,24.3,0.0,observed
2026-04-05,0,27.7,33.3,23.3,0.1,observed
2026-04-06,0,30.7,39.1,24.2,0.0,observed
2026-04-07,0,30.9,37.3,25.5,0.0,observed
2026-04-08,0,30.0,35.0,26.3,0.0,observed
2026-04-09,0,29.5,34.8,25.5,0.1,observed
2026-04-10,0,29.7,35.7,25.3,0.0,observed
2026-04-11,0,30.3,38.0,24.6,0.0,observed
2026-04-12,0,29.8,37.0,24.3,0.0,observed
2026-04-13,0,29.5,34.5,25.2,0.0,observed
2026-04-14,0,29.2,34.0,25.7,0.0,observed
2026-04-15,0,29.1,34.3,26.0,0.2,observed
2026-04-16,0,28.8,32.9,26.0,0.3,observed
2026-04-17,0,25.9,27.8,23.5,45.6,observed
2026-04-18,0,25.2,28.6,22.6,8.4,observed
2026-04-19,0,25.8,29.5,24.2,2.3,observed
2026-04-20,0,26.0,28.6,23.5,0.2,observed
2026-04-21,0,27.7,32.6,25.0,0.1,observed
2026-04-22,0,28.9,34.6,25.1,0.6,observed
2026-04-23,0,24.9,27.2,22.9,29.0,observed
2026-04-24,0,24.7,27.9,22.5,9.2,observed
2026-04-25,0,25.8,29.5,22.9,0.4,observed
2026-04-26,0,25.6,29.5,23.2,1.1,observed
2026-04-27,0,26.7,31.9,23.6,0.2,observed
2026-04-28,0,27.6,32.4,24.5,0.0,observed
2026-04-29,0,24.9,28.6,22.4,19.1,observed
2026-04-30,0,23.4,26.4,20.4,0.0,observed
2026-05-01,0,24.3,28.3,21.0,0.0,observed
2026-05-02,0,25.8,32.1,22.9,5.3,observed
2026-05-03,0,25.0,28.1,22.0,25.5,observed
2026-05-04,0,23.4,27.6,19.8,12.1,observed
2026-05-05,0,25.4,29.6,21.7,0.0,observed
2026-05-06,0,26.9,31.1,23.6,0.3,observed
2026-05-07,0,26.8,30.5,24.6,16.6,observed
2026-05-08,0,25.9,28.9,23.0,27.2,observed
2026-05-09,0,25.1,27.2,23.8,5.6,observed
2026-05-10,0,24.7,28.0,23.1,0.2,observed
2026-05-11,0,26.8,31.0,23.1,0.7,observed
2026-05-12,0,27.7,31.7,25.0,2.0,observed
2026-05-13,0,28.8,32.9,26.0,0.9,observed
2026-05-14,0,30.6,35.3,26.2,0.0,observed
2026-05-15,0,30.6,34.0,26.9,0.0,observed
2026-05-16,0,28.4,33.0,25.1,42.0,observed
2026-05-17,0,27.0,29.8,25.3,23.5,observed
2026-05-18,0,27.1,31.5,25.0,13.9,observed
2026-05-19,0,27.5,30.6,24.5,24.9,observed
2026-05-20,0,27.4,30.3,25.0,19.3,observed
2026-05-21,0,27.2,29.7,25.9,30.6,observed
2026-05-22,0,29.5,32.6,27.0,1.4,observed
2026-05-23,0,31.3,35.7,27.7,0.0,observed
2026-05-24,0,31.7,36.4,27.9,0.0,observed
2026-05-25,0,32.5,37.3,28.9,0.0,observed
2026-05-26,0,33.1,37.7,29.2,0.0,observed
2026-05-27,0,32.8,37.2,28.9,0.1,observed
2026-05-28,0,30.8,35.8,27.6,31.3,observed
2026-05-29,0,28.9,31.0,27.3,4.9,observed
2026-05-30,0,28.1,32.1,24.5,7.0,observed
2026-05-31,0,29.4,33.4,26.0,0.6,observed
2026-06-01,0,30.6,34.3,27.1,0.6,observed
2026-06-02,0,31.0,34.8,27.9,0.3,observed
2026-06-03,0,31.1,36.0,28.2,0.9,observed
2026-06-04,0,30.2,36.1,27.5,4.6,observed
2026-06-05,0,28.1,31.3,24.7,2.6,observed
2026-06-06,0,30.6,34.6,27.5,1.6,observed
2026-06-07,0,31.8,35.5,28.5,0.1,observed
2026-06-08,0,30.6,35.8,26.1,4.3,observed
2026-06-09,0,25.9,27.9,24.0,9.2,observed
2026-06-10,0,27.1,30.1,24.3,0.0,observed
2026-06-11,0,27.0,29.4,25.0,3.2,observed
2026-06-12,0,28.2,32.0,25.4,12.1,observed
2026-06-13,0,30.5,34.4,27.5,0.0,observed
2026-06-14,0,31.7,35.4,28.4,0.0,observed
2026-06-15,0,31.2,35.7,28.3,5.6,observed
2026-06-16,0,29.5,33.3,26.5,7.3,observed
2026-06-17,0,29.5,33.9,26.9,7.6,observed
2026-06-18,0,30.5,34.3,27.7,0.7,observed
2026-06-19,0,31.1,33.8,28.0,0.6,observed
2026-06-20,0,31.3,35.6,28.0,2.3,observed
2026-06-21,0,31.0,35.6,27.4,0.3,observed
2026-06-22,0,30.1,33.1,27.6,0.7,observed
2026-06-23,0,32.4,37.4,27.9,0.7,observed
2026-06-24,0,34.0,38.1,29.4,0.0,observed
2026-06-25,0,34.0,38.8,30.5,0.1,observed
2026-06-26,0,30.1,32.3,27.6,0.4,observed
2026-06-27,0,30.0,34.7,25.5,10.3,observed
2026-06-28,0,28.4,32.3,25.6,30.4,observed
2026-06-29,0,28.0,31.1,26.0,40.4,observed
2026-06-30,0,27.2,30.7,25.4,26.9,observed
2026-07-01,0,27.3,30.2,25.2,18.6,observed
2026-07-02,0,27.9,30.6,25.3,12.1,observed
2026-07-03,0,28.1,31.1,26.3,15.2,observed
2026-07-04,0,28.3,30.8,26.2,10.0,observed
2026-07-05,0,28.4,32.3,25.5,44.4,observed
2026-07-06,0,28.4,32.2,26.4,5.3,observed
2026-07-07,0,29.6,33.5,26.3,2.8,observed
2026-07-08,0,27.9,31.7,26.2,13.6,observed
2026-07-09,0,27.2,29.8,25.6,39.7,observed
2026-07-10,0,28.0,31.8,25.7,10.5,observed
2026-07-11,0,28.8,31.3,26.7,6.1,observed
2026-07-12,0,29.1,33.2,26.0,7.5,observed
2026-07-13,0,29.8,32.9,27.0,1.1,observed
2026-07-14,0,30.6,34.9,27.6,0.5,observed
2026-07-15,0,30.7,34.5,28.0,0.4,observed
2026-07-16,0,30.3,33.2,26.3,6.0,observed
2026-07-17,0,30.2,32.7,28.0,1.1,observed
2026-07-18,0,30.8,34.7,27.6,1.3,observed
2026-07-19,0,28.8,31.1,26.8,2.3,observed
2026-07-20,0,29.2,32.2,26.7,1.0,observed
2026-07-21,0,29.0,32.3,26.1,1.8,observed
2026-07-22,0,29.5,32.9,26.7,1.3,observed
2026-07-23,0,27.8,30.2,25.3,12.2,observed
2026-07-24,0,27.3,29.9,24.9,14.9,observed
2026-07-25,0,28.3,32.3,24.1,7.6,observed
2026-07-26,0,30.2,33.9,26.3,0.0,observed
2026-07-27,0,28.9,31.6,26.6,12.4,observed
2026-07-28,0,26.5,28.9,25.4,70.7,observed
2026-07-29,0,27.0,30.0,25.1,11.7,observed
2026-07-30,0,26.9,30.3,24.5,15.0,observed
2026-07-31,0,26.9,30.1,25.3,31.3,observed
2026-08-01,0,27.4,30.4,24.9,21.0,observed
2026-08-02,0,27.7,30.6,25.5,11.7,observed
2026-08-03,0,28.1,32.5,25.2,25.8,observed
2026-08-04,0,27.7,30.5,25.8,25.1,observed
2026-08-05,0,27.1,30.7,25.8,34.8,observed
2026-08-06,0,27.2,29.6,25.5,24.4,observed
2026-08-07,0,27.7,30.9,25.3,6.4,observed
2026-08-08,0,29.7,32.8,26.6,1.0,observed
2026-08-09,0,31.0,35.1,27.5,1.0,observed
2026-08-10,0,31.1,34.6,27.5,0.4,observed
2026-08-11,0,31.1,34.8,27.5,0.3,observed
2026-08-12,0,31.5,35.2,28.3,0.2,observed
2026-08-13,0,31.1,35.0,27.3,1.0,observed
2026-08-14,0,28.6,30.9,27.3,5.5,observed
2026-08-15,0,30.0,34.3,26.2,0.0,observed
2026-08-16,0,30.6,35.1,24.4,5.2,observed
2026-08-17,0,30.7,36.2,26.3,2.2,observed
2026-08-18,0,29.2,33.8,26.0,12.4,observed
2026-08-19,0,27.0,31.3,25.2,27.1,observed
2026-08-20,0,29.3,33.9,24.8,7.9,observed
2026-08-21,0,26.7,28.1,25.5,51.0,observed
2026-08-22,0,25.9,26.5,25.3,84.6,observed
2026-08-23,0,26.1,27.3,25.1,116.0,observed
2026-08-24,0,27.2,29.8,25.1,78.2,observed
2026-08-25,0,27.9,30.6,25.1,7.0,observed
2026-08-26,0,28.3,30.9,25.7,30.4,observed
2026-08-27,0,28.4,31.7,26.1,27.5,observed
2026-08-28,0,28.8,32.1,25.7,4.8,observed
2026-08-29,0,28.9,31.4,26.4,4.6,observed
2026-08-30,0,29.3,33.7,26.5,1.6,observed
2026-08-31,0,29.5,33.6,25.8,6.6,observed
2026-09-01,0,30.3,34.6,26.8,0.0,observed
2026-09-02,0,29.7,34.3,25.0,0.0,observed
2026-09-03,0,29.3,33.4,25.3,0.0,observed
2026-09-04,0,28.6,31.8,25.8,0.5,observed
2026-09-05,0,27.5,29.2,25.9,1.6,observed
2026-09-06,0,28.1,31.0,25.4,0.1,observed
2026-09-07,0,28.1,32.1,23.8,1.5,observed
2026-09-08,0,29.4,33.2,25.6,0.1,observed
2026-09-09,0,28.9,33.5,24.2,13.6,observed
2026-09-10,0,26.0,29.3,23.5,11.3,observed
2026-09-11,0,26.3,30.0,22.3,5.5,observed
2026-09-12,0,26.8,30.5,23.7,0.0,observed
2026-09-13,0,27.0,30.4,25.2,7.1,observed
2026-09-14,0,24.9,26.7,23.8,36.2,observed
2026-09-15,0,24.8,25.7,24.0,71.3,observed
2026-09-16,0,24.8,25.9,23.6,46.3,observed
2026-09-17,0,25.2,26.3,24.5,25.7,observed
2026-09-18,0,27.2,30.7,24.3,2.2,observed
2026-09-19,0,28.1,31.9,24.7,0.6,observed
2026-09-20,0,28.8,32.3,25.5,0.0,observed
2026-09-21,0,28.4,32.2,24.6,0.0,observed
2026-09-22,0,28.9,32.5,25.4,0.8,observed
2026-09-23,0,27.8,31.0,25.7,2.5,observed
2026-09-24,0,27.4,30.9,24.5,4.1,observed
2026-09-25,0,28.1,32.2,25.2,0.9,observed
2026-09-26,0,28.3,31.4,25.8,0.4,observed
2026-09-27,0,28.8,32.3,25.9,0.6,observed
2026-09-28,0,29.8,33.7,26.6,0.7,observed
2026-09-29,0,30.6,34.4,27.0,0.0,observed
2026-09-30,0,30.7,34.6,27.3,0.0,observed
2026-10-01,0,30.2,34.5,27.3,1.3,forecast
2026-10-02,0,28.6,32.5,26.0,3.9,forecast
2026-10-03,0,28.9,32.2,26.5,2.0,forecast
2026-10-04,0,26.4,29.2,24.4,14.6,forecast
2026-10-05,0,25.4,28.6,23.2,1.1,forecast
2026-10-06,0,24.5,28.4,21.4,0.0,forecast
2026-10-07,0,24.1,29.3,20.1,0.0,forecast
2026-10-08,0,24.3,29.0,20.5,0.0,forecast
2026-10-09,0,24.6,29.0,21.3,0.0,forecast
2026-10-10,0,24.6,29.2,21.3,0.0,forecast
2026-10-11,0,24.4,29.5,20.5,0.0,forecast
2026-10-12,0,25.5,30.4,22.0,0.0,forecast
2026-10-13,0,26.2,30.6,23.1,0.0,forecast
2026-10-14,0,26.4,30.7,22.8,0.0,forecast
2026-10-15,0,26.6,31.1,23.6,5.2,forecast
2026-10-16,0,25.9,28.8,23.5,6.3,forecast
2025-01-01,1,18.2,23.9,13.6,0.0,observed
2025-01-02,1,19.1,25.0,14.0,0.0,observed
2025-01-03,1,19.7,25.4,15.2,0.0,observed
2025-01-04,1,18.5,23.8,14.2,0.0,observed
2025-01-05,1,19.0,24.5,14.5,0.0,observed
2025-01-06,1,18.5,24.0,13.8,0.0,observed
2025-01-07,1,18.0,23.5,13.4,0.0,observed
2025-01-08,1,18.9,23.4,14.8,0.8,observed
2025-01-09,1,18.7,22.7,16.2,0.0,observed
2025-01-10,1,16.0,19.0,13.4,0.0,observed
2025-01-11,1,15.1,18.2,12.6,0.0,observed
2025-01-12,1,14.5,19.6,9.7,0.0,observed
2025-01-13,1,15.1,20.9,8.9,0.0,observed
2025-01-14,1,17.2,23.1,11.0,0.0,observed
2025-01-15,1,19.0,22.4,16.9,0.2,observed
2025-01-16,1,17.8,22.9,14.7,0.0,observed
2025-01-17,1,16.7,22.1,11.8,0.0,observed
2025-01-18,1,17.2,21.6,12.9,0.0,observed
2025-01-19,1,18.5,23.6,14.0,0.0,observed
2025-01-20,1,18.6,24.9,13.1,0.0,observed
2025-01-21,1,18.5,25.2,13.0,0.0,observed
2025-01-22,1,18.8,23.1,15.1,0.0,observed
2025-01-23,1,19.2,23.4,16.1,0.2,observed
2025-01-24,1,20.7,26.0,17.3,1.7,observed
2025-01-25,1,21.2,23.8,19.5,4.1,observed
2025-01-26,1,14.7,20.0,13.5,11.4,observed
2025-01-27,1,14.4,17.5,12.3,0.1,observed
2025-01-28,1,13.4,17.8,10.3,0.0,observed
2025-01-29,1,13.7,18.7,9.6,0.0,observed
2025-01-30,1,16.5,23.0,10.7,0.0,observed
2025-01-31,1,19.9,25.6,15.8,0.2,observed
2025-02-01,1,20.9,25.1,19.0,1.7,observed
2025-02-02,1,20.6,23.4,18.5,1.4,observed
2025-02-03,1,15.4,17.2,13.8,5.1,observed
2025-02-04,1,15.1,18.6,13.0,0.0,observed
2025-02-05,1,15.6,18.9,12.1,0.8,observed
2025-02-06,1,17.4,21.4,15.5,2.1,observed
2025-02-07,1,14.1,15.7,12.6,5.5,observed
2025-02-08,1,13.0,15.7,10.9,0.5,observed
2025-02-09,1,13.3,15.9,11.8,0.0,observed
2025-02-10,1,14.6,19.6,9.8,0.0,observed
2025-02-11,1,17.0,23.3,11.9,0.0,observed
2025-02-12,1,19.4,23.1,15.9,0.5,observed
2025-02-13,1,18.9,22.8,16.4,1.9,observed
2025-02-14,1,19.0,22.6,17.1,0.5,observed
2025-02-15,1,20.6,24.3,18.5,0.6,observed
2025-02-16,1,17.5,19.7,15.7,6.7,observed
2025-02-17,1,18.2,22.4,15.6,0.5,observed
2025-02-18,1,17.1,19.2,15.5,2.4,observed
2025-02-19,1,17.7,19.9,16.2,1.8,observed
2025-02-20,1,19.6,22.6,17.4,0.8,observed
2025-02-21,1,19.5,21.8,17.7,0.3,observed
2025-02-22,1,19.3,21.6,17.6,0.2,observed
2025-02-23,1,16.8,18.7,14.7,1.1,observed
2025-02-24,1,13.6,15.1,12.6,1.5,observed
2025-02-25,1,14.0,15.8,12.9,10.1,observed
2025-02-26,1,15.5,19.0,13.6,1.8,observed
2025-02-27,1,18.1,22.7,15.2,0.0,observed
2025-02-28,1,20.5,24.6,17.3,0.2,observed
2025-03-01,1,22.5,27.6,19.4,0.0,observed
2025-03-02,1,23.4,27.9,21.1,0.4,observed
2025-03-03,1,23.8,28.5,20.7,0.2,observed
2025-03-04,1,24.8,29.2,22.3,1.0,observed
2025-03-05,1,22.6,24.7,18.3,5.4,observed
2025-03-06,1,15.0,17.0,13.5,2.5,observed
2025-03-07,1,15.0,17.7,12.9,0.3,observed
2025-03-08,1,16.0,18.6,14.4,0.0,observed
2025-03-09,1,17.8,21.0,15.5,0.1,observed
2025-03-10,1,19.7,23.2,17.5,0.6,observed
2025-03-11,1,21.0,25.7,17.5,0.2,observed
2025-03-12,1,23.2,26.4,20.9,0.6,observed
2025-03-13,1,23.4,25.6,21.7,1.3,observed
2025-03-14,1,24.2,27.7,22.4,0.5,observed
2025-03-15,1,23.4,26.5,20.1,5.8,observed
2025-03-16,1,18.2,20.5,15.8,0.7,observed
2025-03-17,1,17.4,20.2,15.3,0.0,observed
2025-03-18,1,17.1,19.7,15.4,0.0,observed
2025-03-19,1,18.1,22.6,13.9,0.0,observed
2025-03-20,1,18.4,23.8,13.5,0.0,observed
2025-03-21,1,19.3,25.0,13.8,0.0,observed
2025-03-22,1,20.0,25.3,14.5,0.0,observed
2025-03-23,1,21.0,26.1,16.5,0.0,observed
2025-03-24,1,22.6,28.8,17.2,0.0,observed
2025-03-25,1,24.0,30.3,19.4,0.0,observed
2025-03-26,1,24.2,30.5,20.0,0.0,observed
2025-03-27,1,25.6,32.3,21.2,0.0,observed
2025-03-28,1,25.4,30.7,21.5,0.4,observed
2025-03-29,1,16.9,24.9,14.0,10.7,observed
2025-03-30,1,14.6,17.2,12.5,1.0,observed
2025-03-31,1,15.1,18.3,13.0,0.0,observed
2025-04-01,1,17.8,22.0,14.3,0.0,observed
2025-04-02,1,19.2,24.9,14.3,0.0,observed
2025-04-03,1,20.3,25.8,15.5,0.0,observed
2025-04-04,1,21.0,25.4,16.8,0.2,observed
2025-04-05,1,21.8,24.2,19.8,1.4,observed
2025-04-06,1,22.8,26.3,20.5,0.7,observed
2025-04-07,1,22.1,25.3,19.8,0.5,observed
2025-04-08,1,23.2,27.7,19.7,0.3,observed
2025-04-09,1,24.7,28.6,22.2,0.7,observed
2025-04-10,1,24.6,28.7,22.7,0.9,observed
2025-04-11,1,25.9,31.3,22.3,0.8,observed
2025-04-12,1,25.9,33.1,21.8,14.6,observed
2025-04-13,1,22.4,26.3,19.3,1.9,observed
2025-04-14,1,21.8,25.4,19.0,2.8,observed
2025-04-15,1,24.3,31.7,18.4,0.0,observed
2025-04-16,1,24.2,30.2,19.0,0.0,observed
2025-04-17,1,26.0,31.8,21.9,0.1,observed
2025-04-18,1,27.6,32.7,23.1,0.4,observed
2025-04-19,1,29.4,35.3,24.8,0.0,observed
2025-04-20,1,28.7,33.8,25.0,0.1,observed
2025-04-21,1,28.5,34.1,24.9,0.0,observed
2025-04-22,1,29.5,35.5,25.2,0.0,observed
2025-04-23,1,28.5,35.9,25.3,47.2,observed
2025-04-24,1,28.1,32.8,24.5,8.2,observed
2025-04-25,1,25.4,28.8,22.7,29.9,observed
2025-04-26,1,25.9,29.2,23.8,0.5,observed
2025-04-27,1,27.3,31.3,25.2,2.6,observed
2025-04-28,1,25.3,28.4,23.1,24.0,observed
2025-04-29,1,25.7,29.3,23.2,2.1,observed
2025-04-30,1,26.4,30.0,24.0,14.6,observed
2025-05-01,1,25.4,28.0,23.8,16.4,observed
2025-05-02,1,26.8,31.0,22.7,0.0,observed
2025-05-03,1,27.2,31.5,24.6,0.3,observed
2025-05-04,1,28.7,33.7,25.4,0.4,observed
2025-05-05,1,29.5,34.7,25.6,0.0,observed
2025-05-06,1,29.1,32.5,26.3,0.9,observed
2025-05-07,1,29.6,34.4,25.9,1.1,observed
2025-05-08,1,30.5,35.1,27.0,0.0,observed
2025-05-09,1,28.7,32.4,26.5,8.8,observed
2025-05-10,1,26.7,30.7,23.7,29.1,observed
2025-05-11,1,22.7,26.2,20.4,15.2,observed
2025-05-12,1,23.8,28.0,19.7,0.0,observed
2025-05-13,1,25.2,29.6,21.0,0.0,observed
2025-05-14,1,26.5,29.2,23.7,6.9,observed
2025-05-15,1,26.2,29.6,24.6,19.8,observed
2025-05-16,1,27.0,29.5,25.5,17.4,observed
2025-05-17,1,27.6,31.3,25.9,10.8,observed
2025-05-18,1,27.5,31.2,25.6,15.9,observed
2025-05-19,1,26.8,30.6,24.4,19.8,observed
2025-05-20,1,28.8,32.4,26.3,3.7,observed
2025-05-21,1,29.2,32.7,26.7,2.7,observed
2025-05-22,1,28.7,30.7,26.9,2.8,observed
2025-05-23,1,27.2,29.1,25.9,5.6,observed
2025-05-24,1,23.7,25.2,22.4,40.6,observed
2025-05-25,1,23.8,27.5,21.8,0.7,observed
2025-05-26,1,24.0,27.5,20.7,0.0,observed
2025-05-27,1,24.4,26.4,22.8,4.8,observed
2025-05-28,1,27.0,31.1,23.9,7.0,observed
2025-05-29,1,26.8,30.3,24.4,8.1,observed
2025-05-30,1,25.8,29.4,22.9,16.8,observed
2025-05-31,1,29.3,34.7,25.2,0.2,observed
2025-06-01,1,31.9,37.5,27.6,0.0,observed
2025-06-02,1,32.3,37.2,28.0,0.0,observed
2025-06-03,1,28.7,32.7,26.0,21.3,observed
2025-06-04,1,27.6,31.4,24.9,31.2,observed
2025-06-05,1,28.3,32.6,24.5,3.0,observed
2025-06-06,1,29.1,32.1,26.7,7.3,observed
2025-06-07,1,29.6,32.6,27.1,9.4,observed
2025-06-08,1,29.3,33.2,26.8,13.7,observed
2025-06-09,1,28.3,32.5,24.7,27.6,observed
2025-06-10,1,27.4,29.8,24.7,20.4,observed
2025-06-11,1,28.6,32.9,25.4,0.7,observed
2025-06-12,1,29.1,33.0,26.0,0.5,observed
2025-06-13,1,28.6,31.3,25.5,10.6,observed
2025-06-14,1,30.1,34.5,27.3,1.4,observed
2025-06-15,1,29.2,35.2,26.4,33.4,observed
2025-06-16,1,28.1,32.2,26.0,7.0,observed
2025-06-17,1,28.7,32.0,26.6,0.3,observed
2025-06-18,1,30.1,33.9,27.1,0.8,observed
2025-06-19,1,30.2,33.3,27.5,1.0,observed
2025-06-20,1,29.6,32.4,26.9,16.6,observed
2025-06-21,1,27.7,31.7,25.6,54.5,observed
2025-06-22,1,27.1,30.4,24.6,60.7,observed
2025-06-23,1,28.5,32.5,24.4,9.5,observed
2025-06-24,1,28.6,32.7,25.9,11.8,observed
2025-06-25,1,28.6,32.7,25.2,2.4,observed
2025-06-26,1,29.1,33.2,26.1,4.2,observed
2025-06-27,1,26.6,29.4,24.8,51.4,observed
2025-06-28,1,26.8,30.6,24.3,27.0,observed
2025-06-29,1,27.2,31.6,24.5,20.4,observed
2025-06-30,1,27.2,31.4,24.8,33.1,observed
2025-07-01,1,26.9,30.8,24.6,39.2,observed
2025-07-02,1,26.7,30.2,24.5,7.7,observed
2025-07-03,1,26.4,28.7,24.0,19.4,observed
2025-07-04,1,27.4,31.3,24.8,3.6,observed
2025-07-05,1,29.1,33.2,25.3,0.3,observed
2025-07-06,1,28.5,32.7,25.9,6.1,observed
2025-07-07,1,28.5,32.4,25.8,3.5,observed
2025-07-08,1,30.3,34.6,26.6,0.2,observed
2025-07-09,1,30.2,35.4,26.9,2.0,observed
2025-07-10,1,29.6,33.8,26.9,0.7,observed
2025-07-11,1,27.5,31.0,25.2,22.1,observed
2025-07-12,1,27.0,30.8,24.4,22.7,observed
2025-07-13,1,28.3,32.2,24.9,6.3,observed
2025-07-14,1,28.7,32.0,26.6,5.3,observed
2025-07-15,1,29.4,33.0,26.9,0.2,observed
2025-07-16,1,29.7,31.9,27.6,5.3,observed
2025-07-17,1,30.5,34.6,26.8,0.1,observed
2025-07-18,1,31.6,35.7,27.7,0.0,observed
2025-07-19,1,29.4,35.0,24.6,15.6,observed
2025-07-20,1,28.5,32.8,25.4,2.0,observed
2025-07-21,1,27.9,30.9,26.5,32.4,observed
2025-07-22,1,27.2,30.2,25.6,34.1,observed
2025-07-23,1,27.2,31.5,24.7,15.3,observed
2025-07-24,1,27.1,30.7,24.9,30.1,observed
2025-07-25,1,27.4,30.7,25.3,20.4,observed
2025-07-26,1,28.4,32.4,26.0,8.8,observed
2025-07-27,1,28.6,32.2,26.0,0.4,observed
2025-07-28,1,29.7,34.2,25.6,0.0,observed
2025-07-29,1,31.0,35.2,27.0,0.0,observed
2025-07-30,1,31.7,36.0,27.7,4.6,observed
2025-07-31,1,30.1,33.7,27.6,12.4,observed
2025-08-01,1,28.4,32.0,26.3,10.0,observed
2025-08-02,1,30.0,34.5,26.3,0.2,observed
2025-08-03,1,31.6,36.5,27.4,0.0,observed
2025-08-04,1,32.3,36.7,28.3,0.0,observed
2025-08-05,1,29.7,35.0,27.7,13.4,observed
2025-08-06,1,28.0,30.4,26.9,11.9,observed
2025-08-07,1,29.0,32.1,26.2,2.9,observed
2025-08-08,1,30.7,35.0,27.2,0.1,observed
2025-08-09,1,31.3,35.5,27.6,0.0,observed
2025-08-10,1,30.5,33.9,28.2,4.1,observed
2025-08-11,1,30.1,34.1,26.9,2.4,observed
2025-08-12,1,29.8,33.4,26.6,3.3,observed
2025-08-13,1,29.2,32.7,25.7,1.5,observed
2025-08-14,1,29.7,32.4,27.1,3.6,observed
2025-08-15,1,26.5,28.4,24.8,10.9,observed
2025-08-16,1,25.6,29.8,23.3,21.3,observed
2025-08-17,1,26.6,31.5,24.5,14.1,observed
2025-08-18,1,26.2,29.4,24.0,27.6,observed
2025-08-19,1,26.4,29.0,24.5,13.4,observed
2025-08-20,1,28.7,32.5,26.0,0.7,observed
2025-08-21,1,28.0,30.1,26.3,13.5,observed
2025-08-22,1,28.6,31.2,26.8,2.9,observed
2025-08-23,1,27.8,30.4,25.6,4.8,observed
2025-08-24,1,27.6,31.8,25.4,4.4,observed
2025-08-25,1,25.6,26.7,24.2,48.2,observed
2025-08-26,1,24.7,26.7,23.6,72.7,observed
2025-08-27,1,25.1,27.8,23.4,29.0,observed
2025-08-28,1,26.8,30.4,23.8,2.3,observed
2025-08-29,1,26.9,30.7,24.3,7.8,observed
2025-08-30,1,26.4,30.2,24.4,36.2,observed
2025-08-31,1,26.0,29.6,23.6,18.4,observed
2025-09-01,1,26.9,30.3,24.3,7.8,observed
2025-09-02,1,27.9,31.1,25.1,1.3,observed
2025-09-03,1,28.7,32.3,25.6,0.6,observed
2025-09-04,1,29.1,32.7,25.7,0.1,observed
2025-09-05,1,29.5,33.2,25.9,0.0,observed
2025-09-06,1,29.1,33.0,26.5,0.6,observed
2025-09-07,1,30.0,33.7,26.2,0.0,observed
2025-09-08,1,30.7,35.1,26.6,0.1,observed
2025-09-09,1,28.8,32.7,26.6,2.9,observed
2025-09-10,1,28.4,31.4,25.9,2.1,observed
2025-09-11,1,27.3,30.9,25.1,20.9,observed
2025-09-12,1,27.1,31.2,25.1,11.9,observed
2025-09-13,1,28.5,32.1,25.3,1.1,observed
2025-09-14,1,28.1,31.2,25.5,2.5,observed
2025-09-15,1,27.2,30.6,24.8,5.9,observed
2025-09-16,1,27.8,31.7,24.3,8.7,observed
2025-09-17,1,27.1,31.5,24.7,6.8,observed
2025-09-18,1,26.6,30.0,23.6,20.5,observed
2025-09-19,1,27.7,31.7,24.1,8.4,observed
2025-09-20,1,29.6,33.7,25.7,0.0,observed
2025-09-21,1,29.0,33.2,26.4,6.2,observed
2025-09-22,1,26.9,30.6,24.5,16.0,observed
2025-09-23,1,27.9,31.8,24.3,1.0,observed
2025-09-24,1,29.0,33.4,25.0,0.2,observed
2025-09-25,1,26.0,27.6,24.3,14.5,observed
2025-09-26,1,25.6,29.0,23.9,14.4,observed
2025-09-27,1,26.7,31.0,23.8,18.3,observed
2025-09-28,1,26.2,29.6,24.4,39.5,observed
2025-09-29,1,24.6,25.3,24.1,77.6,observed
2025-09-30,1,25.2,27.1,23.6,44.0,observed
2025-10-01,1,26.4,29.5,23.7,3.1,observed
2025-10-02,1,28.0,32.0,24.8,0.1,observed
2025-10-03,1,27.9,31.9,24.7,0.0,observed
2025-10-04,1,27.8,31.3,25.4,0.0,observed
2025-10-05,1,28.5,32.9,25.0,3.8,observed
2025-10-06,1,25.6,29.0,23.7,51.0,observed
2025-10-07,1,24.3,26.6,23.1,138.0,observed
2025-10-08,1,26.2,29.5,23.0,3.8,observed
2025-10-09,1,27.0,30.7,23.9,0.5,observed
2025-10-10,1,27.5,31.1,24.4,0.6,observed
2025-10-11,1,26.3,29.3,24.1,3.3,observed
2025-10-12,1,27.7,30.8,24.9,0.6,observed
2025-10-13,1,26.5,29.7,24.8,8.5,observed
2025-10-14,1,25.0,28.3,23.6,27.4,observed
2025-10-15,1,25.5,28.4,23.7,9.6,observed
2025-10-16,1,26.1,30.2,22.7,9.7,observed
2025-10-17,1,27.2,31.3,23.9,0.3,observed
2025-10-18,1,27.4,31.1,24.2,0.2,observed
2025-10-19,1,26.2,30.5,23.6,11.5,observed
2025-10-20,1,25.6,29.1,23.4,0.1,observed
2025-10-21,1,24.0,28.5,21.1,0.0,observed
2025-10-22,1,22.1,24.2,20.2,0.0,observed
2025-10-23,1,19.4,21.1,18.7,1.0,observed
2025-10-24,1,19.8,21.3,18.2,2.8,observed
2025-10-25,1,21.9,25.0,19.8,0.0,observed
2025-10-26,1,23.7,27.3,21.1,0.0,observed
2025-10-27,1,23.3,26.5,20.6,0.0,observed
2025-10-28,1,23.5,26.6,21.6,0.0,observed
2025-10-29,1,23.6,26.9,20.0,0.0,observed
2025-10-30,1,23.7,25.6,22.4,1.4,observed
2025-10-31,1,23.2,24.7,22.1,4.4,observed
2025-11-01,1,20.9,22.4,19.8,3.6,observed
2025-11-02,1,20.1,21.0,19.1,2.2,observed
2025-11-03,1,19.3,20.0,18.1,2.3,observed
2025-11-04,1,19.1,20.3,17.8,3.5,observed
2025-11-05,1,20.6,22.5,18.8,0.3,observed
2025-11-06,1,21.9,24.9,19.2,0.0,observed
2025-11-07,1,23.1,24.9,20.9,8.8,observed
2025-11-08,1,24.6,28.2,22.2,19.8,observed
2025-11-09,1,24.5,27.6,22.7,47.3,observed
2025-11-10,1,24.3,27.4,22.3,0.4,observed
2025-11-11,1,22.4,24.1,21.4,0.7,observed
2025-11-12,1,22.1,24.4,20.1,0.0,observed
2025-11-13,1,22.2,25.7,19.9,0.0,observed
2025-11-14,1,21.0,25.5,16.8,0.0,observed
2025-11-15,1,21.3,26.6,16.5,0.0,observed
2025-11-16,1,22.1,25.1,20.1,0.1,observed
2025-11-17,1,22.5,24.7,20.9,2.0,observed
2025-11-18,1,17.8,21.7,13.4,16.2,observed
2025-11-19,1,14.4,16.5,12.8,2.5,observed
2025-11-20,1,16.9,21.1,13.5,0.0,observed
2025-11-21,1,18.3,22.8,15.3,0.0,observed
2025-11-22,1,19.0,23.5,14.7,0.0,observed
2025-11-23,1,20.3,24.7,17.6,0.0,observed
2025-11-24,1,20.0,25.1,16.0,0.0,observed
2025-11-25,1,19.5,23.4,16.3,0.0,observed
2025-11-26,1,17.8,23.1,13.9,0.0,observed
2025-11-27,1,18.2,23.6,14.1,0.0,observed
2025-11-28,1,17.4,23.5,12.7,0.0,observed
2025-11-29,1,16.9,22.9,11.7,0.0,observed
2025-11-30,1,18.9,24.3,14.4,0.0,observed
2025-12-01,1,19.9,23.8,17.4,1.4,observed
2025-12-02,1,22.5,26.5,19.3,0.0,observed
2025-12-03,1,21.2,23.9,19.1,3.2,observed
2025-12-04,1,20.2,23.7,17.6,0.2,observed
2025-12-05,1,19.4,20.9,18.2,0.2,observed
2025-12-06,1,19.9,23.3,17.4,0.0,observed
2025-12-07,1,21.1,25.2,18.2,0.7,observed
2025-12-08,1,21.1,25.3,18.5,1.3,observed
2025-12-09,1,20.7,24.7,16.8,0.0,observed
2025-12-10,1,21.3,26.2,16.7,0.0,observed
2025-12-11,1,21.3,23.1,19.8,0.0,observed
2025-12-12,1,21.9,24.3,19.6,0.1,observed
2025-12-13,1,20.5,22.3,17.7,20.1,observed
2025-12-14,1,17.6,20.5,15.2,0.0,observed
2025-12-15,1,17.8,21.7,14.3,0.0,observed
2025-12-16,1,18.8,21.5,15.9,0.0,observed
2025-12-17,1,20.2,23.5,17.9,1.6,observed
2025-12-18,1,20.1,24.2,17.1,0.0,observed
2025-12-19,1,20.1,25.4,15.9,0.0,observed
2025-12-20,1,21.6,25.1,19.7,0.6,observed
2025-12-21,1,21.2,25.0,18.4,0.2,observed
2025-12-22,1,21.1,25.0,18.1,1.6,observed
2025-12-23,1,22.3,26.2,20.0,0.6,observed
2025-12-24,1,22.3,26.8,18.5,1.9,observed
2025-12-25,1,17.1,19.0,15.0,0.8,observed
2025-12-26,1,15.9,19.4,13.0,0.0,observed
2025-12-27,1,15.8,19.6,12.4,0.0,observed
2025-12-28,1,17.3,21.1,13.7,0.0,observed
2025-12-29,1,19.5,23.2,16.6,0.0,observed
2025-12-30,1,20.3,23.6,17.6,0.8,observed
2025-12-31,1,20.6,24.2,17.7,0.6,observed
2026-01-01,1,19.6,23.1,16.3,7.4,observed
2026-01-02,1,15.7,16.9,14.1,1.7,observed
2026-01-03,1,15.8,18.9,13.5,0.0,observed
2026-01-04,1,17.3,22.2,14.1,0.2,observed
2026-01-05,1,15.7,16.8,14.2,0.8,observed
2026-01-06,1,13.7,14.4,12.8,0.1,observed
2026-01-07,1,14.6,18.8,10.7,0.0,observed
2026-01-08,1,14.9,19.7,10.7,0.0,observed
2026-01-09,1,15.1,20.4,10.1,0.0,observed
2026-01-10,1,15.7,21.5,10.4,0.0,observed
2026-01-11,1,16.8,22.3,12.7,0.0,observed
2026-01-12,1,17.5,22.8,12.5,0.0,observed
2026-01-13,1,18.2,23.7,13.3,0.0,observed
2026-01-14,1,19.0,24.5,14.0,0.0,observed
2026-01-15,1,19.6,22.6,17.2,0.2,observed
2026-01-16,1,21.0,26.1,17.6,0.7,observed
2026-01-17,1,20.0,22.5,18.3,5.5,observed
2026-01-18,1,20.8,26.0,18.2,2.0,observed
2026-01-19,1,21.5,26.1,18.5,0.7,observed
2026-01-20,1,21.7,25.4,19.4,2.4,observed
2026-01-21,1,16.4,19.9,12.7,4.8,observed
2026-01-22,1,10.9,12.1,9.7,2.2,observed
2026-01-23,1,12.2,15.9,9.8,0.0,observed
2026-01-24,1,13.6,16.1,11.9,0.1,observed
2026-01-25,1,17.5,22.8,14.0,0.2,observed
2026-01-26,1,18.7,22.3,16.8,4.9,observed
2026-01-27,1,19.8,23.6,16.8,0.0,observed
2026-01-28,1,19.0,24.0,15.4,0.1,observed
2026-01-29,1,19.8,24.6,15.9,0.2,observed
2026-01-30,1,21.1,25.0,18.1,1.8,observed
2026-01-31,1,19.0,21.5,16.9,1.3,observed
2026-02-01,1,17.5,20.4,15.5,0.0,observed
2026-02-02,1,16.1,18.5,14.5,0.0,observed
2026-02-03,1,17.0,21.8,12.8,0.0,observed
2026-02-04,1,18.7,23.4,15.1,0.1,observed
2026-02-05,1,20.8,26.0,17.4,0.4,observed
2026-02-06,1,22.4,26.3,20.5,0.3,observed
2026-02-07,1,21.8,24.8,19.8,3.3,observed
2026-02-08,1,15.1,20.1,11.9,17.4,observed
2026-02-09,1,13.2,16.1,11.7,5.7,observed
2026-02-10,1,17.4,22.2,13.6,0.0,observed
2026-02-11,1,18.1,19.2,17.1,3.5,observed
2026-02-12,1,19.4,22.9,17.1,0.6,observed
2026-02-13,1,21.6,24.8,18.2,0.7,observed
2026-02-14,1,22.1,25.8,19.8,0.3,observed
2026-02-15,1,22.8,28.0,19.7,0.0,observed
2026-02-16,1,23.2,27.8,20.4,0.2,observed
2026-02-17,1,22.2,25.1,19.6,1.2,observed
2026-02-18,1,18.9,21.0,17.0,0.5,observed
2026-02-19,1,19.5,22.1,17.4,1.3,observed
2026-02-20,1,19.6,23.5,16.6,1.4,observed
2026-02-21,1,21.3,27.6,17.9,0.1,observed
2026-02-22,1,21.9,24.9,19.9,2.1,observed
2026-02-23,1,23.0,26.0,20.9,0.9,observed
2026-02-24,1,23.0,24.6,21.9,0.3,observed
2026-02-25,1,23.0,27.0,20.9,20.3,observed
2026-02-26,1,21.8,24.8,20.2,3.8,observed
2026-02-27,1,23.6,27.9,20.1,0.4,observed
2026-02-28,1,25.2,29.2,22.8,1.7,observed
2026-03-01,1,25.9,31.1,22.3,1.6,observed
2026-03-02,1,26.0,30.4,23.6,1.1,observed
2026-03-03,1,21.6,24.6,19.5,48.9,observed
2026-03-04,1,19.3,22.2,17.2,0.0,observed
2026-03-05,1,20.0,23.3,16.5,0.0,observed
2026-03-06,1,21.2,24.5,19.2,0.0,observed
2026-03-07,1,21.1,24.6,18.9,0.1,observed
2026-03-08,1,21.6,24.8,19.2,1.3,observed
2026-03-09,1,19.9,23.4,17.6,6.5,observed
2026-03-10,1,18.6,21.9,16.3,0.0,observed
2026-03-11,1,18.7,21.6,15.8,0.1,observed
2026-03-12,1,20.3,24.3,17.6,0.1,observed
2026-03-13,1,20.5,24.7,17.1,0.0,observed
2026-03-14,1,20.8,23.5,18.8,0.3,observed
2026-03-15,1,21.3,24.5,18.8,1.1,observed
2026-03-16,1,22.2,25.5,19.2,0.6,observed
2026-03-17,1,22.9,26.6,19.9,0.2,observed
2026-03-18,1,23.5,27.0,20.4,0.2,observed
2026-03-19,1,24.0,28.0,21.4,0.2,observed
2026-03-20,1,24.1,27.2,21.8,0.5,observed
2026-03-21,1,23.6,25.5,21.4,0.2,observed
2026-03-22,1,24.3,28.5,21.3,0.4,observed
2026-03-23,1,24.6,28.6,21.8,0.9,observed
2026-03-24,1,25.2,29.0,22.9,0.3,observed
2026-03-25,1,25.5,28.9,23.5,0.6,observed
2026-03-26,1,26.0,30.1,23.2,0.7,observed
2026-03-27,1,25.7,29.1,23.1,0.9,observed
2026-03-28,1,26.0,29.7,23.4,0.6,observed
2026-03-29,1,26.4,30.6,23.6,7.3,observed
2026-03-30,1,27.9,32.6,23.2,0.4,observed
2026-03-31,1,29.4,36.3,24.6,0.4,observed
2026-04-01,1,25.0,28.2,22.3,0.3,observed
2026-04-02,1,25.3,30.3,22.0,0.1,observed
2026-04-03,1,27.9,33.3,23.9,0.1,observed
2026-04-04,1,26.8,31.1,23.9,0.0,observed
2026-04-05,1,27.6,33.3,23.1,0.1,observed
2026-04-06,1,30.9,39.1,24.4,0.0,observed
2026-04-07,1,31.6,37.4,27.2,0.0,observed
2026-04-08,1,30.0,35.0,26.2,0.0,observed
2026-04-09,1,29.4,34.0,25.4,0.0,observed
2026-04-10,1,29.6,35.4,25.2,0.0,observed
2026-04-11,1,30.1,37.5,24.6,0.0,observed
2026-04-12,1,29.7,36.3,24.2,0.0,observed
2026-04-13,1,29.2,34.1,25.3,0.0,observed
2026-04-14,1,28.9,33.6,25.6,0.0,observed
2026-04-15,1,28.7,33.7,25.7,0.2,observed
2026-04-16,1,28.4,32.5,25.5,0.5,observed
2026-04-17,1,25.7,28.3,23.4,66.2,observed
2026-04-18,1,25.1,28.2,22.8,8.4,observed
2026-04-19,1,25.7,29.2,24.0,4.2,observed
2026-04-20,1,25.9,28.5,23.4,0.2,observed
2026-04-21,1,27.5,31.8,24.8,0.2,observed
2026-04-22,1,28.8,34.3,25.0,0.8,observed
2026-04-23,1,24.4,26.5,22.4,35.8,observed
2026-04-24,1,24.5,27.6,22.3,10.9,observed
2026-04-25,1,25.7,29.2,22.9,0.2,observed
2026-04-26,1,25.4,29.3,23.0,0.5,observed
2026-04-27,1,26.6,31.5,23.5,0.0,observed
2026-04-28,1,27.5,31.8,24.4,0.4,observed
2026-04-29,1,24.7,28.5,22.2,28.6,observed
2026-04-30,1,23.3,26.2,20.2,0.0,observed
2026-05-01,1,24.1,28.1,20.8,0.0,observed
2026-05-02,1,25.7,31.8,22.8,8.0,observed
2026-05-03,1,24.9,27.8,21.9,29.1,observed
2026-05-04,1,23.2,27.2,19.8,14.7,observed
2026-05-05,1,25.1,29.3,21.6,0.0,observed
2026-05-06,1,26.7,30.4,23.4,0.2,observed
2026-05-07,1,26.7,30.2,25.1,9.8,observed
2026-05-08,1,25.8,28.7,23.5,25.9,observed
2026-05-09,1,25.1,27.6,23.9,3.5,observed
2026-05-10,1,24.7,27.8,23.2,0.1,observed
2026-05-11,1,26.7,30.5,23.2,0.6,observed
2026-05-12,1,27.4,31.7,24.7,3.9,observed
2026-05-13,1,28.5,32.5,26.0,1.5,observed
2026-05-14,1,30.5,35.0,26.3,0.0,observed
2026-05-15,1,30.6,34.1,27.0,0.0,observed
2026-05-16,1,28.4,33.3,25.1,40.1,observed
2026-05-17,1,26.9,30.0,25.1,30.3,observed
2026-05-18,1,27.0,31.3,25.1,15.0,observed
2026-05-19,1,27.4,30.3,24.5,27.4,observed
2026-05-20,1,27.2,30.1,24.9,24.4,observed
2026-05-21,1,27.1,30.4,25.7,24.2,observed
2026-05-22,1,29.3,32.3,26.8,3.6,observed
2026-05-23,1,31.1,35.2,27.8,0.1,observed
2026-05-24,1,31.6,36.2,28.0,0.0,observed
2026-05-25,1,32.4,37.2,29.2,0.0,observed
2026-05-26,1,32.7,37.2,28.9,0.0,observed
2026-05-27,1,32.5,36.9,28.9,0.1,observed
2026-05-28,1,30.4,35.1,27.4,22.2,observed
2026-05-29,1,28.6,31.0,27.0,6.1,observed
2026-05-30,1,28.1,32.2,24.6,6.2,observed
2026-05-31,1,29.1,32.9,25.8,0.5,observed
2026-06-01,1,30.3,33.9,26.7,0.5,observed
2026-06-02,1,30.6,34.4,27.5,0.5,observed
2026-06-03,1,30.5,35.1,27.8,3.1,observed
2026-06-04,1,30.0,36.0,26.8,8.1,observed
2026-06-05,1,28.0,31.2,24.4,1.4,observed
2026-06-06,1,30.5,34.3,27.3,1.6,observed
2026-06-07,1,31.7,35.3,28.3,0.2,observed
2026-06-08,1,30.6,36.1,26.7,2.2,observed
2026-06-09,1,25.9,28.1,24.0,9.6,observed
2026-06-10,1,27.2,30.4,24.3,0.0,observed
2026-06-11,1,26.8,28.9,24.9,5.0,observed
2026-06-12,1,28.1,31.8,25.5,10.5,observed
2026-06-13,1,30.4,34.3,27.3,0.0,observed
2026-06-14,1,31.4,34.8,28.3,0.1,observed
2026-06-15,1,30.9,35.2,27.3,5.9,observed
2026-06-16,1,29.2,32.3,26.3,6.7,observed
2026-06-17,1,29.3,33.7,26.4,8.0,observed
2026-06-18,1,30.2,33.8,27.5,1.1,observed
2026-06-19,1,30.9,33.6,28.1,0.0,observed
2026-06-20,1,30.9,35.0,27.8,3.4,observed
2026-06-21,1,30.7,35.0,27.4,0.1,observed
2026-06-22,1,30.0,32.5,27.6,0.4,observed
2026-06-23,1,32.1,36.9,28.2,0.1,observed
2026-06-24,1,33.1,37.5,29.0,0.1,observed
2026-06-25,1,33.2,38.7,29.2,0.6,observed
2026-06-26,1,29.6,31.8,27.5,0.2,observed
2026-06-27,1,29.1,32.7,25.2,14.3,observed
2026-06-28,1,28.1,31.9,25.6,33.5,observed
2026-06-29,1,27.8,30.7,25.7,41.2,observed
2026-06-30,1,27.1,30.7,25.1,23.2,observed
2026-07-01,1,27.2,30.6,24.9,17.0,observed
2026-07-02,1,27.9,30.3,25.4,14.5,observed
2026-07-03,1,27.9,30.9,26.4,13.3,observed
2026-07-04,1,28.2,30.9,26.5,8.8,observed
2026-07-05,1,28.2,31.4,25.4,48.1,observed
2026-07-06,1,28.3,32.3,26.2,4.3,observed
2026-07-07,1,29.4,32.8,26.3,6.0,observed
2026-07-08,1,27.9,32.1,25.8,11.1,observed
2026-07-09,1,27.2,30.0,25.7,33.8,observed
2026-07-10,1,27.7,31.6,25.4,10.9,observed
2026-07-11,1,28.7,31.3,26.6,4.2,observed
2026-07-12,1,28.9,32.7,26.5,8.6,observed
2026-07-13,1,29.6,32.9,27.0,1.2,observed
2026-07-14,1,30.3,34.3,27.3,0.7,observed
2026-07-15,1,30.5,34.0,27.8,0.7,observed
2026-07-16,1,30.1,33.4,26.2,3.3,observed
2026-07-17,1,30.2,32.3,28.2,0.2,observed
2026-07-18,1,30.5,34.7,27.3,2.2,observed
2026-07-19,1,28.9,31.4,27.0,1.3,observed
2026-07-20,1,29.1,32.0,26.6,1.7,observed
2026-07-21,1,28.9,32.9,26.4,1.0,observed
2026-07-22,1,29.3,32.9,26.7,1.4,observed
2026-07-23,1,27.8,30.5,25.5,10.9,observed
2026-07-24,1,27.3,29.9,25.0,15.0,observed
2026-07-25,1,28.3,32.1,24.5,5.7,observed
2026-07-26,1,30.0,33.9,26.1,0.0,observed
2026-07-27,1,28.8,31.8,27.1,8.9,observed
2026-07-28,1,26.6,29.1,25.3,67.2,observed
2026-07-29,1,27.0,29.9,24.9,12.9,observed
2026-07-30,1,26.7,30.0,24.1,27.1,observed
2026-07-31,1,26.7,29.8,25.3,31.0,observed
2026-08-01,1,27.4,29.9,24.9,17.2,observed
2026-08-02,1,27.6,30.4,25.5,9.5,observed
2026-08-03,1,28.1,32.0,25.2,20.3,observed
2026-08-04,1,27.6,30.6,26.0,28.8,observed
2026-08-05,1,27.1,30.9,25.8,24.0,observed
2026-08-06,1,27.1,29.5,25.3,22.2,observed
2026-08-07,1,27.6,31.0,25.3,6.1,observed
2026-08-08,1,29.7,32.9,26.6,0.8,observed
2026-08-09,1,31.0,35.2,27.5,0.3,observed
2026-08-10,1,31.2,34.8,27.6,0.4,observed
2026-08-11,1,30.8,34.2,27.6,0.1,observed
2026-08-12,1,31.5,35.2,28.1,0.4,observed
2026-08-13,1,31.2,35.0,27.6,0.4,observed
2026-08-14,1,28.6,31.2,27.2,6.1,observed
2026-08-15,1,29.9,34.3,25.9,0.7,observed
2026-08-16,1,30.8,35.3,24.5,3.5,observed
2026-08-17,1,30.3,35.7,26.7,3.1,observed
2026-08-18,1,29.4,34.3,25.7,19.1,observed
2026-08-19,1,27.1,31.3,25.4,27.1,observed
2026-08-20,1,29.4,33.8,24.8,17.2,observed
2026-08-21,1,26.6,27.7,25.4,48.0,observed
2026-08-22,1,25.8,26.3,25.2,73.0,observed
2026-08-23,1,25.8,26.7,24.9,122.3,observed
2026-08-24,1,27.2,30.1,25.1,72.3,observed
2026-08-25,1,27.6,29.9,25.1,11.9,observed
2026-08-26,1,28.3,30.9,25.7,41.3,observed
2026-08-27,1,28.4,32.1,26.2,31.1,observed
2026-08-28,1,28.8,32.1,25.7,4.8,observed
2026-08-29,1,28.9,32.2,26.4,3.6,observed
2026-08-30,1,29.3,33.6,26.5,1.7,observed
2026-08-31,1,29.6,33.6,26.1,1.3,observed
2026-09-01,1,30.4,34.5,26.9,0.0,observed
2026-09-02,1,29.7,34.1,25.1,0.1,observed
2026-09-03,1,29.4,33.7,25.0,0.0,observed
2026-09-04,1,28.7,31.7,25.7,0.6,observed
2026-09-05,1,27.5,29.1,25.8,0.7,observed
2026-09-06,1,28.0,31.2,25.4,0.6,observed
2026-09-07,1,28.0,32.0,23.8,1.4,observed
2026-09-08,1,29.3,33.0,25.5,0.2,observed
2026-09-09,1,28.7,32.8,24.7,6.5,observed
2026-09-10,1,26.2,29.4,23.4,9.8,observed
2026-09-11,1,26.2,29.9,22.5,5.0,observed
2026-09-12,1,26.7,30.4,23.5,0.0,observed
2026-09-13,1,26.6,29.5,25.0,3.1,observed
2026-09-14,1,24.8,26.6,23.7,43.4,observed
2026-09-15,1,24.5,25.7,23.8,75.7,observed
2026-09-16,1,24.7,25.9,23.5,40.9,observed
2026-09-17,1,25.2,26.6,24.3,31.4,observed
2026-09-18,1,27.2,30.8,24.2,2.1,observed
2026-09-19,1,28.1,31.8,24.7,0.3,observed
2026-09-20,1,28.6,32.2,25.3,0.0,observed
2026-09-21,1,28.4,32.0,24.6,0.0,observed
2026-09-22,1,28.8,32.2,25.5,1.1,observed
2026-09-23,1,27.7,30.9,25.5,2.8,observed
2026-09-24,1,27.4,30.9,24.6,1.8,observed
2026-09-25,1,27.9,32.0,25.1,1.0,observed
2026-09-26,1,28.1,31.4,25.6,0.9,observed
2026-09-27,1,28.6,32.1,25.8,1.2,observed
2026-09-28,1,29.6,33.5,26.6,0.8,observed
2026-09-29,1,30.4,34.6,26.8,0.1,observed
2026-09-30,1,30.5,34.6,27.1,0.0,observed
2026-10-01,1,30.0,34.3,27.2,0.4,forecast
2026-10-02,1,28.3,32.1,26.0,4.5,forecast
2026-10-03,1,28.6,32.0,26.2,1.9,forecast
2026-10-04,1,26.4,29.2,24.4,12.6,forecast
2026-10-05,1,25.4,28.5,23.6,0.5,forecast
2026-10-06,1,24.3,28.3,21.3,0.0,forecast
2026-10-07,1,24.1,29.1,20.1,0.0,forecast
2026-10-08,1,24.3,29.0,20.4,0.0,forecast
2026-10-09,1,24.6,29.1,21.3,0.0,forecast
2026-10-10,1,24.8,29.4,21.3,0.0,forecast
2026-10-11,1,24.8,29.7,20.8,0.0,forecast
2026-10-12,1,25.7,30.7,22.2,0.0,forecast
2026-10-13,1,26.1,30.7,23.1,0.0,forecast
2026-10-14,1,26.1,30.6,22.7,0.0,forecast
2026-10-15,1,26.5,31.2,23.6,5.2,forecast
2026-10-16,1,25.8,28.7,23.5,6.3,forecast
2025-01-01,2,18.3,24.7,13.0,0.0,observed
2025-01-02,2,19.3,25.7,13.6,0.0,observed
2025-01-03,2,20.0,25.9,14.4,0.0,observed
2025-01-04,2,19.0,24.7,14.1,0.0,observed
2025-01-05,2,19.4,24.6,14.4,0.0,observed
2025-01-06,2,19.1,24.6,14.0,0.0,observed
2025-01-07,2,18.6,24.0,13.9,0.0,observed
2025-01-08,2,19.4,24.0,15.2,0.1,observed
2025-01-09,2,18.8,22.9,16.3,0.0,observed
2025-01-10,2,16.1,19.2,13.5,0.0,observed
2025-01-11,2,15.3,18.3,12.5,0.0,observed
2025-01-12,2,14.8,20.2,9.7,0.0,observed
2025-01-13,2,15.4,21.2,8.8,0.0,observed
2025-01-14,2,17.5,24.0,11.0,0.0,observed
2025-01-15,2,19.3,23.1,16.6,0.2,observed
2025-01-16,2,18.3,23.2,14.8,0.0,observed
2025-01-17,2,17.2,22.9,11.9,0.0,observed
2025-01-18,2,17.5,21.9,13.1,0.0,observed
2025-01-19,2,19.0,24.3,14.2,0.0,observed
2025-01-20,2,19.3,26.0,13.2,0.0,observed
2025-01-21,2,19.2,25.7,13.5,0.0,observed
2025-01-22,2,19.2,23.3,15.4,0.4,observed
2025-01-23,2,19.5,24.0,16.5,0.7,observed
2025-01-24,2,21.2,26.9,17.5,1.4,observed
2025-01-25,2,21.5,24.4,19.9,4.9,observed
2025-01-26,2,14.9,20.4,13.6,11.3,observed
2025-01-27,2,14.6,17.8,12.6,0.1,observed
2025-01-28,2,13.6,17.8,10.4,0.3,observed
2025-01-29,2,13.9,19.1,9.1,0.0,observed
2025-01-30,2,16.7,23.3,10.6,0.0,observed
2025-01-31,2,20.2,26.3,16.2,0.1,observed
2025-02-01,2,21.0,25.4,18.8,3.2,observed
2025-02-02,2,20.8,23.6,18.4,1.8,observed
2025-02-03,2,15.7,17.6,13.9,5.2,observed
2025-02-04,2,15.3,18.7,13.0,0.0,observed
2025-02-05,2,15.8,19.2,12.3,0.7,observed
2025-02-06,2,17.4,21.1,15.5,1.6,observed
2025-02-07,2,14.3,16.0,12.7,6.1,observed
2025-02-08,2,13.2,15.8,10.9,0.7,observed
2025-02-09,2,13.5,16.0,12.0,0.0,observed
2025-02-10,2,14.6,19.5,9.8,0.0,observed
2025-02-11,2,17.2,23.9,11.9,0.1,observed
2025-02-12,2,19.4,22.8,16.1,0.8,observed
2025-02-13,2,19.0,22.6,16.3,2.6,observed
2025-02-14,2,19.1,22.5,17.1,0.6,observed
2025-02-15,2,20.8,25.1,18.6,0.3,observed
2025-02-16,2,17.4,19.9,15.7,6.1,observed
2025-02-17,2,18.3,22.2,15.5,0.9,observed
2025-02-18,2,17.0,19.1,15.5,3.1,observed
2025-02-19,2,17.7,20.1,16.1,1.1,observed
2025-02-20,2,19.6,23.0,17.4,0.4,observed
2025-02-21,2,19.7,22.1,17.9,0.6,observed
2025-02-22,2,19.3,21.8,17.6,1.6,observed
2025-02-23,2,16.9,18.8,14.8,2.2,observed
2025-02-24,2,13.7,15.2,12.4,1.5,observed
2025-02-25,2,14.1,15.9,13.0,9.2,observed
2025-02-26,2,15.6,19.2,13.6,1.8,observed
2025-02-27,2,18.2,22.9,15.2,0.0,observed
2025-02-28,2,20.6,24.9,17.2,0.4,observed
2025-03-01,2,22.7,28.0,19.8,0.3,observed
2025-03-02,2,23.7,28.5,21.3,0.8,observed
2025-03-03,2,24.1,28.4,21.1,0.5,observed
2025-03-04,2,25.2,29.5,22.5,0.1,observed
2025-03-05,2,22.8,24.8,18.6,5.5,observed
2025-03-06,2,15.3,17.3,13.5,2.7,observed
2025-03-07,2,15.3,18.0,13.2,0.0,observed
2025-03-08,2,16.1,18.7,14.5,0.0,observed
2025-03-09,2,18.0,21.1,15.6,0.1,observed
2025-03-10,2,19.9,23.5,17.6,0.9,observed
2025-03-11,2,21.2,25.9,17.7,0.4,observed
2025-03-12,2,23.4,26.6,21.0,1.4,observed
2025-03-13,2,23.6,25.8,21.8,1.1,observed
2025-03-14,2,24.5,28.2,22.6,0.6,observed
2025-03-15,2,23.8,26.6,20.8,1.6,observed
2025-03-16,2,18.4,20.9,15.7,0.9,observed
2025-03-17,2,17.5,20.6,15.4,0.0,observed
2025-03-18,2,17.2,20.3,15.5,0.0,observed
2025-03-19,2,18.0,22.5,13.6,0.0,observed
2025-03-20,2,18.5,24.1,13.3,0.0,observed
2025-03-21,2,19.6,25.5,13.9,0.0,observed
2025-03-22,2,20.7,26.5,15.0,0.0,observed
2025-03-23,2,21.8,27.7,16.6,0.0,observed
2025-03-24,2,23.3,29.7,17.5,0.0,observed
2025-03-25,2,24.5,31.4,19.6,0.0,observed
2025-03-26,2,24.6,31.3,20.3,0.0,observed
2025-03-27,2,26.2,33.4,21.4,0.0,observed
2025-03-28,2,26.1,32.0,22.0,0.2,observed
2025-03-29,2,17.4,25.2,14.6,14.0,observed
2025-03-30,2,15.0,17.7,12.9,0.7,observed
2025-03-31,2,15.5,18.6,13.5,0.0,observed
2025-04-01,2,18.1,22.4,14.6,0.0,observed
2025-04-02,2,19.7,25.4,14.6,0.0,observed
2025-04-03,2,21.2,27.9,15.3,0.0,observed
2025-04-04,2,21.7,26.7,17.1,0.0,observed
2025-04-05,2,22.4,24.9,20.5,1.7,observed
2025-04-06,2,23.4,27.2,20.8,1.5,observed
2025-04-07,2,22.6,26.1,20.3,0.8,observed
2025-04-08,2,23.7,28.4,19.9,0.3,observed
2025-04-09,2,25.3,29.7,22.5,0.3,observed
2025-04-10,2,25.3,30.7,23.1,0.3,observed
2025-04-11,2,26.7,32.6,22.8,0.4,observed
2025-04-12,2,26.4,33.8,21.7,8.0,observed
2025-04-13,2,22.7,26.7,19.3,1.7,observed
2025-04-14,2,22.1,25.7,19.1,2.7,observed
2025-04-15,2,25.1,33.4,18.0,0.0,observed
2025-04-16,2,25.0,31.3,19.3,0.0,observed
2025-04-17,2,26.7,32.9,22.2,0.1,observed
2025-04-18,2,28.5,34.4,23.2,0.2,observed
2025-04-19,2,30.4,36.8,25.1,0.1,observed
2025-04-20,2,29.8,35.7,25.6,0.1,observed
2025-04-21,2,29.4,35.6,25.5,0.0,observed
2025-04-22,2,30.1,36.7,25.5,0.0,observed
2025-04-23,2,28.9,37.1,25.6,35.6,observed
2025-04-24,2,28.3,33.4,24.7,9.0,observed
2025-04-25,2,25.8,29.1,23.0,29.3,observed
2025-04-26,2,26.1,29.5,23.9,0.1,observed
2025-04-27,2,27.6,31.6,25.4,1.0,observed
2025-04-28,2,25.4,28.5,23.3,25.2,observed
2025-04-29,2,25.9,29.4,23.2,2.1,observed
2025-04-30,2,26.5,30.3,24.1,28.4,observed
2025-05-01,2,25.4,28.1,23.7,25.4,observed
2025-05-02,2,26.9,31.4,22.8,0.0,observed
2025-05-03,2,27.4,31.7,24.9,0.1,observed
2025-05-04,2,28.9,33.8,25.6,0.2,observed
2025-05-05,2,29.7,35.0,25.8,0.0,observed
2025-05-06,2,29.3,33.2,26.5,0.4,observed
2025-05-07,2,29.9,34.8,25.9,0.5,observed
2025-05-08,2,30.8,35.7,27.2,0.0,observed
2025-05-09,2,29.0,32.5,26.5,5.2,observed
2025-05-10,2,26.9,31.5,23.6,26.8,observed
2025-05-11,2,23.0,26.7,21.0,10.9,observed
2025-05-12,2,23.9,28.3,19.7,0.0,observed
2025-05-13,2,25.4,30.0,21.3,0.0,observed
2025-05-14,2,26.7,29.5,23.8,5.9,observed
2025-05-15,2,26.3,29.9,24.8,15.9,observed
2025-05-16,2,27.0,29.6,25.5,14.3,observed
2025-05-17,2,27.8,31.6,26.1,11.8,observed
2025-05-18,2,27.6,32.3,25.7,23.8,observed
2025-05-19,2,27.0,30.9,24.4,24.7,observed
2025-05-20,2,29.0,32.9,26.5,3.3,observed
2025-05-21,2,29.4,33.1,26.9,1.0,observed
2025-05-22,2,28.8,31.1,27.1,4.1,observed
2025-05-23,2,27.4,29.1,25.6,7.1,observed
2025-05-24,2,23.9,25.2,22.6,28.1,observed
2025-05-25,2,24.1,27.8,22.1,0.5,observed
2025-05-26,2,24.2,27.9,20.8,0.0,observed
2025-05-27,2,24.4,26.0,23.0,3.6,observed
2025-05-28,2,27.1,31.2,23.9,6.4,observed
2025-05-29,2,27.0,30.2,24.8,9.3,observed
2025-05-30,2,26.1,29.7,23.1,22.5,observed
2025-05-31,2,29.4,34.6,25.3,0.1,observed
2025-06-01,2,32.0,38.1,27.3,0.0,observed
2025-06-02,2,32.4,37.3,28.1,0.1,observed
2025-06-03,2,28.9,32.5,26.2,16.3,observed
2025-06-04,2,27.5,31.7,25.0,28.3,observed
2025-06-05,2,28.5,32.7,24.4,3.0,observed
2025-06-06,2,29.3,32.3,26.9,9.5,observed
2025-06-07,2,29.7,32.4,27.4,8.9,observed
2025-06-08,2,29.5,32.9,27.1,9.0,observed
2025-06-09,2,28.3,32.6,25.0,22.0,observed
2025-06-10,2,27.4,29.4,24.9,26.2,observed
2025-06-11,2,28.6,33.0,25.3,0.9,observed
2025-06-12,2,29.2,32.8,25.6,0.5,observed
2025-06-13,2,28.8,31.6,25.5,6.0,observed
2025-06-14,2,30.3,34.4,26.9,0.9,observed
2025-06-15,2,29.3,35.4,26.5,31.5,observed
2025-06-16,2,28.2,32.6,25.9,5.0,observed
2025-06-17,2,28.9,32.2,26.7,3.1,observed
2025-06-18,2,30.2,34.1,27.0,4.6,observed
2025-06-19,2,30.2,33.6,27.6,0.4,observed
2025-06-20,2,29.7,32.9,26.9,26.8,observed
2025-06-21,2,27.4,31.7,25.5,47.1,observed
2025-06-22,2,27.1,30.4,24.6,56.5,observed
2025-06-23,2,28.5,32.6,24.6,10.9,observed
2025-06-24,2,28.8,32.7,26.2,9.0,observed
2025-06-25,2,28.6,32.4,25.2,6.3,observed
2025-06-26,2,29.1,32.9,26.2,5.8,observed
2025-06-27,2,26.7,29.9,24.5,65.5,observed
2025-06-28,2,26.9,30.1,24.4,18.0,observed
2025-06-29,2,27.3,31.7,24.4,27.3,observed
2025-06-30,2,27.3,32.1,25.1,41.8,observed
2025-07-01,2,27.0,31.0,24.5,45.0,observed
2025-07-02,2,26.8,30.1,24.6,8.7,observed
2025-07-03,2,26.4,29.0,24.2,13.1,observed
2025-07-04,2,27.6,31.6,24.8,3.3,observed
2025-07-05,2,29.2,33.3,25.2,0.0,observed
2025-07-06,2,28.7,32.6,26.2,4.6,observed
2025-07-07,2,28.9,33.1,26.1,0.6,observed
2025-07-08,2,30.4,34.7,26.6,0.2,observed
2025-07-09,2,30.2,35.5,27.1,2.3,observed
2025-07-10,2,29.5,33.5,26.7,0.9,observed
2025-07-11,2,27.5,31.3,25.1,31.5,observed
2025-07-12,2,26.9,30.6,24.4,33.2,observed
2025-07-13,2,28.3,32.3,24.8,13.1,observed
2025-07-14,2,28.8,31.9,26.5,7.7,observed
2025-07-15,2,29.5,32.9,27.0,0.6,observed
2025-07-16,2,29.5,31.9,27.2,1.3,observed
2025-07-17,2,30.5,34.8,26.5,0.2,observed
2025-07-18,2,31.6,35.9,27.6,0.0,observed
2025-07-19,2,29.6,35.4,24.9,16.2,observed
2025-07-20,2,28.6,32.8,25.7,1.9,observed
2025-07-21,2,28.0,31.2,26.3,44.7,observed
2025-07-22,2,27.3,30.8,25.6,42.4,observed
2025-07-23,2,27.5,31.0,24.8,20.4,observed
2025-07-24,2,27.3,30.6,24.9,24.9,observed
2025-07-25,2,27.6,30.8,25.3,14.7,observed
2025-07-26,2,28.6,32.6,26.2,6.3,observed
2025-07-27,2,28.8,32.6,25.8,1.1,observed
2025-07-28,2,29.9,34.3,25.9,0.1,observed
2025-07-29,2,31.2,35.6,27.2,0.0,observed
2025-07-30,2,31.7,36.2,28.0,2.2,observed
2025-07-31,2,30.1,34.1,27.5,6.9,observed
2025-08-01,2,28.6,32.4,26.6,3.4,observed
2025-08-02,2,30.0,34.6,26.0,0.3,observed
2025-08-03,2,31.7,36.7,27.5,0.0,observed
2025-08-04,2,32.5,37.2,28.5,0.2,observed
2025-08-05,2,29.7,35.3,27.5,9.9,observed
2025-08-06,2,28.0,30.0,27.0,9.3,observed
2025-08-07,2,29.0,32.0,26.3,2.5,observed
2025-08-08,2,30.8,35.1,27.2,0.2,observed
2025-08-09,2,31.5,35.9,27.4,0.0,observed
2025-08-10,2,30.8,34.4,28.3,1.6,observed
2025-08-11,2,30.4,34.3,26.9,2.8,observed
2025-08-12,2,30.0,34.5,26.8,4.6,observed
2025-08-13,2,29.5,33.0,26.4,0.4,observed
2025-08-14,2,29.9,32.5,27.2,4.3,observed
2025-08-15,2,26.7,28.9,24.8,13.0,observed
2025-08-16,2,25.8,29.7,23.8,20.6,observed
2025-08-17,2,26.7,32.0,24.3,14.3,observed
2025-08-18,2,26.1,29.5,23.9,28.8,observed
2025-08-19,2,26.5,28.7,24.5,12.6,observed
2025-08-20,2,28.9,32.8,26.2,1.6,observed
2025-08-21,2,27.9,30.2,25.7,16.2,observed
2025-08-22,2,28.6,31.1,26.9,9.8,observed
2025-08-23,2,27.9,30.4,25.6,8.1,observed
2025-08-24,2,27.6,32.3,25.3,4.0,observed
2025-08-25,2,25.7,27.2,24.6,31.4,observed
2025-08-26,2,24.7,26.5,23.8,72.1,observed
2025-08-27,2,25.2,28.1,23.5,29.0,observed
2025-08-28,2,27.1,31.1,24.0,1.9,observed
2025-08-29,2,26.9,30.8,24.3,10.6,observed
2025-08-30,2,26.4,29.7,24.2,33.2,observed
2025-08-31,2,26.0,30.2,23.6,23.8,observed
2025-09-01,2,27.1,30.7,24.3,10.8,observed
2025-09-02,2,28.1,31.7,25.5,0.7,observed
2025-09-03,2,28.9,32.6,25.8,0.3,observed
2025-09-04,2,29.3,33.2,25.9,0.0,observed
2025-09-05,2,29.7,33.5,26.2,0.0,observed
2025-09-06,2,29.4,33.1,26.7,0.4,observed
2025-09-07,2,30.0,33.6,26.4,0.1,observed
2025-09-08,2,30.7,34.7,26.7,0.0,observed
2025-09-09,2,28.8,31.9,26.7,2.2,observed
2025-09-10,2,28.3,31.6,26.1,5.5,observed
2025-09-11,2,27.4,30.8,25.2,19.4,observed
2025-09-12,2,27.2,31.4,25.2,7.8,observed
2025-09-13,2,28.6,32.4,25.6,1.7,observed
2025-09-14,2,28.3,31.4,25.6,1.5,observed
2025-09-15,2,27.4,30.2,24.8,5.3,observed
2025-09-16,2,27.8,31.7,24.1,10.9,observed
2025-09-17,2,27.2,31.9,24.7,10.5,observed
2025-09-18,2,26.7,30.4,23.6,26.2,observed
2025-09-19,2,27.8,31.9,24.2,6.2,observed
2025-09-20,2,29.7,33.8,25.9,0.0,observed
2025-09-21,2,29.0,33.2,26.5,4.6,observed
2025-09-22,2,26.8,30.3,24.1,18.6,observed
2025-09-23,2,27.9,31.7,24.2,0.5,observed
2025-09-24,2,28.9,33.2,24.8,0.1,observed
2025-09-25,2,26.0,27.4,24.2,18.7,observed
2025-09-26,2,25.5,28.4,23.9,13.6,observed
2025-09-27,2,26.8,31.5,23.7,16.5,observed
2025-09-28,2,26.1,29.7,24.2,41.0,observed
2025-09-29,2,24.6,25.3,24.2,78.3,observed
2025-09-30,2,25.2,27.4,23.7,43.8,observed
2025-10-01,2,26.4,30.0,23.8,4.7,observed
2025-10-02,2,28.1,32.3,24.9,0.0,observed
2025-10-03,2,28.0,31.8,24.8,0.0,observed
2025-10-04,2,28.0,31.4,25.4,0.2,observed
2025-10-05,2,28.5,32.7,24.9,0.9,observed
2025-10-06,2,25.7,29.0,23.7,35.1,observed
2025-10-07,2,24.3,26.5,23.2,133.8,observed
2025-10-08,2,26.3,29.6,23.2,9.2,observed
2025-10-09,2,27.1,30.9,24.0,0.5,observed
2025-10-10,2,27.6,31.1,24.5,0.9,observed
2025-10-11,2,26.4,29.5,24.4,3.3,observed
2025-10-12,2,27.9,31.0,25.0,0.2,observed
2025-10-13,2,26.6,30.0,24.9,15.6,observed
2025-10-14,2,24.9,27.9,23.5,30.5,observed
2025-10-15,2,25.6,29.0,23.7,7.4,observed
2025-10-16,2,26.1,30.4,22.4,14.5,observed
2025-10-17,2,27.2,31.2,23.8,0.3,observed
2025-10-18,2,27.5,31.2,23.9,0.2,observed
2025-10-19,2,26.3,30.7,23.4,12.0,observed
2025-10-20,2,25.7,29.7,23.3,0.3,observed
2025-10-21,2,24.1,28.1,21.3,0.0,observed
2025-10-22,2,22.3,24.5,20.2,0.0,observed
2025-10-23,2,19.6,21.1,18.5,1.7,observed
2025-10-24,2,20.1,22.0,18.5,1.1,observed
2025-10-25,2,22.1,25.5,19.8,0.0,observed
2025-10-26,2,23.8,27.2,21.3,0.0,observed
2025-10-27,2,23.3,26.9,20.9,0.0,observed
2025-10-28,2,23.7,26.8,21.7,0.0,observed
2025-10-29,2,23.8,27.0,20.1,0.0,observed
2025-10-30,2,23.9,25.9,22.6,0.7,observed
2025-10-31,2,23.4,25.2,22.1,4.8,observed
2025-11-01,2,20.9,22.2,20.0,6.1,observed
2025-11-02,2,20.2,21.4,19.1,2.4,observed
2025-11-03,2,19.4,20.2,18.4,2.2,observed
2025-11-04,2,19.4,20.6,18.2,1.5,observed
2025-11-05,2,20.8,22.9,19.0,0.1,observed
2025-11-06,2,22.0,24.7,19.4,0.0,observed
2025-11-07,2,23.1,25.1,20.6,6.5,observed
2025-11-08,2,24.7,28.0,22.2,13.4,observed
2025-11-09,2,24.5,27.2,22.6,60.0,observed
2025-11-10,2,24.4,27.5,22.5,1.0,observed
2025-11-11,2,22.5,24.2,21.6,0.8,observed
2025-11-12,2,22.2,24.9,20.2,0.0,observed
2025-11-13,2,22.2,25.9,19.7,0.0,observed
2025-11-14,2,21.0,25.7,17.0,0.0,observed
2025-11-15,2,21.3,26.5,16.4,0.0,observed
2025-11-16,2,22.0,25.3,19.8,0.0,observed
2025-11-17,2,22.5,25.1,20.7,1.4,observed
2025-11-18,2,18.0,21.7,13.8,17.0,observed
2025-11-19,2,14.7,16.9,12.9,1.7,observed
2025-11-20,2,17.1,21.3,13.8,0.0,observed
2025-11-21,2,18.4,22.9,14.8,0.0,observed
2025-11-22,2,19.1,23.6,14.5,0.0,observed
2025-11-23,2,20.3,24.8,17.4,0.0,observed
2025-11-24,2,20.0,25.3,15.9,0.0,observed
2025-11-25,2,19.5,23.4,15.8,0.0,observed
2025-11-26,2,17.8,23.1,13.9,0.0,observed
2025-11-27,2,17.9,23.6,13.5,0.0,observed
2025-11-28,2,17.1,23.5,12.0,0.0,observed
2025-11-29,2,16.9,22.9,11.2,0.0,observed
2025-11-30,2,18.6,24.0,14.1,0.0,observed
2025-12-01,2,19.9,24.2,17.2,1.9,observed
2025-12-02,2,22.4,26.4,19.3,0.1,observed
2025-12-03,2,21.2,24.0,19.1,2.1,observed
2025-12-04,2,20.3,23.4,18.0,0.0,observed
2025-12-05,2,19.3,20.7,18.5,0.7,observed
2025-12-06,2,20.0,23.5,17.3,0.1,observed
2025-12-07,2,21.2,25.2,18.5,0.7,observed
2025-12-08,2,20.9,25.3,18.7,1.1,observed
2025-12-09,2,20.4,24.4,16.4,0.0,observed
2025-12-10,2,21.3,26.5,16.6,0.0,observed
2025-12-11,2,21.0,23.0,19.5,0.0,observed
2025-12-12,2,21.9,24.5,19.6,1.2,observed
2025-12-13,2,20.7,22.4,17.9,17.6,observed
2025-12-14,2,17.8,20.7,15.4,0.0,observed
2025-12-15,2,17.9,22.1,14.3,0.0,observed
2025-12-16,2,18.9,21.6,16.3,0.0,observed
2025-12-17,2,20.2,23.4,18.1,1.5,observed
2025-12-18,2,20.2,24.4,17.1,0.0,observed
2025-12-19,2,20.2,25.5,16.0,0.0,observed
2025-12-20,2,21.5,24.7,19.7,2.1,observed
2025-12-21,2,21.2,25.0,18.2,1.2,observed
2025-12-22,2,21.2,25.4,18.1,1.2,observed
2025-12-23,2,22.5,26.2,20.1,1.7,observed
2025-12-24,2,22.4,26.9,18.6,3.0,observed
2025-12-25,2,17.2,19.3,15.2,1.0,observed
2025-12-26,2,16.0,19.6,12.9,0.0,observed
2025-12-27,2,15.8,19.5,12.6,0.0,observed
2025-12-28,2,17.3,21.0,13.9,0.0,observed
2025-12-29,2,19.6,23.3,16.8,0.2,observed
2025-12-30,2,20.4,23.8,17.6,0.2,observed
2025-12-31,2,20.8,24.7,17.8,0.4,observed
2026-01-01,2,19.6,23.2,16.6,4.6,observed
2026-01-02,2,15.7,16.8,14.3,1.0,observed
2026-01-03,2,15.9,18.5,13.7,0.0,observed
2026-01-04,2,17.4,21.6,14.7,0.3,observed
2026-01-05,2,15.7,17.2,14.2,1.3,observed
2026-01-06,2,13.8,14.7,13.2,0.0,observed
2026-01-07,2,14.6,18.8,10.4,0.0,observed
2026-01-08,2,14.8,19.8,10.7,0.0,observed
2026-01-09,2,15.1,20.5,9.8,0.0,observed
2026-01-10,2,15.8,21.6,10.6,0.0,observed
2026-01-11,2,16.9,22.5,12.4,0.0,observed
2026-01-12,2,17.5,22.7,13.0,0.0,observed
2026-01-13,2,18.2,23.8,13.2,0.0,observed
2026-01-14,2,19.3,25.3,14.4,0.0,observed
2026-01-15,2,19.8,23.0,17.3,0.0,observed
2026-01-16,2,21.3,26.3,17.9,0.0,observed
2026-01-17,2,20.4,23.3,19.0,3.5,observed
2026-01-18,2,21.0,26.7,18.0,0.7,observed
2026-01-19,2,21.7,26.6,18.7,0.4,observed
2026-01-20,2,21.9,25.7,19.7,2.6,observed
2026-01-21,2,16.5,20.2,12.8,5.6,observed
2026-01-22,2,11.1,12.3,9.7,1.7,observed
2026-01-23,2,12.3,16.0,9.8,0.0,observed
2026-01-24,2,13.6,15.9,11.9,0.0,observed
2026-01-25,2,17.3,22.7,13.8,0.0,observed
2026-01-26,2,18.6,22.0,16.5,3.5,observed
2026-01-27,2,19.8,23.6,17.2,0.2,observed
2026-01-28,2,19.1,24.1,15.5,0.0,observed
2026-01-29,2,20.0,25.0,16.2,0.0,observed
2026-01-30,2,21.4,25.4,18.5,1.1,observed
2026-01-31,2,19.0,21.2,16.9,0.4,observed
2026-02-01,2,17.6,20.5,15.5,0.0,observed
2026-02-02,2,16.1,18.3,14.2,0.3,observed
2026-02-03,2,17.0,21.7,12.3,0.0,observed
2026-02-04,2,18.9,23.9,15.2,0.2,observed
2026-02-05,2,21.0,26.3,17.7,0.3,observed
2026-02-06,2,22.7,26.5,20.7,0.4,observed
2026-02-07,2,22.1,25.1,20.1,1.9,observed
2026-02-08,2,15.2,20.2,12.2,16.0,observed
2026-02-09,2,13.4,16.8,11.8,5.2,observed
2026-02-10,2,17.4,22.2,13.3,0.1,observed
2026-02-11,2,18.2,19.5,17.3,4.1,observed
2026-02-12,2,19.5,23.3,17.2,0.4,observed
2026-02-13,2,21.6,24.9,18.5,1.0,observed
2026-02-14,2,22.3,25.6,20.0,0.2,observed
2026-02-15,2,23.0,28.2,19.9,0.0,observed
2026-02-16,2,23.3,27.9,20.7,0.1,observed
2026-02-17,2,22.3,25.1,19.6,1.4,observed
2026-02-18,2,19.0,20.9,17.1,1.3,observed
2026-02-19,2,19.4,21.9,17.6,1.5,observed
2026-02-20,2,19.8,23.7,16.7,0.7,observed
2026-02-21,2,21.5,27.8,18.1,0.1,observed
2026-02-22,2,22.0,24.9,20.2,2.1,observed
2026-02-23,2,23.2,26.0,21.0,0.4,observed
2026-02-24,2,23.1,24.8,21.9,0.7,observed
2026-02-25,2,23.2,26.7,21.1,23.0,observed
2026-02-26,2,22.1,24.7,20.6,3.2,observed
2026-02-27,2,23.7,28.4,19.9,0.1,observed
2026-02-28,2,25.4,29.4,22.9,1.1,observed
2026-03-01,2,26.0,30.8,22.5,0.5,observed
2026-03-02,2,26.2,30.6,23.6,1.6,observed
2026-03-03,2,21.7,24.8,19.6,7.0,observed
2026-03-04,2,19.5,22.1,17.4,0.1,observed
2026-03-05,2,19.9,23.0,16.4,0.0,observed
2026-03-06,2,21.3,24.7,19.1,0.0,observed
2026-03-07,2,21.3,24.4,19.2,0.0,observed
2026-03-08,2,21.7,24.9,19.2,1.8,observed
2026-03-09,2,19.9,23.3,17.7,5.0,observed
2026-03-10,2,18.7,21.9,16.2,0.0,observed
2026-03-11,2,18.7,21.8,15.8,0.1,observed
2026-03-12,2,20.4,24.6,18.0,0.1,observed
2026-03-13,2,20.5,24.8,16.8,0.1,observed
2026-03-14,2,20.8,23.6,18.9,0.3,observed
2026-03-15,2,21.4,24.6,18.8,0.4,observed
2026-03-16,2,22.3,26.1,19.3,1.0,observed
2026-03-17,2,23.1,26.8,20.1,0.0,observed
2026-03-18,2,23.7,27.1,20.6,0.0,observed
2026-03-19,2,24.3,28.5,21.6,0.0,observed
2026-03-20,2,24.3,27.3,22.1,0.4,observed
2026-03-21,2,23.8,25.7,21.6,0.3,observed
2026-03-22,2,24.5,28.6,21.5,0.6,observed
2026-03-23,2,24.8,29.0,21.9,0.5,observed
2026-03-24,2,25.4,29.5,23.0,0.6,observed
2026-03-25,2,25.6,28.9,23.6,0.2,observed
2026-03-26,2,26.3,30.4,23.4,0.2,observed
2026-03-27,2,25.9,29.4,23.3,1.3,observed
2026-03-28,2,26.2,30.0,23.8,0.4,observed
2026-03-29,2,26.7,30.9,23.8,3.8,observed
2026-03-30,2,28.0,33.0,23.7,0.0,observed
2026-03-31,2,29.4,36.8,24.5,0.0,observed
2026-04-01,2,25.0,27.9,22.4,0.2,observed
2026-04-02,2,25.3,30.6,22.1,0.3,observed
2026-04-03,2,28.0,33.2,24.2,0.1,observed
2026-04-04,2,26.9,31.3,24.3,0.0,observed
2026-04-05,2,27.7,33.3,23.3,0.1,observed
2026-04-06,2,30.7,39.1,24.2,0.0,observed
2026-04-07,2,30.9,37.3,25.5,0.0,observed
2026-04-08,2,30.0,35.0,26.3,0.0,observed
2026-04-09,2,29.5,34.8,25.5,0.1,observed
2026-04-10,2,29.7,35.7,25.3,0.0,observed
2026-04-11,2,30.3,38.0,24.6,0.0,observed
2026-04-12,2,29.8,37.0,24.3,0.0,observed
2026-04-13,2,29.5,34.5,25.2,0.0,observed
2026-04-14,2,29.2,34.0,25.7,0.0,observed
2026-04-15,2,29.1,34.3,26.0,0.2,observed
2026-04-16,2,28.8,32.9,26.0,0.3,observed
2026-04-17,2,25.9,27.8,23.5,45.6,observed
2026-04-18,2,25.2,28.6,22.6,8.4,observed
2026-04-19,2,25.8,29.5,24.2,2.3,observed
2026-04-20,2,26.0,28.6,23.5,0.2,observed
2026-04-21,2,27.7,32.6,25.0,0.1,observed
2026-04-22,2,28.9,34.6,25.1,0.6,observed
2026-04-23,2,24.9,27.2,22.9,29.0,observed
2026-04-24,2,24.7,27.9,22.5,9.2,observed
2026-04-25,2,25.8,29.5,22.9,0.4,observed
2026-04-26,2,25.6,29.5,23.2,1.1,observed
2026-04-27,2,26.7,31.9,23.6,0.2,observed
2026-04-28,2,27.6,32.4,24.5,0.0,observed
2026-04-29,2,24.9,28.6,22.4,19.1,observed
2026-04-30,2,23.4,26.4,20.4,0.0,observed
2026-05-01,2,24.3,28.3,21.0,0.0,observed
2026-05-02,2,25.8,32.1,22.9,5.3,observed
2026-05-03,2,25.0,28.1,22.0,25.5,observed
2026-05-04,2,23.4,27.6,19.8,12.1,observed
2026-05-05,2,25.4,29.6,21.7,0.0,observed
2026-05-06,2,26.9,31.1,23.6,0.3,observed
2026-05-07,2,26.8,30.5,24.6,16.6,observed
2026-05-08,2,25.9,28.9,23.0,27.2,observed
2026-05-09,2,25.1,27.2,23.8,5.6,observed
2026-05-10,2,24.7,28.0,23.1,0.2,observed
2026-05-11,2,26.8,31.0,23.1,0.7,observed
2026-05-12,2,27.7,31.7,25.0,2.0,observed
2026-05-13,2,28.8,32.9,26.0,0.9,observed
2026-05-14,2,30.6,35.3,26.2,0.0,observed
2026-05-15,2,30.6,34.0,26.9,0.0,observed
2026-05-16,2,28.4,33.0,25.1,42.0,observed
2026-05-17,2,27.0,29.8,25.3,23.5,observed
2026-05-18,2,27.1,31.5,25.0,13.9,observed
2026-05-19,2,27.5,30.6,24.5,24.9,observed
2026-05-20,2,27.4,30.3,25.0,19.3,observed
2026-05-21,2,27.2,29.7,25.9,30.6,observed
2026-05-22,2,29.5,32.6,27.0,1.4,observed
2026-05-23,2,31.3,35.7,27.7,0.0,observed
2026-05-24,2,31.7,36.4,27.9,0.0,observed
2026-05-25,2,32.5,37.3,28.9,0.0,observed
2026-05-26,2,33.1,37.7,29.2,0.0,observed
2026-05-27,2,32.8,37.2,28.9,0.1,observed
2026-05-28,2,30.8,35.8,27.6,31.3,observed
2026-05-29,2,28.9,31.0,27.3,4.9,observed
2026-05-30,2,28.1,32.1,24.5,7.0,observed
2026-05-31,2,29.4,33.4,26.0,0.6,observed
2026-06-01,2,30.6,34.3,27.1,0.6,observed
2026-06-02,2,31.0,34.8,27.9,0.3,observed
2026-06-03,2,31.1,36.0,28.2,0.9,observed
2026-06-04,2,30.2,36.1,27.5,4.6,observed
2026-06-05,2,28.1,31.3,24.7,2.6,observed
2026-06-06,2,30.6,34.6,27.5,1.6,observed
2026-06-07,2,31.8,35.5,28.5,0.1,observed
2026-06-08,2,30.6,35.8,26.1,4.3,observed
2026-06-09,2,25.9,27.9,24.0,9.2,observed
2026-06-10,2,27.1,30.1,24.3,0.0,observed
2026-06-11,2,27.0,29.4,25.0,3.2,observed
2026-06-12,2,28.2,32.0,25.4,12.1,observed
2026-06-13,2,30.5,34.4,27.5,0.0,observed
2026-06-14,2,31.7,35.4,28.4,0.0,observed
2026-06-15,2,31.2,35.7,28.3,5.6,observed
2026-06-16,2,29.5,33.3,26.5,7.3,observed
2026-06-17,2,29.5,33.9,26.9,7.6,observed
2026-06-18,2,30.5,34.3,27.7,0.7,observed
2026-06-19,2,31.1,33.8,28.0,0.6,observed
2026-06-20,2,31.3,35.6,28.0,2.3,observed
2026-06-21,2,31.0,35.6,27.4,0.3,observed
2026-06-22,2,30.1,33.1,27.6,0.7,observed
2026-06-23,2,32.4,37.4,27.9,0.7,observed
2026-06-24,2,34.0,38.1,29.4,0.0,observed
2026-06-25,2,34.0,38.8,30.5,0.1,observed
2026-06-26,2,30.1,32.3,27.6,0.4,observed
2026-06-27,2,30.0,34.7,25.5,10.3,observed
2026-06-28,2,28.4,32.3,25.6,30.4,observed
2026-06-29,2,28.0,31.1,26.0,40.4,observed
2026-06-30,2,27.2,30.7,25.4,26.9,observed
2026-07-01,2,27.3,30.2,25.2,18.6,observed
2026-07-02,2,27.9,30.6,25.3,12.1,observed
2026-07-03,2,28.1,31.1,26.3,15.2,observed
2026-07-04,2,28.3,30.8,26.2,10.0,observed
2026-07-05,2,28.4,32.3,25.5,44.4,observed
2026-07-06,2,28.4,32.2,26.4,5.3,observed
2026-07-07,2,29.6,33.5,26.3,2.8,observed
2026-07-08,2,27.9,31.7,26.2,13.6,observed
2026-07-09,2,27.2,29.8,25.6,39.7,observed
2026-07-10,2,28.0,31.8,25.7,10.5,observed
2026-07-11,2,28.8,31.3,26.7,6.1,observed
2026-07-12,2,29.1,33.2,26.0,7.5,observed
2026-07-13,2,29.8,32.9,27.0,1.1,observed
2026-07-14,2,30.6,34.9,27.6,0.5,observed
2026-07-15,2,30.7,34.5,28.0,0.4,observed
2026-07-16,2,30.3,33.2,26.3,6.0,observed
2026-07-17,2,30.2,32.7,28.0,1.1,observed
2026-07-18,2,30.8,34.7,27.6,1.3,observed
2026-07-19,2,28.8,31.1,26.8,2.3,observed
2026-07-20,2,29.2,32.2,26.7,1.0,observed
2026-07-21,2,29.0,32.3,26.1,1.8,observed
2026-07-22,2,29.5,32.9,26.7,1.3,observed
2026-07-23,2,27.8,30.2,25.3,12.2,observed
2026-07-24,2,27.3,29.9,24.9,14.9,observed
2026-07-25,2,28.3,32.3,24.1,7.6,observed
2026-07-26,2,30.2,33.9,26.3,0.0,observed
2026-07-27,2,28.9,31.6,26.6,12.4,observed
2026-07-28,2,26.5,28.9,25.4,70.7,observed
2026-07-29,2,27.0,30.0,25.1,11.7,observed
2026-07-30,2,26.9,30.3,24.5,15.0,observed
2026-07-31,2,26.9,30.1,25.3,31.3,observed
2026-08-01,2,27.4,30.4,24.9,21.0,observed
2026-08-02,2,27.7,30.6,25.5,11.7,observed
2026-08-03,2,28.1,32.5,25.2,25.8,observed
2026-08-04,2,27.7,30.5,25.8,25.1,observed
2026-08-05,2,27.1,30.7,25.8,34.8,observed
2026-08-06,2,27.2,29.6,25.5,24.4,observed
2026-08-07,2,27.7,30.9,25.3,6.4,observed
2026-08-08,2,29.7,32.8,26.6,1.0,observed
2026-08-09,2,31.0,35.1,27.5,1.0,observed
2026-08-10,2,31.1,34.6,27.5,0.4,observed
2026-08-11,2,31.1,34.8,27.5,0.3,observed
2026-08-12,2,31.5,35.2,28.3,0.2,observed
2026-08-13,2,31.1,35.0,27.3,1.0,observed
2026-08-14,2,28.6,30.9,27.3,5.5,observed
2026-08-15,2,30.0,34.3,26.2,0.0,observed
2026-08-16,2,30.6,35.1,24.4,5.2,observed
2026-08-17,2,30.7,36.2,26.3,2.2,observed
2026-08-18,2,29.2,33.8,26.0,12.4,observed
2026-08-19,2,27.0,31.3,25.2,27.1,observed
2026-08-20,2,29.3,33.9,24.8,7.9,observed
2026-08-21,2,26.7,28.1,25.5,51.0,observed
2026-08-22,2,25.9,26.5,25.3,84.6,observed
2026-08-23,2,26.1,27.3,25.1,116.0,observed
2026-08-24,2,27.2,29.8,25.1,78.2,observed
2026-08-25,2,27.9,30.6,25.1,7.0,observed
2026-08-26,2,28.3,30.9,25.7,30.4,observed
2026-08-27,2,28.4,31.7,26.1,27.5,observed
2026-08-28,2,28.8,32.1,25.7,4.8,observed
2026-08-29,2,28.9,31.4,26.4,4.6,observed
2026-08-30,2,29.3,33.7,26.5,1.6,observed
2026-08-31,2,29.5,33.6,25.8,6.6,observed
2026-09-01,2,30.3,34.6,26.8,0.0,observed
2026-09-02,2,29.7,34.3,25.0,0.0,observed
2026-09-03,2,29.3,33.4,25.3,0.0,observed
2026-09-04,2,28.6,31.8,25.8,0.5,observed
2026-09-05,2,27.5,29.2,25.9,1.6,observed
2026-09-06,2,28.1,31.0,25.4,0.1,observed
2026-09-07,2,28.1,32.1,23.8,1.5,observed
2026-09-08,2,29.4,33.2,25.6,0.1,observed
2026-09-09,2,28.9,33.5,24.2,13.6,observed
2026-09-10,2,26.0,29.3,23.5,11.3,observed
2026-09-11,2,26.3,30.0,22.3,5.5,observed
2026-09-12,2,26.8,30.5,23.7,0.0,observed
2026-09-13,2,27.0,30.4,25.2,7.1,observed
2026-09-14,2,24.9,26.7,23.8,36.2,observed
2026-09-15,2,24.8,25.7,24.0,71.3,observed
2026-09-16,2,24.8,25.9,23.6,46.3,observed
2026-09-17,2,25.2,26.3,24.5,25.7,observed
2026-09-18,2,27.2,30.7,24.3,2.2,observed
2026-09-19,2,28.1,31.9,24.7,0.6,observed
2026-09-20,2,28.8,32.3,25.5,0.0,observed
2026-09-21,2,28.4,32.2,24.6,0.0,observed
2026-09-22,2,28.9,32.5,25.4,0.8,observed
2026-09-23,2,27.8,31.0,25.7,2.5,observed
2026-09-24,2,27.4,30.9,24.5,4.1,observed
2026-09-25,2,28.1,32.2,25.2,0.9,observed
2026-09-26,2,28.3,31.4,25.8,0.4,observed
2026-09-27,2,28.8,32.3,25.9,0.6,observed
2026-09-28,2,29.8,33.7,26.6,0.7,observed
2026-09-29,2,30.6,34.4,27.0,0.0,observed
2026-09-30,2,30.7,34.6,27.3,0.0,observed
2026-10-01,2,30.2,34.5,27.3,1.3,forecast
2026-10-02,2,28.6,32.5,26.0,3.9,forecast
2026-10-03,2,28.9,32.2,26.5,2.0,forecast
2026-10-04,2,26.4,29.2,24.4,14.6,forecast
2026-10-05,2,25.4,28.6,23.2,1.1,forecast
2026-10-06,2,24.5,28.4,21.4,0.0,forecast
2026-10-07,2,24.1,29.3,20.1,0.0,forecast
2026-10-08,2,24.3,29.0,20.5,0.0,forecast
2026-10-09,2,24.6,29.0,21.3,0.0,forecast
2026-10-10,2,24.6,29.2,21.3,0.0,forecast
2026-10-11,2,24.4,29.5,20.5,0.0,forecast
2026-10-12,2,25.5,30.4,22.0,0.0,forecast
2026-10-13,2,26.2,30.6,23.1,0.0,forecast
2026-10-14,2,26.4,30.7,22.8,0.0,forecast
2026-10-15,2,26.6,31.1,23.6,5.2,forecast
2026-10-16,2,25.9,28.8,23.5,6.3,forecast
2025-01-01,3,18.2,23.9,13.6,0.0,observed
2025-01-02,3,19.1,25.0,14.0,0.0,observed
2025-01-03,3,19.7,25.4,15.2,0.0,observed
2025-01-04,3,18.5,23.8,14.2,0.0,observed
2025-01-05,3,19.0,24.5,14.5,0.0,observed
2025-01-06,3,18.5,24.0,13.8,0.0,observed
2025-01-07,3,18.0,23.5,13.4,0.0,observed
2025-01-08,3,18.9,23.4,14.8,0.8,observed
2025-01-09,3,18.7,22.7,16.2,0.0,observed
2025-01-10,3,16.0,19.0,13.4,0.0,observed
2025-01-11,3,15.1,18.2,12.6,0.0,observed
2025-01-12,3,14.5,19.6,9.7,0.0,observed
2025-01-13,3,15.1,20.9,8.9,0.0,observed
2025-01-14,3,17.2,23.1,11.0,0.0,observed
2025-01-15,3,19.0,22.4,16.9,0.2,observed
2025-01-16,3,17.8,22.9,14.7,0.0,observed
2025-01-17,3,16.7,22.1,11.8,0.0,observed
2025-01-18,3,17.2,21.6,12.9,0.0,observed
2025-01-19,3,18.5,23.6,14.0,0.0,observed
2025-01-20,3,18.6,24.9,13.1,0.0,observed
2025-01-21,3,18.5,25.2,13.0,0.0,observed
2025-01-22,3,18.8,23.1,15.1,0.0,observed
2025-01-23,3,19.2,23.4,16.1,0.2,observed
2025-01-24,3,20.7,26.0,17.3,1.7,observed
2025-01-25,3,21.2,23.8,19.5,4.1,observed
2025-01-26,3,14.7,20.0,13.5,11.4,observed
2025-01-27,3,14.4,17.5,12.3,0.1,observed
2025-01-28,3,13.4,17.8,10.3,0.0,observed
2025-01-29,3,13.7,18.7,9.6,0.0,observed
2025-01-30,3,16.5,23.0,10.7,0.0,observed
2025-01-31,3,19.9,25.6,15.8,0.2,observed
2025-02-01,3,20.9,25.1,19.0,1.7,observed
2025-02-02,3,20.6,23.4,18.5,1.4,observed
2025-02-03,3,15.4,17.2,13.8,5.1,observed
2025-02-04,3,15.1,18.6,13.0,0.0,observed
2025-02-05,3,15.6,18.9,12.1,0.8,observed
2025-02-06,3,17.4,21.4,15.5,2.1,observed
2025-02-07,3,14.1,15.7,12.6,5.5,observed
2025-02-08,3,13.0,15.7,10.9,0.5,observed
2025-02-09,3,13.3,15.9,11.8,0.0,observed
2025-02-10,3,14.6,19.6,9.8,0.0,observed
2025-02-11,3,17.0,23.3,11.9,0.0,observed
2025-02-12,3,19.4,23.1,15.9,0.5,observed
2025-02-13,3,18.9,22.8,16.4,1.9,observed
2025-02-14,3,19.0,22.6,17.1,0.5,observed
2025-02-15,3,20.6,24.3,18.5,0.6,observed
2025-02-16,3,17.5,19.7,15.7,6.7,observed
2025-02-17,3,18.2,22.4,15.6,0.5,observed
2025-02-18,3,17.1,19.2,15.5,2.4,observed
2025-02-19,3,17.7,19.9,16.2,1.8,observed
2025-02-20,3,19.6,22.6,17.4,0.8,observed
2025-02-21,3,19.5,21.8,17.7,0.3,observed
2025-02-22,3,19.3,21.6,17.6,0.2,observed
2025-02-23,3,16.8,18.7,14.7,1.1,observed
2025-02-24,3,13.6,15.1,12.6,1.5,observed
2025-02-25,3,14.0,15.8,12.9,10.1,observed
2025-02-26,3,15.5,19.0,13.6,1.8,observed
2025-02-27,3,18.1,22.7,15.2,0.0,observed
2025-02-28,3,20.5,24.6,17.3,0.2,observed
2025-03-01,3,22.5,27.6,19.4,0.0,observed
2025-03-02,3,23.4,27.9,21.1,0.4,observed
2025-03-03,3,23.8,28.5,20.7,0.2,observed
2025-03-04,3,24.8,29.2,22.3,1.0,observed
2025-03-05,3,22.6,24.7,18.3,5.4,observed
2025-03-06,3,15.0,17.0,13.5,2.5,observed
2025-03-07,3,15.0,17.7,12.9,0.3,observed
2025-03-08,3,16.0,18.6,14.4,0.0,observed
2025-03-09,3,17.8,21.0,15.5,0.1,observed
2025-03-10,3,19.7,23.2,17.5,0.6,observed
2025-03-11,3,21.0,25.7,17.5,0.2,observed
2025-03-12,3,23.2,26.4,20.9,0.6,observed
2025-03-13,3,23.4,25.6,21.7,1.3,observed
2025-03-14,3,24.2,27.7,22.4,0.5,observed
2025-03-15,3,23.4,26.5,20.1,5.8,observed
2025-03-16,3,18.2,20.5,15.8,0.7,observed
2025-03-17,3,17.4,20.2,15.3,0.0,observed
2025-03-18,3,17.1,19.7,15.4,0.0,observed
2025-03-19,3,18.1,22.6,13.9,0.0,observed
2025-03-20,3,18.4,23.8,13.5,0.0,observed
2025-03-21,3,19.3,25.0,13.8,0.0,observed
2025-03-22,3,20.0,25.3,14.5,0.0,observed
2025-03-23,3,21.0,26.1,16.5,0.0,observed
2025-03-24,3,22.6,28.8,17.2,0.0,observed
2025-03-25,3,24.0,30.3,19.4,0.0,observed
2025-03-26,3,24.2,30.5,20.0,0.0,observed
2025-03-27,3,25.6,32.3,21.2,0.0,observed
2025-03-28,3,25.4,30.7,21.5,0.4,observed
2025-03-29,3,16.9,24.9,14.0,10.7,observed
2025-03-30,3,14.6,17.2,12.5,1.0,observed
2025-03-31,3,15.1,18.3,13.0,0.0,observed
2025-04-01,3,17.8,22.0,14.3,0.0,observed
2025-04-02,3,19.2,24.9,14.3,0.0,observed
2025-04-03,3,20.3,25.8,15.5,0.0,observed
2025-04-04,3,21.0,25.4,16.8,0.2,observed
2025-04-05,3,21.8,24.2,19.8,1.4,observed
2025-04-06,3,22.8,26.3,20.5,0.7,observed
2025-04-07,3,22.1,25.3,19.8,0.5,observed
2025-04-08,3,23.2,27.7,19.7,0.3,observed
2025-04-09,3,24.7,28.6,22.2,0.7,observed
2025-04-10,3,24.6,28.7,22.7,0.9,observed
2025-04-11,3,25.9,31.3,22.3,0.8,observed
2025-04-12,3,25.9,33.1,21.8,14.6,observed
2025-04-13,3,22.4,26.3,19.3,1.9,observed
2025-04-14,3,21.8,25.4,19.0,2.8,observed
2025-04-15,3,24.3,31.7,18.4,0.0,observed
2025-04-16,3,24.2,30.2,19.0,0.0,observed
2025-04-17,3,26.0,31.8,21.9,0.1,observed
2025-04-18,3,27.6,32.7,23.1,0.4,observed
2025-04-19,3,29.4,35.3,24.8,0.0,observed
2025-04-20,3,28.7,33.8,25.0,0.1,observed
2025-04-21,3,28.5,34.1,24.9,0.0,observed
2025-04-22,3,29.5,35.5,25.2,0.0,observed
2025-04-23,3,28.5,35.9,25.3,47.2,observed
2025-04-24,3,28.1,32.8,24.5,8.2,observed
2025-04-25,3,25.4,28.8,22.7,29.9,observed
2025-04-26,3,25.9,29.2,23.8,0.5,observed
2025-04-27,3,27.3,31.3,25.2,2.6,observed
2025-04-28,3,25.3,28.4,23.1,24.0,observed
2025-04-29,3,25.7,29.3,23.2,2.1,observed
2025-04-30,3,26.4,30.0,24.0,14.6,observed
2025-05-01,3,25.4,28.0,23.8,16.4,observed
2025-05-02,3,26.8,31.0,22.7,0.0,observed
2025-05-03,3,27.2,31.5,24.6,0.3,observed
2025-05-04,3,28.7,33.7,25.4,0.4,observed
2025-05-05,3,29.5,34.7,25.6,0.0,observed
2025-05-06,3,29.1,32.5,26.3,0.9,observed
2025-05-07,3,29.6,34.4,25.9,1.1,observed
2025-05-08,3,30.5,35.1,27.0,0.0,observed
2025-05-09,3,28.7,32.4,26.5,8.8,observed
2025-05-10,3,26.7,30.7,23.7,29.1,observed
2025-05-11,3,22.7,26.2,20.4,15.2,observed
2025-05-12,3,23.8,28.0,19.7,0.0,observed
2025-05-13,3,25.2,29.6,21.0,0.0,observed
2025-05-14,3,26.5,29.2,23.7,6.9,observed
2025-05-15,3,26.2,29.6,24.6,19.8,observed
2025-05-16,3,27.0,29.5,25.5,17.4,observed
2025-05-17,3,27.6,31.3,25.9,10.8,observed
2025-05-18,3,27.5,31.2,25.6,15.9,observed
2025-05-19,3,26.8,30.6,24.4,19.8,observed
2025-05-20,3,28.8,32.4,26.3,3.7,observed
2025-05-21,3,29.2,32.7,26.7,2.7,observed
2025-05-22,3,28.7,30.7,26.9,2.8,observed
2025-05-23,3,27.2,29.1,25.9,5.6,observed
2025-05-24,3,23.7,25.2,22.4,40.6,observed
2025-05-25,3,23.8,27.5,21.8,0.7,observed
2025-05-26,3,24.0,27.5,20.7,0.0,observed
2025-05-27,3,24.4,26.4,22.8,4.8,observed
2025-05-28,3,27.0,31.1,23.9,7.0,observed
2025-05-29,3,26.8,30.3,24.4,8.1,observed
2025-05-30,3,25.8,29.4,22.9,16.8,observed
2025-05-31,3,29.3,34.7,25.2,0.2,observed
2025-06-01,3,31.9,37.5,27.6,0.0,observed
2025-06-02,3,32.3,37.2,28.0,0.0,observed
2025-06-03,3,28.7,32.7,26.0,21.3,observed
2025-06-04,3,27.6,31.4,24.9,31.2,observed
2025-06-05,3,28.3,32.6,24.5,3.0,observed
2025-06-06,3,29.1,32.1,26.7,7.3,observed
2025-06-07,3,29.6,32.6,27.1,9.4,observed
2025-06-08,3,29.3,33.2,26.8,13.7,observed
2025-06-09,3,28.3,32.5,24.7,27.6,observed
2025-06-10,3,27.4,29.8,24.7,20.4,observed
2025-06-11,3,28.6,32.9,25.4,0.7,observed
2025-06-12,3,29.1,33.0,26.0,0.5,observed
2025-06-13,3,28.6,31.3,25.5,10.6,observed
2025-06-14,3,30.1,34.5,27.3,1.4,observed
2025-06-15,3,29.2,35.2,26.4,33.4,observed
2025-06-16,3,28.1,32.2,26.0,7.0,observed
2025-06-17,3,28.7,32.0,26.6,0.3,observed
2025-06-18,3,30.1,33.9,27.1,0.8,observed
2025-06-19,3,30.2,33.3,27.5,1.0,observed
2025-06-20,3,29.6,32.4,26.9,16.6,observed
2025-06-21,3,27.7,31.7,25.6,54.5,observed
2025-06-22,3,27.1,30.4,24.6,60.7,observed
2025-06-23,3,28.5,32.5,24.4,9.5,observed
2025-06-24,3,28.6,32.7,25.9,11.8,observed
2025-06-25,3,28.6,32.7,25.2,2.4,observed
2025-06-26,3,29.1,33.2,26.1,4.2,observed
2025-06-27,3,26.6,29.4,24.8,51.4,observed
2025-06-28,3,26.8,30.6,24.3,27.0,observed
2025-06-29,3,27.2,31.6,24.5,20.4,observed
2025-06-30,3,27.2,31.4,24.8,33.1,observed
2025-07-01,3,26.9,30.8,24.6,39.2,observed
2025-07-02,3,26.7,30.2,24.5,7.7,observed
2025-07-03,3,26.4,28.7,24.0,19.4,observed
2025-07-04,3,27.4,31.3,24.8,3.6,observed
2025-07-05,3,29.1,33.2,25.3,0.3,observed
2025-07-06,3,28.5,32.7,25.9,6.1,observed
2025-07-07,3,28.5,32.4,25.8,3.5,observed
2025-07-08,3,30.3,34.6,26.6,0.2,observed
2025-07-09,3,30.2,35.4,26.9,2.0,observed
2025-07-10,3,29.6,33.8,26.9,0.7,observed
2025-07-11,3,27.5,31.0,25.2,22.1,observed
2025-07-12,3,27.0,30.8,24.4,22.7,observed
2025-07-13,3,28.3,32.2,24.9,6.3,observed
2025-07-14,3,28.7,32.0,26.6,5.3,observed
2025-07-15,3,29.4,33.0,26.9,0.2,observed
2025-07-16,3,29.7,31.9,27.6,5.3,observed
2025-07-17,3,30.5,34.6,26.8,0.1,observed
2025-07-18,3,31.6,35.7,27.7,0.0,observed
2025-07-19,3,29.4,35.0,24.6,15.6,observed
2025-07-20,3,28.5,32.8,25.4,2.0,observed
2025-07-21,3,27.9,30.9,26.5,32.4,observed
2025-07-22,3,27.2,30.2,25.6,34.1,observed
2025-07-23,3,27.2,31.5,24.7,15.3,observed
2025-07-24,3,27.1,30.7,24.9,30.1,observed
2025-07-25,3,27.4,30.7,25.3,20.4,observed
2025-07-26,3,28.4,32.4,26.0,8.8,observed
2025-07-27,3,28.6,32.2,26.0,0.4,observed
2025-07-28,3,29.7,34.2,25.6,0.0,observed
2025-07-29,3,31.0,35.2,27.0,0.0,observed
2025-07-30,3,31.7,36.0,27.7,4.6,observed
2025-07-31,3,30.1,33.7,27.6,12.4,observed
2025-08-01,3,28.4,32.0,26.3,10.0,observed
2025-08-02,3,30.0,34.5,26.3,0.2,observed
2025-08-03,3,31.6,36.5,27.4,0.0,observed
2025-08-04,3,32.3,36.7,28.3,0.0,observed
2025-08-05,3,29.7,35.0,27.7,13.4,observed
2025-08-06,3,28.0,30.4,26.9,11.9,observed
2025-08-07,3,29.0,32.1,26.2,2.9,observed
2025-08-08,3,30.7,35.0,27.2,0.1,observed
2025-08-09,3,31.3,35.5,27.6,0.0,observed
2025-08-10,3,30.5,33.9,28.2,4.1,observed
2025-08-11,3,30.1,34.1,26.9,2.4,observed
2025-08-12,3,29.8,33.4,26.6,3.3,observed
2025-08-13,3,29.2,32.7,25.7,1.5,observed
2025-08-14,3,29.7,32.4,27.1,3.6,observed
2025-08-15,3,26.5,28.4,24.8,10.9,observed
2025-08-16,3,25.6,29.8,23.3,21.3,observed
2025-08-17,3,26.6,31.5,24.5,14.1,observed
2025-08-18,3,26.2,29.4,24.0,27.6,observed
2025-08-19,3,26.4,29.0,24.5,13.4,observed
2025-08-20,3,28.7,32.5,26.0,0.7,observed
2025-08-21,3,28.0,30.1,26.3,13.5,observed
2025-08-22,3,28.6,31.2,26.8,2.9,observed
2025-08-23,3,27.8,30.4,25.6,4.8,observed
2025-08-24,3,27.6,31.8,25.4,4.4,observed
2025-08-25,3,25.6,26.7,24.2,48.2,observed
2025-08-26,3,24.7,26.7,23.6,72.7,observed
2025-08-27,3,25.1,27.8,23.4,29.0,observed
2025-08-28,3,26.8,30.4,23.8,2.3,observed
2025-08-29,3,26.9,30.7,24.3,7.8,observed
2025-08-30,3,26.4,30.2,24.4,36.2,observed
2025-08-31,3,26.0,29.6,23.6,18.4,observed
2025-09-01,3,26.9,30.3,24.3,7.8,observed
2025-09-02,3,27.9,31.1,25.1,1.3,observed
2025-09-03,3,28.7,32.3,25.6,0.6,observed
2025-09-04,3,29.1,32.7,25.7,0.1,observed
2025-09-05,3,29.5,33.2,25.9,0.0,observed
2025-09-06,3,29.1,33.0,26.5,0.6,observed
2025-09-07,3,30.0,33.7,26.2,0.0,observed
2025-09-08,3,30.7,35.1,26.6,0.1,observed
2025-09-09,3,28.8,32.7,26.6,2.9,observed
2025-09-10,3,28.4,31.4,25.9,2.1,observed
2025-09-11,3,27.3,30.9,25.1,20.9,observed
2025-09-12,3,27.1,31.2,25.1,11.9,observed
2025-09-13,3,28.5,32.1,25.3,1.1,observed
2025-09-14,3,28.1,31.2,25.5,2.5,observed
2025-09-15,3,27.2,30.6,24.8,5.9,observed
2025-09-16,3,27.8,31.7,24.3,8.7,observed
2025-09-17,3,27.1,31.5,24.7,6.8,observed
2025-09-18,3,26.6,30.0,23.6,20.5,observed
2025-09-19,3,27.7,31.7,24.1,8.4,observed
2025-09-20,3,29.6,33.7,25.7,0.0,observed
2025-09-21,3,29.0,33.2,26.4,6.2,observed
2025-09-22,3,26.9,30.6,24.5,16.0,observed
2025-09-23,3,27.9,31.8,24.3,1.0,observed
2025-09-24,3,29.0,33.4,25.0,0.2,observed
2025-09-25,3,26.0,27.6,24.3,14.5,observed
2025-09-26,3,25.6,29.0,23.9,14.4,observed
2025-09-27,3,26.7,31.0,23.8,18.3,observed
2025-09-28,3,26.2,29.6,24.4,39.5,observed
2025-09-29,3,24.6,25.3,24.1,77.6,observed
2025-09-30,3,25.2,27.1,23.6,44.0,observed
2025-10-01,3,26.4,29.5,23.7,3.1,observed
2025-10-02,3,28.0,32.0,24.8,0.1,observed
2025-10-03,3,27.9,31.9,24.7,0.0,observed
2025-10-04,3,27.8,31.3,25.4,0.0,observed
2025-10-05,3,28.5,32.9,25.0,3.8,observed
2025-10-06,3,25.6,29.0,23.7,51.0,observed
2025-10-07,3,24.3,26.6,23.1,138.0,observed
2025-10-08,3,26.2,29.5,23.0,3.8,observed
2025-10-09,3,27.0,30.7,23.9,0.5,observed
2025-10-10,3,27.5,31.1,24.4,0.6,observed
2025-10-11,3,26.3,29.3,24.1,3.3,observed
2025-10-12,3,27.7,30.8,24.9,0.6,observed
2025-10-13,3,26.5,29.7,24.8,8.5,observed
2025-10-14,3,25.0,28.3,23.6,27.4,observed
2025-10-15,3,25.5,28.4,23.7,9.6,observed
2025-10-16,3,26.1,30.2,22.7,9.7,observed
2025-10-17,3,27.2,31.3,23.9,0.3,observed
2025-10-18,3,27.4,31.1,24.2,0.2,observed
2025-10-19,3,26.2,30.5,23.6,11.5,observed
2025-10-20,3,25.6,29.1,23.4,0.1,observed
2025-10-21,3,24.0,28.5,21.1,0.0,observed
2025-10-22,3,22.1,24.2,20.2,0.0,observed
2025-10-23,3,19.4,21.1,18.7,1.0,observed
2025-10-24,3,19.8,21.3,18.2,2.8,observed
2025-10-25,3,21.9,25.0,19.8,0.0,observed
2025-10-26,3,23.7,27.3,21.1,0.0,observed
2025-10-27,3,23.3,26.5,20.6,0.0,observed
2025-10-28,3,23.5,26.6,21.6,0.0,observed
2025-10-29,3,23.6,26.9,20.0,0.0,observed
2025-10-30,3,23.7,25.6,22.4,1.4,observed
2025-10-31,3,23.2,24.7,22.1,4.4,observed
2025-11-01,3,20.9,22.4,19.8,3.6,observed
2025-11-02,3,20.1,21.0,19.1,2.2,observed
2025-11-03,3,19.3,20.0,18.1,2.3,observed
2025-11-04,3,19.1,20.3,17.8,3.5,observed
2025-11-05,3,20.6,22.5,18.8,0.3,observed
2025-11-06,3,21.9,24.9,19.2,0.0,observed
2025-11-07,3,23.1,24.9,20.9,8.8,observed
2025-11-08,3,24.6,28.2,22.2,19.8,observed
2025-11-09,3,24.5,27.6,22.7,47.3,observed
2025-11-10,3,24.3,27.4,22.3,0.4,observed
2025-11-11,3,22.4,24.1,21.4,0.7,observed
2025-11-12,3,22.1,24.4,20.1,0.0,observed
2025-11-13,3,22.2,25.7,19.9,0.0,observed
2025-11-14,3,21.0,25.5,16.8,0.0,observed
2025-11-15,3,21.3,26.6,16.5,0.0,observed
2025-11-16,3,22.1,25.1,20.1,0.1,observed
2025-11-17,3,22.5,24.7,20.9,2.0,observed
2025-11-18,3,17.8,21.7,13.4,16.2,observed
2025-11-19,3,14.4,16.5,12.8,2.5,observed
2025-11-20,3,16.9,21.1,13.5,0.0,observed
2025-11-21,3,18.3,22.8,15.3,0.0,observed
2025-11-22,3,19.0,23.5,14.7,0.0,observed
2025-11-23,3,20.3,24.7,17.6,0.0,observed
2025-11-24,3,20.0,25.1,16.0,0.0,observed
2025-11-25,3,19.5,23.4,16.3,0.0,observed
2025-11-26,3,17.8,23.1,13.9,0.0,observed
2025-11-27,3,18.2,23.6,14.1,0.0,observed
2025-11-28,3,17.4,23.5,12.7,0.0,observed
2025-11-29,3,16.9,22.9,11.7,0.0,observed
2025-11-30,3,18.9,24.3,14.4,0.0,observed
2025-12-01,3,19.9,23.8,17.4,1.4,observed
2025-12-02,3,22.5,26.5,19.3,0.0,observed
2025-12-03,3,21.2,23.9,19.1,3.2,observed
2025-12-04,3,20.2,23.7,17.6,0.2,observed
2025-12-05,3,19.4,20.9,18.2,0.2,observed
2025-12-06,3,19.9,23.3,17.4,0.0,observed
2025-12-07,3,21.1,25.2,18.2,0.7,observed
2025-12-08,3,21.1,25.3,18.5,1.3,observed
2025-12-09,3,20.7,24.7,16.8,0.0,observed
2025-12-10,3,21.3,26.2,16.7,0.0,observed
2025-12-11,3,21.3,23.1,19.8,0.0,observed
2025-12-12,3,21.9,24.3,19.6,0.1,observed
2025-12-13,3,20.5,22.3,17.7,20.1,observed
2025-12-14,3,17.6,20.5,15.2,0.0,observed
2025-12-15,3,17.8,21.7,14.3,0.0,observed
2025-12-16,3,18.8,21.5,15.9,0.0,observed
2025-12-17,3,20.2,23.5,17.9,1.6,observed
2025-12-18,3,20.1,24.2,17.1,0.0,observed
2025-12-19,3,20.1,25.4,15.9,0.0,observed
2025-12-20,3,21.6,25.1,19.7,0.6,observed
2025-12-21,3,21.2,25.0,18.4,0.2,observed
2025-12-22,3,21.1,25.0,18.1,1.6,observed
2025-12-23,3,22.3,26.2,20.0,0.6,observed
2025-12-24,3,22.3,26.8,18.5,1.9,observed
2025-12-25,3,17.1,19.0,15.0,0.8,observed
2025-12-26,3,15.9,19.4,13.0,0.0,observed
2025-12-27,3,15.8,19.6,12.4,0.0,observed
2025-12-28,3,17.3,21.1,13.7,0.0,observed
2025-12-29,3,19.5,23.2,16.6,0.0,observed
2025-12-30,3,20.3,23.6,17.6,0.8,observed
2025-12-31,3,20.6,24.2,17.7,0.6,observed
2026-01-01,3,19.6,23.1,16.3,7.4,observed
2026-01-02,3,15.7,16.9,14.1,1.7,observed
2026-01-03,3,15.8,18.9,13.5,0.0,observed
2026-01-04,3,17.3,22.2,14.1,0.2,observed
2026-01-05,3,15.7,16.8,14.2,0.8,observed
2026-01-06,3,13.7,14.4,12.8,0.1,observed
2026-01-07,3,14.6,18.8,10.7,0.0,observed
2026-01-08,3,14.9,19.7,10.7,0.0,observed
2026-01-09,3,15.1,20.4,10.1,0.0,observed
2026-01-10,3,15.7,21.5,10.4,0.0,observed
2026-01-11,3,16.8,22.3,12.7,0.0,observed
2026-01-12,3,17.5,22.8,12.5,0.0,observed
2026-01-13,3,18.2,23.7,13.3,0.0,observed
2026-01-14,3,19.0,24.5,14.0,0.0,observed
2026-01-15,3,19.6,22.6,17.2,0.2,observed
2026-01-16,3,21.0,26.1,17.6,0.7,observed
2026-01-17,3,20.0,22.5,18.3,5.5,observed
2026-01-18,3,20.8,26.0,18.2,2.0,observed
2026-01-19,3,21.5,26.1,18.5,0.7,observed
2026-01-20,3,21.7,25.4,19.4,2.4,observed
2026-01-21,3,16.4,19.9,12.7,4.8,observed
2026-01-22,3,10.9,12.1,9.7,2.2,observed
2026-01-23,3,12.2,15.9,9.8,0.0,observed
2026-01-24,3,13.6,16.1,11.9,0.1,observed
2026-01-25,3,17.5,22.8,14.0,0.2,observed
2026-01-26,3,18.7,22.3,16.8,4.9,observed
2026-01-27,3,19.8,23.6,16.8,0.0,observed
2026-01-28,3,19.0,24.0,15.4,0.1,observed
2026-01-29,3,19.8,24.6,15.9,0.2,observed
2026-01-30,3,21.1,25.0,18.1,1.8,observed
2026-01-31,3,19.0,21.5,16.9,1.3,observed
2026-02-01,3,17.5,20.4,15.5,0.0,observed
2026-02-02,3,16.1,18.5,14.5,0.0,observed
2026-02-03,3,17.0,21.8,12.8,0.0,observed
2026-02-04,3,18.7,23.4,15.1,0.1,observed
2026-02-05,3,20.8,26.0,17.4,0.4,observed
2026-02-06,3,22.4,26.3,20.5,0.3,observed
2026-02-07,3,21.8,24.8,19.8,3.3,observed
2026-02-08,3,15.1,20.1,11.9,17.4,observed
2026-02-09,3,13.2,16.1,11.7,5.7,observed
2026-02-10,3,17.4,22.2,13.6,0.0,observed
2026-02-11,3,18.1,19.2,17.1,3.5,observed
2026-02-12,3,19.4,22.9,17.1,0.6,observed
2026-02-13,3,21.6,24.8,18.2,0.7,observed
2026-02-14,3,22.1,25.8,19.8,0.3,observed
2026-02-15,3,22.8,28.0,19.7,0.0,observed
2026-02-16,3,23.2,27.8,20.4,0.2,observed
2026-02-17,3,22.2,25.1,19.6,1.2,observed
2026-02-18,3,18.9,21.0,17.0,0.5,observed
2026-02-19,3,19.5,22.1,17.4,1.3,observed
2026-02-20,3,19.6,23.5,16.6,1.4,observed
2026-02-21,3,21.3,27.6,17.9,0.1,observed
2026-02-22,3,21.9,24.9,19.9,2.1,observed
2026-02-23,3,23.0,26.0,20.9,0.9,observed
2026-02-24,3,23.0,24.6,21.9,0.3,observed
2026-02-25,3,23.0,27.0,20.9,20.3,observed
2026-02-26,3,21.8,24.8,20.2,3.8,observed
2026-02-27,3,23.6,27.9,20.1,0.4,observed
2026-02-28,3,25.2,29.2,22.8,1.7,observed
2026-03-01,3,25.9,31.1,22.3,1.6,observed
2026-03-02,3,26.0,30.4,23.6,1.1,observed
2026-03-03,3,21.6,24.6,19.5,48.9,observed
2026-03-04,3,19.3,22.2,17.2,0.0,observed
2026-03-05,3,20.0,23.3,16.5,0.0,observed
2026-03-06,3,21.2,24.5,19.2,0.0,observed
2026-03-07,3,21.1,24.6,18.9,0.1,observed
2026-03-08,3,21.6,24.8,19.2,1.3,observed
2026-03-09,3,19.9,23.4,17.6,6.5,observed
2026-03-10,3,18.6,21.9,16.3,0.0,observed
2026-03-11,3,18.7,21.6,15.8,0.1,observed
2026-03-12,3,20.3,24.3,17.6,0.1,observed
2026-03-13,3,20.5,24.7,17.1,0.0,observed
2026-03-14,3,20.8,23.5,18.8,0.3,observed
2026-03-15,3,21.3,24.5,18.8,1.1,observed
2026-03-16,3,22.2,25.5,19.2,0.6,observed
2026-03-17,3,22.9,26.6,19.9,0.2,observed
2026-03-18,3,23.5,27.0,20.4,0.2,observed
2026-03-19,3,24.0,28.0,21.4,0.2,observed
2026-03-20,3,24.1,27.2,21.8,0.5,observed
2026-03-21,3,23.6,25.5,21.4,0.2,observed
2026-03-22,3,24.3,28.5,21.3,0.4,observed
2026-03-23,3,24.6,28.6,21.8,0.9,observed
2026-03-24,3,25.2,29.0,22.9,0.3,observed
2026-03-25,3,25.5,28.9,23.5,0.6,observed
2026-03-26,3,26.0,30.1,23.2,0.7,observed
2026-03-27,3,25.7,29.1,23.1,0.9,observed
2026-03-28,3,26.0,29.7,23.4,0.6,observed
2026-03-29,3,26.4,30.6,23.6,7.3,observed
2026-03-30,3,27.9,32.6,23.2,0.4,observed
2026-03-31,3,29.4,36.3,24.6,0.4,observed
2026-04-01,3,25.0,28.2,22.3,0.3,observed
2026-04-02,3,25.3,30.3,22.0,0.1,observed
2026-04-03,3,27.9,33.3,23.9,0.1,observed
2026-04-04,3,26.8,31.1,23.9,0.0,observed
2026-04-05,3,27.6,33.3,23.1,0.1,observed
2026-04-06,3,30.9,39.1,24.4,0.0,observed
2026-04-07,3,31.6,37.4,27.2,0.0,observed
2026-04-08,3,30.0,35.0,26.2,0.0,observed
2026-04-09,3,29.4,34.0,25.4,0.0,observed
2026-04-10,3,29.6,35.4,25.2,0.0,observed
2026-04-11,3,30.1,37.5,24.6,0.0,observed
2026-04-12,3,29.7,36.3,24.2,0.0,observed
2026-04-13,3,29.2,34.1,25.3,0.0,observed
2026-04-14,3,28.9,33.6,25.6,0.0,observed
2026-04-15,3,28.7,33.7,25.7,0.2,observed
2026-04-16,3,28.4,32.5,25.5,0.5,observed
2026-04-17,3,25.7,28.3,23.4,66.2,observed
2026-04-18,3,25.1,28.2,22.8,8.4,observed
2026-04-19,3,25.7,29.2,24.0,4.2,observed
2026-04-20,3,25.9,28.5,23.4,0.2,observed
2026-04-21,3,27.5,31.8,24.8,0.2,observed
2026-04-22,3,28.8,34.3,25.0,0.8,observed
2026-04-23,3,24.4,26.5,22.4,35.8,observed
2026-04-24,3,24.5,27.6,22.3,10.9,observed
2026-04-25,3,25.7,29.2,22.9,0.2,observed
2026-04-26,3,25.4,29.3,23.0,0.5,observed
2026-04-27,3,26.6,31.5,23.5,0.0,observed
2026-04-28,3,27.5,31.8,24.4,0.4,observed
2026-04-29,3,24.7,28.5,22.2,28.6,observed
2026-04-30,3,23.3,26.2,20.2,0.0,observed
2026-05-01,3,24.1,28.1,20.8,0.0,observed
2026-05-02,3,25.7,31.8,22.8,8.0,observed
2026-05-03,3,24.9,27.8,21.9,29.1,observed
2026-05-04,3,23.2,27.2,19.8,14.7,observed
2026-05-05,3,25.1,29.3,21.6,0.0,observed
2026-05-06,3,26.7,30.4,23.4,0.2,observed
2026-05-07,3,26.7,30.2,25.1,9.8,observed
2026-05-08,3,25.8,28.7,23.5,25.9,observed
2026-05-09,3,25.1,27.6,23.9,3.5,observed
2026-05-10,3,24.7,27.8,23.2,0.1,observed
2026-05-11,3,26.7,30.5,23.2,0.6,observed
2026-05-12,3,27.4,31.7,24.7,3.9,observed
2026-05-13,3,28.5,32.5,26.0,1.5,observed
2026-05-14,3,30.5,35.0,26.3,0.0,observed
2026-05-15,3,30.6,34.1,27.0,0.0,observed
2026-05-16,3,28.4,33.3,25.1,40.1,observed
2026-05-17,3,26.9,30.0,25.1,30.3,observed
2026-05-18,3,27.0,31.3,25.1,15.0,observed
2026-05-19,3,27.4,30.3,24.5,27.4,observed
2026-05-20,3,27.2,30.1,24.9,24.4,observed
2026-05-21,3,27.1,30.4,25.7,24.2,observed
2026-05-22,3,29.3,32.3,26.8,3.6,observed
2026-05-23,3,31.1,35.2,27.8,0.1,observed
2026-05-24,3,31.6,36.2,28.0,0.0,observed
2026-05-25,3,32.4,37.2,29.2,0.0,observed
2026-05-26,3,32.7,37.2,28.9,0.0,observed
2026-05-27,3,32.5,36.9,28.9,0.1,observed
2026-05-28,3,30.4,35.1,27.4,22.2,observed
2026-05-29,3,28.6,31.0,27.0,6.1,observed
2026-05-30,3,28.1,32.2,24.6,6.2,observed
2026-05-31,3,29.1,32.9,25.8,0.5,observed
2026-06-01,3,30.3,33.9,26.7,0.5,observed
2026-06-02,3,30.6,34.4,27.5,0.5,observed
2026-06-03,3,30.5,35.1,27.8,3.1,observed
2026-06-04,3,30.0,36.0,26.8,8.1,observed
2026-06-05,3,28.0,31.2,24.4,1.4,observed
2026-06-06,3,30.5,34.3,27.3,1.6,observed
2026-06-07,3,31.7,35.3,28.3,0.2,observed
2026-06-08,3,30.6,36.1,26.7,2.2,observed
2026-06-09,3,25.9,28.1,24.0,9.6,observed
2026-06-10,3,27.2,30.4,24.3,0.0,observed
2026-06-11,3,26.8,28.9,24.9,5.0,observed
2026-06-12,3,28.1,31.8,25.5,10.5,observed
2026-06-13,3,30.4,34.3,27.3,0.0,observed
2026-06-14,3,31.4,34.8,28.3,0.1,observed
2026-06-15,3,30.9,35.2,27.3,5.9,observed
2026-06-16,3,29.2,32.3,26.3,6.7,observed
2026-06-17,3,29.3,33.7,26.4,8.0,observed
2026-06-18,3,30.2,33.8,27.5,1.1,observed
2026-06-19,3,30.9,33.6,28.1,0.0,observed
2026-06-20,3,30.9,35.0,27.8,3.4,observed
2026-06-21,3,30.7,35.0,27.4,0.1,observed
2026-06-22,3,30.0,32.5,27.6,0.4,observed
2026-06-23,3,32.1,36.9,28.2,0.1,observed
2026-06-24,3,33.1,37.5,29.0,0.1,observed
2026-06-25,3,33.2,38.7,29.2,0.6,observed
2026-06-26,3,29.6,31.8,27.5,0.2,observed
2026-06-27,3,29.1,32.7,25.2,14.3,observed
2026-06-28,3,28.1,31.9,25.6,33.5,observed
2026-06-29,3,27.8,30.7,25.7,41.2,observed
2026-06-30,3,27.1,30.7,25.1,23.2,observed
2026-07-01,3,27.2,30.6,24.9,17.0,observed
2026-07-02,3,27.9,30.3,25.4,14.5,observed
2026-07-03,3,27.9,30.9,26.4,13.3,observed
2026-07-04,3,28.2,30.9,26.5,8.8,observed
2026-07-05,3,28.2,31.4,25.4,48.1,observed
2026-07-06,3,28.3,32.3,26.2,4.3,observed
2026-07-07,3,29.4,32.8,26.3,6.0,observed
2026-07-08,3,27.9,32.1,25.8,11.1,observed
2026-07-09,3,27.2,30.0,25.7,33.8,observed
2026-07-10,3,27.7,31.6,25.4,10.9,observed
2026-07-11,3,28.7,31.3,26.6,4.2,observed
2026-07-12,3,28.9,32.7,26.5,8.6,observed
2026-07-13,3,29.6,32.9,27.0,1.2,observed
2026-07-14,3,30.3,34.3,27.3,0.7,observed
2026-07-15,3,30.5,34.0,27.8,0.7,observed
2026-07-16,3,30.1,33.4,26.2,3.3,observed
2026-07-17,3,30.2,32.3,28.2,0.2,observed
2026-07-18,3,30.5,34.7,27.3,2.2,observed
2026-07-19,3,28.9,31.4,27.0,1.3,observed
2026-07-20,3,29.1,32.0,26.6,1.7,observed
2026-07-21,3,28.9,32.9,26.4,1.0,observed
2026-07-22,3,29.3,32.9,26.7,1.4,observed
2026-07-23,3,27.8,30.5,25.5,10.9,observed
2026-07-24,3,27.3,29.9,25.0,15.0,observed
2026-07-25,3,28.3,32.1,24.5,5.7,observed
2026-07-26,3,30.0,33.9,26.1,0.0,observed
2026-07-27,3,28.8,31.8,27.1,8.9,observed
2026-07-28,3,26.6,29.1,25.3,67.2,observed
2026-07-29,3,27.0,29.9,24.9,12.9,observed
2026-07-30,3,26.7,30.0,24.1,27.1,observed
2026-07-31,3,26.7,29.8,25.3,31.0,observed
2026-08-01,3,27.4,29.9,24.9,17.2,observed
2026-08-02,3,27.6,30.4,25.5,9.5,observed
2026-08-03,3,28.1,32.0,25.2,20.3,observed
2026-08-04,3,27.6,30.6,26.0,28.8,observed
2026-08-05,3,27.1,30.9,25.8,24.0,observed
2026-08-06,3,27.1,29.5,25.3,22.2,observed
2026-08-07,3,27.6,31.0,25.3,6.1,observed
2026-08-08,3,29.7,32.9,26.6,0.8,observed
2026-08-09,3,31.0,35.2,27.5,0.3,observed
2026-08-10,3,31.2,34.8,27.6,0.4,observed
2026-08-11,3,30.8,34.2,27.6,0.1,observed
2026-08-12,3,31.5,35.2,28.1,0.4,observed
2026-08-13,3,31.2,35.0,27.6,0.4,observed
2026-08-14,3,28.6,31.2,27.2,6.1,observed
2026-08-15,3,29.9,34.3,25.9,0.7,observed
2026-08-16,3,30.8,35.3,24.5,3.5,observed
2026-08-17,3,30.3,35.7,26.7,3.1,observed
2026-08-18,3,29.4,34.3,25.7,19.1,observed
2026-08-19,3,27.1,31.3,25.4,27.1,observed
2026-08-20,3,29.4,33.8,24.8,17.2,observed
2026-08-21,3,26.6,27.7,25.4,48.0,observed
2026-08-22,3,25.8,26.3,25.2,73.0,observed
2026-08-23,3,25.8,26.7,24.9,122.3,observed
2026-08-24,3,27.2,30.1,25.1,72.3,observed
2026-08-25,3,27.6,29.9,25.1,11.9,observed
2026-08-26,3,28.3,30.9,25.7,41.3,observed
2026-08-27,3,28.4,32.1,26.2,31.1,observed
2026-08-28,3,28.8,32.1,25.7,4.8,observed
2026-08-29,3,28.9,32.2,26.4,3.6,observed
2026-08-30,3,29.3,33.6,26.5,1.7,observed
2026-08-31,3,29.6,33.6,26.1,1.3,observed
2026-09-01,3,30.4,34.5,26.9,0.0,observed
2026-09-02,3,29.7,34.1,25.1,0.1,observed
2026-09-03,3,29.4,33.7,25.0,0.0,observed
2026-09-04,3,28.7,31.7,25.7,0.6,observed
2026-09-05,3,27.5,29.1,25.8,0.7,observed
2026-09-06,3,28.0,31.2,25.4,0.6,observed
2026-09-07,3,28.0,32.0,23.8,1.4,observed
2026-09-08,3,29.3,33.0,25.5,0.2,observed
2026-09-09,3,28.7,32.8,24.7,6.5,observed
2026-09-10,3,26.2,29.4,23.4,9.8,observed
2026-09-11,3,26.2,29.9,22.5,5.0,observed
2026-09-12,3,26.7,30.4,23.5,0.0,observed
2026-09-13,3,26.6,29.5,25.0,3.1,observed
2026-09-14,3,24.8,26.6,23.7,43.4,observed
2026-09-15,3,24.5,25.7,23.8,75.7,observed
2026-09-16,3,24.7,25.9,23.5,40.9,observed
2026-09-17,3,25.2,26.6,24.3,31.4,observed
2026-09-18,3,27.2,30.8,24.2,2.1,observed
2026-09-19,3,28.1,31.8,24.7,0.3,observed
2026-09-20,3,28.6,32.2,25.3,0.0,observed
2026-09-21,3,28.4,32.0,24.6,0.0,observed
2026-09-22,3,28.8,32.2,25.5,1.1,observed
2026-09-23,3,27.7,30.9,25.5,2.8,observed
2026-09-24,3,27.4,30.9,24.6,1.8,observed
2026-09-25,3,27.9,32.0,25.1,1.0,observed
2026-09-26,3,28.1,31.4,25.6,0.9,observed
2026-09-27,3,28.6,32.1,25.8,1.2,observed
2026-09-28,3,29.6,33.5,26.6,0.8,observed
2026-09-29,3,30.4,34.6,26.8,0.1,observed
2026-09-30,3,30.5,34.6,27.1,0.0,observed
2026-10-01,3,30.0,34.3,27.2,0.4,forecast
2026-10-02,3,28.3,32.1,26.0,4.5,forecast
2026-10-03,3,28.6,32.0,26.2,1.9,forecast
2026-10-04,3,26.4,29.2,24.4,12.6,forecast
2026-10-05,3,25.4,28.5,23.6,0.5,forecast
2026-10-06,3,24.3,28.3,21.3,0.0,forecast
2026-10-07,3,24.1,29.1,20.1,0.0,forecast
2026-10-08,3,24.3,29.0,20.4,0.0,forecast
2026-10-09,3,24.6,29.1,21.3,0.0,forecast
2026-10-10,3,24.8,29.4,21.3,0.0,forecast
2026-10-11,3,24.8,29.7,20.8,0.0,forecast
2026-10-12,3,25.7,30.7,22.2,0.0,forecast
2026-10-13,3,26.1,30.7,23.1,0.0,forecast
2026-10-14,3,26.1,30.6,22.7,0.0,forecast
2026-10-15,3,26.5,31.2,23.6,5.2,forecast
2026-10-16,3,25.9,28.8,23.5,6.3,forecast
2025-01-01,4,18.3,24.7,13.0,0.0,observed
2025-01-02,4,19.3,25.7,13.6,0.0,observed
2025-01-03,4,20.0,25.9,14.4,0.0,observed
2025-01-04,4,19.0,24.7,14.1,0.0,observed
2025-01-05,4,19.4,24.6,14.4,0.0,observed
2025-01-06,4,19.1,24.6,14.0,0.0,observed
2025-01-07,4,18.6,24.0,13.9,0.0,observed
2025-01-08,4,19.4,24.0,15.2,0.1,observed
2025-01-09,4,18.8,22.9,16.3,0.0,observed
2025-01-10,4,16.1,19.2,13.5,0.0,observed
2025-01-11,4,15.3,18.3,12.5,0.0,observed
2025-01-12,4,14.8,20.2,9.7,0.0,observed
2025-01-13,4,15.4,21.2,8.8,0.0,observed
2025-01-14,4,17.5,24.0,11.0,0.0,observed
2025-01-15,4,19.3,23.1,16.6,0.2,observed
2025-01-16,4,18.3,23.2,14.8,0.0,observed
2025-01-17,4,17.2,22.9,11.9,0.0,observed
2025-01-18,4,17.5,21.9,13.1,0.0,observed
2025-01-19,4,19.0,24.3,14.2,0.0,observed
2025-01-20,4,19.3,26.0,13.2,0.0,observed
2025-01-21,4,19.2,25.7,13.5,0.0,observed
2025-01-22,4,19.2,23.3,15.4,0.4,observed
2025-01-23,4,19.5,24.0,16.5,0.7,observed
2025-01-24,4,21.2,26.9,17.5,1.4,observed
2025-01-25,4,21.5,24.4,19.9,4.9,observed
2025-01-26,4,14.9,20.4,13.6,11.3,observed
2025-01-27,4,14.6,17.8,12.6,0.1,observed
2025-01-28,4,13.6,17.8,10.4,0.3,observed
2025-01-29,4,13.9,19.1,9.1,0.0,observed
2025-01-30,4,16.7,23.3,10.6,0.0,observed
2025-01-31,4,20.2,26.3,16.2,0.1,observed
2025-02-01,4,21.0,25.4,18.8,3.2,observed
2025-02-02,4,20.8,23.6,18.4,1.8,observed
2025-02-03,4,15.7,17.6,13.9,5.2,observed
2025-02-04,4,15.3,18.7,13.0,0.0,observed
2025-02-05,4,15.8,19.2,12.3,0.7,observed
2025-02-06,4,17.4,21.1,15.5,1.6,observed
2025-02-07,4,14.3,16.0,12.7,6.1,observed
2025-02-08,4,13.2,15.8,10.9,0.7,observed
2025-02-09,4,13.5,16.0,12.0,0.0,observed
2025-02-10,4,14.6,19.5,9.8,0.0,observed
2025-02-11,4,17.2,23.9,11.9,0.1,observed
2025-02-12,4,19.4,22.8,16.1,0.8,observed
2025-02-13,4,19.0,22.6,16.3,2.6,observed
2025-02-14,4,19.1,22.5,17.1,0.6,observed
2025-02-15,4,20.8,25.1,18.6,0.3,observed
2025-02-16,4,17.4,19.9,15.7,6.1,observed
2025-02-17,4,18.3,22.2,15.5,0.9,observed
2025-02-18,4,17.0,19.1,15.5,3.1,observed
2025-02-19,4,17.7,20.1,16.1,1.1,observed
2025-02-20,4,19.6,23.0,17.4,0.4,observed
2025-02-21,4,19.7,22.1,17.9,0.6,observed
2025-02-22,4,19.3,21.8,17.6,1.6,observed
2025-02-23,4,16.9,18.8,14.8,2.2,observed
2025-02-24,4,13.7,15.2,12.4,1.5,observed
2025-02-25,4,14.1,15.9,13.0,9.2,observed
2025-02-26,4,15.6,19.2,13.6,1.8,observed
2025-02-27,4,18.2,22.9,15.2,0.0,observed
2025-02-28,4,20.6,24.9,17.2,0.4,observed
2025-03-01,4,22.7,28.0,19.8,0.3,observed
2025-03-02,4,23.7,28.5,21.3,0.8,observed
2025-03-03,4,24.1,28.4,21.1,0.5,observed
2025-03-04,4,25.2,29.5,22.5,0.1,observed
2025-03-05,4,22.8,24.8,18.6,5.5,observed
2025-03-06,4,15.3,17.3,13.5,2.7,observed
2025-03-07,4,15.3,18.0,13.2,0.0,observed
2025-03-08,4,16.1,18.7,14.5,0.0,observed
2025-03-09,4,18.0,21.1,15.6,0.1,observed
2025-03-10,4,19.9,23.5,17.6,0.9,observed
2025-03-11,4,21.2,25.9,17.7,0.4,observed
2025-03-12,4,23.4,26.6,21.0,1.4,observed
2025-03-13,4,23.6,25.8,21.8,1.1,observed
2025-03-14,4,24.5,28.2,22.6,0.6,observed
2025-03-15,4,23.8,26.6,20.8,1.6,observed
2025-03-16,4,18.4,20.9,15.7,0.9,observed
2025-03-17,4,17.5,20.6,15.4,0.0,observed
2025-03-18,4,17.2,20.3,15.5,0.0,observed
2025-03-19,4,18.0,22.5,13.6,0.0,observed
2025-03-20,4,18.5,24.1,13.3,0.0,observed
2025-03-21,4,19.6,25.5,13.9,0.0,observed
2025-03-22,4,20.7,26.5,15.0,0.0,observed
2025-03-23,4,21.8,27.7,16.6,0.0,observed
2025-03-24,4,23.3,29.7,17.5,0.0,observed
2025-03-25,4,24.5,31.4,19.6,0.0,observed
2025-03-26,4,24.6,31.3,20.3,0.0,observed
2025-03-27,4,26.2,33.4,21.4,0.0,observed
2025-03-28,4,26.1,32.0,22.0,0.2,observed
2025-03-29,4,17.4,25.2,14.6,14.0,observed
2025-03-30,4,15.0,17.7,12.9,0.7,observed
2025-03-31,4,15.5,18.6,13.5,0.0,observed
2025-04-01,4,18.1,22.4,14.6,0.0,observed
2025-04-02,4,19.7,25.4,14.6,0.0,observed
2025-04-03,4,21.2,27.9,15.3,0.0,observed
2025-04-04,4,21.7,26.7,17.1,0.0,observed
2025-04-05,4,22.4,24.9,20.5,1.7,observed
2025-04-06,4,23.4,27.2,20.8,1.5,observed
2025-04-07,4,22.6,26.1,20.3,0.8,observed
2025-04-08,4,23.7,28.4,19.9,0.3,observed
2025-04-09,4,25.3,29.7,22.5,0.3,observed
2025-04-10,4,25.3,30.7,23.1,0.3,observed
2025-04-11,4,26.7,32.6,22.8,0.4,observed
2025-04-12,4,26.4,33.8,21.7,8.0,observed
2025-04-13,4,22.7,26.7,19.3,1.7,observed
2025-04-14,4,22.1,25.7,19.1,2.7,observed
2025-04-15,4,25.1,33.4,18.0,0.0,observed
2025-04-16,4,25.0,31.3,19.3,0.0,observed
2025-04-17,4,26.7,32.9,22.2,0.1,observed
2025-04-18,4,28.5,34.4,23.2,0.2,observed
2025-04-19,4,30.4,36.8,25.1,0.1,observed
2025-04-20,4,29.8,35.7,25.6,0.1,observed
2025-04-21,4,29.4,35.6,25.5,0.0,observed
2025-04-22,4,30.1,36.7,25.5,0.0,observed
2025-04-23,4,28.9,37.1,25.6,35.6,observed
2025-04-24,4,28.3,33.4,24.7,9.0,observed
2025-04-25,4,25.8,29.1,23.0,29.3,observed
2025-04-26,4,26.1,29.5,23.9,0.1,observed
2025-04-27,4,27.6,31.6,25.4,1.0,observed
2025-04-28,4,25.4,28.5,23.3,25.2,observed
2025-04-29,4,25.9,29.4,23.2,2.1,observed
2025-04-30,4,26.5,30.3,24.1,28.4,observed
2025-05-01,4,25.4,28.1,23.7,25.4,observed
2025-05-02,4,26.9,31.4,22.8,0.0,observed
2025-05-03,4,27.4,31.7,24.9,0.1,observed
2025-05-04,4,28.9,33.8,25.6,0.2,observed
2025-05-05,4,29.7,35.0,25.8,0.0,observed
2025-05-06,4,29.3,33.2,26.5,0.4,observed
2025-05-07,4,29.9,34.8,25.9,0.5,observed
2025-05-08,4,30.8,35.7,27.2,0.0,observed
2025-05-09,4,29.0,32.5,26.5,5.2,observed
2025-05-10,4,26.9,31.5,23.6,26.8,observed
2025-05-11,4,23.0,26.7,21.0,10.9,observed
2025-05-12,4,23.9,28.3,19.7,0.0,observed
2025-05-13,4,25.4,30.0,21.3,0.0,observed
2025-05-14,4,26.7,29.5,23.8,5.9,observed
2025-05-15,4,26.3,29.9,24.8,15.9,observed
2025-05-16,4,27.0,29.6,25.5,14.3,observed
2025-05-17,4,27.8,31.6,26.1,11.8,observed
2025-05-18,4,27.6,32.3,25.7,23.8,observed
2025-05-19,4,27.0,30.9,24.4,24.7,observed
2025-05-20,4,29.0,32.9,26.5,3.3,observed
2025-05-21,4,29.4,33.1,26.9,1.0,observed
2025-05-22,4,28.8,31.1,27.1,4.1,observed
2025-05-23,4,27.4,29.1,25.6,7.1,observed
2025-05-24,4,23.9,25.2,22.6,28.1,observed
2025-05-25,4,24.1,27.8,22.1,0.5,observed
2025-05-26,4,24.2,27.9,20.8,0.0,observed
2025-05-27,4,24.4,26.0,23.0,3.6,observed
2025-05-28,4,27.1,31.2,23.9,6.4,observed
2025-05-29,4,27.0,30.2,24.8,9.3,observed
2025-05-30,4,26.1,29.7,23.1,22.5,observed
2025-05-31,4,29.4,34.6,25.3,0.1,observed
2025-06-01,4,32.0,38.1,27.3,0.0,observed
2025-06-02,4,32.4,37.3,28.1,0.1,observed
2025-06-03,4,28.9,32.5,26.2,16.3,observed
2025-06-04,4,27.5,31.7,25.0,28.3,observed
2025-06-05,4,28.5,32.7,24.4,3.0,observed
2025-06-06,4,29.3,32.3,26.9,9.5,observed
2025-06-07,4,29.7,32.4,27.4,8.9,observed
2025-06-08,4,29.5,32.9,27.1,9.0,observed
2025-06-09,4,28.3,32.6,25.0,22.0,observed
2025-06-10,4,27.4,29.4,24.9,26.2,observed
2025-06-11,4,28.6,33.0,25.3,0.9,observed
2025-06-12,4,29.2,32.8,25.6,0.5,observed
2025-06-13,4,28.8,31.6,25.5,6.0,observed
2025-06-14,4,30.3,34.4,26.9,0.9,observed
2025-06-15,4,29.3,35.4,26.5,31.5,observed
2025-06-16,4,28.2,32.6,25.9,5.0,observed
2025-06-17,4,28.9,32.2,26.7,3.1,observed
2025-06-18,4,30.2,34.1,27.0,4.6,observed
2025-06-19,4,30.2,33.6,27.6,0.4,observed
2025-06-20,4,29.7,32.9,26.9,26.8,observed
2025-06-21,4,27.4,31.7,25.5,47.1,observed
2025-06-22,4,27.1,30.4,24.6,56.5,observed
2025-06-23,4,28.5,32.6,24.6,10.9,observed
2025-06-24,4,28.8,32.7,26.2,9.0,observed
2025-06-25,4,28.6,32.4,25.2,6.3,observed
2025-06-26,4,29.1,32.9,26.2,5.8,observed
2025-06-27,4,26.7,29.9,24.5,65.5,observed
2025-06-28,4,26.9,30.1,24.4,18.0,observed
2025-06-29,4,27.3,31.7,24.4,27.3,observed
2025-06-30,4,27.3,32.1,25.1,41.8,observed
2025-07-01,4,27.0,31.0,24.5,45.0,observed
2025-07-02,4,26.8,30.1,24.6,8.7,observed
2025-07-03,4,26.4,29.0,24.2,13.1,observed
2025-07-04,4,27.6,31.6,24.8,3.3,observed
2025-07-05,4,29.2,33.3,25.2,0.0,observed
2025-07-06,4,28.7,32.6,26.2,4.6,observed
2025-07-07,4,28.9,33.1,26.1,0.6,observed
2025-07-08,4,30.4,34.7,26.6,0.2,observed
2025-07-09,4,30.2,35.5,27.1,2.3,observed
2025-07-10,4,29.5,33.5,26.7,0.9,observed
2025-07-11,4,27.5,31.3,25.1,31.5,observed
2025-07-12,4,26.9,30.6,24.4,33.2,observed
2025-07-13,4,28.3,32.3,24.8,13.1,observed
2025-07-14,4,28.8,31.9,26.5,7.7,observed
2025-07-15,4,29.5,32.9,27.0,0.6,observed
2025-07-16,4,29.5,31.9,27.2,1.3,observed
2025-07-17,4,30.5,34.8,26.5,0.2,observed
2025-07-18,4,31.6,35.9,27.6,0.0,observed
2025-07-19,4,29.6,35.4,24.9,16.2,observed
2025-07-20,4,28.6,32.8,25.7,1.9,observed
2025-07-21,4,28.0,31.2,26.3,44.7,observed
2025-07-22,4,27.3,30.8,25.6,42.4,observed
2025-07-23,4,27.5,31.0,24.8,20.4,observed
2025-07-24,4,27.3,30.6,24.9,24.9,observed
2025-07-25,4,27.6,30.8,25.3,14.7,observed
2025-07-26,4,28.6,32.6,26.2,6.3,observed
2025-07-27,4,28.8,32.6,25.8,1.1,observed
2025-07-28,4,29.9,34.3,25.9,0.1,observed
2025-07-29,4,31.2,35.6,27.2,0.0,observed
2025-07-30,4,31.7,36.2,28.0,2.2,observed
2025-07-31,4,30.1,34.1,27.5,6.9,observed
2025-08-01,4,28.6,32.4,26.6,3.4,observed
2025-08-02,4,30.0,34.6,26.0,0.3,observed
2025-08-03,4,31.7,36.7,27.5,0.0,observed
2025-08-04,4,32.5,37.2,28.5,0.2,observed
2025-08-05,4,29.7,35.3,27.5,9.9,observed
2025-08-06,4,28.0,30.0,27.0,9.3,observed
2025-08-07,4,29.0,32.0,26.3,2.5,observed
2025-08-08,4,30.8,35.1,27.2,0.2,observed
2025-08-09,4,31.5,35.9,27.4,0.0,observed
2025-08-10,4,30.8,34.4,28.3,1.6,observed
2025-08-11,4,30.4,34.3,26.9,2.8,observed
2025-08-12,4,30.0,34.5,26.8,4.6,observed
2025-08-13,4,29.5,33.0,26.4,0.4,observed
2025-08-14,4,29.9,32.5,27.2,4.3,observed
2025-08-15,4,26.7,28.9,24.8,13.0,observed
2025-08-16,4,25.8,29.7,23.8,20.6,observed
2025-08-17,4,26.7,32.0,24.3,14.3,observed
2025-08-18,4,26.1,29.5,23.9,28.8,observed
2025-08-19,4,26.5,28.7,24.5,12.6,observed
2025-08-20,4,28.9,32.8,26.2,1.6,observed
2025-08-21,4,27.9,30.2,25.7,16.2,observed
2025-08-22,4,28.6,31.1,26.9,9.8,observed
2025-08-23,4,27.9,30.4,25.6,8.1,observed
2025-08-24,4,27.6,32.3,25.3,4.0,observed
2025-08-25,4,25.7,27.2,24.6,31.4,observed
2025-08-26,4,24.7,26.5,23.8,72.1,observed
2025-08-27,4,25.2,28.1,23.5,29.0,observed
2025-08-28,4,27.1,31.1,24.0,1.9,observed
2025-08-29,4,26.9,30.8,24.3,10.6,observed
2025-08-30,4,26.4,29.7,24.2,33.2,observed
2025-08-31,4,26.0,30.2,23.6,23.8,observed
2025-09-01,4,27.1,30.7,24.3,10.8,observed
2025-09-02,4,28.1,31.7,25.5,0.7,observed
2025-09-03,4,28.9,32.6,25.8,0.3,observed
2025-09-04,4,29.3,33.2,25.9,0.0,observed
2025-09-05,4,29.7,33.5,26.2,0.0,observed
2025-09-06,4,29.4,33.1,26.7,0.4,observed
2025-09-07,4,30.0,33.6,26.4,0.1,observed
2025-09-08,4,30.7,34.7,26.7,0.0,observed
2025-09-09,4,28.8,31.9,26.7,2.2,observed
2025-09-10,4,28.3,31.6,26.1,5.5,observed
2025-09-11,4,27.4,30.8,25.2,19.4,observed
2025-09-12,4,27.2,31.4,25.2,7.8,observed
2025-09-13,4,28.6,32.4,25.6,1.7,observed
2025-09-14,4,28.3,31.4,25.6,1.5,observed
2025-09-15,4,27.4,30.2,24.8,5.3,observed
2025-09-16,4,27.8,31.7,24.1,10.9,observed
2025-09-17,4,27.2,31.9,24.7,10.5,observed
2025-09-18,4,26.7,30.4,23.6,26.2,observed
2025-09-19,4,27.8,31.9,24.2,6.2,observed
2025-09-20,4,29.7,33.8,25.9,0.0,observed
2025-09-21,4,29.0,33.2,26.5,4.6,observed
2025-09-22,4,26.8,30.3,24.1,18.6,observed
2025-09-23,4,27.9,31.7,24.2,0.5,observed
2025-09-24,4,28.9,33.2,24.8,0.1,observed
2025-09-25,4,26.0,27.4,24.2,18.7,observed
2025-09-26,4,25.5,28.4,23.9,13.6,observed
2025-09-27,4,26.8,31.5,23.7,16.5,observed
2025-09-28,4,26.1,29.7,24.2,41.0,observed
2025-09-29,4,24.6,25.3,24.2,78.3,observed
2025-09-30,4,25.2,27.4,23.7,43.8,observed
2025-10-01,4,26.4,30.0,23.8,4.7,observed
2025-10-02,4,28.1,32.3,24.9,0.0,observed
2025-10-03,4,28.0,31.8,24.8,0.0,observed
2025-10-04,4,28.0,31.4,25.4,0.2,observed
2025-10-05,4,28.5,32.7,24.9,0.9,observed
2025-10-06,4,25.7,29.0,23.7,35.1,observed
2025-10-07,4,24.3,26.5,23.2,133.8,observed
2025-10-08,4,26.3,29.6,23.2,9.2,observed
2025-10-09,4,27.1,30.9,24.0,0.5,observed
2025-10-10,4,27.6,31.1,24.5,0.9,observed
2025-10-11,4,26.4,29.5,24.4,3.3,observed
2025-10-12,4,27.9,31.0,25.0,0.2,observed
2025-10-13,4,26.6,30.0,24.9,15.6,observed
2025-10-14,4,24.9,27.9,23.5,30.5,observed
2025-10-15,4,25.6,29.0,23.7,7.4,observed
2025-10-16,4,26.1,30.4,22.4,14.5,observed
2025-10-17,4,27.2,31.2,23.8,0.3,observed
2025-10-18,4,27.5,31.2,23.9,0.2,observed
2025-10-19,4,26.3,30.7,23.4,12.0,observed
2025-10-20,4,25.7,29.7,23.3,0.3,observed
2025-10-21,4,24.1,28.1,21.3,0.0,observed
2025-10-22,4,22.3,24.5,20.2,0.0,observed
2025-10-23,4,19.6,21.1,18.5,1.7,observed
2025-10-24,4,20.1,22.0,18.5,1.1,observed
2025-10-25,4,22.1,25.5,19.8,0.0,observed
2025-10-26,4,23.8,27.2,21.3,0.0,observed
2025-10-27,4,23.3,26.9,20.9,0.0,observed
2025-10-28,4,23.7,26.8,21.7,0.0,observed
2025-10-29,4,23.8,27.0,20.1,0.0,observed
2025-10-30,4,23.9,25.9,22.6,0.7,observed
2025-10-31,4,23.4,25.2,22.1,4.8,observed
2025-11-01,4,20.9,22.2,20.0,6.1,observed
2025-11-02,4,20.2,21.4,19.1,2.4,observed
2025-11-03,4,19.4,20.2,18.4,2.2,observed
2025-11-04,4,19.4,20.6,18.2,1.5,observed
2025-11-05,4,20.8,22.9,19.0,0.1,observed
2025-11-06,4,22.0,24.7,19.4,0.0,observed
2025-11-07,4,23.1,25.1,20.6,6.5,observed
2025-11-08,4,24.7,28.0,22.2,13.4,observed
2025-11-09,4,24.5,27.2,22.6,60.0,observed
2025-11-10,4,24.4,27.5,22.5,1.0,observed
2025-11-11,4,22.5,24.2,21.6,0.8,observed
2025-11-12,4,22.2,24.9,20.2,0.0,observed
2025-11-13,4,22.2,25.9,19.7,0.0,observed
2025-11-14,4,21.0,25.7,17.0,0.0,observed
2025-11-15,4,21.3,26.5,16.4,0.0,observed
2025-11-16,4,22.0,25.3,19.8,0.0,observed
2025-11-17,4,22.5,25.1,20.7,1.4,observed
2025-11-18,4,18.0,21.7,13.8,17.0,observed
2025-11-19,4,14.7,16.9,12.9,1.7,observed
2025-11-20,4,17.1,21.3,13.8,0.0,observed
2025-11-21,4,18.4,22.9,14.8,0.0,observed
2025-11-22,4,19.1,23.6,14.5,0.0,observed
2025-11-23,4,20.3,24.8,17.4,0.0,observed
2025-11-24,4,20.0,25.3,15.9,0.0,observed
2025-11-25,4,19.5,23.4,15.8,0.0,observed
2025-11-26,4,17.8,23.1,13.9,0.0,observed
2025-11-27,4,17.9,23.6,13.5,0.0,observed
2025-11-28,4,17.1,23.5,12.0,0.0,observed
2025-11-29,4,16.9,22.9,11.2,0.0,observed
2025-11-30,4,18.6,24.0,14.1,0.0,observed
2025-12-01,4,19.9,24.2,17.2,1.9,observed
2025-12-02,4,22.4,26.4,19.3,0.1,observed
2025-12-03,4,21.2,24.0,19.1,2.1,observed
2025-12-04,4,20.3,23.4,18.0,0.0,observed
2025-12-05,4,19.3,20.7,18.5,0.7,observed
2025-12-06,4,20.0,23.5,17.3,0.1,observed
2025-12-07,4,21.2,25.2,18.5,0.7,observed
2025-12-08,4,20.9,25.3,18.7,1.1,observed
2025-12-09,4,20.4,24.4,16.4,0.0,observed
2025-12-10,4,21.3,26.5,16.6,0.0,observed
2025-12-11,4,21.0,23.0,19.5,0.0,observed
2025-12-12,4,21.9,24.5,19.6,1.2,observed
2025-12-13,4,20.7,22.4,17.9,17.6,observed
2025-12-14,4,17.8,20.7,15.4,0.0,observed
2025-12-15,4,17.9,22.1,14.3,0.0,observed
2025-12-16,4,18.9,21.6,16.3,0.0,observed
2025-12-17,4,20.2,23.4,18.1,1.5,observed
2025-12-18,4,20.2,24.4,17.1,0.0,observed
2025-12-19,4,20.2,25.5,16.0,0.0,observed
2025-12-20,4,21.5,24.7,19.7,2.1,observed
2025-12-21,4,21.2,25.0,18.2,1.2,observed
2025-12-22,4,21.2,25.4,18.1,1.2,observed
2025-12-23,4,22.5,26.2,20.1,1.7,observed
2025-12-24,4,22.4,26.9,18.6,3.0,observed
2025-12-25,4,17.2,19.3,15.2,1.0,observed
2025-12-26,4,16.0,19.6,12.9,0.0,observed
2025-12-27,4,15.8,19.5,12.6,0.0,observed
2025-12-28,4,17.3,21.0,13.9,0.0,observed
2025-12-29,4,19.6,23.3,16.8,0.2,observed
2025-12-30,4,20.4,23.8,17.6,0.2,observed
2025-12-31,4,20.8,24.7,17.8,0.4,observed
2026-01-01,4,19.6,23.2,16.6,4.6,observed
2026-01-02,4,15.7,16.8,14.3,1.0,observed
2026-01-03,4,15.9,18.5,13.7,0.0,observed
2026-01-04,4,17.4,21.6,14.7,0.3,observed
2026-01-05,4,15.7,17.2,14.2,1.3,observed
2026-01-06,4,13.8,14.7,13.2,0.0,observed
2026-01-07,4,14.6,18.8,10.4,0.0,observed
2026-01-08,4,14.8,19.8,10.7,0.0,observed
2026-01-09,4,15.1,20.5,9.8,0.0,observed
2026-01-10,4,15.8,21.6,10.6,0.0,observed
2026-01-11,4,16.9,22.5,12.4,0.0,observed
2026-01-12,4,17.5,22.7,13.0,0.0,observed
2026-01-13,4,18.2,23.8,13.2,0.0,observed
2026-01-14,4,19.3,25.3,14.4,0.0,observed
2026-01-15,4,19.8,23.0,17.3,0.0,observed
2026-01-16,4,21.3,26.3,17.9,0.0,observed
2026-01-17,4,20.4,23.3,19.0,3.5,observed
2026-01-18,4,21.0,26.7,18.0,0.7,observed
2026-01-19,4,21.7,26.6,18.7,0.4,observed
2026-01-20,4,21.9,25.7,19.7,2.6,observed
2026-01-21,4,16.5,20.2,12.8,5.6,observed
2026-01-22,4,11.1,12.3,9.7,1.7,observed
2026-01-23,4,12.3,16.0,9.8,0.0,observed
2026-01-24,4,13.6,15.9,11.9,0.0,observed
2026-01-25,4,17.3,22.7,13.8,0.0,observed
2026-01-26,4,18.6,22.0,16.5,3.5,observed
2026-01-27,4,19.8,23.6,17.2,0.2,observed
2026-01-28,4,19.1,24.1,15.5,0.0,observed
2026-01-29,4,20.0,25.0,16.2,0.0,observed
2026-01-30,4,21.4,25.4,18.5,1.1,observed
2026-01-31,4,19.0,21.2,16.9,0.4,observed
2026-02-01,4,17.6,20.5,15.5,0.0,observed
2026-02-02,4,16.1,18.3,14.2,0.3,observed
2026-02-03,4,17.0,21.7,12.3,0.0,observed
2026-02-04,4,18.9,23.9,15.2,0.2,observed
2026-02-05,4,21.0,26.3,17.7,0.3,observed
2026-02-06,4,22.7,26.5,20.7,0.4,observed
2026-02-07,4,22.1,25.1,20.1,1.9,observed
2026-02-08,4,15.2,20.2,12.2,16.0,observed
2026-02-09,4,13.4,16.8,11.8,5.2,observed
2026-02-10,4,17.4,22.2,13.3,0.1,observed
2026-02-11,4,18.2,19.5,17.3,4.1,observed
2026-02-12,4,19.5,23.3,17.2,0.4,observed
2026-02-13,4,21.6,24.9,18.5,1.0,observed
2026-02-14,4,22.3,25.6,20.0,0.2,observed
2026-02-15,4,23.0,28.2,19.9,0.0,observed
2026-02-16,4,23.3,27.9,20.7,0.1,observed
2026-02-17,4,22.3,25.1,19.6,1.4,observed
2026-02-18,4,19.0,20.9,17.1,1.3,observed
2026-02-19,4,19.4,21.9,17.6,1.5,observed
2026-02-20,4,19.8,23.7,16.7,0.7,observed
2026-02-21,4,21.5,27.8,18.1,0.1,observed
2026-02-22,4,22.0,24.9,20.2,2.1,observed
2026-02-23,4,23.2,26.0,21.0,0.4,observed
2026-02-24,4,23.1,24.8,21.9,0.7,observed
2026-02-25,4,23.2,26.7,21.1,23.0,observed
2026-02-26,4,22.1,24.7,20.6,3.2,observed
2026-02-27,4,23.7,28.4,19.9,0.1,observed
2026-02-28,4,25.4,29.4,22.9,1.1,observed
2026-03-01,4,26.0,30.8,22.5,0.5,observed
2026-03-02,4,26.2,30.6,23.6,1.6,observed
2026-03-03,4,21.7,24.8,19.6,7.0,observed
2026-03-04,4,19.5,22.1,17.4,0.1,observed
2026-03-05,4,19.9,23.0,16.4,0.0,observed
2026-03-06,4,21.3,24.7,19.1,0.0,observed
2026-03-07,4,21.3,24.4,19.2,0.0,observed
2026-03-08,4,21.7,24.9,19.2,1.8,observed
2026-03-09,4,19.9,23.3,17.7,5.0,observed
2026-03-10,4,18.7,21.9,16.2,0.0,observed
2026-03-11,4,18.7,21.8,15.8,0.1,observed
2026-03-12,4,20.4,24.6,18.0,0.1,observed
2026-03-13,4,20.5,24.8,16.8,0.1,observed
2026-03-14,4,20.8,23.6,18.9,0.3,observed
2026-03-15,4,21.4,24.6,18.8,0.4,observed
2026-03-16,4,22.3,26.1,19.3,1.0,observed
2026-03-17,4,23.1,26.8,20.1,0.0,observed
2026-03-18,4,23.7,27.1,20.6,0.0,observed
2026-03-19,4,24.3,28.5,21.6,0.0,observed
2026-03-20,4,24.3,27.3,22.1,0.4,observed
2026-03-21,4,23.8,25.7,21.6,0.3,observed
2026-03-22,4,24.5,28.6,21.5,0.6,observed
2026-03-23,4,24.8,29.0,21.9,0.5,observed
2026-03-24,4,25.4,29.5,23.0,0.6,observed
2026-03-25,4,25.6,28.9,23.6,0.2,observed
2026-03-26,4,26.3,30.4,23.4,0.2,observed
2026-03-27,4,25.9,29.4,23.3,1.3,observed
2026-03-28,4,26.2,30.0,23.8,0.4,observed
2026-03-29,4,26.7,30.9,23.8,3.8,observed
2026-03-30,4,28.0,33.0,23.7,0.0,observed
2026-03-31,4,29.4,36.8,24.5,0.0,observed
2026-04-01,4,25.0,27.9,22.4,0.2,observed
2026-04-02,4,25.3,30.6,22.1,0.3,observed
2026-04-03,4,28.0,33.2,24.2,0.1,observed
2026-04-04,4,26.9,31.3,24.3,0.0,observed
2026-04-05,4,27.7,33.3,23.3,0.1,observed
2026-04-06,4,30.7,39.1,24.2,0.0,observed
2026-04-07,4,30.9,37.3,25.5,0.0,observed
2026-04-08,4,30.0,35.0,26.3,0.0,observed
2026-04-09,4,29.5,34.8,25.5,0.1,observed
2026-04-10,4,29.7,35.7,25.3,0.0,observed
2026-04-11,4,30.3,38.0,24.6,0.0,observed
2026-04-12,4,29.8,37.0,24.3,0.0,observed
2026-04-13,4,29.5,34.5,25.2,0.0,observed
2026-04-14,4,29.2,34.0,25.7,0.0,observed
2026-04-15,4,29.1,34.3,26.0,0.2,observed
2026-04-16,4,28.8,32.9,26.0,0.3,observed
2026-04-17,4,25.9,27.8,23.5,45.6,observed
2026-04-18,4,25.2,28.6,22.6,8.4,observed
2026-04-19,4,25.8,29.5,24.2,2.3,observed
2026-04-20,4,26.0,28.6,23.5,0.2,observed
2026-04-21,4,27.7,32.6,25.0,0.1,observed
2026-04-22,4,28.9,34.6,25.1,0.6,observed
2026-04-23,4,24.9,27.2,22.9,29.0,observed
2026-04-24,4,24.7,27.9,22.5,9.2,observed
2026-04-25,4,25.8,29.5,22.9,0.4,observed
2026-04-26,4,25.6,29.5,23.2,1.1,observed
2026-04-27,4,26.7,31.9,23.6,0.2,observed
2026-04-28,4,27.6,32.4,24.5,0.0,observed
2026-04-29,4,24.9,28.6,22.4,19.1,observed
2026-04-30,4,23.4,26.4,20.4,0.0,observed
2026-05-01,4,24.3,28.3,21.0,0.0,observed
2026-05-02,4,25.8,32.1,22.9,5.3,observed
2026-05-03,4,25.0,28.1,22.0,25.5,observed
2026-05-04,4,23.4,27.6,19.8,12.1,observed
2026-05-05,4,25.4,29.6,21.7,0.0,observed
2026-05-06,4,26.9,31.1,23.6,0.3,observed
2026-05-07,4,26.8,30.5,24.6,16.6,observed
2026-05-08,4,25.9,28.9,23.0,27.2,observed
2026-05-09,4,25.1,27.2,23.8,5.6,observed
2026-05-10,4,24.7,28.0,23.1,0.2,observed
2026-05-11,4,26.8,31.0,23.1,0.7,observed
2026-05-12,4,27.7,31.7,25.0,2.0,observed
2026-05-13,4,28.8,32.9,26.0,0.9,observed
2026-05-14,4,30.6,35.3,26.2,0.0,observed
2026-05-15,4,30.6,34.0,26.9,0.0,observed
2026-05-16,4,28.4,33.0,25.1,42.0,observed
2026-05-17,4,27.0,29.8,25.3,23.5,observed
2026-05-18,4,27.1,31.5,25.0,13.9,observed
2026-05-19,4,27.5,30.6,24.5,24.9,observed
2026-05-20,4,27.4,30.3,25.0,19.3,observed
2026-05-21,4,27.2,29.7,25.9,30.6,observed
2026-05-22,4,29.5,32.6,27.0,1.4,observed
2026-05-23,4,31.3,35.7,27.7,0.0,observed
2026-05-24,4,31.7,36.4,27.9,0.0,observed
2026-05-25,4,32.5,37.3,28.9,0.0,observed
2026-05-26,4,33.1,37.7,29.2,0.0,observed
2026-05-27,4,32.8,37.2,28.9,0.1,observed
2026-05-28,4,30.8,35.8,27.6,31.3,observed
2026-05-29,4,28.9,31.0,27.3,4.9,observed
2026-05-30,4,28.1,32.1,24.5,7.0,observed
2026-05-31,4,29.4,33.4,26.0,0.6,observed
2026-06-01,4,30.6,34.3,27.1,0.6,observed
2026-06-02,4,31.0,34.8,27.9,0.3,observed
2026-06-03,4,31.1,36.0,28.2,0.9,observed
2026-06-04,4,30.2,36.1,27.5,4.6,observed
2026-06-05,4,28.1,31.3,24.7,2.6,observed
2026-06-06,4,30.6,34.6,27.5,1.6,observed
2026-06-07,4,31.8,35.5,28.5,0.1,observed
2026-06-08,4,30.6,35.8,26.1,4.3,observed
2026-06-09,4,25.9,27.9,24.0,9.2,observed
2026-06-10,4,27.1,30.1,24.3,0.0,observed
2026-06-11,4,27.0,29.4,25.0,3.2,observed
2026-06-12,4,28.2,32.0,25.4,12.1,observed
2026-06-13,4,30.5,34.4,27.5,0.0,observed
2026-06-14,4,31.7,35.4,28.4,0.0,observed
2026-06-15,4,31.2,35.7,28.3,5.6,observed
2026-06-16,4,29.5,33.3,26.5,7.3,observed
2026-06-17,4,29.5,33.9,26.9,7.6,observed
2026-06-18,4,30.5,34.3,27.7,0.7,observed
2026-06-19,4,31.1,33.8,28.0,0.6,observed
2026-06-20,4,31.3,35.6,28.0,2.3,observed
2026-06-21,4,31.0,35.6,27.4,0.3,observed
2026-06-22,4,30.1,33.1,27.6,0.7,observed
2026-06-23,4,32.4,37.4,27.9,0.7,observed
2026-06-24,4,34.0,38.1,29.4,0.0,observed
2026-06-25,4,34.0,38.8,30.5,0.1,observed
2026-06-26,4,30.1,32.3,27.6,0.4,observed
2026-06-27,4,30.0,34.7,25.5,10.3,observed
2026-06-28,4,28.4,32.3,25.6,30.4,observed
2026-06-29,4,28.0,31.1,26.0,40.4,observed
2026-06-30,4,27.2,30.7,25.4,26.9,observed
2026-07-01,4,27.3,30.2,25.2,18.6,observed
2026-07-02,4,27.9,30.6,25.3,12.1,observed
2026-07-03,4,28.1,31.1,26.3,15.2,observed
2026-07-04,4,28.3,30.8,26.2,10.0,observed
2026-07-05,4,28.4,32.3,25.5,44.4,observed
2026-07-06,4,28.4,32.2,26.4,5.3,observed
2026-07-07,4,29.6,33.5,26.3,2.8,observed
2026-07-08,4,27.9,31.7,26.2,13.6,observed
2026-07-09,4,27.2,29.8,25.6,39.7,observed
2026-07-10,4,28.0,31.8,25.7,10.5,observed
2026-07-11,4,28.8,31.3,26.7,6.1,observed
2026-07-12,4,29.1,33.2,26.0,7.5,observed
2026-07-13,4,29.8,32.9,27.0,1.1,observed
2026-07-14,4,30.6,34.9,27.6,0.5,observed
2026-07-15,4,30.7,34.5,28.0,0.4,observed
2026-07-16,4,30.3,33.2,26.3,6.0,observed
2026-07-17,4,30.2,32.7,28.0,1.1,observed
2026-07-18,4,30.8,34.7,27.6,1.3,observed
2026-07-19,4,28.8,31.1,26.8,2.3,observed
2026-07-20,4,29.2,32.2,26.7,1.0,observed
2026-07-21,4,29.0,32.3,26.1,1.8,observed
2026-07-22,4,29.5,32.9,26.7,1.3,observed
2026-07-23,4,27.8,30.2,25.3,12.2,observed
2026-07-24,4,27.3,29.9,24.9,14.9,observed
2026-07-25,4,28.3,32.3,24.1,7.6,observed
2026-07-26,4,30.2,33.9,26.3,0.0,observed
2026-07-27,4,28.9,31.6,26.6,12.4,observed
2026-07-28,4,26.5,28.9,25.4,70.7,observed
2026-07-29,4,27.0,30.0,25.1,11.7,observed
2026-07-30,4,26.9,30.3,24.5,15.0,observed
2026-07-31,4,26.9,30.1,25.3,31.3,observed
2026-08-01,4,27.4,30.4,24.9,21.0,observed
2026-08-02,4,27.7,30.6,25.5,11.7,observed
2026-08-03,4,28.1,32.5,25.2,25.8,observed
2026-08-04,4,27.7,30.5,25.8,25.1,observed
2026-08-05,4,27.1,30.7,25.8,34.8,observed
2026-08-06,4,27.2,29.6,25.5,24.4,observed
2026-08-07,4,27.7,30.9,25.3,6.4,observed
2026-08-08,4,29.7,32.8,26.6,1.0,observed
2026-08-09,4,31.0,35.1,27.5,1.0,observed
2026-08-10,4,31.1,34.6,27.5,0.4,observed
2026-08-11,4,31.1,34.8,27.5,0.3,observed
2026-08-12,4,31.5,35.2,28.3,0.2,observed
2026-08-13,4,31.1,35.0,27.3,1.0,observed
2026-08-14,4,28.6,30.9,27.3,5.5,observed
2026-08-15,4,30.0,34.3,26.2,0.0,observed
2026-08-16,4,30.6,35.1,24.4,5.2,observed
2026-08-17,4,30.7,36.2,26.3,2.2,observed
2026-08-18,4,29.2,33.8,26.0,12.4,observed
2026-08-19,4,27.0,31.3,25.2,27.1,observed
2026-08-20,4,29.3,33.9,24.8,7.9,observed
2026-08-21,4,26.7,28.1,25.5,51.0,observed
2026-08-22,4,25.9,26.5,25.3,84.6,observed
2026-08-23,4,26.1,27.3,25.1,116.0,observed
2026-08-24,4,27.2,29.8,25.1,78.2,observed
2026-08-25,4,27.9,30.6,25.1,7.0,observed
2026-08-26,4,28.3,30.9,25.7,30.4,observed
2026-08-27,4,28.4,31.7,26.1,27.5,observed
2026-08-28,4,28.8,32.1,25.7,4.8,observed
2026-08-29,4,28.9,31.4,26.4,4.6,observed
2026-08-30,4,29.3,33.7,26.5,1.6,observed
2026-08-31,4,29.5,33.6,25.8,6.6,observed
2026-09-01,4,30.3,34.6,26.8,0.0,observed
2026-09-02,4,29.7,34.3,25.0,0.0,observed
2026-09-03,4,29.3,33.4,25.3,0.0,observed
2026-09-04,4,28.6,31.8,25.8,0.5,observed
2026-09-05,4,27.5,29.2,25.9,1.6,observed
2026-09-06,4,28.1,31.0,25.4,0.1,observed
2026-09-07,4,28.1,32.1,23.8,1.5,observed
2026-09-08,4,29.4,33.2,25.6,0.1,observed
2026-09-09,4,28.9,33.5,24.2,13.6,observed
2026-09-10,4,26.0,29.3,23.5,11.3,observed
2026-09-11,4,26.3,30.0,22.3,5.5,observed
2026-09-12,4,26.8,30.5,23.7,0.0,observed
2026-09-13,4,27.0,30.4,25.2,7.1,observed
2026-09-14,4,24.9,26.7,23.8,36.2,observed
2026-09-15,4,24.8,25.7,24.0,71.3,observed
2026-09-16,4,24.8,25.9,23.6,46.3,observed
2026-09-17,4,25.2,26.3,24.5,25.7,observed
2026-09-18,4,27.2,30.7,24.3,2.2,observed
2026-09-19,4,28.1,31.9,24.7,0.6,observed
2026-09-20,4,28.8,32.3,25.5,0.0,observed
2026-09-21,4,28.4,32.2,24.6,0.0,observed
2026-09-22,4,28.9,32.5,25.4,0.8,observed
2026-09-23,4,27.8,31.0,25.7,2.5,observed
2026-09-24,4,27.4,30.9,24.5,4.1,observed
2026-09-25,4,28.1,32.2,25.2,0.9,observed
2026-09-26,4,28.3,31.4,25.8,0.4,observed
2026-09-27,4,28.8,32.3,25.9,0.6,observed
2026-09-28,4,29.8,33.7,26.6,0.7,observed
2026-09-29,4,30.6,34.4,27.0,0.0,observed
2026-09-30,4,30.7,34.6,27.3,0.0,observed
2026-10-01,4,30.2,34.5,27.3,1.3,forecast
2026-10-02,4,28.6,32.5,26.0,3.9,forecast
2026-10-03,4,28.9,32.2,26.5,2.0,forecast
2026-10-04,4,26.4,29.2,24.4,14.6,forecast
2026-10-05,4,25.4,28.6,23.2,1.1,forecast
2026-10-06,4,24.5,28.4,21.4,0.0,forecast
2026-10-07,4,24.1,29.3,20.1,0.0,forecast
2026-10-08,4,24.3,29.0,20.5,0.0,forecast
2026-10-09,4,24.6,29.0,21.3,0.0,forecast
2026-10-10,4,24.6,29.2,21.3,0.0,forecast
2026-10-11,4,24.4,29.5,20.5,0.0,forecast
2026-10-12,4,25.5,30.4,22.0,0.0,forecast
2026-10-13,4,26.2,30.6,23.1,0.0,forecast
2026-10-14,4,26.4,30.7,22.8,0.0,forecast
2026-10-15,4,26.5,31.1,23.6,5.2,forecast
2026-10-16,4,25.8,28.7,23.5,6.3,forecast
