date,cell,tmean,tmax,tmin,precip,kind
2025-01-01,0,23.2,24.3,22.0,3.1,observed
2025-01-02,0,22.0,22.3,21.4,0.0,observed
2025-01-03,0,20.8,22.2,20.3,0.9,observed
2025-01-04,0,21.3,21.7,20.9,0.0,observed
2025-01-05,0,21.3,21.5,21.1,0.0,observed
2025-01-06,0,21.8,22.9,20.9,0.0,observed
2025-01-07,0,22.0,23.3,20.6,0.0,observed
2025-01-08,0,21.9,22.7,21.5,0.0,observed
2025-01-09,0,21.9,22.2,21.6,0.1,observed
2025-01-10,0,22.5,23.2,21.6,0.0,observed
2025-01-11,0,23.1,23.8,22.4,0.0,observed
2025-01-12,0,22.3,23.1,21.1,0.0,observed
2025-01-13,0,22.8,23.1,22.1,0.0,observed
2025-01-14,0,21.8,21.9,21.6,0.0,observed
2025-01-15,0,22.2,23.0,21.4,0.0,observed
2025-01-16,0,22.2,22.8,21.4,0.0,observed
2025-01-17,0,21.5,21.9,21.0,0.0,observed
2025-01-18,0,21.6,21.9,21.2,0.0,observed
2025-01-19,0,21.2,21.5,21.0,0.0,observed
2025-01-20,0,21.0,21.3,20.6,0.0,observed
2025-01-21,0,21.3,21.4,21.0,0.0,observed
2025-01-22,0,21.8,22.2,21.5,0.0,observed
2025-01-23,0,21.3,22.0,20.4,0.0,observed
2025-01-24,0,21.4,22.2,20.8,0.0,observed
2025-01-25,0,21.2,22.1,20.6,0.0,observed
2025-01-26,0,21.9,22.4,21.4,0.0,observed
2025-01-27,0,22.3,22.7,21.9,0.0,observed
2025-01-28,0,22.4,22.7,22.1,0.0,observed
2025-01-29,0,21.6,22.0,21.4,0.0,observed
2025-01-30,0,21.6,22.0,21.2,0.0,observed
2025-01-31,0,21.1,21.7,20.5,0.4,observed
2025-02-01,0,21.6,22.0,21.2,0.0,observed
2025-02-02,0,21.2,21.7,20.4,1.3,observed
2025-02-03,0,20.9,21.3,20.6,0.0,observed
2025-02-04,0,20.6,21.3,20.2,0.0,observed
2025-02-05,0,20.5,20.9,20.0,0.0,observed
2025-02-06,0,22.0,23.6,20.7,0.0,observed
2025-02-07,0,22.0,23.5,20.4,0.0,observed
2025-02-08,0,21.4,22.3,20.5,0.0,observed
2025-02-09,0,21.1,21.3,20.8,0.0,observed
2025-02-10,0,20.5,20.8,20.3,0.0,observed
2025-02-11,0,21.5,22.1,20.6,0.0,observed
2025-02-12,0,22.6,24.5,20.8,0.0,observed
2025-02-13,0,22.9,24.0,22.0,0.0,observed
2025-02-14,0,22.8,23.4,22.1,0.0,observed
2025-02-15,0,22.0,22.3,21.6,0.0,observed
2025-02-16,0,22.3,22.7,22.1,0.2,observed
2025-02-17,0,23.3,25.4,22.4,0.0,observed
2025-02-18,0,22.5,23.1,21.6,0.3,observed
2025-02-19,0,22.1,22.4,21.5,0.0,observed
2025-02-20,0,22.3,23.2,21.6,0.0,observed
2025-02-21,0,23.2,24.1,22.5,0.0,observed
2025-02-22,0,22.3,22.8,22.0,0.0,observed
2025-02-23,0,23.8,25.4,22.1,0.0,observed
2025-02-24,0,22.9,24.2,22.5,0.2,observed
2025-02-25,0,21.5,22.7,20.4,0.0,observed
2025-02-26,0,20.3,20.8,20.1,0.0,observed
2025-02-27,0,20.3,21.5,19.3,0.1,observed
2025-02-28,0,20.5,20.7,20.1,0.0,observed
2025-03-01,0,20.3,20.5,20.1,0.0,observed
2025-03-02,0,21.0,21.4,20.4,0.0,observed
2025-03-03,0,20.9,21.3,20.3,0.0,observed
2025-03-04,0,22.3,24.2,20.8,0.0,observed
2025-03-05,0,22.5,24.6,21.2,0.0,observed
2025-03-06,0,22.5,23.7,21.3,0.0,observed
2025-03-07,0,24.2,26.1,23.1,0.0,observed
2025-03-08,0,24.7,26.8,23.0,0.0,observed
2025-03-09,0,23.7,24.5,23.1,0.0,observed
2025-03-10,0,23.5,24.3,23.1,0.6,observed
2025-03-11,0,25.5,28.1,23.5,0.0,observed
2025-03-12,0,23.9,25.4,22.7,0.0,observed
2025-03-13,0,23.0,23.7,22.2,0.0,observed
2025-03-14,0,22.7,22.9,22.2,0.0,observed
2025-03-15,0,23.1,24.0,22.4,0.0,observed
2025-03-16,0,23.9,26.1,22.9,0.0,observed
2025-03-17,0,23.3,23.7,23.1,0.0,observed
2025-03-18,0,23.1,23.5,22.7,0.0,observed
2025-03-19,0,22.9,23.7,21.8,0.0,observed
2025-03-20,0,23.7,25.0,22.0,0.0,observed
2025-03-21,0,26.1,28.2,24.6,0.0,observed
2025-03-22,0,25.5,26.9,24.1,0.0,observed
2025-03-23,0,24.7,25.3,24.2,0.0,observed
2025-03-24,0,23.3,24.0,21.8,0.1,observed
2025-03-25,0,21.8,22.2,21.4,0.0,observed
2025-03-26,0,22.2,22.5,21.5,0.0,observed
2025-03-27,0,22.9,23.8,22.1,0.0,observed
2025-03-28,0,23.8,25.3,23.1,0.0,observed
2025-03-29,0,23.8,24.8,22.7,0.0,observed
2025-03-30,0,24.5,26.3,23.2,0.0,observed
2025-03-31,0,25.4,27.1,24.5,0.0,observed
2025-04-01,0,24.8,25.3,24.1,0.0,observed
2025-04-02,0,24.3,25.1,23.4,0.0,observed
2025-04-03,0,25.4,26.9,23.9,0.0,observed
2025-04-04,0,27.1,28.9,25.7,0.0,observed
2025-04-05,0,27.7,29.2,26.4,0.0,observed
2025-04-06,0,27.5,28.3,26.8,0.0,observed
2025-04-07,0,26.2,26.9,25.3,0.0,observed
2025-04-08,0,26.2,27.0,24.7,0.0,observed
2025-04-09,0,25.6,26.2,25.1,0.0,observed
2025-04-10,0,25.4,26.3,24.1,0.0,observed
2025-04-11,0,26.4,27.4,24.3,0.0,observed
2025-04-12,0,27.1,27.7,26.1,0.0,observed
2025-04-13,0,28.4,30.1,26.6,0.0,observed
2025-04-14,0,27.6,29.2,26.3,0.0,observed
2025-04-15,0,27.4,28.0,26.3,0.0,observed
2025-04-16,0,26.9,27.5,26.2,0.0,observed
2025-04-17,0,25.8,26.3,25.4,0.0,observed
2025-04-18,0,25.1,25.6,24.8,0.0,observed
2025-04-19,0,25.1,25.4,24.9,0.0,observed
2025-04-20,0,25.1,25.6,24.6,0.0,observed
2025-04-21,0,25.5,26.5,24.7,0.3,observed
2025-04-22,0,26.1,27.4,24.4,1.4,observed
2025-04-23,0,27.3,28.3,26.3,0.0,observed
2025-04-24,0,26.3,26.7,25.7,1.6,observed
2025-04-25,0,27.2,28.7,26.4,1.3,observed
2025-04-26,0,29.0,31.5,26.4,0.0,observed
2025-04-27,0,29.9,31.7,28.8,0.0,observed
2025-04-28,0,29.7,30.5,29.1,0.0,observed
2025-04-29,0,29.2,30.2,28.3,0.0,observed
2025-04-30,0,29.1,29.9,27.9,0.0,observed
2025-05-01,0,28.3,28.8,27.7,0.0,observed
2025-05-02,0,28.4,29.2,27.6,0.0,observed
2025-05-03,0,28.8,29.3,28.0,0.0,observed
2025-05-04,0,29.0,29.8,27.9,0.0,observed
2025-05-05,0,29.4,30.5,28.4,0.0,observed
2025-05-06,0,29.3,30.4,28.7,0.0,observed
2025-05-07,0,28.1,29.2,27.4,0.0,observed
2025-05-08,0,27.6,27.9,27.1,0.0,observed
2025-05-09,0,27.1,27.5,26.7,0.0,observed
2025-05-10,0,27.4,28.4,26.5,0.0,observed
2025-05-11,0,28.5,29.1,27.9,0.0,observed
2025-05-12,0,29.3,30.8,27.5,0.0,observed
2025-05-13,0,30.3,32.5,28.0,0.0,observed
2025-05-14,0,30.4,31.9,29.3,0.0,observed
2025-05-15,0,29.7,30.5,28.6,0.0,observed
2025-05-16,0,29.2,29.7,28.7,0.0,observed
2025-05-17,0,28.9,29.4,28.4,0.0,observed
2025-05-18,0,28.6,29.1,28.1,0.0,observed
2025-05-19,0,28.8,29.5,27.8,0.0,observed
2025-05-20,0,29.4,30.2,28.6,0.0,observed
2025-05-21,0,29.9,30.8,28.8,0.0,observed
2025-05-22,0,30.6,32.0,28.8,0.0,observed
2025-05-23,0,31.0,33.4,28.7,0.0,observed
2025-05-24,0,31.1,31.9,30.0,0.0,observed
2025-05-25,0,30.9,31.9,29.9,0.0,observed
2025-05-26,0,31.2,32.6,30.1,0.1,observed
2025-05-27,0,30.3,31.8,29.0,0.0,observed
2025-05-28,0,29.7,30.0,29.1,0.1,observed
2025-05-29,0,30.3,31.0,29.1,0.1,observed
2025-05-30,0,30.4,31.0,29.5,0.2,observed
2025-05-31,0,30.5,31.0,29.8,0.0,observed
2025-06-01,0,29.8,30.3,29.3,0.0,observed
2025-06-02,0,30.0,30.5,29.2,0.0,observed
2025-06-03,0,30.0,31.0,29.0,0.0,observed
2025-06-04,0,29.9,30.3,29.5,0.0,observed
2025-06-05,0,30.0,30.5,29.3,0.0,observed
2025-06-06,0,29.9,30.3,28.9,0.0,observed
2025-06-07,0,30.0,31.7,28.6,0.0,observed
2025-06-08,0,30.9,31.8,30.4,0.0,observed
2025-06-09,0,31.7,33.0,30.7,0.0,observed
2025-06-10,0,32.2,33.7,31.0,0.0,observed
2025-06-11,0,32.5,33.7,31.3,0.0,observed
2025-06-12,0,32.2,32.8,31.5,0.0,observed
2025-06-13,0,31.4,32.1,30.5,0.0,observed
2025-06-14,0,31.3,31.8,30.9,0.0,observed
2025-06-15,0,31.2,32.2,30.1,0.0,observed
2025-06-16,0,33.2,35.8,30.3,0.1,observed
2025-06-17,0,32.3,32.9,31.6,0.0,observed
2025-06-18,0,31.4,32.1,30.5,0.2,observed
2025-06-19,0,31.5,33.0,30.4,0.0,observed
2025-06-20,0,31.3,32.2,30.5,0.2,observed
2025-06-21,0,31.7,32.5,30.9,0.0,observed
2025-06-22,0,31.7,32.0,31.5,0.5,observed
2025-06-23,0,31.5,31.7,31.3,0.0,observed
2025-06-24,0,31.3,31.7,30.7,0.0,observed
2025-06-25,0,31.1,32.1,30.4,0.0,observed
2025-06-26,0,31.2,32.1,30.2,0.0,observed
2025-06-27,0,31.9,33.1,30.7,0.0,observed
2025-06-28,0,32.5,34.0,31.0,0.0,observed
2025-06-29,0,32.3,33.3,31.6,0.0,observed
2025-06-30,0,32.1,32.6,31.5,0.0,observed
2025-07-01,0,32.8,34.0,31.7,0.0,observed
2025-07-02,0,32.1,32.6,31.7,0.0,observed
2025-07-03,0,32.0,32.6,31.6,0.0,observed
2025-07-04,0,31.8,33.1,31.2,0.0,observed
2025-07-05,0,31.7,32.3,31.2,0.0,observed
2025-07-06,0,31.6,32.0,31.4,0.0,observed
2025-07-07,0,31.7,32.1,31.0,0.0,observed
2025-07-08,0,31.7,32.4,31.0,0.0,observed
2025-07-09,0,31.3,31.9,30.7,0.0,observed
2025-07-10,0,32.1,32.6,31.3,0.1,observed
2025-07-11,0,32.1,34.8,30.5,0.0,observed
2025-07-12,0,33.0,34.6,31.9,0.0,observed
2025-07-13,0,33.9,36.3,31.5,0.0,observed
2025-07-14,0,33.1,35.5,31.9,0.0,observed
2025-07-15,0,32.9,33.5,32.2,0.0,observed
2025-07-16,0,33.0,33.5,32.1,0.0,observed
2025-07-17,0,32.9,34.4,31.6,0.0,observed
2025-07-18,0,34.4,36.0,33.3,0.0,observed
2025-07-19,0,33.6,34.9,31.9,0.0,observed
2025-07-20,0,32.5,33.3,31.7,0.0,observed
2025-07-21,0,34.4,36.0,32.5,0.0,observed
2025-07-22,0,34.2,36.8,32.6,0.0,observed
2025-07-23,0,32.7,33.6,31.9,0.0,observed
2025-07-24,0,32.9,34.7,31.4,0.0,observed
2025-07-25,0,34.2,35.7,32.5,0.0,observed
2025-07-26,0,33.9,34.7,32.8,0.0,observed
2025-07-27,0,33.6,34.3,32.5,0.0,observed
2025-07-28,0,34.0,35.1,32.7,0.0,observed
2025-07-29,0,33.9,35.3,32.8,0.0,observed
2025-07-30,0,33.4,34.1,32.6,0.0,observed
2025-07-31,0,34.8,36.5,33.4,0.0,observed
2025-08-01,0,36.3,38.6,34.2,0.0,observed
2025-08-02,0,35.0,36.9,33.4,0.0,observed
2025-08-03,0,34.6,35.9,33.8,0.0,observed
2025-08-04,0,34.5,35.5,33.3,0.0,observed
2025-08-05,0,34.6,35.5,33.1,0.0,observed
2025-08-06,0,34.6,35.7,33.7,0.0,observed
2025-08-07,0,34.7,36.2,34.0,0.0,observed
2025-08-08,0,33.8,35.7,33.1,0.0,observed
2025-08-09,0,34.0,35.0,32.7,0.0,observed
2025-08-10,0,34.1,34.5,33.6,0.0,observed
2025-08-11,0,34.1,35.0,33.1,0.0,observed
2025-08-12,0,33.7,34.7,32.3,0.0,observed
2025-08-13,0,33.8,34.2,33.2,0.2,observed
2025-08-14,0,33.9,34.4,33.6,0.0,observed
2025-08-15,0,34.4,36.6,32.6,0.0,observed
2025-08-16,0,33.9,35.9,31.7,0.0,observed
2025-08-17,0,34.3,35.7,33.1,0.0,observed
2025-08-18,0,33.8,35.0,33.1,0.0,observed
2025-08-19,0,33.2,33.9,32.9,0.0,observed
2025-08-20,0,34.3,35.4,33.0,0.0,observed
2025-08-21,0,33.5,34.5,32.7,0.0,observed
2025-08-22,0,33.0,33.7,32.5,0.0,observed
2025-08-23,0,33.2,33.7,32.5,0.0,observed
2025-08-24,0,32.6,33.6,31.9,0.0,observed
2025-08-25,0,33.8,34.6,32.9,0.0,observed
2025-08-26,0,33.9,34.9,32.1,0.0,observed
2025-08-27,0,34.3,35.7,32.8,0.0,observed
2025-08-28,0,34.1,36.2,32.2,0.0,observed
2025-08-29,0,33.8,34.6,32.8,0.0,observed
2025-08-30,0,33.7,34.3,33.2,0.0,observed
2025-08-31,0,33.7,36.9,32.0,0.0,observed
2025-09-01,0,33.1,34.4,32.0,0.1,observed
2025-09-02,0,33.1,34.0,32.3,0.4,observed
2025-09-03,0,33.5,34.5,32.5,0.0,observed
2025-09-04,0,34.6,36.6,32.9,0.0,observed
2025-09-05,0,34.0,35.3,32.9,0.0,observed
2025-09-06,0,34.1,35.1,33.1,0.0,observed
2025-09-07,0,33.4,33.7,33.1,0.0,observed
2025-09-08,0,33.2,33.6,32.7,0.0,observed
2025-09-09,0,34.1,35.6,32.8,0.0,observed
2025-09-10,0,33.3,35.3,32.1,0.0,observed
2025-09-11,0,33.9,35.6,32.5,0.0,observed
2025-09-12,0,33.7,35.5,32.6,0.0,observed
2025-09-13,0,33.0,34.8,31.4,0.0,observed
2025-09-14,0,32.8,34.5,31.2,0.0,observed
2025-09-15,0,32.4,33.2,31.3,0.0,observed
2025-09-16,0,32.3,32.9,31.5,0.0,observed
2025-09-17,0,32.2,32.5,31.8,0.0,observed
2025-09-18,0,32.7,33.1,32.3,0.0,observed
2025-09-19,0,32.2,33.3,31.2,0.0,observed
2025-09-20,0,33.0,35.0,31.3,0.0,observed
2025-09-21,0,32.7,34.1,30.8,0.0,observed
2025-09-22,0,32.3,32.8,31.6,0.0,observed
2025-09-23,0,31.3,32.3,30.5,0.0,observed
2025-09-24,0,33.0,33.6,32.4,0.0,observed
2025-09-25,0,32.5,33.3,32.0,0.0,observed
2025-09-26,0,32.3,33.0,32.0,0.0,observed
2025-09-27,0,32.8,34.5,31.9,0.0,observed
2025-09-28,0,32.3,33.1,31.6,0.0,observed
2025-09-29,0,32.3,32.6,32.0,0.0,observed
2025-09-30,0,32.2,32.9,31.4,0.0,observed
2025-10-01,0,31.9,32.5,31.6,0.0,observed
2025-10-02,0,31.4,31.9,30.9,0.0,observed
2025-10-03,0,31.7,32.3,30.9,0.0,observed
2025-10-04,0,32.3,32.5,31.9,0.0,observed
2025-10-05,0,31.8,32.3,31.4,0.0,observed
2025-10-06,0,31.2,32.2,30.6,0.0,observed
2025-10-07,0,31.5,32.3,30.5,0.0,observed
2025-10-08,0,30.9,31.7,30.1,0.0,observed
2025-10-09,0,31.5,32.4,30.7,0.0,observed
2025-10-10,0,31.5,31.8,31.0,0.0,observed
2025-10-11,0,30.7,31.3,29.9,0.0,observed
2025-10-12,0,31.2,32.5,30.4,0.0,observed
2025-10-13,0,31.7,32.2,31.3,0.0,observed
2025-10-14,0,31.4,31.6,31.2,0.1,observed
2025-10-15,0,30.8,31.5,30.2,0.0,observed
2025-10-16,0,30.5,31.7,29.8,0.0,observed
2025-10-17,0,30.7,31.5,29.9,0.0,observed
2025-10-18,0,30.6,31.5,29.9,0.0,observed
2025-10-19,0,29.9,30.4,29.5,0.0,observed
2025-10-20,0,30.4,30.6,30.1,0.0,observed
2025-10-21,0,30.5,31.1,29.8,0.0,observed
2025-10-22,0,30.7,31.4,29.9,0.0,observed
2025-10-23,0,30.3,31.4,30.0,0.0,observed
2025-10-24,0,30.4,31.0,29.9,0.0,observed
2025-10-25,0,29.5,29.8,29.2,0.0,observed
2025-10-26,0,28.7,29.1,28.0,0.0,observed
2025-10-27,0,29.4,30.8,28.8,0.0,observed
2025-10-28,0,30.0,30.8,29.5,0.0,observed
2025-10-29,0,30.1,30.4,29.8,0.0,observed
2025-10-30,0,29.9,30.1,29.7,0.0,observed
2025-10-31,0,30.0,30.2,29.8,0.0,observed
2025-11-01,0,30.4,30.6,30.1,0.0,observed
2025-11-02,0,29.4,30.1,28.8,0.0,observed
2025-11-03,0,29.1,29.5,28.6,0.0,observed
2025-11-04,0,29.4,30.3,28.8,0.0,observed
2025-11-05,0,29.1,30.2,28.4,0.0,observed
2025-11-06,0,28.9,29.6,28.2,0.0,observed
2025-11-07,0,28.4,29.0,27.6,0.0,observed
2025-11-08,0,28.1,29.0,27.2,0.0,observed
2025-11-09,0,28.7,28.9,28.4,0.0,observed
2025-11-10,0,28.3,28.5,27.9,0.0,observed
2025-11-11,0,28.4,28.7,28.2,0.0,observed
2025-11-12,0,29.0,29.7,28.6,0.3,observed
2025-11-13,0,28.4,28.9,28.0,0.0,observed
2025-11-14,0,28.4,28.6,28.1,0.0,observed
2025-11-15,0,28.3,28.6,28.0,0.0,observed
2025-11-16,0,28.2,28.5,27.6,0.0,observed
2025-11-17,0,27.9,28.3,27.3,0.0,observed
2025-11-18,0,27.7,28.2,27.0,0.0,observed
2025-11-19,0,27.9,28.6,26.9,0.0,observed
2025-11-20,0,27.5,28.0,26.9,0.0,observed
2025-11-21,0,27.7,28.3,27.3,0.0,observed
2025-11-22,0,28.2,29.2,26.9,0.0,observed
2025-11-23,0,28.1,28.9,27.0,0.0,observed
2025-11-24,0,27.6,28.3,27.2,0.1,observed
2025-11-25,0,27.5,27.7,27.2,0.0,observed
2025-11-26,0,26.8,27.3,26.2,0.0,observed
2025-11-27,0,26.3,26.7,25.9,0.0,observed
2025-11-28,0,25.9,26.1,25.5,0.0,observed
2025-11-29,0,26.1,26.4,25.8,0.0,observed
2025-11-30,0,26.1,26.6,25.5,0.0,observed
2025-12-01,0,25.9,26.3,25.6,0.0,observed
2025-12-02,0,26.1,26.4,25.8,0.0,observed
2025-12-03,0,26.1,26.4,25.7,0.0,observed
2025-12-04,0,26.1,26.6,25.5,0.0,observed
2025-12-05,0,26.4,27.1,25.8,0.0,observed
2025-12-06,0,25.8,26.3,25.2,0.1,observed
2025-12-07,0,26.5,27.1,25.9,0.0,observed
2025-12-08,0,26.9,28.3,25.6,0.0,observed
2025-12-09,0,26.1,26.9,25.2,0.0,observed
2025-12-10,0,25.7,26.6,24.6,0.0,observed
2025-12-11,0,26.3,27.1,25.4,0.0,observed
2025-12-12,0,26.6,27.2,25.7,0.0,observed
2025-12-13,0,25.9,26.4,25.0,0.2,observed
2025-12-14,0,24.8,26.0,23.7,2.6,observed
2025-12-15,0,25.7,26.9,24.4,0.5,observed
2025-12-16,0,24.5,25.1,23.4,4.8,observed
2025-12-17,0,24.7,25.7,23.3,13.3,observed
2025-12-18,0,24.9,25.9,24.2,66.9,observed
2025-12-19,0,21.9,25.0,20.8,57.6,observed
2025-12-20,0,21.5,21.9,21.2,0.9,observed
2025-12-21,0,21.5,22.6,20.6,0.0,observed
2025-12-22,0,22.1,22.5,21.8,0.0,observed
2025-12-23,0,22.4,22.5,22.1,0.0,observed
2025-12-24,0,22.5,22.8,22.2,0.0,observed
2025-12-25,0,22.9,23.4,22.3,0.0,observed
2025-12-26,0,22.9,23.2,22.6,0.0,observed
2025-12-27,0,22.7,23.0,22.5,0.0,observed
2025-12-28,0,23.9,25.2,22.8,0.0,observed
2025-12-29,0,23.6,24.5,22.5,0.9,observed
2025-12-30,0,22.7,23.4,22.0,0.0,observed
2025-12-31,0,21.3,22.6,20.6,0.0,observed
2026-01-01,0,21.0,21.7,20.5,0.0,observed
2026-01-02,0,22.4,23.0,21.6,0.0,observed
2026-01-03,0,23.1,23.4,22.9,0.0,observed
2026-01-04,0,23.7,24.0,22.8,0.0,observed
2026-01-05,0,22.9,23.4,22.4,0.0,observed
2026-01-06,0,22.8,23.1,22.4,0.0,observed
2026-01-07,0,22.4,22.7,21.9,0.0,observed
2026-01-08,0,22.0,22.3,21.7,0.0,observed
2026-01-09,0,22.0,22.5,21.6,0.0,observed
2026-01-10,0,21.9,22.6,21.1,0.0,observed
2026-01-11,0,22.4,22.6,22.2,0.0,observed
2026-01-12,0,21.9,22.2,21.5,0.0,observed
2026-01-13,0,21.5,21.7,21.1,0.0,observed
2026-01-14,0,22.2,23.0,21.3,0.0,observed
2026-01-15,0,22.9,23.6,21.8,0.2,observed
2026-01-16,0,21.0,21.4,20.5,0.0,observed
2026-01-17,0,20.7,20.9,20.4,0.0,observed
2026-01-18,0,20.8,21.1,20.7,0.0,observed
2026-01-19,0,20.8,21.3,20.5,0.0,observed
2026-01-20,0,22.1,22.8,21.4,0.0,observed
2026-01-21,0,20.8,22.3,18.9,0.0,observed
2026-01-22,0,18.8,19.7,18.3,0.0,observed
2026-01-23,0,19.7,20.4,18.7,0.0,observed
2026-01-24,0,19.8,20.7,19.0,0.0,observed
2026-01-25,0,21.2,22.0,20.4,0.9,observed
2026-01-26,0,20.8,21.6,20.3,0.8,observed
2026-01-27,0,21.2,21.7,20.7,0.0,observed
2026-01-28,0,21.4,21.8,20.7,0.0,observed
2026-01-29,0,21.5,21.9,20.7,0.0,observed
2026-01-30,0,21.5,21.8,21.0,0.0,observed
2026-01-31,0,20.9,21.0,20.7,0.0,observed
2026-02-01,0,21.4,21.7,21.0,0.0,observed
2026-02-02,0,21.4,22.1,21.0,0.0,observed
2026-02-03,0,21.6,22.6,20.6,0.0,observed
2026-02-04,0,22.5,24.1,21.3,0.0,observed
2026-02-05,0,22.1,22.8,21.4,0.0,observed
2026-02-06,0,22.1,22.7,21.6,0.1,observed
2026-02-07,0,22.0,22.5,21.5,0.2,observed
2026-02-08,0,22.2,22.4,21.9,0.7,observed
2026-02-09,0,22.4,22.8,21.9,0.0,observed
2026-02-10,0,22.3,22.6,22.1,0.0,observed
2026-02-11,0,22.8,24.0,21.7,0.0,observed
2026-02-12,0,22.9,24.5,21.5,0.0,observed
2026-02-13,0,22.9,24.1,21.8,0.0,observed
2026-02-14,0,22.9,23.8,21.9,0.0,observed
2026-02-15,0,23.2,23.9,22.4,0.0,observed
2026-02-16,0,22.8,23.2,22.5,0.0,observed
2026-02-17,0,23.2,24.0,22.3,0.0,observed
2026-02-18,0,23.3,24.2,22.4,0.0,observed
2026-02-19,0,23.4,24.5,22.5,0.0,observed
2026-02-20,0,23.4,24.9,22.5,0.0,observed
2026-02-21,0,23.3,24.6,22.5,0.0,observed
2026-02-22,0,23.2,23.3,23.0,0.0,observed
2026-02-23,0,23.3,23.6,22.9,0.0,observed
2026-02-24,0,23.6,24.3,22.9,0.0,observed
2026-02-25,0,23.5,24.7,22.4,0.0,observed
2026-02-26,0,23.0,23.5,22.3,0.0,observed
2026-02-27,0,21.9,22.2,21.4,0.0,observed
2026-02-28,0,22.8,23.4,22.1,0.0,observed
2026-03-01,0,23.8,24.8,23.4,0.0,observed
2026-03-02,0,23.8,24.3,23.3,0.0,observed
2026-03-03,0,23.8,24.3,23.0,0.0,observed
2026-03-04,0,23.4,24.2,22.9,0.0,observed
2026-03-05,0,23.2,23.5,22.6,0.0,observed
2026-03-06,0,22.7,22.9,22.4,0.0,observed
2026-03-07,0,23.1,23.3,22.9,0.0,observed
2026-03-08,0,23.2,23.6,22.8,0.0,observed
2026-03-09,0,23.6,24.0,23.4,0.7,observed
2026-03-10,0,23.8,24.7,22.4,1.0,observed
2026-03-11,0,23.3,24.2,22.1,0.4,observed
2026-03-12,0,24.2,25.2,23.3,0.0,observed
2026-03-13,0,24.3,24.8,23.7,0.0,observed
2026-03-14,0,24.2,24.6,23.9,0.0,observed
2026-03-15,0,24.5,25.2,23.6,0.0,observed
2026-03-16,0,24.8,25.5,23.8,0.0,observed
2026-03-17,0,24.9,25.6,24.2,0.0,observed
2026-03-18,0,24.1,24.5,23.5,0.0,observed
2026-03-19,0,23.6,23.9,23.3,0.0,observed
2026-03-20,0,24.0,25.8,22.8,0.4,observed
2026-03-21,0,23.6,25.0,22.6,18.0,observed
2026-03-22,0,24.4,25.4,22.9,1.1,observed
2026-03-23,0,24.6,25.1,23.7,49.0,observed
2026-03-24,0,22.8,23.8,21.9,27.8,observed
2026-03-25,0,23.4,24.4,22.0,15.2,observed
2026-03-26,0,25.0,26.6,23.2,3.8,observed
2026-03-27,0,22.5,25.3,20.5,23.3,observed
2026-03-28,0,22.2,22.5,21.9,0.0,observed
2026-03-29,0,22.2,22.9,21.8,0.0,observed
2026-03-30,0,23.1,23.3,22.8,0.0,observed
2026-03-31,0,22.5,23.4,20.7,4.2,observed
2026-04-01,0,22.9,23.5,22.2,0.1,observed
2026-04-02,0,22.9,23.2,22.5,0.0,observed
2026-04-03,0,23.0,23.1,22.9,0.0,observed
2026-04-04,0,22.9,23.1,22.8,0.0,observed
2026-04-05,0,23.4,23.8,23.0,0.0,observed
2026-04-06,0,23.7,23.9,23.3,0.0,observed
2026-04-07,0,23.1,23.5,22.7,0.0,observed
2026-04-08,0,23.2,23.6,22.5,0.0,observed
2026-04-09,0,24.0,25.7,22.7,2.3,observed
2026-04-10,0,23.5,24.3,22.6,0.0,observed
2026-04-11,0,23.0,23.5,22.3,1.5,observed
2026-04-12,0,23.8,24.2,23.4,0.1,observed
2026-04-13,0,23.8,24.5,23.1,0.1,observed
2026-04-14,0,23.8,24.5,23.4,0.0,observed
2026-04-15,0,23.7,24.0,23.3,0.0,observed
2026-04-16,0,23.4,23.8,23.2,0.1,observed
2026-04-17,0,23.8,24.5,23.1,0.3,observed
2026-04-18,0,24.1,24.5,23.7,0.0,observed
2026-04-19,0,24.3,25.5,23.0,0.8,observed
2026-04-20,0,24.4,25.2,23.7,0.1,observed
2026-04-21,0,25.3,27.0,24.1,0.4,observed
2026-04-22,0,26.2,27.1,25.6,0.0,observed
2026-04-23,0,26.2,26.8,25.8,0.0,observed
2026-04-24,0,26.4,26.9,25.7,0.0,observed
2026-04-25,0,26.1,26.7,25.6,0.0,observed
2026-04-26,0,26.6,27.4,25.9,0.1,observed
2026-04-27,0,26.9,27.6,26.4,0.0,observed
2026-04-28,0,27.7,28.7,26.4,0.0,observed
2026-04-29,0,27.8,28.1,27.5,0.0,observed
2026-04-30,0,27.6,28.3,26.5,0.0,observed
2026-05-01,0,27.3,28.4,26.2,0.0,observed
2026-05-02,0,28.0,29.0,27.1,0.0,observed
2026-05-03,0,28.3,29.0,27.7,0.0,observed
2026-05-04,0,27.4,28.0,26.4,0.0,observed
2026-05-05,0,28.7,30.4,27.0,0.0,observed
2026-05-06,0,29.2,31.0,27.6,0.0,observed
2026-05-07,0,28.5,29.6,27.1,0.0,observed
2026-05-08,0,28.1,28.5,27.6,0.0,observed
2026-05-09,0,28.7,29.4,28.0,0.0,observed
2026-05-10,0,28.2,28.5,27.5,0.0,observed
2026-05-11,0,27.9,29.0,27.3,0.0,observed
2026-05-12,0,27.4,28.2,26.6,0.0,observed
2026-05-13,0,27.8,28.7,26.6,0.0,observed
2026-05-14,0,28.8,29.2,28.0,0.0,observed
2026-05-15,0,28.6,29.0,28.0,0.0,observed
2026-05-16,0,27.8,28.2,27.2,0.0,observed
2026-05-17,0,28.3,29.4,27.2,0.0,observed
2026-05-18,0,28.3,28.7,27.8,0.0,observed
2026-05-19,0,27.9,28.5,27.2,0.0,observed
2026-05-20,0,27.9,28.6,26.9,0.0,observed
2026-05-21,0,27.9,28.8,27.1,0.0,observed
2026-05-22,0,27.9,29.1,26.9,0.0,observed
2026-05-23,0,28.0,29.0,27.3,0.0,observed
2026-05-24,0,28.8,31.2,27.2,0.0,observed
2026-05-25,0,28.6,30.1,27.5,0.0,observed
2026-05-26,0,29.1,30.1,27.9,0.0,observed
2026-05-27,0,29.1,30.0,28.3,0.0,observed
2026-05-28,0,29.5,30.3,28.9,0.0,observed
2026-05-29,0,30.0,31.1,28.7,0.0,observed
2026-05-30,0,30.2,31.1,29.4,0.0,observed
2026-05-31,0,30.4,31.0,29.4,0.0,observed
2026-06-01,0,29.6,30.1,29.2,0.0,observed
2026-06-02,0,30.1,30.7,29.4,0.0,observed
2026-06-03,0,30.3,30.7,29.8,0.0,observed
2026-06-04,0,30.5,31.1,29.5,0.0,observed
2026-06-05,0,29.9,30.8,29.0,0.0,observed
2026-06-06,0,29.5,30.3,28.8,0.0,observed
2026-06-07,0,30.1,31.4,28.6,0.0,observed
2026-06-08,0,30.8,32.3,29.3,0.0,observed
2026-06-09,0,30.2,31.0,29.5,0.0,observed
2026-06-10,0,30.2,30.7,29.6,0.0,observed
2026-06-11,0,30.5,31.0,29.9,0.0,observed
2026-06-12,0,29.9,30.5,29.1,0.0,observed
2026-06-13,0,30.3,32.3,29.0,0.0,observed
2026-06-14,0,30.6,31.9,29.1,0.0,observed
2026-06-15,0,30.4,31.0,29.3,0.0,observed
2026-06-16,0,30.2,30.7,29.3,0.0,observed
2026-06-17,0,30.4,32.7,28.8,0.0,observed
2026-06-18,0,31.4,33.3,30.0,0.0,observed
2026-06-19,0,31.9,33.5,30.3,0.0,observed
2026-06-20,0,31.6,32.8,30.4,0.0,observed
2026-06-21,0,31.2,31.6,30.3,0.0,observed
2026-06-22,0,31.8,34.0,30.4,0.0,observed
2026-06-23,0,32.4,34.1,30.8,0.0,observed
2026-06-24,0,32.0,33.3,30.6,0.0,observed
2026-06-25,0,31.7,32.6,30.6,0.0,observed
2026-06-26,0,31.9,32.4,31.1,0.0,observed
2026-06-27,0,31.6,33.2,29.8,0.0,observed
2026-06-28,0,32.1,33.1,31.1,0.0,observed
2026-06-29,0,32.0,32.8,31.1,0.0,observed
2026-06-30,0,31.7,32.0,31.3,0.1,observed
2026-07-01,0,31.5,32.0,30.8,0.0,observed
2026-07-02,0,31.9,33.0,30.9,0.0,observed
2026-07-03,0,32.6,34.6,30.3,0.0,observed
2026-07-04,0,32.5,33.0,31.7,0.0,observed
2026-07-05,0,32.9,33.6,32.5,0.0,observed
2026-07-06,0,32.5,33.0,31.8,0.0,observed
2026-07-07,0,32.2,32.9,31.7,0.0,observed
2026-07-08,0,32.5,33.3,31.7,0.0,observed
2026-07-09,0,32.5,32.8,32.3,0.0,observed
2026-07-10,0,32.7,33.5,32.1,0.0,observed
2026-07-11,0,32.7,33.3,31.9,0.0,observed
2026-07-12,0,32.2,33.0,31.6,0.1,observed
2026-07-13,0,32.1,32.8,31.6,0.2,observed
2026-07-14,0,33.8,36.0,31.5,0.1,observed
2026-07-15,0,35.0,36.4,32.9,0.0,observed
2026-07-16,0,34.0,36.0,31.9,0.0,observed
2026-07-17,0,33.6,35.5,31.3,0.0,observed
2026-07-18,0,33.4,35.3,31.9,0.0,observed
2026-07-19,0,33.3,34.1,32.0,0.0,observed
2026-07-20,0,33.7,34.8,32.6,0.0,observed
2026-07-21,0,33.2,33.9,32.6,0.0,observed
2026-07-22,0,33.4,33.8,33.1,0.0,observed
2026-07-23,0,33.0,33.6,32.3,0.0,observed
2026-07-24,0,34.2,35.8,31.9,0.0,observed
2026-07-25,0,33.7,35.2,32.3,0.0,observed
2026-07-26,0,33.7,34.7,32.5,0.0,observed
2026-07-27,0,33.7,34.5,32.9,0.0,observed
2026-07-28,0,33.8,34.8,32.9,0.0,observed
2026-07-29,0,34.1,35.8,32.3,0.0,observed
2026-07-30,0,34.8,36.8,32.7,0.0,observed
2026-07-31,0,35.0,37.0,33.4,0.0,observed
2026-08-01,0,34.0,34.5,32.9,0.0,observed
2026-08-02,0,34.2,35.2,33.0,0.0,observed
2026-08-03,0,34.8,36.1,33.1,0.0,observed
2026-08-04,0,35.5,36.8,33.6,0.0,observed
2026-08-05,0,35.4,36.3,34.2,0.0,observed
2026-08-06,0,34.2,35.2,33.1,0.0,observed
2026-08-07,0,34.9,36.3,32.8,0.0,observed
2026-08-08,0,35.6,36.5,34.1,0.0,observed
2026-08-09,0,35.7,36.5,34.6,0.0,observed
2026-08-10,0,35.4,36.3,34.1,0.0,observed
2026-08-11,0,34.7,35.1,34.2,0.0,observed
2026-08-12,0,34.6,35.5,33.5,0.0,observed
2026-08-13,0,34.7,37.0,32.9,0.0,observed
2026-08-14,0,34.5,35.2,33.8,0.0,observed
2026-08-15,0,34.1,35.1,33.2,0.0,observed
2026-08-16,0,34.1,35.3,32.8,0.0,observed
2026-08-17,0,34.7,35.6,33.7,0.0,observed
2026-08-18,0,34.8,36.8,33.0,0.0,observed
2026-08-19,0,34.2,34.7,33.7,0.0,observed
2026-08-20,0,33.2,33.5,32.8,0.1,observed
2026-08-21,0,33.6,34.8,32.6,0.1,observed
2026-08-22,0,34.9,36.5,33.8,0.1,observed
2026-08-23,0,35.4,35.9,34.9,0.1,observed
2026-08-24,0,34.7,35.3,33.7,0.0,observed
2026-08-25,0,34.9,35.9,33.8,0.0,observed
2026-08-26,0,34.7,36.0,33.5,0.0,observed
2026-08-27,0,34.3,34.7,34.0,0.0,observed
2026-08-28,0,34.2,35.1,33.3,0.0,observed
2026-08-29,0,34.7,41.2,29.7,0.0,observed
2026-08-30,0,34.8,40.2,28.5,0.0,observed
2026-08-31,0,34.9,40.3,30.2,0.0,observed
2026-09-01,0,34.4,38.5,29.8,0.0,observed
2026-09-02,0,35.1,40.7,30.3,0.0,observed
2026-09-03,0,35.7,40.7,31.3,0.0,observed
2026-09-04,0,35.1,39.3,31.9,0.0,observed
2026-09-05,0,35.3,41.0,30.1,0.0,observed
2026-09-06,0,35.4,40.4,30.8,0.0,observed
2026-09-07,0,35.6,41.3,30.3,0.0,observed
2026-09-08,0,35.6,40.7,31.2,0.0,observed
2026-09-09,0,35.3,41.1,31.1,0.0,observed
2026-09-10,0,35.4,40.2,31.0,0.0,observed
2026-09-11,0,34.6,39.3,30.2,0.0,observed
2026-09-12,0,35.4,42.6,30.1,0.0,observed
2026-09-13,0,34.7,40.2,30.9,0.0,observed
2026-09-14,0,34.2,39.1,29.7,0.0,observed
2026-09-15,0,33.5,38.4,28.8,0.0,observed
2026-09-16,0,33.0,37.8,27.9,0.0,observed
2026-09-17,0,33.4,37.2,28.8,0.0,observed
2026-09-18,0,32.9,37.2,27.8,0.0,observed
2026-09-19,0,33.1,39.4,27.0,0.0,observed
2026-09-20,0,33.5,41.0,27.8,0.0,observed
2026-09-21,0,33.5,39.4,28.1,0.0,observed
2026-09-22,0,32.6,37.4,27.5,0.0,observed
2026-09-23,0,33.4,39.6,29.5,0.0,observed
2026-09-24,0,32.5,38.2,27.6,0.0,observed
2026-09-25,0,32.5,36.2,28.2,0.0,observed
2026-09-26,0,32.0,35.5,28.3,0.0,observed
2026-09-27,0,32.0,36.0,27.8,0.0,observed
2026-09-28,0,32.9,38.1,28.6,0.0,observed
2026-09-29,0,32.0,38.6,26.4,0.0,forecast
2026-09-30,0,31.7,37.5,27.4,0.0,forecast
2026-10-01,0,33.1,40.4,28.1,0.0,forecast
2026-10-02,0,33.0,38.6,28.5,0.0,forecast
2026-10-03,0,32.7,37.7,28.3,0.0,forecast
2026-10-04,0,32.1,35.8,28.2,0.0,forecast
2026-10-05,0,32.6,34.7,29.7,0.0,forecast
2026-10-06,0,32.3,34.8,28.8,0.0,forecast
2026-10-07,0,34.4,38.4,29.6,0.0,forecast
2026-10-08,0,33.4,37.2,29.1,0.0,forecast
2026-10-09,0,31.2,33.8,27.6,0.0,forecast
2026-10-10,0,31.4,34.1,28.1,0.0,forecast
2026-10-11,0,31.2,34.5,27.4,0.0,forecast
2026-10-12,0,32.8,36.5,27.8,0.0,forecast
2026-10-13,0,31.8,36.7,27.2,0.0,forecast
2025-01-01,1,23.3,24.3,22.1,3.1,observed
2025-01-02,1,22.0,22.3,21.5,0.0,observed
2025-01-03,1,20.8,22.3,20.3,0.9,observed
2025-01-04,1,21.3,21.7,20.9,0.0,observed
2025-01-05,1,21.3,21.6,21.1,0.0,observed
2025-01-06,1,21.8,22.9,21.0,0.0,observed
2025-01-07,1,22.1,23.3,20.7,0.0,observed
2025-01-08,1,21.9,22.7,21.5,0.0,observed
2025-01-09,1,21.9,22.3,21.6,0.1,observed
2025-01-10,1,22.6,23.2,21.7,0.0,observed
2025-01-11,1,23.1,23.8,22.4,0.0,observed
2025-01-12,1,22.3,23.2,21.1,0.0,observed
2025-01-13,1,22.8,23.2,22.1,0.0,observed
2025-01-14,1,21.8,21.9,21.6,0.0,observed
2025-01-15,1,22.2,23.0,21.5,0.0,observed
2025-01-16,1,22.3,22.9,21.5,0.0,observed
2025-01-17,1,21.5,21.9,21.0,0.0,observed
2025-01-18,1,21.6,21.9,21.2,0.0,observed
2025-01-19,1,21.3,21.5,21.0,0.0,observed
2025-01-20,1,21.0,21.4,20.6,0.0,observed
2025-01-21,1,21.3,21.5,21.1,0.0,observed
2025-01-22,1,21.8,22.2,21.5,0.0,observed
2025-01-23,1,21.4,22.0,20.5,0.0,observed
2025-01-24,1,21.5,22.2,20.8,0.0,observed
2025-01-25,1,21.3,22.1,20.6,0.0,observed
2025-01-26,1,22.0,22.5,21.4,0.0,observed
2025-01-27,1,22.4,22.8,22.0,0.0,observed
2025-01-28,1,22.4,22.7,22.2,0.0,observed
2025-01-29,1,21.6,22.1,21.5,0.0,observed
2025-01-30,1,21.7,22.0,21.2,0.0,observed
2025-01-31,1,21.1,21.7,20.5,0.4,observed
2025-02-01,1,21.7,22.0,21.3,0.0,observed
2025-02-02,1,21.2,21.8,20.5,1.3,observed
2025-02-03,1,21.0,21.3,20.7,0.0,observed
2025-02-04,1,20.6,21.4,20.2,0.0,observed
2025-02-05,1,20.5,21.0,20.0,0.0,observed
2025-02-06,1,22.0,23.7,20.7,0.0,observed
2025-02-07,1,22.0,23.5,20.4,0.0,observed
2025-02-08,1,21.5,22.3,20.5,0.0,observed
2025-02-09,1,21.1,21.3,20.8,0.0,observed
2025-02-10,1,20.5,20.9,20.3,0.0,observed
2025-02-11,1,21.5,22.1,20.6,0.0,observed
2025-02-12,1,22.6,24.5,20.8,0.0,observed
2025-02-13,1,23.0,24.1,22.1,0.0,observed
2025-02-14,1,22.9,23.4,22.1,0.0,observed
2025-02-15,1,22.0,22.3,21.6,0.0,observed
2025-02-16,1,22.3,22.7,22.1,0.2,observed
2025-02-17,1,23.3,25.5,22.4,0.0,observed
2025-02-18,1,22.6,23.2,21.6,0.3,observed
2025-02-19,1,22.1,22.5,21.6,0.0,observed
2025-02-20,1,22.3,23.2,21.6,0.0,observed
2025-02-21,1,23.2,24.2,22.6,0.0,observed
2025-02-22,1,22.4,22.8,22.1,0.0,observed
2025-02-23,1,23.8,25.4,22.1,0.0,observed
2025-02-24,1,22.9,24.2,22.6,0.2,observed
2025-02-25,1,21.6,22.7,20.4,0.0,observed
2025-02-26,1,20.3,20.8,20.1,0.0,observed
2025-02-27,1,20.3,21.5,19.3,0.1,observed
2025-02-28,1,20.5,20.8,20.1,0.0,observed
2025-03-01,1,20.3,20.5,20.1,0.0,observed
2025-03-02,1,21.0,21.4,20.4,0.0,observed
2025-03-03,1,20.9,21.3,20.3,0.0,observed
2025-03-04,1,22.3,24.2,20.8,0.0,observed
2025-03-05,1,22.5,24.6,21.3,0.0,observed
2025-03-06,1,22.5,23.8,21.3,0.0,observed
2025-03-07,1,24.2,26.1,23.2,0.0,observed
2025-03-08,1,24.8,26.8,23.0,0.0,observed
2025-03-09,1,23.7,24.6,23.1,0.0,observed
2025-03-10,1,23.5,24.4,23.1,0.6,observed
2025-03-11,1,25.5,28.2,23.5,0.0,observed
2025-03-12,1,23.9,25.4,22.7,0.0,observed
2025-03-13,1,23.0,23.7,22.3,0.0,observed
2025-03-14,1,22.7,23.0,22.2,0.0,observed
2025-03-15,1,23.2,24.0,22.4,0.0,observed
2025-03-16,1,23.9,26.1,22.9,0.0,observed
2025-03-17,1,23.3,23.8,23.1,0.0,observed
2025-03-18,1,23.1,23.6,22.7,0.0,observed
2025-03-19,1,23.0,23.7,21.8,0.0,observed
2025-03-20,1,23.7,25.0,22.0,0.0,observed
2025-03-21,1,26.1,28.2,24.6,0.0,observed
2025-03-22,1,25.6,27.0,24.1,0.0,observed
2025-03-23,1,24.8,25.3,24.2,0.0,observed
2025-03-24,1,23.4,24.0,21.8,0.1,observed
2025-03-25,1,21.8,22.3,21.4,0.0,observed
2025-03-26,1,22.3,22.6,21.6,0.0,observed
2025-03-27,1,22.9,23.8,22.1,0.0,observed
2025-03-28,1,23.8,25.4,23.1,0.0,observed
2025-03-29,1,23.8,24.9,22.7,0.0,observed
2025-03-30,1,24.5,26.3,23.2,0.0,observed
2025-03-31,1,25.5,27.1,24.6,0.0,observed
2025-04-01,1,24.8,25.3,24.1,0.0,observed
2025-04-02,1,24.3,25.2,23.4,0.0,observed
2025-04-03,1,25.4,26.9,23.9,0.0,observed
2025-04-04,1,27.2,28.9,25.7,0.0,observed
2025-04-05,1,27.7,29.3,26.4,0.0,observed
2025-04-06,1,27.5,28.3,26.8,0.0,observed
2025-04-07,1,26.2,27.0,25.3,0.0,observed
2025-04-08,1,26.2,27.0,24.8,0.0,observed
2025-04-09,1,25.6,26.2,25.2,0.0,observed
2025-04-10,1,25.4,26.3,24.2,0.0,observed
2025-04-11,1,26.4,27.4,24.4,0.0,observed
2025-04-12,1,27.2,27.8,26.2,0.0,observed
2025-04-13,1,28.5,30.2,26.7,0.0,observed
2025-04-14,1,27.6,29.2,26.3,0.0,observed
2025-04-15,1,27.4,28.1,26.3,0.0,observed
2025-04-16,1,26.9,27.5,26.2,0.0,observed
2025-04-17,1,25.9,26.4,25.5,0.0,observed
2025-04-18,1,25.1,25.6,24.9,0.0,observed
2025-04-19,1,25.2,25.4,24.9,0.0,observed
2025-04-20,1,25.2,25.6,24.6,0.0,observed
2025-04-21,1,25.6,26.5,24.7,0.3,observed
2025-04-22,1,26.1,27.4,24.4,1.4,observed
2025-04-23,1,27.3,28.3,26.4,0.0,observed
2025-04-24,1,26.3,26.7,25.7,1.6,observed
2025-04-25,1,27.3,28.7,26.4,1.3,observed
2025-04-26,1,29.1,31.5,26.4,0.0,observed
2025-04-27,1,30.0,31.8,28.8,0.0,observed
2025-04-28,1,29.7,30.5,29.2,0.0,observed
2025-04-29,1,29.3,30.3,28.3,0.0,observed
2025-04-30,1,29.1,29.9,27.9,0.0,observed
2025-05-01,1,28.3,28.8,27.8,0.0,observed
2025-05-02,1,28.4,29.2,27.7,0.0,observed
2025-05-03,1,28.8,29.4,28.1,0.0,observed
2025-05-04,1,29.1,29.9,28.0,0.0,observed
2025-05-05,1,29.5,30.5,28.4,0.0,observed
2025-05-06,1,29.3,30.4,28.7,0.0,observed
2025-05-07,1,28.2,29.2,27.4,0.0,observed
2025-05-08,1,27.6,27.9,27.1,0.0,observed
2025-05-09,1,27.1,27.5,26.7,0.0,observed
2025-05-10,1,27.4,28.4,26.5,0.0,observed
2025-05-11,1,28.5,29.1,27.9,0.0,observed
2025-05-12,1,29.3,30.8,27.5,0.0,observed
2025-05-13,1,30.3,32.6,28.1,0.0,observed
2025-05-14,1,30.4,31.9,29.3,0.0,observed
2025-05-15,1,29.7,30.5,28.6,0.0,observed
2025-05-16,1,29.2,29.7,28.7,0.0,observed
2025-05-17,1,29.0,29.4,28.5,0.0,observed
2025-05-18,1,28.6,29.1,28.1,0.0,observed
2025-05-19,1,28.8,29.6,27.9,0.0,observed
2025-05-20,1,29.5,30.3,28.6,0.0,observed
2025-05-21,1,29.9,30.8,28.8,0.0,observed
2025-05-22,1,30.7,32.0,28.9,0.0,observed
2025-05-23,1,31.0,33.4,28.7,0.0,observed
2025-05-24,1,31.1,32.0,30.0,0.0,observed
2025-05-25,1,30.9,31.9,29.9,0.0,observed
2025-05-26,1,31.2,32.6,30.1,0.1,observed
2025-05-27,1,30.3,31.8,29.0,0.0,observed
2025-05-28,1,29.8,30.0,29.1,0.1,observed
2025-05-29,1,30.3,31.0,29.1,0.1,observed
2025-05-30,1,30.5,31.0,29.6,0.2,observed
2025-05-31,1,30.5,31.0,29.9,0.0,observed
2025-06-01,1,29.8,30.3,29.4,0.0,observed
2025-06-02,1,30.0,30.5,29.3,0.0,observed
2025-06-03,1,30.1,31.0,29.0,0.0,observed
2025-06-04,1,30.0,30.3,29.5,0.0,observed
2025-06-05,1,30.0,30.5,29.4,0.0,observed
2025-06-06,1,30.0,30.4,29.0,0.0,observed
2025-06-07,1,30.0,31.7,28.6,0.0,observed
2025-06-08,1,30.9,31.9,30.4,0.0,observed
2025-06-09,1,31.7,33.0,30.8,0.0,observed
2025-06-10,1,32.3,33.7,31.0,0.0,observed
2025-06-11,1,32.5,33.8,31.4,0.0,observed
2025-06-12,1,32.2,32.8,31.6,0.0,observed
2025-06-13,1,31.4,32.1,30.5,0.0,observed
2025-06-14,1,31.4,31.9,30.9,0.0,observed
2025-06-15,1,31.3,32.2,30.1,0.0,observed
2025-06-16,1,33.2,35.8,30.4,0.1,observed
2025-06-17,1,32.4,32.9,31.6,0.0,observed
2025-06-18,1,31.5,32.1,30.5,0.2,observed
2025-06-19,1,31.6,33.1,30.5,0.0,observed
2025-06-20,1,31.4,32.3,30.5,0.2,observed
2025-06-21,1,31.7,32.5,30.9,0.0,observed
2025-06-22,1,31.7,32.1,31.5,0.5,observed
2025-06-23,1,31.5,31.8,31.3,0.0,observed
2025-06-24,1,31.3,31.7,30.7,0.0,observed
2025-06-25,1,31.2,32.1,30.4,0.0,observed
2025-06-26,1,31.2,32.1,30.2,0.0,observed
2025-06-27,1,31.9,33.1,30.7,0.0,observed
2025-06-28,1,32.5,34.0,31.0,0.0,observed
2025-06-29,1,32.3,33.3,31.6,0.0,observed
2025-06-30,1,32.1,32.7,31.5,0.0,observed
2025-07-01,1,32.8,34.0,31.7,0.0,observed
2025-07-02,1,32.1,32.6,31.7,0.0,observed
2025-07-03,1,32.0,32.6,31.6,0.0,observed
2025-07-04,1,31.8,33.1,31.2,0.0,observed
2025-07-05,1,31.7,32.3,31.2,0.0,observed
2025-07-06,1,31.7,32.0,31.4,0.0,observed
2025-07-07,1,31.7,32.1,31.0,0.0,observed
2025-07-08,1,31.7,32.4,31.0,0.0,observed
2025-07-09,1,31.3,32.0,30.7,0.0,observed
2025-07-10,1,32.1,32.6,31.4,0.1,observed
2025-07-11,1,32.1,34.9,30.5,0.0,observed
2025-07-12,1,33.1,34.6,32.0,0.0,observed
2025-07-13,1,33.9,36.3,31.5,0.0,observed
2025-07-14,1,33.1,35.5,32.0,0.0,observed
2025-07-15,1,32.9,33.6,32.2,0.0,observed
2025-07-16,1,33.0,33.6,32.1,0.0,observed
2025-07-17,1,32.9,34.4,31.6,0.0,observed
2025-07-18,1,34.4,36.0,33.3,0.0,observed
2025-07-19,1,33.7,34.9,31.9,0.0,observed
2025-07-20,1,32.6,33.4,31.8,0.0,observed
2025-07-21,1,34.4,36.0,32.5,0.0,observed
2025-07-22,1,34.3,36.9,32.6,0.0,observed
2025-07-23,1,32.7,33.6,32.0,0.0,observed
2025-07-24,1,32.9,34.7,31.5,0.0,observed
2025-07-25,1,34.3,35.7,32.6,0.0,observed
2025-07-26,1,34.0,34.8,32.8,0.0,observed
2025-07-27,1,33.7,34.3,32.6,0.0,observed
2025-07-28,1,34.0,35.2,32.7,0.0,observed
2025-07-29,1,34.0,35.3,32.8,0.0,observed
2025-07-30,1,33.4,34.2,32.6,0.0,observed
2025-07-31,1,34.8,36.6,33.5,0.0,observed
2025-08-01,1,36.3,38.6,34.3,0.0,observed
2025-08-02,1,35.1,36.9,33.4,0.0,observed
2025-08-03,1,34.6,36.0,33.9,0.0,observed
2025-08-04,1,34.5,35.6,33.3,0.0,observed
2025-08-05,1,34.6,35.5,33.1,0.0,observed
2025-08-06,1,34.7,35.7,33.7,0.0,observed
2025-08-07,1,34.7,36.3,34.0,0.0,observed
2025-08-08,1,33.9,35.7,33.1,0.0,observed
2025-08-09,1,34.0,35.0,32.7,0.0,observed
2025-08-10,1,34.2,34.6,33.6,0.0,observed
2025-08-11,1,34.2,35.0,33.1,0.0,observed
2025-08-12,1,33.7,34.7,32.4,0.0,observed
2025-08-13,1,33.8,34.3,33.2,0.2,observed
2025-08-14,1,34.0,34.4,33.6,0.0,observed
2025-08-15,1,34.4,36.6,32.6,0.0,observed
2025-08-16,1,34.0,35.9,31.8,0.0,observed
2025-08-17,1,34.3,35.7,33.1,0.0,observed
2025-08-18,1,33.8,35.0,33.1,0.0,observed
2025-08-19,1,33.2,34.0,32.9,0.0,observed
2025-08-20,1,34.3,35.4,33.1,0.0,observed
2025-08-21,1,33.5,34.6,32.7,0.0,observed
2025-08-22,1,33.0,33.8,32.5,0.0,observed
2025-08-23,1,33.2,33.8,32.5,0.0,observed
2025-08-24,1,32.7,33.6,31.9,0.0,observed
2025-08-25,1,33.8,34.6,32.9,0.0,observed
2025-08-26,1,33.9,35.0,32.1,0.0,observed
2025-08-27,1,34.3,35.8,32.8,0.0,observed
2025-08-28,1,34.2,36.2,32.2,0.0,observed
2025-08-29,1,33.8,34.6,32.9,0.0,observed
2025-08-30,1,33.7,34.3,33.2,0.0,observed
2025-08-31,1,33.7,37.0,32.0,0.0,observed
2025-09-01,1,33.2,34.4,32.0,0.1,observed
2025-09-02,1,33.2,34.0,32.4,0.4,observed
2025-09-03,1,33.5,34.5,32.5,0.0,observed
2025-09-04,1,34.6,36.6,32.9,0.0,observed
2025-09-05,1,34.0,35.4,32.9,0.0,observed
2025-09-06,1,34.2,35.2,33.1,0.0,observed
2025-09-07,1,33.4,33.8,33.2,0.0,observed
2025-09-08,1,33.2,33.7,32.8,0.0,observed
2025-09-09,1,34.1,35.6,32.8,0.0,observed
2025-09-10,1,33.4,35.3,32.1,0.0,observed
2025-09-11,1,33.9,35.7,32.5,0.0,observed
2025-09-12,1,33.7,35.5,32.6,0.0,observed
2025-09-13,1,33.0,34.9,31.4,0.0,observed
2025-09-14,1,32.8,34.6,31.2,0.0,observed
2025-09-15,1,32.4,33.2,31.3,0.0,observed
2025-09-16,1,32.3,32.9,31.6,0.0,observed
2025-09-17,1,32.2,32.6,31.8,0.0,observed
2025-09-18,1,32.7,33.1,32.3,0.0,observed
2025-09-19,1,32.3,33.4,31.2,0.0,observed
2025-09-20,1,33.0,35.0,31.3,0.0,observed
2025-09-21,1,32.7,34.1,30.8,0.0,observed
2025-09-22,1,32.3,32.8,31.6,0.0,observed
2025-09-23,1,31.3,32.3,30.5,0.0,observed
2025-09-24,1,33.0,33.7,32.4,0.0,observed
2025-09-25,1,32.5,33.3,32.0,0.0,observed
2025-09-26,1,32.3,33.0,32.0,0.0,observed
2025-09-27,1,32.8,34.5,31.9,0.0,observed
2025-09-28,1,32.3,33.1,31.6,0.0,observed
2025-09-29,1,32.3,32.6,32.0,0.0,observed
2025-09-30,1,32.2,32.9,31.5,0.0,observed
2025-10-01,1,32.0,32.5,31.6,0.0,observed
2025-10-02,1,31.4,31.9,30.9,0.0,observed
2025-10-03,1,31.8,32.3,31.0,0.0,observed
2025-10-04,1,32.3,32.5,31.9,0.0,observed
2025-10-05,1,31.8,32.3,31.5,0.0,observed
2025-10-06,1,31.2,32.2,30.6,0.0,observed
2025-10-07,1,31.5,32.3,30.5,0.0,observed
2025-10-08,1,30.9,31.7,30.1,0.0,observed
2025-10-09,1,31.6,32.4,30.7,0.0,observed
2025-10-10,1,31.5,31.9,31.1,0.0,observed
2025-10-11,1,30.7,31.4,29.9,0.0,observed
2025-10-12,1,31.3,32.5,30.4,0.0,observed
2025-10-13,1,31.7,32.2,31.4,0.0,observed
2025-10-14,1,31.4,31.7,31.2,0.1,observed
2025-10-15,1,30.9,31.5,30.3,0.0,observed
2025-10-16,1,30.6,31.8,29.8,0.0,observed
2025-10-17,1,30.7,31.5,30.0,0.0,observed
2025-10-18,1,30.7,31.6,29.9,0.0,observed
2025-10-19,1,29.9,30.5,29.5,0.0,observed
2025-10-20,1,30.4,30.7,30.1,0.0,observed
2025-10-21,1,30.5,31.1,29.8,0.0,observed
2025-10-22,1,30.7,31.4,30.0,0.0,observed
2025-10-23,1,30.4,31.4,30.0,0.0,observed
2025-10-24,1,30.5,31.1,29.9,0.0,observed
2025-10-25,1,29.5,29.9,29.2,0.0,observed
2025-10-26,1,28.7,29.2,28.0,0.0,observed
2025-10-27,1,29.5,30.8,28.8,0.0,observed
2025-10-28,1,30.1,30.9,29.5,0.0,observed
2025-10-29,1,30.1,30.4,29.8,0.0,observed
2025-10-30,1,30.0,30.1,29.8,0.0,observed
2025-10-31,1,30.0,30.2,29.8,0.0,observed
2025-11-01,1,30.4,30.7,30.1,0.0,observed
2025-11-02,1,29.5,30.1,28.8,0.0,observed
2025-11-03,1,29.1,29.5,28.6,0.0,observed
2025-11-04,1,29.5,30.3,28.8,0.0,observed
2025-11-05,1,29.2,30.2,28.5,0.0,observed
2025-11-06,1,28.9,29.6,28.2,0.0,observed
2025-11-07,1,28.4,29.1,27.6,0.0,observed
2025-11-08,1,28.1,29.0,27.2,0.0,observed
2025-11-09,1,28.7,28.9,28.5,0.0,observed
2025-11-10,1,28.3,28.5,27.9,0.0,observed
2025-11-11,1,28.4,28.7,28.3,0.0,observed
2025-11-12,1,29.0,29.7,28.6,0.3,observed
2025-11-13,1,28.4,28.9,28.0,0.0,observed
2025-11-14,1,28.5,28.7,28.2,0.0,observed
2025-11-15,1,28.4,28.6,28.0,0.0,observed
2025-11-16,1,28.2,28.5,27.6,0.0,observed
2025-11-17,1,27.9,28.3,27.3,0.0,observed
2025-11-18,1,27.7,28.2,27.1,0.0,observed
2025-11-19,1,28.0,28.6,26.9,0.0,observed
2025-11-20,1,27.6,28.0,26.9,0.0,observed
2025-11-21,1,27.7,28.3,27.3,0.0,observed
2025-11-22,1,28.2,29.2,27.0,0.0,observed
2025-11-23,1,28.2,28.9,27.1,0.0,observed
2025-11-24,1,27.7,28.3,27.2,0.1,observed
2025-11-25,1,27.5,27.7,27.2,0.0,observed
2025-11-26,1,26.8,27.3,26.2,0.0,observed
2025-11-27,1,26.4,26.7,25.9,0.0,observed
2025-11-28,1,25.9,26.1,25.6,0.0,observed
2025-11-29,1,26.1,26.4,25.8,0.0,observed
2025-11-30,1,26.2,26.6,25.5,0.0,observed
2025-12-01,1,26.0,26.3,25.6,0.0,observed
2025-12-02,1,26.1,26.4,25.8,0.0,observed
2025-12-03,1,26.1,26.4,25.7,0.0,observed
2025-12-04,1,26.2,26.6,25.6,0.0,observed
2025-12-05,1,26.4,27.1,25.9,0.0,observed
2025-12-06,1,25.8,26.3,25.2,0.1,observed
2025-12-07,1,26.6,27.2,26.0,0.0,observed
2025-12-08,1,26.9,28.3,25.6,0.0,observed
2025-12-09,1,26.1,26.9,25.3,0.0,observed
2025-12-10,1,25.8,26.6,24.6,0.0,observed
2025-12-11,1,26.3,27.1,25.5,0.0,observed
2025-12-12,1,26.6,27.3,25.7,0.0,observed
2025-12-13,1,25.9,26.5,25.1,0.2,observed
2025-12-14,1,24.8,26.0,23.7,2.6,observed
2025-12-15,1,25.7,26.9,24.5,0.5,observed
2025-12-16,1,24.5,25.2,23.4,4.8,observed
2025-12-17,1,24.7,25.8,23.4,13.3,observed
2025-12-18,1,24.9,25.9,24.2,66.9,observed
2025-12-19,1,21.9,25.0,20.8,57.6,observed
2025-12-20,1,21.5,21.9,21.2,0.9,observed
2025-12-21,1,21.6,22.6,20.6,0.0,observed
2025-12-22,1,22.1,22.5,21.9,0.0,observed
2025-12-23,1,22.4,22.6,22.1,0.0,observed
2025-12-24,1,22.5,22.8,22.2,0.0,observed
2025-12-25,1,22.9,23.4,22.3,0.0,observed
2025-12-26,1,22.9,23.2,22.6,0.0,observed
2025-12-27,1,22.7,23.0,22.6,0.0,observed
2025-12-28,1,24.0,25.2,22.8,0.0,observed
2025-12-29,1,23.6,24.5,22.5,0.9,observed
2025-12-30,1,22.8,23.4,22.0,0.0,observed
2025-12-31,1,21.4,22.6,20.7,0.0,observed
2026-01-01,1,21.0,21.7,20.5,0.0,observed
2026-01-02,1,22.4,23.0,21.6,0.0,observed
2026-01-03,1,23.2,23.5,23.0,0.0,observed
2026-01-04,1,23.7,24.0,22.9,0.0,observed
2026-01-05,1,23.0,23.4,22.4,0.0,observed
2026-01-06,1,22.8,23.2,22.4,0.0,observed
2026-01-07,1,22.4,22.7,21.9,0.0,observed
2026-01-08,1,22.0,22.3,21.7,0.0,observed
2026-01-09,1,22.0,22.5,21.6,0.0,observed
2026-01-10,1,21.9,22.6,21.1,0.0,observed
2026-01-11,1,22.4,22.7,22.3,0.0,observed
2026-01-12,1,21.9,22.2,21.6,0.0,observed
2026-01-13,1,21.5,21.7,21.1,0.0,observed
2026-01-14,1,22.3,23.0,21.4,0.0,observed
2026-01-15,1,22.9,23.6,21.8,0.2,observed
2026-01-16,1,21.0,21.5,20.6,0.0,observed
2026-01-17,1,20.7,20.9,20.5,0.0,observed
2026-01-18,1,20.9,21.1,20.7,0.0,observed
2026-01-19,1,20.9,21.4,20.6,0.0,observed
2026-01-20,1,22.1,22.8,21.4,0.0,observed
2026-01-21,1,20.9,22.3,18.9,0.0,observed
2026-01-22,1,18.8,19.8,18.3,0.0,observed
2026-01-23,1,19.7,20.5,18.7,0.0,observed
2026-01-24,1,19.9,20.7,19.0,0.0,observed
2026-01-25,1,21.3,22.1,20.4,0.9,observed
2026-01-26,1,20.8,21.6,20.3,0.8,observed
2026-01-27,1,21.2,21.8,20.7,0.0,observed
2026-01-28,1,21.4,21.9,20.8,0.0,observed
2026-01-29,1,21.5,21.9,20.7,0.0,observed
2026-01-30,1,21.5,21.8,21.1,0.0,observed
2026-01-31,1,20.9,21.0,20.8,0.0,observed
2026-02-01,1,21.4,21.7,21.1,0.0,observed
2026-02-02,1,21.4,22.1,21.0,0.0,observed
2026-02-03,1,21.6,22.6,20.6,0.0,observed
2026-02-04,1,22.5,24.1,21.3,0.0,observed
2026-02-05,1,22.1,22.8,21.4,0.0,observed
2026-02-06,1,22.1,22.7,21.6,0.1,observed
2026-02-07,1,22.0,22.5,21.5,0.2,observed
2026-02-08,1,22.3,22.5,21.9,0.7,observed
2026-02-09,1,22.4,22.8,21.9,0.0,observed
2026-02-10,1,22.4,22.6,22.1,0.0,observed
2026-02-11,1,22.8,24.1,21.7,0.0,observed
2026-02-12,1,22.9,24.5,21.5,0.0,observed
2026-02-13,1,22.9,24.2,21.9,0.0,observed
2026-02-14,1,22.9,23.9,21.9,0.0,observed
2026-02-15,1,23.3,23.9,22.4,0.0,observed
2026-02-16,1,22.8,23.2,22.5,0.0,observed
2026-02-17,1,23.2,24.0,22.3,0.0,observed
2026-02-18,1,23.3,24.2,22.5,0.0,observed
2026-02-19,1,23.4,24.5,22.5,0.0,observed
2026-02-20,1,23.4,24.9,22.6,0.0,observed
2026-02-21,1,23.4,24.6,22.5,0.0,observed
2026-02-22,1,23.3,23.4,23.1,0.0,observed
2026-02-23,1,23.3,23.6,22.9,0.0,observed
2026-02-24,1,23.7,24.3,22.9,0.0,observed
2026-02-25,1,23.6,24.7,22.4,0.0,observed
2026-02-26,1,23.0,23.5,22.3,0.0,observed
2026-02-27,1,21.9,22.2,21.4,0.0,observed
2026-02-28,1,22.9,23.4,22.2,0.0,observed
2026-03-01,1,23.9,24.9,23.4,0.0,observed
2026-03-02,1,23.9,24.4,23.3,0.0,observed
2026-03-03,1,23.9,24.4,23.0,0.0,observed
2026-03-04,1,23.4,24.2,22.9,0.0,observed
2026-03-05,1,23.2,23.5,22.6,0.0,observed
2026-03-06,1,22.7,23.0,22.4,0.0,observed
2026-03-07,1,23.2,23.4,22.9,0.0,observed
2026-03-08,1,23.2,23.6,22.8,0.0,observed
2026-03-09,1,23.7,24.0,23.4,0.7,observed
2026-03-10,1,23.8,24.7,22.4,1.0,observed
2026-03-11,1,23.3,24.2,22.1,0.4,observed
2026-03-12,1,24.2,25.3,23.3,0.0,observed
2026-03-13,1,24.3,24.8,23.7,0.0,observed
2026-03-14,1,24.2,24.6,23.9,0.0,observed
2026-03-15,1,24.5,25.2,23.6,0.0,observed
2026-03-16,1,24.8,25.5,23.8,0.0,observed
2026-03-17,1,25.0,25.6,24.2,0.0,observed
2026-03-18,1,24.1,24.5,23.5,0.0,observed
2026-03-19,1,23.6,24.0,23.3,0.0,observed
2026-03-20,1,24.0,25.8,22.9,0.4,observed
2026-03-21,1,23.7,25.0,22.7,18.0,observed
2026-03-22,1,24.4,25.4,23.0,1.1,observed
2026-03-23,1,24.6,25.1,23.8,49.0,observed
2026-03-24,1,22.8,23.9,22.0,27.8,observed
2026-03-25,1,23.5,24.4,22.0,15.2,observed
2026-03-26,1,25.0,26.7,23.3,3.8,observed
2026-03-27,1,22.5,25.4,20.5,23.3,observed
2026-03-28,1,22.2,22.5,22.0,0.0,observed
2026-03-29,1,22.2,22.9,21.8,0.0,observed
2026-03-30,1,23.1,23.3,22.8,0.0,observed
2026-03-31,1,22.5,23.4,20.7,4.2,observed
2026-04-01,1,22.9,23.6,22.3,0.1,observed
2026-04-02,1,22.9,23.3,22.5,0.0,observed
2026-04-03,1,23.0,23.1,22.9,0.0,observed
2026-04-04,1,22.9,23.2,22.8,0.0,observed
2026-04-05,1,23.4,23.8,23.0,0.0,observed
2026-04-06,1,23.7,23.9,23.3,0.0,observed
2026-04-07,1,23.2,23.5,22.7,0.0,observed
2026-04-08,1,23.2,23.6,22.6,0.0,observed
2026-04-09,1,24.0,25.8,22.7,2.3,observed
2026-04-10,1,23.5,24.3,22.6,0.0,observed
2026-04-11,1,23.0,23.5,22.3,1.5,observed
2026-04-12,1,23.8,24.3,23.4,0.1,observed
2026-04-13,1,23.9,24.5,23.2,0.1,observed
2026-04-14,1,23.8,24.5,23.4,0.0,observed
2026-04-15,1,23.7,24.1,23.3,0.0,observed
2026-04-16,1,23.5,23.8,23.2,0.1,observed
2026-04-17,1,23.9,24.5,23.2,0.3,observed
2026-04-18,1,24.1,24.5,23.7,0.0,observed
2026-04-19,1,24.3,25.5,23.0,0.8,observed
2026-04-20,1,24.5,25.2,23.7,0.1,observed
2026-04-21,1,25.3,27.0,24.1,0.4,observed
2026-04-22,1,26.2,27.1,25.6,0.0,observed
2026-04-23,1,26.2,26.8,25.8,0.0,observed
2026-04-24,1,26.4,26.9,25.7,0.0,observed
2026-04-25,1,26.1,26.8,25.7,0.0,observed
2026-04-26,1,26.6,27.4,25.9,0.1,observed
2026-04-27,1,26.9,27.7,26.5,0.0,observed
2026-04-28,1,27.7,28.7,26.4,0.0,observed
2026-04-29,1,27.9,28.2,27.5,0.0,observed
2026-04-30,1,27.6,28.4,26.5,0.0,observed
2026-05-01,1,27.3,28.4,26.3,0.0,observed
2026-05-02,1,28.0,29.0,27.1,0.0,observed
2026-05-03,1,28.4,29.1,27.7,0.0,observed
2026-05-04,1,27.4,28.0,26.4,0.0,observed
2026-05-05,1,28.7,30.5,27.1,0.0,observed
2026-05-06,1,29.2,31.1,27.7,0.0,observed
2026-05-07,1,28.6,29.6,27.2,0.0,observed
2026-05-08,1,28.1,28.5,27.6,0.0,observed
2026-05-09,1,28.7,29.4,28.0,0.0,observed
2026-05-10,1,28.2,28.6,27.5,0.0,observed
2026-05-11,1,27.9,29.1,27.3,0.0,observed
2026-05-12,1,27.5,28.3,26.6,0.0,observed
2026-05-13,1,27.8,28.7,26.6,0.0,observed
2026-05-14,1,28.8,29.3,28.0,0.0,observed
2026-05-15,1,28.6,29.1,28.0,0.0,observed
2026-05-16,1,27.8,28.2,27.2,0.0,observed
2026-05-17,1,28.3,29.4,27.2,0.0,observed
2026-05-18,1,28.3,28.8,27.8,0.0,observed
2026-05-19,1,27.9,28.6,27.2,0.0,observed
2026-05-20,1,27.9,28.6,27.0,0.0,observed
2026-05-21,1,27.9,28.9,27.2,0.0,observed
2026-05-22,1,27.9,29.1,26.9,0.0,observed
2026-05-23,1,28.0,29.0,27.3,0.0,observed
2026-05-24,1,28.8,31.3,27.2,0.0,observed
2026-05-25,1,28.6,30.1,27.5,0.0,observed
2026-05-26,1,29.1,30.1,27.9,0.0,observed
2026-05-27,1,29.2,30.0,28.3,0.0,observed
2026-05-28,1,29.5,30.3,28.9,0.0,observed
2026-05-29,1,30.0,31.1,28.7,0.0,observed
2026-05-30,1,30.3,31.2,29.5,0.0,observed
2026-05-31,1,30.4,31.1,29.4,0.0,observed
2026-06-01,1,29.6,30.2,29.2,0.0,observed
2026-06-02,1,30.1,30.7,29.5,0.0,observed
2026-06-03,1,30.3,30.8,29.8,0.0,observed
2026-06-04,1,30.5,31.2,29.5,0.0,observed
2026-06-05,1,29.9,30.9,29.0,0.0,observed
2026-06-06,1,29.5,30.3,28.8,0.0,observed
2026-06-07,1,30.1,31.4,28.6,0.0,observed
2026-06-08,1,30.8,32.4,29.3,0.0,observed
2026-06-09,1,30.2,31.0,29.5,0.0,observed
2026-06-10,1,30.2,30.7,29.6,0.0,observed
2026-06-11,1,30.5,31.0,29.9,0.0,observed
2026-06-12,1,29.9,30.5,29.1,0.0,observed
2026-06-13,1,30.4,32.4,29.0,0.0,observed
2026-06-14,1,30.6,32.0,29.1,0.0,observed
2026-06-15,1,30.4,31.1,29.3,0.0,observed
2026-06-16,1,30.2,30.7,29.4,0.0,observed
2026-06-17,1,30.4,32.7,28.8,0.0,observed
2026-06-18,1,31.4,33.4,30.1,0.0,observed
2026-06-19,1,31.9,33.5,30.3,0.0,observed
2026-06-20,1,31.6,32.8,30.5,0.0,observed
2026-06-21,1,31.2,31.6,30.4,0.0,observed
2026-06-22,1,31.8,34.0,30.4,0.0,observed
2026-06-23,1,32.4,34.1,30.8,0.0,observed
2026-06-24,1,32.0,33.4,30.6,0.0,observed
2026-06-25,1,31.8,32.6,30.6,0.0,observed
2026-06-26,1,32.0,32.5,31.1,0.0,observed
2026-06-27,1,31.6,33.2,29.9,0.0,observed
2026-06-28,1,32.2,33.1,31.2,0.0,observed
2026-06-29,1,32.0,32.8,31.1,0.0,observed
2026-06-30,1,31.7,32.0,31.3,0.1,observed
2026-07-01,1,31.6,32.1,30.9,0.0,observed
2026-07-02,1,31.9,33.0,31.0,0.0,observed
2026-07-03,1,32.7,34.6,30.3,0.0,observed
2026-07-04,1,32.6,33.0,31.7,0.0,observed
2026-07-05,1,33.0,33.6,32.5,0.0,observed
2026-07-06,1,32.5,33.1,31.9,0.0,observed
2026-07-07,1,32.3,33.0,31.7,0.0,observed
2026-07-08,1,32.5,33.3,31.7,0.0,observed
2026-07-09,1,32.5,32.8,32.3,0.0,observed
2026-07-10,1,32.7,33.5,32.1,0.0,observed
2026-07-11,1,32.8,33.4,31.9,0.0,observed
2026-07-12,1,32.3,33.0,31.6,0.1,observed
2026-07-13,1,32.1,32.8,31.6,0.2,observed
2026-07-14,1,33.9,36.1,31.5,0.1,observed
2026-07-15,1,35.1,36.4,32.9,0.0,observed
2026-07-16,1,34.0,36.0,31.9,0.0,observed
2026-07-17,1,33.6,35.5,31.3,0.0,observed
2026-07-18,1,33.4,35.3,31.9,0.0,observed
2026-07-19,1,33.3,34.1,32.0,0.0,observed
2026-07-20,1,33.7,34.9,32.7,0.0,observed
2026-07-21,1,33.3,33.9,32.6,0.0,observed
2026-07-22,1,33.5,33.8,33.1,0.0,observed
2026-07-23,1,33.0,33.7,32.4,0.0,observed
2026-07-24,1,34.2,35.9,31.9,0.0,observed
2026-07-25,1,33.7,35.3,32.4,0.0,observed
2026-07-26,1,33.8,34.8,32.5,0.0,observed
2026-07-27,1,33.7,34.6,32.9,0.0,observed
2026-07-28,1,33.9,34.9,32.9,0.0,observed
2026-07-29,1,34.1,35.8,32.3,0.0,observed
2026-07-30,1,34.8,36.8,32.8,0.0,observed
2026-07-31,1,35.0,37.0,33.4,0.0,observed
2026-08-01,1,34.0,34.6,33.0,0.0,observed
2026-08-02,1,34.2,35.3,33.0,0.0,observed
2026-08-03,1,34.9,36.1,33.1,0.0,observed
2026-08-04,1,35.5,36.9,33.7,0.0,observed
2026-08-05,1,35.4,36.3,34.2,0.0,observed
2026-08-06,1,34.2,35.3,33.1,0.0,observed
2026-08-07,1,35.0,36.4,32.8,0.0,observed
2026-08-08,1,35.6,36.6,34.1,0.0,observed
2026-08-09,1,35.7,36.6,34.6,0.0,observed
2026-08-10,1,35.4,36.4,34.2,0.0,observed
2026-08-11,1,34.7,35.1,34.2,0.0,observed
2026-08-12,1,34.6,35.6,33.6,0.0,observed
2026-08-13,1,34.7,37.0,32.9,0.0,observed
2026-08-14,1,34.6,35.2,33.8,0.0,observed
2026-08-15,1,34.1,35.1,33.2,0.0,observed
2026-08-16,1,34.2,35.4,32.8,0.0,observed
2026-08-17,1,34.7,35.6,33.8,0.0,observed
2026-08-18,1,34.8,36.8,33.0,0.0,observed
2026-08-19,1,34.3,34.8,33.7,0.0,observed
2026-08-20,1,33.3,33.6,32.9,0.1,observed
2026-08-21,1,33.7,34.8,32.7,0.1,observed
2026-08-22,1,35.0,36.5,33.8,0.1,observed
2026-08-23,1,35.4,36.0,35.0,0.1,observed
2026-08-24,1,34.7,35.4,33.7,0.0,observed
2026-08-25,1,34.9,35.9,33.9,0.0,observed
2026-08-26,1,34.8,36.0,33.5,0.0,observed
2026-08-27,1,34.3,34.8,34.0,0.0,observed
2026-08-28,1,34.2,35.1,33.3,0.0,observed
2026-08-29,1,34.7,41.3,29.7,0.0,observed
2026-08-30,1,34.8,40.3,28.5,0.0,observed
2026-08-31,1,35.0,40.4,30.3,0.0,observed
2026-09-01,1,34.5,38.6,29.8,0.0,observed
2026-09-02,1,35.1,40.8,30.4,0.0,observed
2026-09-03,1,35.7,40.8,31.4,0.0,observed
2026-09-04,1,35.1,39.4,32.0,0.0,observed
2026-09-05,1,35.3,41.1,30.2,0.0,observed
2026-09-06,1,35.4,40.4,30.8,0.0,observed
2026-09-07,1,35.6,41.3,30.3,0.0,observed
2026-09-08,1,35.6,40.8,31.3,0.0,observed
2026-09-09,1,35.4,41.1,31.1,0.0,observed
2026-09-10,1,35.4,40.3,31.1,0.0,observed
2026-09-11,1,34.7,39.3,30.3,0.0,observed
2026-09-12,1,35.4,42.6,30.2,0.0,observed
2026-09-13,1,34.8,40.3,31.0,0.0,observed
2026-09-14,1,34.2,39.2,29.8,0.0,observed
2026-09-15,1,33.5,38.4,28.8,0.0,observed
2026-09-16,1,33.1,37.9,28.0,0.0,observed
2026-09-17,1,33.4,37.3,28.8,0.0,observed
2026-09-18,1,32.9,37.2,27.8,0.0,observed
2026-09-19,1,33.1,39.4,27.1,0.0,observed
2026-09-20,1,33.5,41.1,27.9,0.0,observed
2026-09-21,1,33.5,39.5,28.2,0.0,observed
2026-09-22,1,32.7,37.5,27.6,0.0,observed
2026-09-23,1,33.4,39.7,29.6,0.0,observed
2026-09-24,1,32.5,38.3,27.7,0.0,observed
2026-09-25,1,32.5,36.2,28.3,0.0,observed
2026-09-26,1,32.0,35.6,28.3,0.0,observed
2026-09-27,1,32.1,36.1,27.8,0.0,observed
2026-09-28,1,32.9,38.2,28.6,0.0,observed
2026-09-29,1,32.1,38.7,26.5,0.0,forecast
2026-09-30,1,31.7,37.6,27.4,0.0,forecast
2026-10-01,1,33.1,40.4,28.1,0.0,forecast
2026-10-02,1,33.1,38.7,28.5,0.0,forecast
2026-10-03,1,32.7,37.8,28.3,0.0,forecast
2026-10-04,1,32.2,35.9,28.3,0.0,forecast
2026-10-05,1,32.6,34.7,29.7,0.0,forecast
2026-10-06,1,32.4,34.8,28.9,0.0,forecast
2026-10-07,1,34.4,38.4,29.6,0.0,forecast
2026-10-08,1,33.4,37.2,29.2,0.0,forecast
2026-10-09,1,31.2,33.8,27.6,0.0,forecast
2026-10-10,1,31.5,34.2,28.1,0.0,forecast
2026-10-11,1,31.3,34.5,27.5,0.0,forecast
2026-10-12,1,32.8,36.5,27.8,0.0,forecast
2026-10-13,1,31.9,36.7,27.3,0.0,forecast
2025-01-01,2,23.3,24.3,22.1,3.1,observed
2025-01-02,2,22.0,22.3,21.5,0.0,observed
2025-01-03,2,20.8,22.3,20.3,0.9,observed
2025-01-04,2,21.3,21.7,20.9,0.0,observed
2025-01-05,2,21.3,21.6,21.1,0.0,observed
2025-01-06,2,21.8,22.9,21.0,0.0,observed
2025-01-07,2,22.1,23.3,20.7,0.0,observed
2025-01-08,2,22.0,22.7,21.5,0.0,observed
2025-01-09,2,21.9,22.3,21.6,0.1,observed
2025-01-10,2,22.6,23.2,21.7,0.0,observed
2025-01-11,2,23.1,23.8,22.5,0.0,observed
2025-01-12,2,22.3,23.2,21.1,0.0,observed
2025-01-13,2,22.8,23.2,22.1,0.0,observed
2025-01-14,2,21.8,21.9,21.6,0.0,observed
2025-01-15,2,22.2,23.0,21.5,0.0,observed
2025-01-16,2,22.3,22.9,21.5,0.0,observed
2025-01-17,2,21.5,21.9,21.0,0.0,observed
2025-01-18,2,21.6,22.0,21.2,0.0,observed
2025-01-19,2,21.3,21.5,21.0,0.0,observed
2025-01-20,2,21.0,21.4,20.6,0.0,observed
2025-01-21,2,21.3,21.5,21.1,0.0,observed
2025-01-22,2,21.8,22.2,21.5,0.0,observed
2025-01-23,2,21.4,22.0,20.5,0.0,observed
2025-01-24,2,21.5,22.2,20.8,0.0,observed
2025-01-25,2,21.3,22.1,20.6,0.0,observed
2025-01-26,2,22.0,22.5,21.4,0.0,observed
2025-01-27,2,22.4,22.8,22.0,0.0,observed
2025-01-28,2,22.5,22.7,22.2,0.0,observed
2025-01-29,2,21.6,22.1,21.5,0.0,observed
2025-01-30,2,21.7,22.0,21.2,0.0,observed
2025-01-31,2,21.1,21.7,20.5,0.4,observed
2025-02-01,2,21.7,22.0,21.3,0.0,observed
2025-02-02,2,21.2,21.8,20.5,1.3,observed
2025-02-03,2,21.0,21.3,20.7,0.0,observed
2025-02-04,2,20.6,21.4,20.2,0.0,observed
2025-02-05,2,20.5,21.0,20.0,0.0,observed
2025-02-06,2,22.1,23.7,20.8,0.0,observed
2025-02-07,2,22.0,23.5,20.4,0.0,observed
2025-02-08,2,21.5,22.3,20.5,0.0,observed
2025-02-09,2,21.1,21.3,20.8,0.0,observed
2025-02-10,2,20.5,20.9,20.3,0.0,observed
2025-02-11,2,21.5,22.2,20.6,0.0,observed
2025-02-12,2,22.6,24.5,20.8,0.0,observed
2025-02-13,2,23.0,24.1,22.1,0.0,observed
2025-02-14,2,22.9,23.5,22.1,0.0,observed
2025-02-15,2,22.0,22.3,21.6,0.0,observed
2025-02-16,2,22.3,22.7,22.1,0.2,observed
2025-02-17,2,23.3,25.5,22.4,0.0,observed
2025-02-18,2,22.6,23.2,21.6,0.3,observed
2025-02-19,2,22.1,22.5,21.6,0.0,observed
2025-02-20,2,22.3,23.2,21.6,0.0,observed
2025-02-21,2,23.2,24.2,22.6,0.0,observed
2025-02-22,2,22.4,22.8,22.1,0.0,observed
2025-02-23,2,23.8,25.5,22.2,0.0,observed
2025-02-24,2,23.0,24.2,22.6,0.2,observed
2025-02-25,2,21.6,22.7,20.4,0.0,observed
2025-02-26,2,20.3,20.9,20.1,0.0,observed
2025-02-27,2,20.4,21.5,19.4,0.1,observed
2025-02-28,2,20.5,20.8,20.1,0.0,observed
2025-03-01,2,20.3,20.5,20.1,0.0,observed
2025-03-02,2,21.0,21.4,20.4,0.0,observed
2025-03-03,2,20.9,21.4,20.3,0.0,observed
2025-03-04,2,22.3,24.2,20.8,0.0,observed
2025-03-05,2,22.5,24.6,21.3,0.0,observed
2025-03-06,2,22.5,23.8,21.3,0.0,observed
2025-03-07,2,24.3,26.1,23.2,0.0,observed
2025-03-08,2,24.8,26.8,23.0,0.0,observed
2025-03-09,2,23.7,24.6,23.1,0.0,observed
2025-03-10,2,23.5,24.4,23.2,0.6,observed
2025-03-11,2,25.5,28.2,23.5,0.0,observed
2025-03-12,2,23.9,25.4,22.8,0.0,observed
2025-03-13,2,23.0,23.7,22.3,0.0,observed
2025-03-14,2,22.7,23.0,22.2,0.0,observed
2025-03-15,2,23.2,24.1,22.4,0.0,observed
2025-03-16,2,23.9,26.1,22.9,0.0,observed
2025-03-17,2,23.3,23.8,23.1,0.0,observed
2025-03-18,2,23.2,23.6,22.8,0.0,observed
2025-03-19,2,23.0,23.7,21.8,0.0,observed
2025-03-20,2,23.7,25.0,22.1,0.0,observed
2025-03-21,2,26.1,28.3,24.6,0.0,observed
2025-03-22,2,25.6,27.0,24.1,0.0,observed
2025-03-23,2,24.8,25.3,24.2,0.0,observed
2025-03-24,2,23.4,24.0,21.8,0.1,observed
2025-03-25,2,21.8,22.3,21.4,0.0,observed
2025-03-26,2,22.3,22.6,21.6,0.0,observed
2025-03-27,2,22.9,23.8,22.1,0.0,observed
2025-03-28,2,23.8,25.4,23.1,0.0,observed
2025-03-29,2,23.8,24.9,22.7,0.0,observed
2025-03-30,2,24.5,26.3,23.3,0.0,observed
2025-03-31,2,25.5,27.2,24.6,0.0,observed
2025-04-01,2,24.8,25.3,24.1,0.0,observed
2025-04-02,2,24.3,25.2,23.5,0.0,observed
2025-04-03,2,25.5,26.9,23.9,0.0,observed
2025-04-04,2,27.2,28.9,25.7,0.0,observed
2025-04-05,2,27.7,29.3,26.4,0.0,observed
2025-04-06,2,27.5,28.3,26.8,0.0,observed
2025-04-07,2,26.3,27.0,25.3,0.0,observed
2025-04-08,2,26.2,27.0,24.8,0.0,observed
2025-04-09,2,25.6,26.2,25.2,0.0,observed
2025-04-10,2,25.4,26.3,24.2,0.0,observed
2025-04-11,2,26.4,27.4,24.4,0.0,observed
2025-04-12,2,27.2,27.8,26.2,0.0,observed
2025-04-13,2,28.5,30.2,26.7,0.0,observed
2025-04-14,2,27.7,29.2,26.3,0.0,observed
2025-04-15,2,27.4,28.1,26.3,0.0,observed
2025-04-16,2,26.9,27.5,26.2,0.0,observed
2025-04-17,2,25.9,26.4,25.5,0.0,observed
2025-04-18,2,25.1,25.6,24.9,0.0,observed
2025-04-19,2,25.2,25.5,24.9,0.0,observed
2025-04-20,2,25.2,25.6,24.6,0.0,observed
2025-04-21,2,25.6,26.5,24.7,0.3,observed
2025-04-22,2,26.2,27.4,24.5,1.4,observed
2025-04-23,2,27.4,28.4,26.4,0.0,observed
2025-04-24,2,26.3,26.7,25.7,1.6,observed
2025-04-25,2,27.3,28.7,26.4,1.3,observed
2025-04-26,2,29.1,31.5,26.4,0.0,observed
2025-04-27,2,30.0,31.8,28.8,0.0,observed
2025-04-28,2,29.7,30.5,29.2,0.0,observed
2025-04-29,2,29.3,30.3,28.3,0.0,observed
2025-04-30,2,29.1,29.9,27.9,0.0,observed
2025-05-01,2,28.3,28.9,27.8,0.0,observed
2025-05-02,2,28.5,29.2,27.7,0.0,observed
2025-05-03,2,28.8,29.4,28.1,0.0,observed
2025-05-04,2,29.1,29.9,28.0,0.0,observed
2025-05-05,2,29.5,30.5,28.5,0.0,observed
2025-05-06,2,29.3,30.5,28.7,0.0,observed
2025-05-07,2,28.2,29.3,27.5,0.0,observed
2025-05-08,2,27.6,27.9,27.1,0.0,observed
2025-05-09,2,27.1,27.5,26.7,0.0,observed
2025-05-10,2,27.4,28.4,26.5,0.0,observed
2025-05-11,2,28.6,29.1,27.9,0.0,observed
2025-05-12,2,29.3,30.8,27.5,0.0,observed
2025-05-13,2,30.4,32.6,28.1,0.0,observed
2025-05-14,2,30.4,31.9,29.4,0.0,observed
2025-05-15,2,29.7,30.5,28.6,0.0,observed
2025-05-16,2,29.2,29.7,28.7,0.0,observed
2025-05-17,2,29.0,29.4,28.5,0.0,observed
2025-05-18,2,28.6,29.1,28.1,0.0,observed
2025-05-19,2,28.8,29.6,27.9,0.0,observed
2025-05-20,2,29.5,30.3,28.6,0.0,observed
2025-05-21,2,29.9,30.8,28.8,0.0,observed
2025-05-22,2,30.7,32.1,28.9,0.0,observed
2025-05-23,2,31.0,33.4,28.7,0.0,observed
2025-05-24,2,31.1,32.0,30.0,0.0,observed
2025-05-25,2,30.9,31.9,29.9,0.0,observed
2025-05-26,2,31.3,32.6,30.1,0.1,observed
2025-05-27,2,30.3,31.8,29.0,0.0,observed
2025-05-28,2,29.8,30.0,29.2,0.1,observed
2025-05-29,2,30.3,31.0,29.1,0.1,observed
2025-05-30,2,30.5,31.0,29.6,0.2,observed
2025-05-31,2,30.5,31.0,29.9,0.0,observed
2025-06-01,2,29.8,30.3,29.4,0.0,observed
2025-06-02,2,30.1,30.5,29.3,0.0,observed
2025-06-03,2,30.1,31.0,29.0,0.0,observed
2025-06-04,2,30.0,30.3,29.5,0.0,observed
2025-06-05,2,30.0,30.5,29.4,0.0,observed
2025-06-06,2,30.0,30.4,29.0,0.0,observed
2025-06-07,2,30.0,31.7,28.6,0.0,observed
2025-06-08,2,30.9,31.9,30.4,0.0,observed
2025-06-09,2,31.7,33.0,30.8,0.0,observed
2025-06-10,2,32.3,33.7,31.0,0.0,observed
2025-06-11,2,32.5,33.8,31.4,0.0,observed
2025-06-12,2,32.2,32.8,31.6,0.0,observed
2025-06-13,2,31.4,32.1,30.5,0.0,observed
2025-06-14,2,31.4,31.9,30.9,0.0,observed
2025-06-15,2,31.3,32.2,30.1,0.0,observed
2025-06-16,2,33.2,35.8,30.4,0.1,observed
2025-06-17,2,32.4,32.9,31.6,0.0,observed
2025-06-18,2,31.5,32.1,30.5,0.2,observed
2025-06-19,2,31.6,33.1,30.5,0.0,observed
2025-06-20,2,31.4,32.3,30.5,0.2,observed
2025-06-21,2,31.7,32.6,30.9,0.0,observed
2025-06-22,2,31.7,32.1,31.5,0.5,observed
2025-06-23,2,31.5,31.8,31.4,0.0,observed
2025-06-24,2,31.3,31.7,30.7,0.0,observed
2025-06-25,2,31.2,32.1,30.4,0.0,observed
2025-06-26,2,31.2,32.1,30.2,0.0,observed
2025-06-27,2,31.9,33.1,30.8,0.0,observed
2025-06-28,2,32.5,34.0,31.0,0.0,observed
2025-06-29,2,32.3,33.3,31.6,0.0,observed
2025-06-30,2,32.1,32.7,31.6,0.0,observed
2025-07-01,2,32.8,34.0,31.7,0.0,observed
2025-07-02,2,32.1,32.7,31.7,0.0,observed
2025-07-03,2,32.0,32.6,31.6,0.0,observed
2025-07-04,2,31.8,33.1,31.2,0.0,observed
2025-07-05,2,31.7,32.4,31.3,0.0,observed
2025-07-06,2,31.7,32.0,31.4,0.0,observed
2025-07-07,2,31.7,32.1,31.1,0.0,observed
2025-07-08,2,31.7,32.5,31.0,0.0,observed
2025-07-09,2,31.3,32.0,30.7,0.0,observed
2025-07-10,2,32.1,32.7,31.4,0.1,observed
2025-07-11,2,32.1,34.9,30.5,0.0,observed
2025-07-12,2,33.1,34.6,32.0,0.0,observed
2025-07-13,2,33.9,36.3,31.5,0.0,observed
2025-07-14,2,33.1,35.5,32.0,0.0,observed
2025-07-15,2,32.9,33.6,32.2,0.0,observed
2025-07-16,2,33.1,33.6,32.1,0.0,observed
2025-07-17,2,32.9,34.4,31.6,0.0,observed
2025-07-18,2,34.5,36.0,33.4,0.0,observed
2025-07-19,2,33.7,34.9,31.9,0.0,observed
2025-07-20,2,32.6,33.4,31.8,0.0,observed
2025-07-21,2,34.4,36.0,32.5,0.0,observed
2025-07-22,2,34.3,36.9,32.6,0.0,observed
2025-07-23,2,32.7,33.6,32.0,0.0,observed
2025-07-24,2,32.9,34.7,31.5,0.0,observed
2025-07-25,2,34.3,35.7,32.6,0.0,observed
2025-07-26,2,34.0,34.8,32.8,0.0,observed
2025-07-27,2,33.7,34.3,32.6,0.0,observed
2025-07-28,2,34.0,35.2,32.7,0.0,observed
2025-07-29,2,34.0,35.4,32.8,0.0,observed
2025-07-30,2,33.5,34.2,32.6,0.0,observed
2025-07-31,2,34.8,36.6,33.5,0.0,observed
2025-08-01,2,36.3,38.6,34.3,0.0,observed
2025-08-02,2,35.1,36.9,33.4,0.0,observed
2025-08-03,2,34.6,36.0,33.9,0.0,observed
2025-08-04,2,34.5,35.6,33.3,0.0,observed
2025-08-05,2,34.6,35.5,33.1,0.0,observed
2025-08-06,2,34.7,35.7,33.7,0.0,observed
2025-08-07,2,34.7,36.3,34.0,0.0,observed
2025-08-08,2,33.9,35.7,33.1,0.0,observed
2025-08-09,2,34.0,35.0,32.7,0.0,observed
2025-08-10,2,34.2,34.6,33.7,0.0,observed
2025-08-11,2,34.2,35.0,33.1,0.0,observed
2025-08-12,2,33.8,34.7,32.4,0.0,observed
2025-08-13,2,33.8,34.3,33.2,0.2,observed
2025-08-14,2,34.0,34.5,33.6,0.0,observed
2025-08-15,2,34.4,36.6,32.6,0.0,observed
2025-08-16,2,34.0,36.0,31.8,0.0,observed
2025-08-17,2,34.3,35.7,33.1,0.0,observed
2025-08-18,2,33.9,35.0,33.1,0.0,observed
2025-08-19,2,33.3,34.0,32.9,0.0,observed
2025-08-20,2,34.3,35.4,33.1,0.0,observed
2025-08-21,2,33.5,34.6,32.7,0.0,observed
2025-08-22,2,33.0,33.8,32.5,0.0,observed
2025-08-23,2,33.2,33.8,32.5,0.0,observed
2025-08-24,2,32.7,33.6,31.9,0.0,observed
2025-08-25,2,33.8,34.6,33.0,0.0,observed
2025-08-26,2,33.9,35.0,32.1,0.0,observed
2025-08-27,2,34.3,35.8,32.8,0.0,observed
2025-08-28,2,34.2,36.2,32.3,0.0,observed
2025-08-29,2,33.8,34.6,32.9,0.0,observed
2025-08-30,2,33.7,34.3,33.2,0.0,observed
2025-08-31,2,33.7,37.0,32.0,0.0,observed
2025-09-01,2,33.2,34.4,32.1,0.1,observed
2025-09-02,2,33.2,34.0,32.4,0.4,observed
2025-09-03,2,33.5,34.5,32.5,0.0,observed
2025-09-04,2,34.6,36.6,32.9,0.0,observed
2025-09-05,2,34.0,35.4,32.9,0.0,observed
2025-09-06,2,34.2,35.2,33.1,0.0,observed
2025-09-07,2,33.4,33.8,33.2,0.0,observed
2025-09-08,2,33.2,33.7,32.8,0.0,observed
2025-09-09,2,34.1,35.6,32.8,0.0,observed
2025-09-10,2,33.4,35.3,32.2,0.0,observed
2025-09-11,2,33.9,35.7,32.6,0.0,observed
2025-09-12,2,33.7,35.5,32.6,0.0,observed
2025-09-13,2,33.0,34.9,31.4,0.0,observed
2025-09-14,2,32.8,34.6,31.2,0.0,observed
2025-09-15,2,32.4,33.2,31.3,0.0,observed
2025-09-16,2,32.4,32.9,31.6,0.0,observed
2025-09-17,2,32.2,32.6,31.9,0.0,observed
2025-09-18,2,32.7,33.1,32.3,0.0,observed
2025-09-19,2,32.3,33.4,31.2,0.0,observed
2025-09-20,2,33.0,35.0,31.3,0.0,observed
2025-09-21,2,32.7,34.1,30.8,0.0,observed
2025-09-22,2,32.3,32.8,31.6,0.0,observed
2025-09-23,2,31.3,32.3,30.5,0.0,observed
2025-09-24,2,33.1,33.7,32.4,0.0,observed
2025-09-25,2,32.5,33.3,32.0,0.0,observed
2025-09-26,2,32.3,33.0,32.0,0.0,observed
2025-09-27,2,32.8,34.5,31.9,0.0,observed
2025-09-28,2,32.3,33.1,31.6,0.0,observed
2025-09-29,2,32.3,32.6,32.0,0.0,observed
2025-09-30,2,32.2,32.9,31.5,0.0,observed
2025-10-01,2,32.0,32.5,31.6,0.0,observed
2025-10-02,2,31.4,31.9,30.9,0.0,observed
2025-10-03,2,31.8,32.3,31.0,0.0,observed
2025-10-04,2,32.3,32.6,31.9,0.0,observed
2025-10-05,2,31.8,32.3,31.5,0.0,observed
2025-10-06,2,31.3,32.2,30.6,0.0,observed
2025-10-07,2,31.5,32.3,30.5,0.0,observed
2025-10-08,2,30.9,31.7,30.1,0.0,observed
2025-10-09,2,31.6,32.4,30.7,0.0,observed
2025-10-10,2,31.5,31.9,31.1,0.0,observed
2025-10-11,2,30.7,31.4,29.9,0.0,observed
2025-10-12,2,31.3,32.5,30.5,0.0,observed
2025-10-13,2,31.8,32.3,31.4,0.0,observed
2025-10-14,2,31.4,31.7,31.2,0.1,observed
2025-10-15,2,30.9,31.5,30.3,0.0,observed
2025-10-16,2,30.6,31.8,29.8,0.0,observed
2025-10-17,2,30.7,31.5,30.0,0.0,observed
2025-10-18,2,30.7,31.6,29.9,0.0,observed
2025-10-19,2,30.0,30.5,29.5,0.0,observed
2025-10-20,2,30.4,30.7,30.1,0.0,observed
2025-10-21,2,30.5,31.1,29.8,0.0,observed
2025-10-22,2,30.7,31.4,30.0,0.0,observed
2025-10-23,2,30.4,31.4,30.0,0.0,observed
2025-10-24,2,30.5,31.1,29.9,0.0,observed
2025-10-25,2,29.5,29.9,29.2,0.0,observed
2025-10-26,2,28.7,29.2,28.0,0.0,observed
2025-10-27,2,29.5,30.8,28.8,0.0,observed
2025-10-28,2,30.1,30.9,29.5,0.0,observed
2025-10-29,2,30.1,30.4,29.9,0.0,observed
2025-10-30,2,30.0,30.1,29.8,0.0,observed
2025-10-31,2,30.0,30.2,29.8,0.0,observed
2025-11-01,2,30.4,30.7,30.2,0.0,observed
2025-11-02,2,29.5,30.1,28.8,0.0,observed
2025-11-03,2,29.1,29.5,28.6,0.0,observed
2025-11-04,2,29.5,30.4,28.8,0.0,observed
2025-11-05,2,29.2,30.2,28.5,0.0,observed
2025-11-06,2,28.9,29.6,28.2,0.0,observed
2025-11-07,2,28.4,29.1,27.6,0.0,observed
2025-11-08,2,28.2,29.0,27.2,0.0,observed
2025-11-09,2,28.7,28.9,28.5,0.0,observed
2025-11-10,2,28.3,28.5,27.9,0.0,observed
2025-11-11,2,28.4,28.7,28.3,0.0,observed
2025-11-12,2,29.1,29.7,28.7,0.3,observed
2025-11-13,2,28.4,29.0,28.0,0.0,observed
2025-11-14,2,28.5,28.7,28.2,0.0,observed
2025-11-15,2,28.4,28.7,28.0,0.0,observed
2025-11-16,2,28.2,28.5,27.6,0.0,observed
2025-11-17,2,27.9,28.3,27.3,0.0,observed
2025-11-18,2,27.7,28.2,27.1,0.0,observed
2025-11-19,2,28.0,28.6,27.0,0.0,observed
2025-11-20,2,27.6,28.0,27.0,0.0,observed
2025-11-21,2,27.7,28.3,27.3,0.0,observed
2025-11-22,2,28.2,29.2,27.0,0.0,observed
2025-11-23,2,28.2,28.9,27.1,0.0,observed
2025-11-24,2,27.7,28.3,27.2,0.1,observed
2025-11-25,2,27.5,27.7,27.2,0.0,observed
2025-11-26,2,26.8,27.3,26.3,0.0,observed
2025-11-27,2,26.4,26.7,25.9,0.0,observed
2025-11-28,2,25.9,26.1,25.6,0.0,observed
2025-11-29,2,26.1,26.4,25.8,0.0,observed
2025-11-30,2,26.2,26.6,25.5,0.0,observed
2025-12-01,2,26.0,26.3,25.6,0.0,observed
2025-12-02,2,26.1,26.5,25.8,0.0,observed
2025-12-03,2,26.1,26.4,25.7,0.0,observed
2025-12-04,2,26.2,26.6,25.6,0.0,observed
2025-12-05,2,26.4,27.1,25.9,0.0,observed
2025-12-06,2,25.8,26.3,25.2,0.1,observed
2025-12-07,2,26.6,27.2,26.0,0.0,observed
2025-12-08,2,26.9,28.4,25.6,0.0,observed
2025-12-09,2,26.1,26.9,25.3,0.0,observed
2025-12-10,2,25.8,26.6,24.6,0.0,observed
2025-12-11,2,26.3,27.2,25.5,0.0,observed
2025-12-12,2,26.6,27.3,25.7,0.0,observed
2025-12-13,2,25.9,26.5,25.1,0.2,observed
2025-12-14,2,24.8,26.0,23.7,2.6,observed
2025-12-15,2,25.7,26.9,24.5,0.5,observed
2025-12-16,2,24.5,25.2,23.4,4.8,observed
2025-12-17,2,24.7,25.8,23.4,13.3,observed
2025-12-18,2,24.9,25.9,24.2,66.9,observed
2025-12-19,2,21.9,25.0,20.8,57.6,observed
2025-12-20,2,21.5,21.9,21.2,0.9,observed
2025-12-21,2,21.6,22.6,20.6,0.0,observed
2025-12-22,2,22.1,22.5,21.9,0.0,observed
2025-12-23,2,22.4,22.6,22.2,0.0,observed
2025-12-24,2,22.5,22.8,22.2,0.0,observed
2025-12-25,2,22.9,23.4,22.3,0.0,observed
2025-12-26,2,22.9,23.2,22.6,0.0,observed
2025-12-27,2,22.8,23.1,22.6,0.0,observed
2025-12-28,2,24.0,25.2,22.8,0.0,observed
2025-12-29,2,23.7,24.5,22.5,0.9,observed
2025-12-30,2,22.8,23.4,22.0,0.0,observed
2025-12-31,2,21.4,22.6,20.7,0.0,observed
2026-01-01,2,21.0,21.7,20.5,0.0,observed
2026-01-02,2,22.4,23.0,21.6,0.0,observed
2026-01-03,2,23.2,23.5,23.0,0.0,observed
2026-01-04,2,23.7,24.1,22.9,0.0,observed
2026-01-05,2,23.0,23.5,22.4,0.0,observed
2026-01-06,2,22.9,23.2,22.4,0.0,observed
2026-01-07,2,22.4,22.7,21.9,0.0,observed
2026-01-08,2,22.0,22.3,21.7,0.0,observed
2026-01-09,2,22.0,22.5,21.7,0.0,observed
2026-01-10,2,21.9,22.6,21.1,0.0,observed
2026-01-11,2,22.4,22.7,22.3,0.0,observed
2026-01-12,2,21.9,22.3,21.6,0.0,observed
2026-01-13,2,21.5,21.7,21.1,0.0,observed
2026-01-14,2,22.3,23.0,21.4,0.0,observed
2026-01-15,2,22.9,23.6,21.8,0.2,observed
2026-01-16,2,21.0,21.5,20.6,0.0,observed
2026-01-17,2,20.7,20.9,20.5,0.0,observed
2026-01-18,2,20.9,21.1,20.7,0.0,observed
2026-01-19,2,20.9,21.4,20.6,0.0,observed
2026-01-20,2,22.1,22.8,21.4,0.0,observed
2026-01-21,2,20.9,22.3,18.9,0.0,observed
2026-01-22,2,18.8,19.8,18.3,0.0,observed
2026-01-23,2,19.7,20.5,18.8,0.0,observed
2026-01-24,2,19.9,20.7,19.0,0.0,observed
2026-01-25,2,21.3,22.1,20.4,0.9,observed
2026-01-26,2,20.8,21.6,20.3,0.8,observed
2026-01-27,2,21.2,21.8,20.7,0.0,observed
2026-01-28,2,21.4,21.9,20.8,0.0,observed
2026-01-29,2,21.5,21.9,20.7,0.0,observed
2026-01-30,2,21.5,21.8,21.1,0.0,observed
2026-01-31,2,20.9,21.0,20.8,0.0,observed
2026-02-01,2,21.4,21.7,21.1,0.0,observed
2026-02-02,2,21.5,22.1,21.0,0.0,observed
2026-02-03,2,21.6,22.6,20.6,0.0,observed
2026-02-04,2,22.5,24.1,21.3,0.0,observed
2026-02-05,2,22.1,22.8,21.5,0.0,observed
2026-02-06,2,22.1,22.7,21.7,0.1,observed
2026-02-07,2,22.0,22.5,21.5,0.2,observed
2026-02-08,2,22.3,22.5,21.9,0.7,observed
2026-02-09,2,22.4,22.8,22.0,0.0,observed
2026-02-10,2,22.4,22.6,22.1,0.0,observed
2026-02-11,2,22.8,24.1,21.7,0.0,observed
2026-02-12,2,22.9,24.5,21.6,0.0,observed
2026-02-13,2,22.9,24.2,21.9,0.0,observed
2026-02-14,2,22.9,23.9,21.9,0.0,observed
2026-02-15,2,23.3,23.9,22.4,0.0,observed
2026-02-16,2,22.9,23.2,22.5,0.0,observed
2026-02-17,2,23.3,24.0,22.3,0.0,observed
2026-02-18,2,23.3,24.2,22.5,0.0,observed
2026-02-19,2,23.4,24.5,22.5,0.0,observed
2026-02-20,2,23.4,24.9,22.6,0.0,observed
2026-02-21,2,23.4,24.6,22.6,0.0,observed
2026-02-22,2,23.3,23.4,23.1,0.0,observed
2026-02-23,2,23.3,23.6,22.9,0.0,observed
2026-02-24,2,23.7,24.3,22.9,0.0,observed
2026-02-25,2,23.6,24.7,22.5,0.0,observed
2026-02-26,2,23.0,23.5,22.3,0.0,observed
2026-02-27,2,21.9,22.2,21.4,0.0,observed
2026-02-28,2,22.9,23.4,22.2,0.0,observed
2026-03-01,2,23.9,24.9,23.4,0.0,observed
2026-03-02,2,23.9,24.4,23.4,0.0,observed
2026-03-03,2,23.9,24.4,23.1,0.0,observed
2026-03-04,2,23.4,24.2,23.0,0.0,observed
2026-03-05,2,23.2,23.5,22.6,0.0,observed
2026-03-06,2,22.7,23.0,22.4,0.0,observed
2026-03-07,2,23.2,23.4,23.0,0.0,observed
2026-03-08,2,23.2,23.6,22.8,0.0,observed
2026-03-09,2,23.7,24.0,23.4,0.7,observed
2026-03-10,2,23.8,24.7,22.5,1.0,observed
2026-03-11,2,23.3,24.2,22.1,0.4,observed
2026-03-12,2,24.2,25.3,23.3,0.0,observed
2026-03-13,2,24.3,24.8,23.8,0.0,observed
2026-03-14,2,24.2,24.6,23.9,0.0,observed
2026-03-15,2,24.5,25.2,23.6,0.0,observed
2026-03-16,2,24.8,25.5,23.8,0.0,observed
2026-03-17,2,25.0,25.6,24.3,0.0,observed
2026-03-18,2,24.1,24.6,23.5,0.0,observed
2026-03-19,2,23.6,24.0,23.4,0.0,observed
2026-03-20,2,24.1,25.9,22.9,0.4,observed
2026-03-21,2,23.7,25.0,22.7,18.0,observed
2026-03-22,2,24.4,25.4,23.0,1.1,observed
2026-03-23,2,24.6,25.1,23.8,49.0,observed
2026-03-24,2,22.8,23.9,22.0,27.8,observed
2026-03-25,2,23.5,24.4,22.0,15.2,observed
2026-03-26,2,25.0,26.7,23.3,3.8,observed
2026-03-27,2,22.5,25.4,20.5,23.3,observed
2026-03-28,2,22.2,22.5,22.0,0.0,observed
2026-03-29,2,22.2,22.9,21.9,0.0,observed
2026-03-30,2,23.1,23.3,22.8,0.0,observed
2026-03-31,2,22.5,23.4,20.7,4.2,observed
2026-04-01,2,22.9,23.6,22.3,0.1,observed
2026-04-02,2,22.9,23.3,22.5,0.0,observed
2026-04-03,2,23.0,23.1,22.9,0.0,observed
2026-04-04,2,23.0,23.2,22.8,0.0,observed
2026-04-05,2,23.4,23.8,23.0,0.0,observed
2026-04-06,2,23.7,23.9,23.3,0.0,observed
2026-04-07,2,23.2,23.5,22.7,0.0,observed
2026-04-08,2,23.2,23.6,22.6,0.0,observed
2026-04-09,2,24.0,25.8,22.7,2.3,observed
2026-04-10,2,23.5,24.3,22.6,0.0,observed
2026-04-11,2,23.0,23.5,22.3,1.5,observed
2026-04-12,2,23.8,24.3,23.5,0.1,observed
2026-04-13,2,23.9,24.5,23.2,0.1,observed
2026-04-14,2,23.8,24.5,23.4,0.0,observed
2026-04-15,2,23.7,24.1,23.3,0.0,observed
2026-04-16,2,23.5,23.8,23.2,0.1,observed
2026-04-17,2,23.9,24.5,23.2,0.3,observed
2026-04-18,2,24.1,24.5,23.7,0.0,observed
2026-04-19,2,24.3,25.5,23.0,0.8,observed
2026-04-20,2,24.5,25.2,23.7,0.1,observed
2026-04-21,2,25.3,27.0,24.1,0.4,observed
2026-04-22,2,26.2,27.1,25.6,0.0,observed
2026-04-23,2,26.3,26.8,25.8,0.0,observed
2026-04-24,2,26.4,27.0,25.8,0.0,observed
2026-04-25,2,26.1,26.8,25.7,0.0,observed
2026-04-26,2,26.6,27.4,25.9,0.1,observed
2026-04-27,2,26.9,27.7,26.5,0.0,observed
2026-04-28,2,27.8,28.7,26.5,0.0,observed
2026-04-29,2,27.9,28.2,27.5,0.0,observed
2026-04-30,2,27.6,28.4,26.5,0.0,observed
2026-05-01,2,27.3,28.4,26.3,0.0,observed
2026-05-02,2,28.0,29.0,27.1,0.0,observed
2026-05-03,2,28.4,29.1,27.7,0.0,observed
2026-05-04,2,27.4,28.0,26.4,0.0,observed
2026-05-05,2,28.8,30.5,27.1,0.0,observed
2026-05-06,2,29.2,31.1,27.7,0.0,observed
2026-05-07,2,28.6,29.6,27.2,0.0,observed
2026-05-08,2,28.1,28.5,27.6,0.0,observed
2026-05-09,2,28.7,29.4,28.0,0.0,observed
2026-05-10,2,28.2,28.6,27.5,0.0,observed
2026-05-11,2,27.9,29.1,27.3,0.0,observed
2026-05-12,2,27.5,28.3,26.7,0.0,observed
2026-05-13,2,27.8,28.7,26.6,0.0,observed
2026-05-14,2,28.8,29.3,28.0,0.0,observed
2026-05-15,2,28.6,29.1,28.0,0.0,observed
2026-05-16,2,27.9,28.2,27.2,0.0,observed
2026-05-17,2,28.3,29.4,27.2,0.0,observed
2026-05-18,2,28.3,28.8,27.8,0.0,observed
2026-05-19,2,27.9,28.6,27.2,0.0,observed
2026-05-20,2,27.9,28.6,27.0,0.0,observed
2026-05-21,2,28.0,28.9,27.2,0.0,observed
2026-05-22,2,28.0,29.1,26.9,0.0,observed
2026-05-23,2,28.1,29.0,27.3,0.0,observed
2026-05-24,2,28.8,31.3,27.3,0.0,observed
2026-05-25,2,28.7,30.1,27.5,0.0,observed
2026-05-26,2,29.1,30.1,27.9,0.0,observed
2026-05-27,2,29.2,30.1,28.3,0.0,observed
2026-05-28,2,29.5,30.3,28.9,0.0,observed
2026-05-29,2,30.0,31.1,28.7,0.0,observed
2026-05-30,2,30.3,31.2,29.5,0.0,observed
2026-05-31,2,30.4,31.1,29.5,0.0,observed
2026-06-01,2,29.6,30.2,29.2,0.0,observed
2026-06-02,2,30.1,30.7,29.5,0.0,observed
2026-06-03,2,30.3,30.8,29.8,0.0,observed
2026-06-04,2,30.5,31.2,29.5,0.0,observed
2026-06-05,2,29.9,30.9,29.0,0.0,observed
2026-06-06,2,29.5,30.3,28.8,0.0,observed
2026-06-07,2,30.1,31.4,28.6,0.0,observed
2026-06-08,2,30.8,32.4,29.3,0.0,observed
2026-06-09,2,30.2,31.0,29.5,0.0,observed
2026-06-10,2,30.2,30.7,29.6,0.0,observed
2026-06-11,2,30.5,31.0,29.9,0.0,observed
2026-06-12,2,29.9,30.5,29.1,0.0,observed
2026-06-13,2,30.4,32.4,29.0,0.0,observed
2026-06-14,2,30.6,32.0,29.1,0.0,observed
2026-06-15,2,30.4,31.1,29.3,0.0,observed
2026-06-16,2,30.2,30.7,29.4,0.0,observed
2026-06-17,2,30.4,32.7,28.8,0.0,observed
2026-06-18,2,31.4,33.4,30.1,0.0,observed
2026-06-19,2,31.9,33.5,30.3,0.0,observed
2026-06-20,2,31.6,32.8,30.5,0.0,observed
2026-06-21,2,31.2,31.6,30.4,0.0,observed
2026-06-22,2,31.8,34.0,30.4,0.0,observed
2026-06-23,2,32.4,34.1,30.8,0.0,observed
2026-06-24,2,32.0,33.4,30.6,0.0,observed
2026-06-25,2,31.8,32.6,30.6,0.0,observed
2026-06-26,2,32.0,32.5,31.1,0.0,observed
2026-06-27,2,31.6,33.3,29.9,0.0,observed
2026-06-28,2,32.2,33.1,31.2,0.0,observed
2026-06-29,2,32.0,32.8,31.1,0.0,observed
2026-06-30,2,31.7,32.0,31.3,0.1,observed
2026-07-01,2,31.6,32.1,30.9,0.0,observed
2026-07-02,2,31.9,33.0,31.0,0.0,observed
2026-07-03,2,32.7,34.6,30.3,0.0,observed
2026-07-04,2,32.6,33.0,31.7,0.0,observed
2026-07-05,2,33.0,33.6,32.5,0.0,observed
2026-07-06,2,32.5,33.1,31.9,0.0,observed
2026-07-07,2,32.3,33.0,31.7,0.0,observed
2026-07-08,2,32.5,33.4,31.7,0.0,observed
2026-07-09,2,32.5,32.9,32.3,0.0,observed
2026-07-10,2,32.7,33.5,32.1,0.0,observed
2026-07-11,2,32.8,33.4,31.9,0.0,observed
2026-07-12,2,32.3,33.1,31.6,0.1,observed
2026-07-13,2,32.1,32.9,31.6,0.2,observed
2026-07-14,2,33.9,36.1,31.5,0.1,observed
2026-07-15,2,35.1,36.4,32.9,0.0,observed
2026-07-16,2,34.0,36.0,31.9,0.0,observed
2026-07-17,2,33.6,35.5,31.3,0.0,observed
2026-07-18,2,33.5,35.3,31.9,0.0,observed
2026-07-19,2,33.3,34.1,32.0,0.0,observed
2026-07-20,2,33.7,34.9,32.7,0.0,observed
2026-07-21,2,33.3,33.9,32.6,0.0,observed
2026-07-22,2,33.5,33.8,33.1,0.0,observed
2026-07-23,2,33.0,33.7,32.4,0.0,observed
2026-07-24,2,34.2,35.9,32.0,0.0,observed
2026-07-25,2,33.7,35.3,32.4,0.0,observed
2026-07-26,2,33.8,34.8,32.6,0.0,observed
2026-07-27,2,33.7,34.6,32.9,0.0,observed
2026-07-28,2,33.9,34.9,32.9,0.0,observed
2026-07-29,2,34.1,35.8,32.3,0.0,observed
2026-07-30,2,34.8,36.8,32.8,0.0,observed
2026-07-31,2,35.0,37.1,33.4,0.0,observed
2026-08-01,2,34.0,34.6,33.0,0.0,observed
2026-08-02,2,34.2,35.3,33.0,0.0,observed
2026-08-03,2,34.9,36.2,33.1,0.0,observed
2026-08-04,2,35.5,36.9,33.7,0.0,observed
2026-08-05,2,35.4,36.3,34.2,0.0,observed
2026-08-06,2,34.2,35.3,33.2,0.0,observed
2026-08-07,2,35.0,36.4,32.8,0.0,observed
2026-08-08,2,35.7,36.6,34.1,0.0,observed
2026-08-09,2,35.7,36.6,34.6,0.0,observed
2026-08-10,2,35.4,36.4,34.2,0.0,observed
2026-08-11,2,34.7,35.1,34.2,0.0,observed
2026-08-12,2,34.6,35.6,33.6,0.0,observed
2026-08-13,2,34.7,37.0,32.9,0.0,observed
2026-08-14,2,34.6,35.2,33.9,0.0,observed
2026-08-15,2,34.2,35.1,33.2,0.0,observed
2026-08-16,2,34.2,35.4,32.8,0.0,observed
2026-08-17,2,34.7,35.7,33.8,0.0,observed
2026-08-18,2,34.8,36.8,33.0,0.0,observed
2026-08-19,2,34.3,34.8,33.7,0.0,observed
2026-08-20,2,33.3,33.6,32.9,0.1,observed
2026-08-21,2,33.7,34.8,32.7,0.1,observed
2026-08-22,2,35.0,36.5,33.8,0.1,observed
2026-08-23,2,35.4,36.0,35.0,0.1,observed
2026-08-24,2,34.7,35.4,33.8,0.0,observed
2026-08-25,2,34.9,35.9,33.9,0.0,observed
2026-08-26,2,34.8,36.0,33.5,0.0,observed
2026-08-27,2,34.3,34.8,34.0,0.0,observed
2026-08-28,2,34.3,35.1,33.3,0.0,observed
2026-08-29,2,34.7,41.3,29.7,0.0,observed
2026-08-30,2,34.8,40.3,28.5,0.0,observed
2026-08-31,2,35.0,40.4,30.3,0.0,observed
2026-09-01,2,34.5,38.6,29.8,0.0,observed
2026-09-02,2,35.1,40.8,30.4,0.0,observed
2026-09-03,2,35.7,40.8,31.4,0.0,observed
2026-09-04,2,35.1,39.4,32.0,0.0,observed
2026-09-05,2,35.3,41.1,30.2,0.0,observed
2026-09-06,2,35.4,40.4,30.8,0.0,observed
2026-09-07,2,35.6,41.3,30.3,0.0,observed
2026-09-08,2,35.6,40.8,31.3,0.0,observed
2026-09-09,2,35.4,41.1,31.1,0.0,observed
2026-09-10,2,35.4,40.3,31.1,0.0,observed
2026-09-11,2,34.7,39.3,30.3,0.0,observed
2026-09-12,2,35.4,42.6,30.2,0.0,observed
2026-09-13,2,34.8,40.3,31.0,0.0,observed
2026-09-14,2,34.2,39.2,29.8,0.0,observed
2026-09-15,2,33.6,38.4,28.8,0.0,observed
2026-09-16,2,33.1,37.9,28.0,0.0,observed
2026-09-17,2,33.4,37.3,28.8,0.0,observed
2026-09-18,2,32.9,37.2,27.8,0.0,observed
2026-09-19,2,33.1,39.4,27.1,0.0,observed
2026-09-20,2,33.5,41.1,27.9,0.0,observed
2026-09-21,2,33.5,39.5,28.2,0.0,observed
2026-09-22,2,32.7,37.5,27.6,0.0,observed
2026-09-23,2,33.5,39.7,29.6,0.0,observed
2026-09-24,2,32.6,38.3,27.7,0.0,observed
2026-09-25,2,32.5,36.2,28.3,0.0,observed
2026-09-26,2,32.0,35.6,28.3,0.0,observed
2026-09-27,2,32.1,36.1,27.8,0.0,observed
2026-09-28,2,32.9,38.2,28.6,0.0,observed
2026-09-29,2,32.1,38.7,26.5,0.0,forecast
2026-09-30,2,31.7,37.6,27.4,0.0,forecast
2026-10-01,2,33.1,40.4,28.1,0.0,forecast
2026-10-02,2,33.1,38.7,28.5,0.0,forecast
2026-10-03,2,32.7,37.8,28.3,0.0,forecast
2026-10-04,2,32.2,35.9,28.3,0.0,forecast
2026-10-05,2,32.6,34.7,29.7,0.0,forecast
2026-10-06,2,32.4,34.8,28.9,0.0,forecast
2026-10-07,2,34.4,38.4,29.6,0.0,forecast
2026-10-08,2,33.4,37.2,29.2,0.0,forecast
2026-10-09,2,31.2,33.8,27.6,0.0,forecast
2026-10-10,2,31.5,34.2,28.1,0.0,forecast
2026-10-11,2,31.3,34.5,27.5,0.0,forecast
2026-10-12,2,32.9,36.5,27.8,0.0,forecast
2026-10-13,2,31.9,36.7,27.3,0.0,forecast
2025-01-01,3,23.5,24.6,22.3,3.1,observed
2025-01-02,3,22.2,22.5,21.7,0.0,observed
2025-01-03,3,21.0,22.5,20.5,0.9,observed
2025-01-04,3,21.6,21.9,21.1,0.0,observed
2025-01-05,3,21.6,21.8,21.3,0.0,observed
2025-01-06,3,22.1,23.2,21.2,0.0,observed
2025-01-07,3,22.3,23.5,20.9,0.0,observed
2025-01-08,3,22.2,23.0,21.7,0.0,observed
2025-01-09,3,22.1,22.5,21.9,0.1,observed
2025-01-10,3,22.8,23.5,21.9,0.0,observed
2025-01-11,3,23.3,24.0,22.7,0.0,observed
2025-01-12,3,22.5,23.4,21.3,0.0,observed
2025-01-13,3,23.0,23.4,22.4,0.0,observed
2025-01-14,3,22.0,22.2,21.9,0.0,observed
2025-01-15,3,22.4,23.3,21.7,0.0,observed
2025-01-16,3,22.5,23.1,21.7,0.0,observed
2025-01-17,3,21.7,22.1,21.2,0.0,observed
2025-01-18,3,21.9,22.2,21.4,0.0,observed
2025-01-19,3,21.5,21.8,21.3,0.0,observed
2025-01-20,3,21.2,21.6,20.8,0.0,observed
2025-01-21,3,21.5,21.7,21.3,0.0,observed
2025-01-22,3,22.1,22.5,21.7,0.0,observed
2025-01-23,3,21.6,22.2,20.7,0.0,observed
2025-01-24,3,21.7,22.5,21.0,0.0,observed
2025-01-25,3,21.5,22.3,20.8,0.0,observed
2025-01-26,3,22.2,22.7,21.6,0.0,observed
2025-01-27,3,22.6,23.0,22.2,0.0,observed
2025-01-28,3,22.7,23.0,22.4,0.0,observed
2025-01-29,3,21.9,22.3,21.7,0.0,observed
2025-01-30,3,21.9,22.2,21.5,0.0,observed
2025-01-31,3,21.4,21.9,20.8,0.4,observed
2025-02-01,3,21.9,22.3,21.5,0.0,observed
2025-02-02,3,21.4,22.0,20.7,1.3,observed
2025-02-03,3,21.2,21.6,20.9,0.0,observed
2025-02-04,3,20.9,21.6,20.4,0.0,observed
2025-02-05,3,20.8,21.2,20.3,0.0,observed
2025-02-06,3,22.3,23.9,21.0,0.0,observed
2025-02-07,3,22.3,23.7,20.7,0.0,observed
2025-02-08,3,21.7,22.6,20.7,0.0,observed
2025-02-09,3,21.3,21.6,21.1,0.0,observed
2025-02-10,3,20.8,21.1,20.5,0.0,observed
2025-02-11,3,21.7,22.4,20.8,0.0,observed
2025-02-12,3,22.8,24.7,21.1,0.0,observed
2025-02-13,3,23.2,24.3,22.3,0.0,observed
2025-02-14,3,23.1,23.7,22.3,0.0,observed
2025-02-15,3,22.2,22.5,21.9,0.0,observed
2025-02-16,3,22.5,22.9,22.3,0.2,observed
2025-02-17,3,23.5,25.7,22.7,0.0,observed
2025-02-18,3,22.8,23.4,21.9,0.3,observed
2025-02-19,3,22.3,22.7,21.8,0.0,observed
2025-02-20,3,22.5,23.5,21.8,0.0,observed
2025-02-21,3,23.4,24.4,22.8,0.0,observed
2025-02-22,3,22.6,23.0,22.3,0.0,observed
2025-02-23,3,24.0,25.7,22.4,0.0,observed
2025-02-24,3,23.2,24.4,22.8,0.2,observed
2025-02-25,3,21.8,22.9,20.6,0.0,observed
2025-02-26,3,20.6,21.1,20.4,0.0,observed
2025-02-27,3,20.6,21.8,19.6,0.1,observed
2025-02-28,3,20.7,21.0,20.4,0.0,observed
2025-03-01,3,20.6,20.7,20.4,0.0,observed
2025-03-02,3,21.3,21.6,20.7,0.0,observed
2025-03-03,3,21.1,21.6,20.6,0.0,observed
2025-03-04,3,22.6,24.4,21.0,0.0,observed
2025-03-05,3,22.7,24.9,21.5,0.0,observed
2025-03-06,3,22.8,24.0,21.5,0.0,observed
2025-03-07,3,24.5,26.3,23.4,0.0,observed
2025-03-08,3,25.0,27.1,23.3,0.0,observed
2025-03-09,3,23.9,24.8,23.4,0.0,observed
2025-03-10,3,23.7,24.6,23.4,0.6,observed
2025-03-11,3,25.7,28.4,23.8,0.0,observed
2025-03-12,3,24.1,25.7,23.0,0.0,observed
2025-03-13,3,23.2,24.0,22.5,0.0,observed
2025-03-14,3,23.0,23.2,22.5,0.0,observed
2025-03-15,3,23.4,24.3,22.7,0.0,observed
2025-03-16,3,24.2,26.4,23.2,0.0,observed
2025-03-17,3,23.6,24.0,23.3,0.0,observed
2025-03-18,3,23.4,23.8,23.0,0.0,observed
2025-03-19,3,23.2,23.9,22.0,0.0,observed
2025-03-20,3,23.9,25.3,22.3,0.0,observed
2025-03-21,3,26.3,28.5,24.9,0.0,observed
2025-03-22,3,25.8,27.2,24.4,0.0,observed
2025-03-23,3,25.0,25.6,24.4,0.0,observed
2025-03-24,3,23.6,24.3,22.1,0.1,observed
2025-03-25,3,22.0,22.5,21.6,0.0,observed
2025-03-26,3,22.5,22.8,21.8,0.0,observed
2025-03-27,3,23.1,24.1,22.3,0.0,observed
2025-03-28,3,24.0,25.6,23.3,0.0,observed
2025-03-29,3,24.1,25.1,23.0,0.0,observed
2025-03-30,3,24.8,26.6,23.5,0.0,observed
2025-03-31,3,25.7,27.4,24.8,0.0,observed
2025-04-01,3,25.1,25.6,24.4,0.0,observed
2025-04-02,3,24.6,25.4,23.7,0.0,observed
2025-04-03,3,25.7,27.2,24.1,0.0,observed
2025-04-04,3,27.4,29.2,25.9,0.0,observed
2025-04-05,3,28.0,29.5,26.7,0.0,observed
2025-04-06,3,27.7,28.6,27.1,0.0,observed
2025-04-07,3,26.5,27.2,25.5,0.0,observed
2025-04-08,3,26.4,27.3,25.0,0.0,observed
2025-04-09,3,25.8,26.4,25.4,0.0,observed
2025-04-10,3,25.6,26.5,24.4,0.0,observed
2025-04-11,3,26.6,27.7,24.6,0.0,observed
2025-04-12,3,27.4,28.0,26.4,0.0,observed
2025-04-13,3,28.7,30.4,26.9,0.0,observed
2025-04-14,3,27.9,29.4,26.5,0.0,observed
2025-04-15,3,27.6,28.3,26.6,0.0,observed
2025-04-16,3,27.2,27.8,26.4,0.0,observed
2025-04-17,3,26.1,26.6,25.7,0.0,observed
2025-04-18,3,25.3,25.9,25.1,0.0,observed
2025-04-19,3,25.4,25.7,25.1,0.0,observed
2025-04-20,3,25.4,25.8,24.9,0.0,observed
2025-04-21,3,25.8,26.8,24.9,0.3,observed
2025-04-22,3,26.4,27.7,24.7,1.4,observed
2025-04-23,3,27.6,28.6,26.6,0.0,observed
2025-04-24,3,26.5,27.0,25.9,1.6,observed
2025-04-25,3,27.5,29.0,26.6,1.3,observed
2025-04-26,3,29.3,31.8,26.6,0.0,observed
2025-04-27,3,30.2,32.0,29.1,0.0,observed
2025-04-28,3,29.9,30.8,29.4,0.0,observed
2025-04-29,3,29.5,30.5,28.6,0.0,observed
2025-04-30,3,29.3,30.2,28.1,0.0,observed
2025-05-01,3,28.6,29.1,28.0,0.0,observed
2025-05-02,3,28.7,29.5,27.9,0.0,observed
2025-05-03,3,29.1,29.6,28.3,0.0,observed
2025-05-04,3,29.3,30.1,28.2,0.0,observed
2025-05-05,3,29.7,30.7,28.7,0.0,observed
2025-05-06,3,29.6,30.7,28.9,0.0,observed
2025-05-07,3,28.4,29.5,27.7,0.0,observed
2025-05-08,3,27.8,28.2,27.4,0.0,observed
2025-05-09,3,27.4,27.8,27.0,0.0,observed
2025-05-10,3,27.7,28.6,26.8,0.0,observed
2025-05-11,3,28.8,29.4,28.1,0.0,observed
2025-05-12,3,29.6,31.1,27.7,0.0,observed
2025-05-13,3,30.6,32.8,28.3,0.0,observed
2025-05-14,3,30.7,32.1,29.6,0.0,observed
2025-05-15,3,29.9,30.7,28.8,0.0,observed
2025-05-16,3,29.5,30.0,28.9,0.0,observed
2025-05-17,3,29.2,29.6,28.7,0.0,observed
2025-05-18,3,28.8,29.4,28.4,0.0,observed
2025-05-19,3,29.0,29.8,28.1,0.0,observed
2025-05-20,3,29.7,30.5,28.9,0.0,observed
2025-05-21,3,30.2,31.1,29.0,0.0,observed
2025-05-22,3,30.9,32.3,29.1,0.0,observed
2025-05-23,3,31.3,33.6,28.9,0.0,observed
2025-05-24,3,31.4,32.2,30.2,0.0,observed
2025-05-25,3,31.1,32.1,30.1,0.0,observed
2025-05-26,3,31.5,32.9,30.4,0.1,observed
2025-05-27,3,30.5,32.1,29.3,0.0,observed
2025-05-28,3,30.0,30.3,29.4,0.1,observed
2025-05-29,3,30.6,31.2,29.4,0.1,observed
2025-05-30,3,30.7,31.3,29.8,0.2,observed
2025-05-31,3,30.7,31.3,30.1,0.0,observed
2025-06-01,3,30.1,30.6,29.6,0.0,observed
2025-06-02,3,30.3,30.8,29.5,0.0,observed
2025-06-03,3,30.3,31.2,29.3,0.0,observed
2025-06-04,3,30.2,30.6,29.8,0.0,observed
2025-06-05,3,30.3,30.7,29.6,0.0,observed
2025-06-06,3,30.2,30.6,29.2,0.0,observed
2025-06-07,3,30.2,32.0,28.9,0.0,observed
2025-06-08,3,31.1,32.1,30.6,0.0,observed
2025-06-09,3,31.9,33.3,31.0,0.0,observed
2025-06-10,3,32.5,33.9,31.3,0.0,observed
2025-06-11,3,32.7,34.0,31.6,0.0,observed
2025-06-12,3,32.5,33.0,31.8,0.0,observed
2025-06-13,3,31.7,32.3,30.7,0.0,observed
2025-06-14,3,31.6,32.1,31.1,0.0,observed
2025-06-15,3,31.5,32.5,30.3,0.0,observed
2025-06-16,3,33.4,36.1,30.6,0.1,observed
2025-06-17,3,32.6,33.2,31.8,0.0,observed
2025-06-18,3,31.7,32.3,30.8,0.2,observed
2025-06-19,3,31.8,33.3,30.7,0.0,observed
2025-06-20,3,31.6,32.5,30.7,0.2,observed
2025-06-21,3,32.0,32.8,31.1,0.0,observed
2025-06-22,3,32.0,32.3,31.7,0.5,observed
2025-06-23,3,31.8,32.0,31.6,0.0,observed
2025-06-24,3,31.6,32.0,30.9,0.0,observed
2025-06-25,3,31.4,32.4,30.6,0.0,observed
2025-06-26,3,31.4,32.3,30.4,0.0,observed
2025-06-27,3,32.2,33.4,31.0,0.0,observed
2025-06-28,3,32.7,34.2,31.3,0.0,observed
2025-06-29,3,32.5,33.6,31.9,0.0,observed
2025-06-30,3,32.3,32.9,31.8,0.0,observed
2025-07-01,3,33.1,34.2,32.0,0.0,observed
2025-07-02,3,32.4,32.9,32.0,0.0,observed
2025-07-03,3,32.3,32.9,31.8,0.0,observed
2025-07-04,3,32.0,33.4,31.5,0.0,observed
2025-07-05,3,31.9,32.6,31.5,0.0,observed
2025-07-06,3,31.9,32.2,31.6,0.0,observed
2025-07-07,3,32.0,32.3,31.3,0.0,observed
2025-07-08,3,31.9,32.7,31.2,0.0,observed
2025-07-09,3,31.6,32.2,31.0,0.0,observed
2025-07-10,3,32.4,32.9,31.6,0.1,observed
2025-07-11,3,32.4,35.1,30.8,0.0,observed
2025-07-12,3,33.3,34.9,32.2,0.0,observed
2025-07-13,3,34.1,36.6,31.8,0.0,observed
2025-07-14,3,33.3,35.8,32.2,0.0,observed
2025-07-15,3,33.1,33.8,32.4,0.0,observed
2025-07-16,3,33.3,33.8,32.4,0.0,observed
2025-07-17,3,33.2,34.6,31.8,0.0,observed
2025-07-18,3,34.7,36.2,33.6,0.0,observed
2025-07-19,3,33.9,35.2,32.2,0.0,observed
2025-07-20,3,32.8,33.6,32.0,0.0,observed
2025-07-21,3,34.7,36.2,32.8,0.0,observed
2025-07-22,3,34.5,37.1,32.8,0.0,observed
2025-07-23,3,32.9,33.9,32.2,0.0,observed
2025-07-24,3,33.2,34.9,31.7,0.0,observed
2025-07-25,3,34.5,35.9,32.8,0.0,observed
2025-07-26,3,34.2,35.0,33.0,0.0,observed
2025-07-27,3,33.9,34.6,32.8,0.0,observed
2025-07-28,3,34.3,35.4,32.9,0.0,observed
2025-07-29,3,34.2,35.6,33.0,0.0,observed
2025-07-30,3,33.7,34.4,32.9,0.0,observed
2025-07-31,3,35.1,36.8,33.7,0.0,observed
2025-08-01,3,36.6,38.9,34.5,0.0,observed
2025-08-02,3,35.3,37.1,33.7,0.0,observed
2025-08-03,3,34.8,36.2,34.1,0.0,observed
2025-08-04,3,34.8,35.8,33.5,0.0,observed
2025-08-05,3,34.9,35.7,33.4,0.0,observed
2025-08-06,3,34.9,36.0,34.0,0.0,observed
2025-08-07,3,35.0,36.5,34.3,0.0,observed
2025-08-08,3,34.1,35.9,33.3,0.0,observed
2025-08-09,3,34.2,35.3,32.9,0.0,observed
2025-08-10,3,34.4,34.8,33.9,0.0,observed
2025-08-11,3,34.4,35.2,33.4,0.0,observed
2025-08-12,3,34.0,34.9,32.6,0.0,observed
2025-08-13,3,34.0,34.5,33.4,0.2,observed
2025-08-14,3,34.2,34.7,33.8,0.0,observed
2025-08-15,3,34.7,36.9,32.9,0.0,observed
2025-08-16,3,34.2,36.2,32.0,0.0,observed
2025-08-17,3,34.5,35.9,33.4,0.0,observed
2025-08-18,3,34.1,35.2,33.3,0.0,observed
2025-08-19,3,33.5,34.2,33.1,0.0,observed
2025-08-20,3,34.5,35.6,33.3,0.0,observed
2025-08-21,3,33.7,34.8,32.9,0.0,observed
2025-08-22,3,33.3,34.0,32.7,0.0,observed
2025-08-23,3,33.5,34.0,32.7,0.0,observed
2025-08-24,3,32.9,33.8,32.2,0.0,observed
2025-08-25,3,34.0,34.8,33.2,0.0,observed
2025-08-26,3,34.2,35.2,32.4,0.0,observed
2025-08-27,3,34.6,36.0,33.1,0.0,observed
2025-08-28,3,34.4,36.5,32.5,0.0,observed
2025-08-29,3,34.0,34.8,33.1,0.0,observed
2025-08-30,3,34.0,34.6,33.5,0.0,observed
2025-08-31,3,33.9,37.2,32.3,0.0,observed
2025-09-01,3,33.4,34.7,32.3,0.1,observed
2025-09-02,3,33.4,34.2,32.6,0.4,observed
2025-09-03,3,33.8,34.8,32.8,0.0,observed
2025-09-04,3,34.9,36.8,33.1,0.0,observed
2025-09-05,3,34.3,35.6,33.1,0.0,observed
2025-09-06,3,34.4,35.4,33.3,0.0,observed
2025-09-07,3,33.7,34.0,33.4,0.0,observed
2025-09-08,3,33.5,33.9,33.0,0.0,observed
2025-09-09,3,34.3,35.9,33.1,0.0,observed
2025-09-10,3,33.6,35.5,32.4,0.0,observed
2025-09-11,3,34.2,35.9,32.8,0.0,observed
2025-09-12,3,34.0,35.8,32.8,0.0,observed
2025-09-13,3,33.3,35.1,31.7,0.0,observed
2025-09-14,3,33.1,34.8,31.5,0.0,observed
2025-09-15,3,32.7,33.4,31.5,0.0,observed
2025-09-16,3,32.6,33.1,31.8,0.0,observed
2025-09-17,3,32.4,32.8,32.1,0.0,observed
2025-09-18,3,32.9,33.3,32.6,0.0,observed
2025-09-19,3,32.5,33.6,31.5,0.0,observed
2025-09-20,3,33.3,35.2,31.5,0.0,observed
2025-09-21,3,32.9,34.3,31.0,0.0,observed
2025-09-22,3,32.6,33.1,31.9,0.0,observed
2025-09-23,3,31.5,32.5,30.7,0.0,observed
2025-09-24,3,33.3,33.9,32.6,0.0,observed
2025-09-25,3,32.8,33.5,32.2,0.0,observed
2025-09-26,3,32.6,33.3,32.2,0.0,observed
2025-09-27,3,33.0,34.8,32.2,0.0,observed
2025-09-28,3,32.5,33.4,31.8,0.0,observed
2025-09-29,3,32.5,32.9,32.3,0.0,observed
2025-09-30,3,32.4,33.1,31.7,0.0,observed
2025-10-01,3,32.2,32.8,31.9,0.0,observed
2025-10-02,3,31.7,32.2,31.2,0.0,observed
2025-10-03,3,32.0,32.5,31.2,0.0,observed
2025-10-04,3,32.5,32.8,32.1,0.0,observed
2025-10-05,3,32.0,32.5,31.7,0.0,observed
2025-10-06,3,31.5,32.4,30.9,0.0,observed
2025-10-07,3,31.8,32.6,30.8,0.0,observed
2025-10-08,3,31.2,32.0,30.4,0.0,observed
2025-10-09,3,31.8,32.7,30.9,0.0,observed
2025-10-10,3,31.7,32.1,31.3,0.0,observed
2025-10-11,3,30.9,31.6,30.1,0.0,observed
2025-10-12,3,31.5,32.7,30.7,0.0,observed
2025-10-13,3,32.0,32.5,31.6,0.0,observed
2025-10-14,3,31.7,31.9,31.4,0.1,observed
2025-10-15,3,31.1,31.8,30.5,0.0,observed
2025-10-16,3,30.8,32.0,30.0,0.0,observed
2025-10-17,3,31.0,31.7,30.2,0.0,observed
2025-10-18,3,30.9,31.8,30.1,0.0,observed
2025-10-19,3,30.2,30.7,29.8,0.0,observed
2025-10-20,3,30.6,30.9,30.4,0.0,observed
2025-10-21,3,30.8,31.3,30.0,0.0,observed
2025-10-22,3,31.0,31.6,30.2,0.0,observed
2025-10-23,3,30.6,31.7,30.2,0.0,observed
2025-10-24,3,30.7,31.3,30.1,0.0,observed
2025-10-25,3,29.7,30.1,29.5,0.0,observed
2025-10-26,3,29.0,29.4,28.2,0.0,observed
2025-10-27,3,29.7,31.0,29.1,0.0,observed
2025-10-28,3,30.3,31.1,29.7,0.0,observed
2025-10-29,3,30.4,30.6,30.1,0.0,observed
2025-10-30,3,30.2,30.4,30.0,0.0,observed
2025-10-31,3,30.2,30.4,30.0,0.0,observed
2025-11-01,3,30.6,30.9,30.4,0.0,observed
2025-11-02,3,29.7,30.4,29.1,0.0,observed
2025-11-03,3,29.4,29.7,28.9,0.0,observed
2025-11-04,3,29.7,30.6,29.1,0.0,observed
2025-11-05,3,29.4,30.5,28.7,0.0,observed
2025-11-06,3,29.2,29.8,28.4,0.0,observed
2025-11-07,3,28.6,29.3,27.9,0.0,observed
2025-11-08,3,28.4,29.2,27.4,0.0,observed
2025-11-09,3,28.9,29.2,28.7,0.0,observed
2025-11-10,3,28.5,28.8,28.2,0.0,observed
2025-11-11,3,28.7,28.9,28.5,0.0,observed
2025-11-12,3,29.3,30.0,28.9,0.3,observed
2025-11-13,3,28.7,29.2,28.3,0.0,observed
2025-11-14,3,28.7,28.9,28.4,0.0,observed
2025-11-15,3,28.6,28.9,28.3,0.0,observed
2025-11-16,3,28.4,28.8,27.9,0.0,observed
2025-11-17,3,28.2,28.5,27.5,0.0,observed
2025-11-18,3,27.9,28.5,27.3,0.0,observed
2025-11-19,3,28.2,28.9,27.2,0.0,observed
2025-11-20,3,27.8,28.3,27.2,0.0,observed
2025-11-21,3,28.0,28.6,27.5,0.0,observed
2025-11-22,3,28.4,29.4,27.2,0.0,observed
2025-11-23,3,28.4,29.1,27.3,0.0,observed
2025-11-24,3,27.9,28.5,27.5,0.1,observed
2025-11-25,3,27.7,28.0,27.4,0.0,observed
2025-11-26,3,27.1,27.5,26.5,0.0,observed
2025-11-27,3,26.6,26.9,26.2,0.0,observed
2025-11-28,3,26.2,26.4,25.8,0.0,observed
2025-11-29,3,26.4,26.6,26.1,0.0,observed
2025-11-30,3,26.4,26.8,25.8,0.0,observed
2025-12-01,3,26.2,26.6,25.8,0.0,observed
2025-12-02,3,26.3,26.7,26.0,0.0,observed
2025-12-03,3,26.3,26.6,25.9,0.0,observed
2025-12-04,3,26.4,26.9,25.8,0.0,observed
2025-12-05,3,26.6,27.3,26.1,0.0,observed
2025-12-06,3,26.1,26.6,25.5,0.1,observed
2025-12-07,3,26.8,27.4,26.2,0.0,observed
2025-12-08,3,27.2,28.6,25.8,0.0,observed
2025-12-09,3,26.4,27.2,25.5,0.0,observed
2025-12-10,3,26.0,26.9,24.8,0.0,observed
2025-12-11,3,26.6,27.4,25.7,0.0,observed
2025-12-12,3,26.8,27.5,25.9,0.0,observed
2025-12-13,3,26.1,26.7,25.3,0.2,observed
2025-12-14,3,25.0,26.2,23.9,2.6,observed
2025-12-15,3,25.9,27.2,24.7,0.5,observed
2025-12-16,3,24.7,25.4,23.6,4.8,observed
2025-12-17,3,24.9,26.0,23.6,13.3,observed
2025-12-18,3,25.1,26.1,24.5,66.9,observed
2025-12-19,3,22.2,25.3,21.1,57.6,observed
2025-12-20,3,21.8,22.1,21.4,0.9,observed
2025-12-21,3,21.8,22.8,20.8,0.0,observed
2025-12-22,3,22.4,22.8,22.1,0.0,observed
2025-12-23,3,22.6,22.8,22.4,0.0,observed
2025-12-24,3,22.8,23.0,22.5,0.0,observed
2025-12-25,3,23.2,23.7,22.6,0.0,observed
2025-12-26,3,23.2,23.5,22.9,0.0,observed
2025-12-27,3,23.0,23.3,22.8,0.0,observed
2025-12-28,3,24.2,25.4,23.0,0.0,observed
2025-12-29,3,23.9,24.7,22.7,0.9,observed
2025-12-30,3,23.0,23.6,22.2,0.0,observed
2025-12-31,3,21.6,22.9,20.9,0.0,observed
2026-01-01,3,21.3,22.0,20.8,0.0,observed
2026-01-02,3,22.7,23.3,21.9,0.0,observed
2026-01-03,3,23.4,23.7,23.2,0.0,observed
2026-01-04,3,23.9,24.3,23.1,0.0,observed
2026-01-05,3,23.2,23.7,22.7,0.0,observed
2026-01-06,3,23.1,23.4,22.6,0.0,observed
2026-01-07,3,22.6,22.9,22.2,0.0,observed
2026-01-08,3,22.3,22.6,22.0,0.0,observed
2026-01-09,3,22.2,22.7,21.9,0.0,observed
2026-01-10,3,22.2,22.9,21.4,0.0,observed
2026-01-11,3,22.7,22.9,22.5,0.0,observed
2026-01-12,3,22.1,22.5,21.8,0.0,observed
2026-01-13,3,21.7,22.0,21.3,0.0,observed
2026-01-14,3,22.5,23.2,21.6,0.0,observed
2026-01-15,3,23.1,23.9,22.0,0.2,observed
2026-01-16,3,21.2,21.7,20.8,0.0,observed
2026-01-17,3,21.0,21.1,20.7,0.0,observed
2026-01-18,3,21.1,21.4,20.9,0.0,observed
2026-01-19,3,21.1,21.6,20.8,0.0,observed
2026-01-20,3,22.4,23.0,21.6,0.0,observed
2026-01-21,3,21.1,22.6,19.2,0.0,observed
2026-01-22,3,19.0,20.0,18.5,0.0,observed
2026-01-23,3,20.0,20.7,19.0,0.0,observed
2026-01-24,3,20.1,20.9,19.3,0.0,observed
2026-01-25,3,21.5,22.3,20.6,0.9,observed
2026-01-26,3,21.1,21.9,20.5,0.8,observed
2026-01-27,3,21.4,22.0,20.9,0.0,observed
2026-01-28,3,21.6,22.1,21.0,0.0,observed
2026-01-29,3,21.7,22.1,21.0,0.0,observed
2026-01-30,3,21.7,22.1,21.3,0.0,observed
2026-01-31,3,21.2,21.3,21.0,0.0,observed
2026-02-01,3,21.6,21.9,21.3,0.0,observed
2026-02-02,3,21.7,22.3,21.2,0.0,observed
2026-02-03,3,21.9,22.8,20.9,0.0,observed
2026-02-04,3,22.7,24.3,21.5,0.0,observed
2026-02-05,3,22.4,23.1,21.7,0.0,observed
2026-02-06,3,22.4,22.9,21.9,0.1,observed
2026-02-07,3,22.3,22.8,21.7,0.2,observed
2026-02-08,3,22.5,22.7,22.2,0.7,observed
2026-02-09,3,22.7,23.0,22.2,0.0,observed
2026-02-10,3,22.6,22.8,22.4,0.0,observed
2026-02-11,3,23.1,24.3,21.9,0.0,observed
2026-02-12,3,23.1,24.8,21.8,0.0,observed
2026-02-13,3,23.1,24.4,22.1,0.0,observed
2026-02-14,3,23.1,24.1,22.1,0.0,observed
2026-02-15,3,23.5,24.2,22.6,0.0,observed
2026-02-16,3,23.1,23.4,22.8,0.0,observed
2026-02-17,3,23.5,24.3,22.6,0.0,observed
2026-02-18,3,23.6,24.5,22.7,0.0,observed
2026-02-19,3,23.6,24.7,22.7,0.0,observed
2026-02-20,3,23.7,25.2,22.8,0.0,observed
2026-02-21,3,23.6,24.9,22.8,0.0,observed
2026-02-22,3,23.5,23.6,23.3,0.0,observed
2026-02-23,3,23.6,23.9,23.2,0.0,observed
2026-02-24,3,23.9,24.6,23.1,0.0,observed
2026-02-25,3,23.8,25.0,22.7,0.0,observed
2026-02-26,3,23.3,23.7,22.5,0.0,observed
2026-02-27,3,22.1,22.4,21.7,0.0,observed
2026-02-28,3,23.1,23.7,22.4,0.0,observed
2026-03-01,3,24.1,25.1,23.6,0.0,observed
2026-03-02,3,24.1,24.6,23.6,0.0,observed
2026-03-03,3,24.1,24.6,23.3,0.0,observed
2026-03-04,3,23.7,24.5,23.2,0.0,observed
2026-03-05,3,23.4,23.8,22.9,0.0,observed
2026-03-06,3,22.9,23.2,22.7,0.0,observed
2026-03-07,3,23.4,23.6,23.2,0.0,observed
2026-03-08,3,23.4,23.8,23.1,0.0,observed
2026-03-09,3,23.9,24.2,23.7,0.7,observed
2026-03-10,3,24.1,25.0,22.7,1.0,observed
2026-03-11,3,23.6,24.4,22.3,0.4,observed
2026-03-12,3,24.5,25.5,23.6,0.0,observed
2026-03-13,3,24.6,25.0,24.0,0.0,observed
2026-03-14,3,24.4,24.9,24.1,0.0,observed
2026-03-15,3,24.8,25.4,23.8,0.0,observed
2026-03-16,3,25.0,25.8,24.0,0.0,observed
2026-03-17,3,25.2,25.9,24.5,0.0,observed
2026-03-18,3,24.4,24.8,23.7,0.0,observed
2026-03-19,3,23.9,24.2,23.6,0.0,observed
2026-03-20,3,24.3,26.1,23.1,0.4,observed
2026-03-21,3,23.9,25.3,22.9,18.0,observed
2026-03-22,3,24.6,25.7,23.2,1.1,observed
2026-03-23,3,24.9,25.4,24.0,49.0,observed
2026-03-24,3,23.0,24.1,22.2,27.8,observed
2026-03-25,3,23.7,24.6,22.3,15.2,observed
2026-03-26,3,25.2,26.9,23.5,3.8,observed
2026-03-27,3,22.8,25.6,20.8,23.3,observed
2026-03-28,3,22.5,22.8,22.2,0.0,observed
2026-03-29,3,22.5,23.1,22.1,0.0,observed
2026-03-30,3,23.3,23.6,23.1,0.0,observed
2026-03-31,3,22.8,23.7,20.9,4.2,observed
2026-04-01,3,23.2,23.8,22.5,0.1,observed
2026-04-02,3,23.2,23.5,22.8,0.0,observed
2026-04-03,3,23.3,23.3,23.2,0.0,observed
2026-04-04,3,23.2,23.4,23.0,0.0,observed
2026-04-05,3,23.7,24.0,23.2,0.0,observed
2026-04-06,3,23.9,24.1,23.5,0.0,observed
2026-04-07,3,23.4,23.7,23.0,0.0,observed
2026-04-08,3,23.4,23.8,22.8,0.0,observed
2026-04-09,3,24.3,26.0,22.9,2.3,observed
2026-04-10,3,23.7,24.5,22.8,0.0,observed
2026-04-11,3,23.3,23.8,22.5,1.5,observed
2026-04-12,3,24.0,24.5,23.7,0.1,observed
2026-04-13,3,24.1,24.7,23.4,0.1,observed
2026-04-14,3,24.1,24.8,23.6,0.0,observed
2026-04-15,3,23.9,24.3,23.5,0.0,observed
2026-04-16,3,23.7,24.1,23.5,0.1,observed
2026-04-17,3,24.1,24.8,23.4,0.3,observed
2026-04-18,3,24.3,24.7,23.9,0.0,observed
2026-04-19,3,24.6,25.7,23.2,0.8,observed
2026-04-20,3,24.7,25.5,23.9,0.1,observed
2026-04-21,3,25.6,27.3,24.4,0.4,observed
2026-04-22,3,26.5,27.4,25.9,0.0,observed
2026-04-23,3,26.5,27.0,26.1,0.0,observed
2026-04-24,3,26.7,27.2,26.0,0.0,observed
2026-04-25,3,26.4,27.0,25.9,0.0,observed
2026-04-26,3,26.9,27.6,26.1,0.1,observed
2026-04-27,3,27.2,27.9,26.7,0.0,observed
2026-04-28,3,28.0,28.9,26.7,0.0,observed
2026-04-29,3,28.1,28.4,27.7,0.0,observed
2026-04-30,3,27.8,28.6,26.8,0.0,observed
2026-05-01,3,27.5,28.6,26.5,0.0,observed
2026-05-02,3,28.3,29.2,27.3,0.0,observed
2026-05-03,3,28.6,29.3,27.9,0.0,observed
2026-05-04,3,27.6,28.2,26.7,0.0,observed
2026-05-05,3,29.0,30.7,27.3,0.0,observed
2026-05-06,3,29.4,31.3,27.9,0.0,observed
2026-05-07,3,28.8,29.9,27.4,0.0,observed
2026-05-08,3,28.3,28.7,27.8,0.0,observed
2026-05-09,3,28.9,29.7,28.2,0.0,observed
2026-05-10,3,28.4,28.8,27.8,0.0,observed
2026-05-11,3,28.1,29.3,27.5,0.0,observed
2026-05-12,3,27.7,28.5,26.9,0.0,observed
2026-05-13,3,28.1,29.0,26.8,0.0,observed
2026-05-14,3,29.0,29.5,28.2,0.0,observed
2026-05-15,3,28.9,29.3,28.3,0.0,observed
2026-05-16,3,28.1,28.4,27.5,0.0,observed
2026-05-17,3,28.6,29.6,27.5,0.0,observed
2026-05-18,3,28.5,29.0,28.0,0.0,observed
2026-05-19,3,28.1,28.8,27.4,0.0,observed
2026-05-20,3,28.1,28.9,27.2,0.0,observed
2026-05-21,3,28.2,29.1,27.4,0.0,observed
2026-05-22,3,28.2,29.4,27.1,0.0,observed
2026-05-23,3,28.3,29.3,27.5,0.0,observed
2026-05-24,3,29.1,31.5,27.5,0.0,observed
2026-05-25,3,28.9,30.3,27.7,0.0,observed
2026-05-26,3,29.4,30.4,28.1,0.0,observed
2026-05-27,3,29.4,30.3,28.5,0.0,observed
2026-05-28,3,29.8,30.6,29.2,0.0,observed
2026-05-29,3,30.3,31.4,28.9,0.0,observed
2026-05-30,3,30.5,31.4,29.7,0.0,observed
2026-05-31,3,30.6,31.3,29.7,0.0,observed
2026-06-01,3,29.9,30.4,29.4,0.0,observed
2026-06-02,3,30.3,31.0,29.7,0.0,observed
2026-06-03,3,30.5,31.0,30.1,0.0,observed
2026-06-04,3,30.7,31.4,29.7,0.0,observed
2026-06-05,3,30.2,31.1,29.2,0.0,observed
2026-06-06,3,29.7,30.5,29.1,0.0,observed
2026-06-07,3,30.3,31.6,28.8,0.0,observed
2026-06-08,3,31.1,32.6,29.5,0.0,observed
2026-06-09,3,30.4,31.3,29.7,0.0,observed
2026-06-10,3,30.4,31.0,29.9,0.0,observed
2026-06-11,3,30.8,31.3,30.2,0.0,observed
2026-06-12,3,30.1,30.7,29.3,0.0,observed
2026-06-13,3,30.6,32.6,29.3,0.0,observed
2026-06-14,3,30.9,32.2,29.3,0.0,observed
2026-06-15,3,30.7,31.3,29.6,0.0,observed
2026-06-16,3,30.5,30.9,29.6,0.0,observed
2026-06-17,3,30.6,33.0,29.1,0.0,observed
2026-06-18,3,31.7,33.6,30.3,0.0,observed
2026-06-19,3,32.1,33.7,30.6,0.0,observed
2026-06-20,3,31.9,33.1,30.7,0.0,observed
2026-06-21,3,31.4,31.8,30.6,0.0,observed
2026-06-22,3,32.1,34.3,30.7,0.0,observed
2026-06-23,3,32.7,34.3,31.1,0.0,observed
2026-06-24,3,32.3,33.6,30.9,0.0,observed
2026-06-25,3,32.0,32.9,30.9,0.0,observed
2026-06-26,3,32.2,32.7,31.4,0.0,observed
2026-06-27,3,31.9,33.5,30.1,0.0,observed
2026-06-28,3,32.4,33.3,31.4,0.0,observed
2026-06-29,3,32.3,33.1,31.4,0.0,observed
2026-06-30,3,32.0,32.3,31.5,0.1,observed
2026-07-01,3,31.8,32.3,31.1,0.0,observed
2026-07-02,3,32.2,33.2,31.2,0.0,observed
2026-07-03,3,32.9,34.9,30.6,0.0,observed
2026-07-04,3,32.8,33.3,31.9,0.0,observed
2026-07-05,3,33.2,33.9,32.7,0.0,observed
2026-07-06,3,32.8,33.3,32.1,0.0,observed
2026-07-07,3,32.5,33.2,31.9,0.0,observed
2026-07-08,3,32.7,33.6,32.0,0.0,observed
2026-07-09,3,32.8,33.1,32.5,0.0,observed
2026-07-10,3,32.9,33.7,32.3,0.0,observed
2026-07-11,3,33.0,33.6,32.1,0.0,observed
2026-07-12,3,32.5,33.3,31.8,0.1,observed
2026-07-13,3,32.3,33.1,31.8,0.2,observed
2026-07-14,3,34.1,36.3,31.8,0.1,observed
2026-07-15,3,35.3,36.6,33.2,0.0,observed
2026-07-16,3,34.3,36.2,32.1,0.0,observed
2026-07-17,3,33.9,35.7,31.6,0.0,observed
2026-07-18,3,33.7,35.5,32.2,0.0,observed
2026-07-19,3,33.5,34.3,32.3,0.0,observed
2026-07-20,3,33.9,35.1,32.9,0.0,observed
2026-07-21,3,33.5,34.2,32.9,0.0,observed
2026-07-22,3,33.7,34.0,33.4,0.0,observed
2026-07-23,3,33.3,33.9,32.6,0.0,observed
2026-07-24,3,34.5,36.1,32.2,0.0,observed
2026-07-25,3,33.9,35.5,32.6,0.0,observed
2026-07-26,3,34.0,35.0,32.8,0.0,observed
2026-07-27,3,34.0,34.8,33.2,0.0,observed
2026-07-28,3,34.1,35.1,33.1,0.0,observed
2026-07-29,3,34.4,36.0,32.5,0.0,observed
2026-07-30,3,35.0,37.0,33.0,0.0,observed
2026-07-31,3,35.2,37.3,33.6,0.0,observed
2026-08-01,3,34.2,34.8,33.2,0.0,observed
2026-08-02,3,34.4,35.5,33.3,0.0,observed
2026-08-03,3,35.1,36.4,33.4,0.0,observed
2026-08-04,3,35.8,37.1,33.9,0.0,observed
2026-08-05,3,35.7,36.5,34.4,0.0,observed
2026-08-06,3,34.5,35.5,33.4,0.0,observed
2026-08-07,3,35.2,36.6,33.0,0.0,observed
2026-08-08,3,35.9,36.8,34.4,0.0,observed
2026-08-09,3,36.0,36.8,34.8,0.0,observed
2026-08-10,3,35.7,36.6,34.4,0.0,observed
2026-08-11,3,35.0,35.3,34.4,0.0,observed
2026-08-12,3,34.9,35.8,33.8,0.0,observed
2026-08-13,3,35.0,37.2,33.2,0.0,observed
2026-08-14,3,34.8,35.4,34.1,0.0,observed
2026-08-15,3,34.4,35.4,33.4,0.0,observed
2026-08-16,3,34.4,35.6,33.0,0.0,observed
2026-08-17,3,34.9,35.9,34.0,0.0,observed
2026-08-18,3,35.0,37.0,33.2,0.0,observed
2026-08-19,3,34.5,35.0,34.0,0.0,observed
2026-08-20,3,33.5,33.8,33.1,0.1,observed
2026-08-21,3,33.9,35.1,32.9,0.1,observed
2026-08-22,3,35.2,36.7,34.1,0.1,observed
2026-08-23,3,35.7,36.2,35.2,0.1,observed
2026-08-24,3,35.0,35.6,34.0,0.0,observed
2026-08-25,3,35.1,36.2,34.1,0.0,observed
2026-08-26,3,35.0,36.2,33.8,0.0,observed
2026-08-27,3,34.6,35.0,34.2,0.0,observed
2026-08-28,3,34.5,35.4,33.6,0.0,observed
2026-08-29,3,34.9,41.1,30.0,0.0,observed
2026-08-30,3,35.0,40.0,29.3,0.0,observed
2026-08-31,3,35.2,40.8,30.7,0.0,observed
2026-09-01,3,34.7,38.6,30.3,0.0,observed
2026-09-02,3,35.4,41.4,30.7,0.0,observed
2026-09-03,3,35.9,41.5,30.9,0.0,observed
2026-09-04,3,35.3,39.3,32.3,0.0,observed
2026-09-05,3,35.3,40.9,30.7,0.0,observed
2026-09-06,3,35.2,40.3,30.7,0.0,observed
2026-09-07,3,35.7,41.2,30.6,0.0,observed
2026-09-08,3,35.9,40.9,31.8,0.0,observed
2026-09-09,3,35.7,41.4,31.5,0.0,observed
2026-09-10,3,35.7,40.7,31.2,0.0,observed
2026-09-11,3,35.1,39.6,30.9,0.0,observed
2026-09-12,3,35.5,42.4,30.5,0.0,observed
2026-09-13,3,34.9,40.0,31.0,0.0,observed
2026-09-14,3,34.4,39.0,30.3,0.0,observed
2026-09-15,3,33.7,38.6,29.2,0.0,observed
2026-09-16,3,33.3,38.1,28.5,0.0,observed
2026-09-17,3,33.5,37.4,29.1,0.0,observed
2026-09-18,3,33.0,37.3,28.5,0.0,observed
2026-09-19,3,33.5,39.9,27.8,0.0,observed
2026-09-20,3,34.1,41.9,28.7,0.0,observed
2026-09-21,3,33.8,39.9,28.4,0.0,observed
2026-09-22,3,32.9,37.2,28.2,0.0,observed
2026-09-23,3,33.9,39.9,30.5,0.0,observed
2026-09-24,3,32.9,38.3,28.2,0.0,observed
2026-09-25,3,32.7,36.6,28.6,0.0,observed
2026-09-26,3,32.1,35.7,28.5,0.0,observed
2026-09-27,3,32.4,36.6,28.2,0.0,observed
2026-09-28,3,33.2,38.8,28.9,0.0,observed
2026-09-29,3,32.6,39.3,27.4,0.0,forecast
2026-09-30,3,32.2,38.1,27.9,0.0,forecast
2026-10-01,3,33.2,40.7,28.5,0.0,forecast
2026-10-02,3,33.1,38.5,28.8,0.0,forecast
2026-10-03,3,32.9,37.8,28.6,0.0,forecast
2026-10-04,3,32.4,36.1,28.6,0.0,forecast
2026-10-05,3,32.6,34.6,29.9,0.0,forecast
2026-10-06,3,32.6,35.1,29.1,0.0,forecast
2026-10-07,3,34.7,38.6,30.2,0.0,forecast
2026-10-08,3,33.6,37.5,29.5,0.0,forecast
2026-10-09,3,31.4,34.2,27.8,0.0,forecast
2026-10-10,3,31.8,34.2,29.0,0.0,forecast
2026-10-11,3,31.4,34.6,27.7,0.0,forecast
2026-10-12,3,32.8,36.2,28.1,0.0,forecast
2026-10-13,3,31.9,36.7,27.6,0.0,forecast
2025-01-01,4,23.5,24.5,22.3,3.1,observed
2025-01-02,4,22.2,22.5,21.7,0.0,observed
2025-01-03,4,21.0,22.5,20.5,0.9,observed
2025-01-04,4,21.5,21.9,21.1,0.0,observed
2025-01-05,4,21.6,21.8,21.3,0.0,observed
2025-01-06,4,22.1,23.2,21.2,0.0,observed
2025-01-07,4,22.3,23.5,20.9,0.0,observed
2025-01-08,4,22.2,22.9,21.7,0.0,observed
2025-01-09,4,22.1,22.5,21.8,0.1,observed
2025-01-10,4,22.8,23.5,21.9,0.0,observed
2025-01-11,4,23.3,24.0,22.7,0.0,observed
2025-01-12,4,22.5,23.4,21.3,0.0,observed
2025-01-13,4,23.0,23.4,22.4,0.0,observed
2025-01-14,4,22.0,22.1,21.9,0.0,observed
2025-01-15,4,22.4,23.2,21.7,0.0,observed
2025-01-16,4,22.5,23.1,21.7,0.0,observed
2025-01-17,4,21.7,22.1,21.2,0.0,observed
2025-01-18,4,21.8,22.2,21.4,0.0,observed
2025-01-19,4,21.5,21.7,21.2,0.0,observed
2025-01-20,4,21.2,21.6,20.8,0.0,observed
2025-01-21,4,21.5,21.7,21.3,0.0,observed
2025-01-22,4,22.1,22.5,21.7,0.0,observed
2025-01-23,4,21.6,22.2,20.7,0.0,observed
2025-01-24,4,21.7,22.5,21.0,0.0,observed
2025-01-25,4,21.5,22.3,20.8,0.0,observed
2025-01-26,4,22.2,22.7,21.6,0.0,observed
2025-01-27,4,22.6,23.0,22.2,0.0,observed
2025-01-28,4,22.7,23.0,22.4,0.0,observed
2025-01-29,4,21.9,22.3,21.7,0.0,observed
2025-01-30,4,21.9,22.2,21.4,0.0,observed
2025-01-31,4,21.3,21.9,20.8,0.4,observed
2025-02-01,4,21.9,22.3,21.5,0.0,observed
2025-02-02,4,21.4,22.0,20.7,1.3,observed
2025-02-03,4,21.2,21.6,20.9,0.0,observed
2025-02-04,4,20.8,21.6,20.4,0.0,observed
2025-02-05,4,20.7,21.2,20.2,0.0,observed
2025-02-06,4,22.3,23.9,21.0,0.0,observed
2025-02-07,4,22.2,23.7,20.6,0.0,observed
2025-02-08,4,21.7,22.6,20.7,0.0,observed
2025-02-09,4,21.3,21.6,21.0,0.0,observed
2025-02-10,4,20.8,21.1,20.5,0.0,observed
2025-02-11,4,21.7,22.4,20.8,0.0,observed
2025-02-12,4,22.8,24.7,21.0,0.0,observed
2025-02-13,4,23.2,24.3,22.3,0.0,observed
2025-02-14,4,23.1,23.7,22.3,0.0,observed
2025-02-15,4,22.2,22.5,21.8,0.0,observed
2025-02-16,4,22.5,22.9,22.3,0.2,observed
2025-02-17,4,23.5,25.7,22.7,0.0,observed
2025-02-18,4,22.8,23.4,21.9,0.3,observed
2025-02-19,4,22.3,22.7,21.8,0.0,observed
2025-02-20,4,22.5,23.4,21.8,0.0,observed
2025-02-21,4,23.4,24.4,22.8,0.0,observed
2025-02-22,4,22.6,23.0,22.3,0.0,observed
2025-02-23,4,24.0,25.7,22.4,0.0,observed
2025-02-24,4,23.2,24.4,22.8,0.2,observed
2025-02-25,4,21.8,22.9,20.6,0.0,observed
2025-02-26,4,20.5,21.1,20.3,0.0,observed
2025-02-27,4,20.6,21.7,19.6,0.1,observed
2025-02-28,4,20.7,21.0,20.3,0.0,observed
2025-03-01,4,20.5,20.7,20.4,0.0,observed
2025-03-02,4,21.2,21.6,20.7,0.0,observed
2025-03-03,4,21.1,21.6,20.5,0.0,observed
2025-03-04,4,22.5,24.4,21.0,0.0,observed
2025-03-05,4,22.7,24.8,21.5,0.0,observed
2025-03-06,4,22.8,24.0,21.5,0.0,observed
2025-03-07,4,24.5,26.3,23.4,0.0,observed
2025-03-08,4,25.0,27.0,23.2,0.0,observed
2025-03-09,4,23.9,24.8,23.4,0.0,observed
2025-03-10,4,23.7,24.6,23.4,0.6,observed
2025-03-11,4,25.7,28.4,23.7,0.0,observed
2025-03-12,4,24.1,25.6,23.0,0.0,observed
2025-03-13,4,23.2,23.9,22.5,0.0,observed
2025-03-14,4,22.9,23.2,22.5,0.0,observed
2025-03-15,4,23.4,24.3,22.7,0.0,observed
2025-03-16,4,24.1,26.4,23.1,0.0,observed
2025-03-17,4,23.5,24.0,23.3,0.0,observed
2025-03-18,4,23.4,23.8,23.0,0.0,observed
2025-03-19,4,23.2,23.9,22.0,0.0,observed
2025-03-20,4,23.9,25.2,22.3,0.0,observed
2025-03-21,4,26.3,28.5,24.9,0.0,observed
2025-03-22,4,25.8,27.2,24.3,0.0,observed
2025-03-23,4,25.0,25.5,24.4,0.0,observed
2025-03-24,4,23.6,24.2,22.0,0.1,observed
2025-03-25,4,22.0,22.5,21.6,0.0,observed
2025-03-26,4,22.5,22.8,21.8,0.0,observed
2025-03-27,4,23.1,24.0,22.3,0.0,observed
2025-03-28,4,24.0,25.6,23.3,0.0,observed
2025-03-29,4,24.0,25.1,22.9,0.0,observed
2025-03-30,4,24.7,26.5,23.5,0.0,observed
2025-03-31,4,25.7,27.4,24.8,0.0,observed
2025-04-01,4,25.0,25.5,24.4,0.0,observed
2025-04-02,4,24.6,25.4,23.7,0.0,observed
2025-04-03,4,25.7,27.1,24.1,0.0,observed
2025-04-04,4,27.4,29.1,25.9,0.0,observed
2025-04-05,4,27.9,29.5,26.6,0.0,observed
2025-04-06,4,27.7,28.5,27.0,0.0,observed
2025-04-07,4,26.5,27.2,25.5,0.0,observed
2025-04-08,4,26.4,27.3,25.0,0.0,observed
2025-04-09,4,25.8,26.4,25.4,0.0,observed
2025-04-10,4,25.6,26.5,24.4,0.0,observed
2025-04-11,4,26.6,27.6,24.6,0.0,observed
2025-04-12,4,27.4,28.0,26.4,0.0,observed
2025-04-13,4,28.7,30.4,26.9,0.0,observed
2025-04-14,4,27.9,29.4,26.5,0.0,observed
2025-04-15,4,27.6,28.3,26.6,0.0,observed
2025-04-16,4,27.2,27.7,26.4,0.0,observed
2025-04-17,4,26.1,26.6,25.7,0.0,observed
2025-04-18,4,25.3,25.8,25.1,0.0,observed
2025-04-19,4,25.4,25.7,25.1,0.0,observed
2025-04-20,4,25.4,25.8,24.8,0.0,observed
2025-04-21,4,25.8,26.7,24.9,0.3,observed
2025-04-22,4,26.4,27.6,24.7,1.4,observed
2025-04-23,4,27.6,28.6,26.6,0.0,observed
2025-04-24,4,26.5,27.0,25.9,1.6,observed
2025-04-25,4,27.5,28.9,26.6,1.3,observed
2025-04-26,4,29.3,31.7,26.6,0.0,observed
2025-04-27,4,30.2,32.0,29.0,0.0,observed
2025-04-28,4,29.9,30.7,29.4,0.0,observed
2025-04-29,4,29.5,30.5,28.5,0.0,observed
2025-04-30,4,29.3,30.1,28.1,0.0,observed
2025-05-01,4,28.5,29.1,28.0,0.0,observed
2025-05-02,4,28.7,29.4,27.9,0.0,observed
2025-05-03,4,29.1,29.6,28.3,0.0,observed
2025-05-04,4,29.3,30.1,28.2,0.0,observed
2025-05-05,4,29.7,30.7,28.7,0.0,observed
2025-05-06,4,29.6,30.7,28.9,0.0,observed
2025-05-07,4,28.4,29.5,27.7,0.0,observed
2025-05-08,4,27.8,28.2,27.4,0.0,observed
2025-05-09,4,27.4,27.7,27.0,0.0,observed
2025-05-10,4,27.7,28.6,26.7,0.0,observed
2025-05-11,4,28.8,29.4,28.1,0.0,observed
2025-05-12,4,29.5,31.0,27.7,0.0,observed
2025-05-13,4,30.6,32.8,28.3,0.0,observed
2025-05-14,4,30.6,32.1,29.6,0.0,observed
2025-05-15,4,29.9,30.7,28.8,0.0,observed
2025-05-16,4,29.4,30.0,28.9,0.0,observed
2025-05-17,4,29.2,29.6,28.7,0.0,observed
2025-05-18,4,28.8,29.3,28.3,0.0,observed
2025-05-19,4,29.0,29.8,28.1,0.0,observed
2025-05-20,4,29.7,30.5,28.8,0.0,observed
2025-05-21,4,30.1,31.0,29.0,0.0,observed
2025-05-22,4,30.9,32.3,29.1,0.0,observed
2025-05-23,4,31.2,33.6,28.9,0.0,observed
2025-05-24,4,31.3,32.2,30.2,0.0,observed
2025-05-25,4,31.1,32.1,30.1,0.0,observed
2025-05-26,4,31.5,32.8,30.3,0.1,observed
2025-05-27,4,30.5,32.0,29.2,0.0,observed
2025-05-28,4,30.0,30.3,29.4,0.1,observed
2025-05-29,4,30.5,31.2,29.3,0.1,observed
2025-05-30,4,30.7,31.2,29.8,0.2,observed
2025-05-31,4,30.7,31.2,30.1,0.0,observed
2025-06-01,4,30.1,30.6,29.6,0.0,observed
2025-06-02,4,30.3,30.7,29.5,0.0,observed
2025-06-03,4,30.3,31.2,29.3,0.0,observed
2025-06-04,4,30.2,30.5,29.7,0.0,observed
2025-06-05,4,30.3,30.7,29.6,0.0,observed
2025-06-06,4,30.2,30.6,29.2,0.0,observed
2025-06-07,4,30.2,32.0,28.8,0.0,observed
2025-06-08,4,31.1,32.1,30.6,0.0,observed
2025-06-09,4,31.9,33.2,31.0,0.0,observed
2025-06-10,4,32.5,33.9,31.2,0.0,observed
2025-06-11,4,32.7,34.0,31.6,0.0,observed
2025-06-12,4,32.4,33.0,31.8,0.0,observed
2025-06-13,4,31.6,32.3,30.7,0.0,observed
2025-06-14,4,31.6,32.1,31.1,0.0,observed
2025-06-15,4,31.5,32.4,30.3,0.0,observed
2025-06-16,4,33.4,36.0,30.6,0.1,observed
2025-06-17,4,32.6,33.2,31.8,0.0,observed
2025-06-18,4,31.7,32.3,30.7,0.2,observed
2025-06-19,4,31.8,33.3,30.7,0.0,observed
2025-06-20,4,31.6,32.5,30.7,0.2,observed
2025-06-21,4,31.9,32.8,31.1,0.0,observed
2025-06-22,4,31.9,32.3,31.7,0.5,observed
2025-06-23,4,31.8,32.0,31.6,0.0,observed
2025-06-24,4,31.6,31.9,30.9,0.0,observed
2025-06-25,4,31.4,32.3,30.6,0.0,observed
2025-06-26,4,31.4,32.3,30.4,0.0,observed
2025-06-27,4,32.1,33.3,31.0,0.0,observed
2025-06-28,4,32.7,34.2,31.2,0.0,observed
2025-06-29,4,32.5,33.5,31.9,0.0,observed
2025-06-30,4,32.3,32.9,31.8,0.0,observed
2025-07-01,4,33.1,34.2,31.9,0.0,observed
2025-07-02,4,32.3,32.9,32.0,0.0,observed
2025-07-03,4,32.2,32.9,31.8,0.0,observed
2025-07-04,4,32.0,33.3,31.4,0.0,observed
2025-07-05,4,31.9,32.6,31.5,0.0,observed
2025-07-06,4,31.9,32.2,31.6,0.0,observed
2025-07-07,4,31.9,32.3,31.3,0.0,observed
2025-07-08,4,31.9,32.7,31.2,0.0,observed
2025-07-09,4,31.6,32.2,30.9,0.0,observed
2025-07-10,4,32.3,32.9,31.6,0.1,observed
2025-07-11,4,32.3,35.1,30.7,0.0,observed
2025-07-12,4,33.3,34.8,32.2,0.0,observed
2025-07-13,4,34.1,36.5,31.7,0.0,observed
2025-07-14,4,33.3,35.7,32.2,0.0,observed
2025-07-15,4,33.1,33.8,32.4,0.0,observed
2025-07-16,4,33.3,33.8,32.4,0.0,observed
2025-07-17,4,33.2,34.6,31.8,0.0,observed
2025-07-18,4,34.7,36.2,33.6,0.0,observed
2025-07-19,4,33.9,35.1,32.1,0.0,observed
2025-07-20,4,32.8,33.6,32.0,0.0,observed
2025-07-21,4,34.6,36.2,32.8,0.0,observed
2025-07-22,4,34.5,37.1,32.8,0.0,observed
2025-07-23,4,32.9,33.9,32.2,0.0,observed
2025-07-24,4,33.1,34.9,31.7,0.0,observed
2025-07-25,4,34.5,35.9,32.8,0.0,observed
2025-07-26,4,34.2,35.0,33.0,0.0,observed
2025-07-27,4,33.9,34.5,32.8,0.0,observed
2025-07-28,4,34.2,35.4,32.9,0.0,observed
2025-07-29,4,34.2,35.6,33.0,0.0,observed
2025-07-30,4,33.7,34.4,32.8,0.0,observed
2025-07-31,4,35.0,36.8,33.7,0.0,observed
2025-08-01,4,36.5,38.8,34.5,0.0,observed
2025-08-02,4,35.3,37.1,33.6,0.0,observed
2025-08-03,4,34.8,36.2,34.1,0.0,observed
2025-08-04,4,34.7,35.8,33.5,0.0,observed
2025-08-05,4,34.8,35.7,33.3,0.0,observed
2025-08-06,4,34.9,35.9,34.0,0.0,observed
2025-08-07,4,34.9,36.5,34.3,0.0,observed
2025-08-08,4,34.1,35.9,33.3,0.0,observed
2025-08-09,4,34.2,35.2,32.9,0.0,observed
2025-08-10,4,34.4,34.8,33.9,0.0,observed
2025-08-11,4,34.4,35.2,33.3,0.0,observed
2025-08-12,4,34.0,34.9,32.6,0.0,observed
2025-08-13,4,34.0,34.5,33.4,0.2,observed
2025-08-14,4,34.2,34.7,33.8,0.0,observed
2025-08-15,4,34.6,36.9,32.8,0.0,observed
2025-08-16,4,34.2,36.2,32.0,0.0,observed
2025-08-17,4,34.5,35.9,33.4,0.0,observed
2025-08-18,4,34.1,35.2,33.3,0.0,observed
2025-08-19,4,33.5,34.2,33.1,0.0,observed
2025-08-20,4,34.5,35.6,33.3,0.0,observed
2025-08-21,4,33.7,34.8,32.9,0.0,observed
2025-08-22,4,33.2,34.0,32.7,0.0,observed
2025-08-23,4,33.5,34.0,32.7,0.0,observed
2025-08-24,4,32.9,33.8,32.1,0.0,observed
2025-08-25,4,34.0,34.8,33.2,0.0,observed
2025-08-26,4,34.1,35.2,32.3,0.0,observed
2025-08-27,4,34.6,36.0,33.1,0.0,observed
2025-08-28,4,34.4,36.4,32.5,0.0,observed
2025-08-29,4,34.0,34.8,33.1,0.0,observed
2025-08-30,4,34.0,34.5,33.5,0.0,observed
2025-08-31,4,33.9,37.2,32.2,0.0,observed
2025-09-01,4,33.4,34.6,32.3,0.1,observed
2025-09-02,4,33.4,34.2,32.6,0.4,observed
2025-09-03,4,33.7,34.7,32.7,0.0,observed
2025-09-04,4,34.9,36.8,33.1,0.0,observed
2025-09-05,4,34.2,35.6,33.1,0.0,observed
2025-09-06,4,34.4,35.4,33.3,0.0,observed
2025-09-07,4,33.7,34.0,33.4,0.0,observed
2025-09-08,4,33.4,33.9,33.0,0.0,observed
2025-09-09,4,34.3,35.8,33.0,0.0,observed
2025-09-10,4,33.6,35.5,32.4,0.0,observed
2025-09-11,4,34.2,35.9,32.8,0.0,observed
2025-09-12,4,33.9,35.7,32.8,0.0,observed
2025-09-13,4,33.2,35.1,31.7,0.0,observed
2025-09-14,4,33.0,34.8,31.4,0.0,observed
2025-09-15,4,32.6,33.4,31.5,0.0,observed
2025-09-16,4,32.6,33.1,31.8,0.0,observed
2025-09-17,4,32.4,32.8,32.1,0.0,observed
2025-09-18,4,32.9,33.3,32.5,0.0,observed
2025-09-19,4,32.5,33.6,31.4,0.0,observed
2025-09-20,4,33.2,35.2,31.5,0.0,observed
2025-09-21,4,32.9,34.3,31.0,0.0,observed
2025-09-22,4,32.5,33.1,31.8,0.0,observed
2025-09-23,4,31.5,32.5,30.7,0.0,observed
2025-09-24,4,33.3,33.9,32.6,0.0,observed
2025-09-25,4,32.7,33.5,32.2,0.0,observed
2025-09-26,4,32.6,33.2,32.2,0.0,observed
2025-09-27,4,33.0,34.7,32.1,0.0,observed
2025-09-28,4,32.5,33.4,31.8,0.0,observed
2025-09-29,4,32.5,32.9,32.2,0.0,observed
2025-09-30,4,32.4,33.1,31.7,0.0,observed
2025-10-01,4,32.2,32.7,31.8,0.0,observed
2025-10-02,4,31.6,32.1,31.1,0.0,observed
2025-10-03,4,32.0,32.5,31.2,0.0,observed
2025-10-04,4,32.5,32.8,32.1,0.0,observed
2025-10-05,4,32.0,32.5,31.7,0.0,observed
2025-10-06,4,31.5,32.4,30.9,0.0,observed
2025-10-07,4,31.7,32.5,30.8,0.0,observed
2025-10-08,4,31.1,32.0,30.3,0.0,observed
2025-10-09,4,31.8,32.6,30.9,0.0,observed
2025-10-10,4,31.7,32.1,31.3,0.0,observed
2025-10-11,4,30.9,31.6,30.1,0.0,observed
2025-10-12,4,31.5,32.7,30.7,0.0,observed
2025-10-13,4,32.0,32.5,31.6,0.0,observed
2025-10-14,4,31.7,31.9,31.4,0.1,observed
2025-10-15,4,31.1,31.7,30.5,0.0,observed
2025-10-16,4,30.8,32.0,30.0,0.0,observed
2025-10-17,4,30.9,31.7,30.2,0.0,observed
2025-10-18,4,30.9,31.8,30.1,0.0,observed
2025-10-19,4,30.2,30.7,29.7,0.0,observed
2025-10-20,4,30.6,30.9,30.3,0.0,observed
2025-10-21,4,30.7,31.3,30.0,0.0,observed
2025-10-22,4,30.9,31.6,30.2,0.0,observed
2025-10-23,4,30.6,31.6,30.2,0.0,observed
2025-10-24,4,30.7,31.3,30.1,0.0,observed
2025-10-25,4,29.7,30.1,29.5,0.0,observed
2025-10-26,4,28.9,29.4,28.2,0.0,observed
2025-10-27,4,29.7,31.0,29.1,0.0,observed
2025-10-28,4,30.3,31.1,29.7,0.0,observed
2025-10-29,4,30.3,30.6,30.1,0.0,observed
2025-10-30,4,30.2,30.3,30.0,0.0,observed
2025-10-31,4,30.2,30.4,30.0,0.0,observed
2025-11-01,4,30.6,30.9,30.4,0.0,observed
2025-11-02,4,29.7,30.3,29.0,0.0,observed
2025-11-03,4,29.3,29.7,28.8,0.0,observed
2025-11-04,4,29.7,30.6,29.0,0.0,observed
2025-11-05,4,29.4,30.5,28.7,0.0,observed
2025-11-06,4,29.1,29.8,28.4,0.0,observed
2025-11-07,4,28.6,29.3,27.8,0.0,observed
2025-11-08,4,28.4,29.2,27.4,0.0,observed
2025-11-09,4,28.9,29.2,28.7,0.0,observed
2025-11-10,4,28.5,28.7,28.1,0.0,observed
2025-11-11,4,28.7,28.9,28.5,0.0,observed
2025-11-12,4,29.3,30.0,28.9,0.3,observed
2025-11-13,4,28.7,29.2,28.2,0.0,observed
2025-11-14,4,28.7,28.9,28.4,0.0,observed
2025-11-15,4,28.6,28.9,28.2,0.0,observed
2025-11-16,4,28.4,28.7,27.9,0.0,observed
2025-11-17,4,28.2,28.5,27.5,0.0,observed
2025-11-18,4,27.9,28.4,27.3,0.0,observed
2025-11-19,4,28.2,28.8,27.2,0.0,observed
2025-11-20,4,27.8,28.2,27.2,0.0,observed
2025-11-21,4,27.9,28.5,27.5,0.0,observed
2025-11-22,4,28.4,29.4,27.2,0.0,observed
2025-11-23,4,28.4,29.1,27.3,0.0,observed
2025-11-24,4,27.9,28.5,27.5,0.1,observed
2025-11-25,4,27.7,27.9,27.4,0.0,observed
2025-11-26,4,27.0,27.5,26.5,0.0,observed
2025-11-27,4,26.6,26.9,26.1,0.0,observed
2025-11-28,4,26.1,26.3,25.8,0.0,observed
2025-11-29,4,26.3,26.6,26.1,0.0,observed
2025-11-30,4,26.4,26.8,25.7,0.0,observed
2025-12-01,4,26.2,26.5,25.8,0.0,observed
2025-12-02,4,26.3,26.7,26.0,0.0,observed
2025-12-03,4,26.3,26.6,25.9,0.0,observed
2025-12-04,4,26.4,26.9,25.8,0.0,observed
2025-12-05,4,26.6,27.3,26.1,0.0,observed
2025-12-06,4,26.0,26.5,25.4,0.1,observed
2025-12-07,4,26.8,27.4,26.2,0.0,observed
2025-12-08,4,27.1,28.6,25.8,0.0,observed
2025-12-09,4,26.4,27.1,25.5,0.0,observed
2025-12-10,4,26.0,26.8,24.8,0.0,observed
2025-12-11,4,26.5,27.4,25.7,0.0,observed
2025-12-12,4,26.8,27.5,25.9,0.0,observed
2025-12-13,4,26.1,26.7,25.3,0.2,observed
2025-12-14,4,25.0,26.2,23.9,2.6,observed
2025-12-15,4,25.9,27.2,24.7,0.5,observed
2025-12-16,4,24.7,25.4,23.6,4.8,observed
2025-12-17,4,24.9,26.0,23.6,13.3,observed
2025-12-18,4,25.1,26.1,24.5,66.9,observed
2025-12-19,4,22.1,25.3,21.1,57.6,observed
2025-12-20,4,21.7,22.1,21.4,0.9,observed
2025-12-21,4,21.8,22.8,20.8,0.0,observed
2025-12-22,4,22.3,22.8,22.1,0.0,observed
2025-12-23,4,22.6,22.8,22.4,0.0,observed
2025-12-24,4,22.7,23.0,22.4,0.0,observed
2025-12-25,4,23.1,23.6,22.5,0.0,observed
2025-12-26,4,23.1,23.5,22.8,0.0,observed
2025-12-27,4,23.0,23.3,22.8,0.0,observed
2025-12-28,4,24.2,25.4,23.0,0.0,observed
2025-12-29,4,23.9,24.7,22.7,0.9,observed
2025-12-30,4,23.0,23.6,22.2,0.0,observed
2025-12-31,4,21.6,22.8,20.9,0.0,observed
2026-01-01,4,21.3,22.0,20.7,0.0,observed
2026-01-02,4,22.7,23.2,21.9,0.0,observed
2026-01-03,4,23.4,23.7,23.2,0.0,observed
2026-01-04,4,23.9,24.3,23.1,0.0,observed
2026-01-05,4,23.2,23.7,22.7,0.0,observed
2026-01-06,4,23.1,23.4,22.6,0.0,observed
2026-01-07,4,22.6,22.9,22.1,0.0,observed
2026-01-08,4,22.2,22.5,21.9,0.0,observed
2026-01-09,4,22.2,22.7,21.9,0.0,observed
2026-01-10,4,22.1,22.9,21.3,0.0,observed
2026-01-11,4,22.7,22.9,22.5,0.0,observed
2026-01-12,4,22.1,22.5,21.8,0.0,observed
2026-01-13,4,21.7,21.9,21.3,0.0,observed
2026-01-14,4,22.5,23.2,21.6,0.0,observed
2026-01-15,4,23.1,23.8,22.0,0.2,observed
2026-01-16,4,21.2,21.7,20.8,0.0,observed
2026-01-17,4,20.9,21.1,20.7,0.0,observed
2026-01-18,4,21.1,21.3,20.9,0.0,observed
2026-01-19,4,21.1,21.6,20.8,0.0,observed
2026-01-20,4,22.3,23.0,21.6,0.0,observed
2026-01-21,4,21.1,22.6,19.1,0.0,observed
2026-01-22,4,19.0,20.0,18.5,0.0,observed
2026-01-23,4,19.9,20.7,19.0,0.0,observed
2026-01-24,4,20.1,20.9,19.3,0.0,observed
2026-01-25,4,21.5,22.3,20.6,0.9,observed
2026-01-26,4,21.0,21.9,20.5,0.8,observed
2026-01-27,4,21.4,22.0,20.9,0.0,observed
2026-01-28,4,21.6,22.1,21.0,0.0,observed
2026-01-29,4,21.7,22.1,20.9,0.0,observed
2026-01-30,4,21.7,22.0,21.3,0.0,observed
2026-01-31,4,21.1,21.2,21.0,0.0,observed
2026-02-01,4,21.6,21.9,21.3,0.0,observed
2026-02-02,4,21.7,22.3,21.2,0.0,observed
2026-02-03,4,21.8,22.8,20.8,0.0,observed
2026-02-04,4,22.7,24.3,21.5,0.0,observed
2026-02-05,4,22.4,23.0,21.7,0.0,observed
2026-02-06,4,22.3,22.9,21.9,0.1,observed
2026-02-07,4,22.3,22.7,21.7,0.2,observed
2026-02-08,4,22.5,22.7,22.2,0.7,observed
2026-02-09,4,22.6,23.0,22.2,0.0,observed
2026-02-10,4,22.6,22.8,22.3,0.0,observed
2026-02-11,4,23.0,24.3,21.9,0.0,observed
2026-02-12,4,23.1,24.7,21.8,0.0,observed
2026-02-13,4,23.1,24.4,22.1,0.0,observed
2026-02-14,4,23.1,24.1,22.1,0.0,observed
2026-02-15,4,23.5,24.1,22.6,0.0,observed
2026-02-16,4,23.1,23.4,22.8,0.0,observed
2026-02-17,4,23.5,24.3,22.6,0.0,observed
2026-02-18,4,23.6,24.5,22.7,0.0,observed
2026-02-19,4,23.6,24.7,22.7,0.0,observed
2026-02-20,4,23.6,25.1,22.8,0.0,observed
2026-02-21,4,23.6,24.9,22.8,0.0,observed
2026-02-22,4,23.5,23.6,23.3,0.0,observed
2026-02-23,4,23.5,23.8,23.1,0.0,observed
2026-02-24,4,23.9,24.5,23.1,0.0,observed
2026-02-25,4,23.8,24.9,22.7,0.0,observed
2026-02-26,4,23.2,23.7,22.5,0.0,observed
2026-02-27,4,22.1,22.4,21.6,0.0,observed
2026-02-28,4,23.1,23.7,22.4,0.0,observed
2026-03-01,4,24.1,25.1,23.6,0.0,observed
2026-03-02,4,24.1,24.6,23.6,0.0,observed
2026-03-03,4,24.1,24.6,23.3,0.0,observed
2026-03-04,4,23.6,24.4,23.2,0.0,observed
2026-03-05,4,23.4,23.7,22.8,0.0,observed
2026-03-06,4,22.9,23.2,22.6,0.0,observed
2026-03-07,4,23.4,23.6,23.2,0.0,observed
2026-03-08,4,23.4,23.8,23.0,0.0,observed
2026-03-09,4,23.9,24.2,23.6,0.7,observed
2026-03-10,4,24.0,24.9,22.7,1.0,observed
2026-03-11,4,23.6,24.4,22.3,0.4,observed
2026-03-12,4,24.4,25.5,23.6,0.0,observed
2026-03-13,4,24.6,25.0,24.0,0.0,observed
2026-03-14,4,24.4,24.8,24.1,0.0,observed
2026-03-15,4,24.7,25.4,23.8,0.0,observed
2026-03-16,4,25.0,25.8,24.0,0.0,observed
2026-03-17,4,25.2,25.8,24.5,0.0,observed
2026-03-18,4,24.3,24.8,23.7,0.0,observed
2026-03-19,4,23.9,24.2,23.6,0.0,observed
2026-03-20,4,24.3,26.1,23.1,0.4,observed
2026-03-21,4,23.9,25.3,22.9,18.0,observed
2026-03-22,4,24.6,25.6,23.2,1.1,observed
2026-03-23,4,24.8,25.3,24.0,49.0,observed
2026-03-24,4,23.0,24.1,22.2,27.8,observed
2026-03-25,4,23.7,24.6,22.2,15.2,observed
2026-03-26,4,25.2,26.9,23.5,3.8,observed
2026-03-27,4,22.8,25.6,20.7,23.3,observed
2026-03-28,4,22.5,22.7,22.2,0.0,observed
2026-03-29,4,22.5,23.1,22.1,0.0,observed
2026-03-30,4,23.3,23.6,23.0,0.0,observed
2026-03-31,4,22.7,23.6,20.9,4.2,observed
2026-04-01,4,23.1,23.8,22.5,0.1,observed
2026-04-02,4,23.1,23.5,22.7,0.0,observed
2026-04-03,4,23.2,23.3,23.2,0.0,observed
2026-04-04,4,23.2,23.4,23.0,0.0,observed
2026-04-05,4,23.7,24.0,23.2,0.0,observed
2026-04-06,4,23.9,24.1,23.5,0.0,observed
2026-04-07,4,23.4,23.7,22.9,0.0,observed
2026-04-08,4,23.4,23.8,22.8,0.0,observed
2026-04-09,4,24.3,26.0,22.9,2.3,observed
2026-04-10,4,23.7,24.5,22.8,0.0,observed
2026-04-11,4,23.2,23.8,22.5,1.5,observed
2026-04-12,4,24.0,24.5,23.7,0.1,observed
2026-04-13,4,24.1,24.7,23.4,0.1,observed
2026-04-14,4,24.0,24.8,23.6,0.0,observed
2026-04-15,4,23.9,24.3,23.5,0.0,observed
2026-04-16,4,23.7,24.0,23.4,0.1,observed
2026-04-17,4,24.1,24.8,23.4,0.3,observed
2026-04-18,4,24.3,24.7,23.9,0.0,observed
2026-04-19,4,24.5,25.7,23.2,0.8,observed
2026-04-20,4,24.7,25.4,23.9,0.1,observed
2026-04-21,4,25.5,27.2,24.3,0.4,observed
2026-04-22,4,26.4,27.4,25.9,0.0,observed
2026-04-23,4,26.5,27.0,26.0,0.0,observed
2026-04-24,4,26.7,27.2,26.0,0.0,observed
2026-04-25,4,26.4,27.0,25.9,0.0,observed
2026-04-26,4,26.8,27.6,26.1,0.1,observed
2026-04-27,4,27.1,27.9,26.7,0.0,observed
2026-04-28,4,28.0,28.9,26.7,0.0,observed
2026-04-29,4,28.1,28.4,27.7,0.0,observed
2026-04-30,4,27.8,28.6,26.7,0.0,observed
2026-05-01,4,27.5,28.6,26.5,0.0,observed
2026-05-02,4,28.2,29.2,27.3,0.0,observed
2026-05-03,4,28.6,29.3,27.9,0.0,observed
2026-05-04,4,27.6,28.2,26.6,0.0,observed
2026-05-05,4,29.0,30.7,27.3,0.0,observed
2026-05-06,4,29.4,31.3,27.9,0.0,observed
2026-05-07,4,28.8,29.8,27.4,0.0,observed
2026-05-08,4,28.3,28.7,27.8,0.0,observed
2026-05-09,4,28.9,29.7,28.2,0.0,observed
2026-05-10,4,28.4,28.8,27.7,0.0,observed
2026-05-11,4,28.1,29.3,27.5,0.0,observed
2026-05-12,4,27.7,28.5,26.9,0.0,observed
2026-05-13,4,28.0,29.0,26.8,0.0,observed
2026-05-14,4,29.0,29.5,28.2,0.0,observed
2026-05-15,4,28.9,29.3,28.2,0.0,observed
2026-05-16,4,28.1,28.4,27.4,0.0,observed
2026-05-17,4,28.5,29.6,27.5,0.0,observed
2026-05-18,4,28.5,29.0,28.0,0.0,observed
2026-05-19,4,28.1,28.8,27.4,0.0,observed
2026-05-20,4,28.1,28.8,27.2,0.0,observed
2026-05-21,4,28.2,29.1,27.4,0.0,observed
2026-05-22,4,28.2,29.4,27.1,0.0,observed
2026-05-23,4,28.3,29.2,27.5,0.0,observed
2026-05-24,4,29.1,31.5,27.5,0.0,observed
2026-05-25,4,28.9,30.3,27.7,0.0,observed
2026-05-26,4,29.4,30.3,28.1,0.0,observed
2026-05-27,4,29.4,30.3,28.5,0.0,observed
2026-05-28,4,29.7,30.6,29.2,0.0,observed
2026-05-29,4,30.2,31.4,28.9,0.0,observed
2026-05-30,4,30.5,31.4,29.7,0.0,observed
2026-05-31,4,30.6,31.3,29.7,0.0,observed
2026-06-01,4,29.9,30.4,29.4,0.0,observed
2026-06-02,4,30.3,30.9,29.7,0.0,observed
2026-06-03,4,30.5,31.0,30.0,0.0,observed
2026-06-04,4,30.7,31.4,29.7,0.0,observed
2026-06-05,4,30.2,31.1,29.2,0.0,observed
2026-06-06,4,29.7,30.5,29.1,0.0,observed
2026-06-07,4,30.3,31.6,28.8,0.0,observed
2026-06-08,4,31.0,32.6,29.5,0.0,observed
2026-06-09,4,30.4,31.2,29.7,0.0,observed
2026-06-10,4,30.4,30.9,29.8,0.0,observed
2026-06-11,4,30.7,31.2,30.2,0.0,observed
2026-06-12,4,30.1,30.7,29.3,0.0,observed
2026-06-13,4,30.6,32.6,29.3,0.0,observed
2026-06-14,4,30.9,32.2,29.3,0.0,observed
2026-06-15,4,30.6,31.3,29.5,0.0,observed
2026-06-16,4,30.5,30.9,29.6,0.0,observed
2026-06-17,4,30.6,32.9,29.0,0.0,observed
2026-06-18,4,31.6,33.6,30.3,0.0,observed
2026-06-19,4,32.1,33.7,30.6,0.0,observed
2026-06-20,4,31.8,33.1,30.7,0.0,observed
2026-06-21,4,31.4,31.8,30.6,0.0,observed
2026-06-22,4,32.1,34.2,30.6,0.0,observed
2026-06-23,4,32.6,34.3,31.0,0.0,observed
2026-06-24,4,32.2,33.6,30.9,0.0,observed
2026-06-25,4,32.0,32.8,30.8,0.0,observed
2026-06-26,4,32.2,32.7,31.3,0.0,observed
2026-06-27,4,31.8,33.5,30.1,0.0,observed
2026-06-28,4,32.4,33.3,31.4,0.0,observed
2026-06-29,4,32.2,33.0,31.3,0.0,observed
2026-06-30,4,32.0,32.2,31.5,0.1,observed
2026-07-01,4,31.8,32.3,31.1,0.0,observed
2026-07-02,4,32.2,33.2,31.2,0.0,observed
2026-07-03,4,32.9,34.8,30.6,0.0,observed
2026-07-04,4,32.8,33.3,31.9,0.0,observed
2026-07-05,4,33.2,33.8,32.7,0.0,observed
2026-07-06,4,32.7,33.3,32.1,0.0,observed
2026-07-07,4,32.5,33.2,31.9,0.0,observed
2026-07-08,4,32.7,33.6,32.0,0.0,observed
2026-07-09,4,32.8,33.1,32.5,0.0,observed
2026-07-10,4,32.9,33.7,32.3,0.0,observed
2026-07-11,4,33.0,33.6,32.1,0.0,observed
2026-07-12,4,32.5,33.3,31.8,0.1,observed
2026-07-13,4,32.3,33.1,31.8,0.2,observed
2026-07-14,4,34.1,36.3,31.7,0.1,observed
2026-07-15,4,35.3,36.6,33.1,0.0,observed
2026-07-16,4,34.3,36.2,32.1,0.0,observed
2026-07-17,4,33.9,35.7,31.6,0.0,observed
2026-07-18,4,33.7,35.5,32.1,0.0,observed
2026-07-19,4,33.5,34.3,32.2,0.0,observed
2026-07-20,4,33.9,35.1,32.9,0.0,observed
2026-07-21,4,33.5,34.1,32.8,0.0,observed
2026-07-22,4,33.7,34.0,33.4,0.0,observed
2026-07-23,4,33.2,33.9,32.6,0.0,observed
2026-07-24,4,34.4,36.1,32.2,0.0,observed
2026-07-25,4,33.9,35.5,32.6,0.0,observed
2026-07-26,4,34.0,35.0,32.8,0.0,observed
2026-07-27,4,33.9,34.8,33.2,0.0,observed
2026-07-28,4,34.1,35.1,33.1,0.0,observed
2026-07-29,4,34.3,36.0,32.5,0.0,observed
2026-07-30,4,35.0,37.0,33.0,0.0,observed
2026-07-31,4,35.2,37.3,33.6,0.0,observed
2026-08-01,4,34.2,34.8,33.2,0.0,observed
2026-08-02,4,34.4,35.5,33.3,0.0,observed
2026-08-03,4,35.1,36.4,33.4,0.0,observed
2026-08-04,4,35.8,37.1,33.9,0.0,observed
2026-08-05,4,35.7,36.5,34.4,0.0,observed
2026-08-06,4,34.5,35.5,33.4,0.0,observed
2026-08-07,4,35.2,36.6,33.0,0.0,observed
2026-08-08,4,35.9,36.8,34.3,0.0,observed
2026-08-09,4,35.9,36.8,34.8,0.0,observed
2026-08-10,4,35.6,36.6,34.4,0.0,observed
2026-08-11,4,34.9,35.3,34.4,0.0,observed
2026-08-12,4,34.8,35.8,33.8,0.0,observed
2026-08-13,4,35.0,37.2,33.1,0.0,observed
2026-08-14,4,34.8,35.4,34.1,0.0,observed
2026-08-15,4,34.4,35.3,33.4,0.0,observed
2026-08-16,4,34.4,35.6,33.0,0.0,observed
2026-08-17,4,34.9,35.9,34.0,0.0,observed
2026-08-18,4,35.0,37.0,33.2,0.0,observed
2026-08-19,4,34.5,35.0,34.0,0.0,observed
2026-08-20,4,33.5,33.8,33.1,0.1,observed
2026-08-21,4,33.9,35.1,32.9,0.1,observed
2026-08-22,4,35.2,36.7,34.1,0.1,observed
2026-08-23,4,35.6,36.2,35.2,0.1,observed
2026-08-24,4,34.9,35.6,34.0,0.0,observed
2026-08-25,4,35.1,36.1,34.1,0.0,observed
2026-08-26,4,35.0,36.2,33.7,0.0,observed
2026-08-27,4,34.5,35.0,34.2,0.0,observed
2026-08-28,4,34.5,35.4,33.5,0.0,observed
2026-08-29,4,34.8,41.1,30.0,0.0,observed
2026-08-30,4,35.0,40.0,29.3,0.0,observed
2026-08-31,4,35.2,40.8,30.7,0.0,observed
2026-09-01,4,34.7,38.6,30.3,0.0,observed
2026-09-02,4,35.4,41.4,30.7,0.0,observed
2026-09-03,4,35.9,41.5,30.9,0.0,observed
2026-09-04,4,35.3,39.3,32.3,0.0,observed
2026-09-05,4,35.2,40.9,30.7,0.0,observed
2026-09-06,4,35.2,40.3,30.7,0.0,observed
2026-09-07,4,35.7,41.2,30.6,0.0,observed
2026-09-08,4,35.8,40.9,31.8,0.0,observed
2026-09-09,4,35.7,41.4,31.5,0.0,observed
2026-09-10,4,35.7,40.7,31.2,0.0,observed
2026-09-11,4,35.1,39.6,30.9,0.0,observed
2026-09-12,4,35.5,42.4,30.5,0.0,observed
2026-09-13,4,34.9,40.0,31.0,0.0,observed
2026-09-14,4,34.3,39.0,30.3,0.0,observed
2026-09-15,4,33.7,38.6,29.2,0.0,observed
2026-09-16,4,33.3,38.1,28.5,0.0,observed
2026-09-17,4,33.5,37.4,29.1,0.0,observed
2026-09-18,4,33.0,37.3,28.5,0.0,observed
2026-09-19,4,33.4,39.9,27.8,0.0,observed
2026-09-20,4,34.1,41.9,28.7,0.0,observed
2026-09-21,4,33.7,39.9,28.4,0.0,observed
2026-09-22,4,32.9,37.2,28.2,0.0,observed
2026-09-23,4,33.9,39.9,30.5,0.0,observed
2026-09-24,4,32.8,38.3,28.2,0.0,observed
2026-09-25,4,32.7,36.6,28.6,0.0,observed
2026-09-26,4,32.1,35.7,28.5,0.0,observed
2026-09-27,4,32.4,36.6,28.2,0.0,observed
2026-09-28,4,33.2,38.8,28.9,0.0,observed
2026-09-29,4,32.6,39.3,27.4,0.0,forecast
2026-09-30,4,32.1,38.1,27.9,0.0,forecast
2026-10-01,4,33.2,40.7,28.5,0.0,forecast
2026-10-02,4,33.1,38.5,28.8,0.0,forecast
2026-10-03,4,32.8,37.8,28.6,0.0,forecast
2026-10-04,4,32.3,36.1,28.6,0.0,forecast
2026-10-05,4,32.6,34.6,29.9,0.0,forecast
2026-10-06,4,32.6,35.1,29.1,0.0,forecast
2026-10-07,4,34.7,38.6,30.2,0.0,forecast
2026-10-08,4,33.6,37.5,29.5,0.0,forecast
2026-10-09,4,31.4,34.2,27.8,0.0,forecast
2026-10-10,4,31.8,34.2,29.0,0.0,forecast
2026-10-11,4,31.4,34.6,27.7,0.0,forecast
2026-10-12,4,32.8,36.2,28.1,0.0,forecast
2026-10-13,4,31.9,36.7,27.6,0.0,forecast
