date,cell,tmean,tmax,tmin,precip,kind
2024-01-01,0,17.1,24.4,11.3,0.0,observed
2024-01-02,0,16.6,24.3,10.6,0.0,observed
2024-01-03,0,17.0,23.8,11.3,0.0,observed
2024-01-04,0,16.2,22.4,10.9,0.0,observed
2024-01-05,0,16.2,22.7,10.4,0.0,observed
2024-01-06,0,16.7,23.0,11.8,0.0,observed
2024-01-07,0,16.1,22.8,11.1,0.0,observed
2024-01-08,0,16.2,23.7,10.2,0.0,observed
2024-01-09,0,15.5,22.1,10.5,0.0,observed
2024-01-10,0,15.3,23.1,10.0,0.0,observed
2024-01-11,0,15.4,24.6,7.9,0.0,observed
2024-01-12,0,16.1,25.3,9.6,0.0,observed
2024-01-13,0,17.0,26.6,8.4,0.0,observed
2024-01-14,0,17.9,25.2,12.5,0.0,observed
2024-01-15,0,18.1,25.1,10.7,0.0,observed
2024-01-16,0,19.6,25.3,14.9,0.0,observed
2024-01-17,0,18.2,24.5,13.0,0.0,observed
2024-01-18,0,17.4,24.4,11.7,0.0,observed
2024-01-19,0,17.7,25.3,11.7,0.0,observed
2024-01-20,0,18.5,26.0,11.7,0.0,observed
2024-01-21,0,19.0,26.2,13.2,0.0,observed
2024-01-22,0,19.5,27.2,11.5,0.0,observed
2024-01-23,0,19.0,26.0,13.8,0.0,observed
2024-01-24,0,16.5,25.2,9.8,0.0,observed
2024-01-25,0,17.2,25.1,9.1,0.0,observed
2024-01-26,0,17.3,23.9,11.6,0.0,observed
2024-01-27,0,17.7,24.6,12.4,0.0,observed
2024-01-28,0,18.7,26.3,10.9,0.0,observed
2024-01-29,0,21.2,27.3,16.7,0.0,observed
2024-01-30,0,21.4,27.1,16.0,0.0,observed
2024-01-31,0,23.2,29.0,18.6,0.0,observed
2024-02-01,0,22.8,29.7,15.8,0.0,observed
2024-02-02,0,21.8,29.1,17.4,0.0,observed
2024-02-03,0,20.3,27.8,15.5,0.8,observed
2024-02-04,0,20.5,24.5,16.6,2.0,observed
2024-02-05,0,19.6,25.7,14.4,0.0,observed
2024-02-06,0,19.5,25.1,14.5,0.0,observed
2024-02-07,0,19.7,24.8,16.2,0.0,observed
2024-02-08,0,18.6,25.1,14.4,0.0,observed
2024-02-09,0,19.3,27.6,10.7,0.0,observed
2024-02-10,0,19.7,28.0,12.4,0.0,observed
2024-02-11,0,19.4,27.0,13.3,0.0,observed
2024-02-12,0,19.2,26.3,14.2,0.0,observed
2024-02-13,0,17.7,25.3,12.9,0.0,observed
2024-02-14,0,18.7,27.1,12.4,0.0,observed
2024-02-15,0,18.9,27.5,12.5,0.0,observed
2024-02-16,0,19.4,29.0,12.2,0.0,observed
2024-02-17,0,21.3,30.9,12.2,0.0,observed
2024-02-18,0,23.3,30.4,17.6,0.0,observed
2024-02-19,0,25.3,31.7,21.3,0.0,observed
2024-02-20,0,23.8,30.9,18.8,0.0,observed
2024-02-21,0,23.4,30.0,18.5,0.0,observed
2024-02-22,0,21.2,27.1,15.9,0.0,observed
2024-02-23,0,19.6,28.3,11.9,0.0,observed
2024-02-24,0,19.8,28.5,11.9,0.0,observed
2024-02-25,0,20.3,28.6,11.6,0.2,observed
2024-02-26,0,21.1,28.2,15.7,0.7,observed
2024-02-27,0,19.5,26.1,14.4,0.0,observed
2024-02-28,0,20.7,27.9,14.7,0.0,observed
2024-02-29,0,22.7,31.5,15.6,0.0,observed
2024-03-01,0,21.6,26.2,17.1,0.0,observed
2024-03-02,0,20.1,23.6,16.0,0.0,observed
2024-03-03,0,16.8,23.1,9.7,0.0,observed
2024-03-04,0,17.3,25.0,9.6,0.0,observed
2024-03-05,0,18.2,25.4,11.8,0.0,observed
2024-03-06,0,20.0,27.0,13.1,0.0,observed
2024-03-07,0,21.4,28.0,15.4,0.0,observed
2024-03-08,0,21.6,29.5,15.2,0.0,observed
2024-03-09,0,22.1,29.6,15.6,0.0,observed
2024-03-10,0,21.0,26.7,16.4,1.3,observed
2024-03-11,0,25.0,32.0,18.7,0.0,observed
2024-03-12,0,25.5,32.9,18.4,0.0,observed
2024-03-13,0,25.7,32.7,20.0,0.0,observed
2024-03-14,0,23.4,31.3,16.7,0.0,observed
2024-03-15,0,24.4,31.8,18.0,0.0,observed
2024-03-16,0,25.6,34.5,17.6,0.0,observed
2024-03-17,0,26.6,35.0,19.0,0.0,observed
2024-03-18,0,27.4,35.6,19.2,0.0,observed
2024-03-19,0,30.6,39.0,23.3,0.0,observed
2024-03-20,0,29.4,38.1,21.7,0.0,observed
2024-03-21,0,31.3,38.1,26.1,0.0,observed
2024-03-22,0,30.0,38.4,23.2,0.0,observed
2024-03-23,0,30.2,38.4,22.9,0.0,observed
2024-03-24,0,31.3,40.0,24.1,0.0,observed
2024-03-25,0,32.0,39.9,24.1,0.0,observed
2024-03-26,0,33.3,40.8,27.1,0.0,observed
2024-03-27,0,30.9,39.1,24.3,0.0,observed
2024-03-28,0,30.2,36.7,23.3,0.0,observed
2024-03-29,0,29.1,35.5,24.1,0.0,observed
2024-03-30,0,27.6,35.2,21.0,0.0,observed
2024-03-31,0,29.0,36.3,23.5,0.0,observed
2024-04-01,0,29.0,36.1,21.8,0.0,observed
2024-04-02,0,30.0,37.2,23.7,0.0,observed
2024-04-03,0,29.6,37.5,23.2,0.0,observed
2024-04-04,0,30.2,37.7,23.2,0.0,observed
2024-04-05,0,30.7,37.6,24.6,0.0,observed
2024-04-06,0,30.7,37.8,23.6,0.0,observed
2024-04-07,0,32.0,39.9,24.4,0.0,observed
2024-04-08,0,33.3,41.0,24.8,0.0,observed
2024-04-09,0,33.9,41.3,26.5,0.0,observed
2024-04-10,0,31.9,40.0,26.5,0.0,observed
2024-04-11,0,31.5,40.6,22.8,0.0,observed
2024-04-12,0,32.8,39.8,27.0,0.0,observed
2024-04-13,0,30.2,37.6,24.8,0.2,observed
2024-04-14,0,27.4,30.5,24.3,0.7,observed
2024-04-15,0,27.8,33.7,22.5,0.0,observed
2024-04-16,0,30.5,37.0,23.6,0.0,observed
2024-04-17,0,32.3,38.9,26.7,0.0,observed
2024-04-18,0,29.1,32.8,25.8,0.4,observed
2024-04-19,0,28.2,34.5,22.8,0.0,observed
2024-04-20,0,29.8,36.7,23.7,0.0,observed
2024-04-21,0,30.4,37.4,23.9,0.0,observed
2024-04-22,0,31.5,38.9,24.6,0.0,observed
2024-04-23,0,31.5,40.0,24.2,0.0,observed
2024-04-24,0,31.8,40.2,23.7,0.0,observed
2024-04-25,0,31.5,39.3,25.1,0.0,observed
2024-04-26,0,31.5,38.9,25.5,0.0,observed
2024-04-27,0,31.4,38.2,24.6,0.0,observed
2024-04-28,0,32.6,40.2,25.3,0.0,observed
2024-04-29,0,32.9,39.4,25.9,0.0,observed
2024-04-30,0,31.3,38.5,23.3,0.0,observed
2024-05-01,0,30.4,37.3,22.3,0.0,observed
2024-05-02,0,31.6,40.5,20.6,0.0,observed
2024-05-03,0,32.6,40.0,27.3,0.0,observed
2024-05-04,0,32.6,39.7,27.1,0.0,observed
2024-05-05,0,33.2,40.9,26.4,0.0,observed
2024-05-06,0,34.4,43.0,27.0,0.0,observed
2024-05-07,0,35.8,45.1,27.9,0.0,observed
2024-05-08,0,35.9,45.1,28.1,0.0,observed
2024-05-09,0,35.4,43.8,28.3,0.0,observed
2024-05-10,0,33.0,40.8,26.3,0.0,observed
2024-05-11,0,32.4,39.1,25.9,0.0,observed
2024-05-12,0,33.6,41.1,26.2,0.0,observed
2024-05-13,0,34.5,42.6,27.6,0.0,observed
2024-05-14,0,34.2,41.5,26.9,0.0,observed
2024-05-15,0,36.1,43.2,28.9,0.0,observed
2024-05-16,0,36.2,43.7,28.8,0.0,observed
2024-05-17,0,37.1,45.3,29.1,0.0,observed
2024-05-18,0,36.7,44.4,29.5,0.0,observed
2024-05-19,0,34.9,42.0,28.3,0.0,observed
2024-05-20,0,34.8,43.2,28.0,0.0,observed
2024-05-21,0,37.2,47.3,29.2,0.0,observed
2024-05-22,0,38.0,48.0,30.8,0.0,observed
2024-05-23,0,37.9,48.3,30.7,0.0,observed
2024-05-24,0,37.4,46.8,30.5,0.0,observed
2024-05-25,0,36.9,46.5,29.2,0.0,observed
2024-05-26,0,37.4,49.0,28.8,0.0,observed
2024-05-27,0,37.3,49.1,29.9,0.0,observed
2024-05-28,0,36.9,48.1,29.2,0.0,observed
2024-05-29,0,37.6,48.1,28.1,0.0,observed
2024-05-30,0,36.9,47.4,28.2,0.0,observed
2024-05-31,0,34.6,43.4,28.5,0.0,observed
2024-06-01,0,35.0,44.0,28.0,0.0,observed
2024-06-02,0,34.3,42.0,28.4,0.0,observed
2024-06-03,0,32.7,40.3,27.5,0.0,observed
2024-06-04,0,32.0,38.6,27.2,0.0,observed
2024-06-05,0,32.2,37.8,27.9,0.0,observed
2024-06-06,0,33.4,40.3,28.0,0.0,observed
2024-06-07,0,33.9,41.5,28.0,0.0,observed
2024-06-08,0,33.5,41.5,27.4,0.2,observed
2024-06-09,0,33.7,40.8,27.5,0.0,observed
2024-06-10,0,33.9,41.9,27.7,0.0,observed
2024-06-11,0,33.1,40.4,27.9,0.4,observed
2024-06-12,0,32.7,39.1,27.9,0.0,observed
2024-06-13,0,32.9,39.4,28.5,0.0,observed
2024-06-14,0,33.1,39.5,28.7,0.0,observed
2024-06-15,0,33.6,39.6,28.7,0.1,observed
2024-06-16,0,33.9,41.0,28.9,0.0,observed
2024-06-17,0,33.2,39.8,28.7,0.0,observed
2024-06-18,0,33.2,39.8,28.9,0.0,observed
2024-06-19,0,33.4,40.7,28.7,0.0,observed
2024-06-20,0,33.8,41.4,28.5,0.0,observed
2024-06-21,0,33.9,40.1,28.4,0.1,observed
2024-06-22,0,35.6,41.6,29.9,0.0,observed
2024-06-23,0,37.3,44.7,30.6,0.0,observed
2024-06-24,0,38.9,46.3,31.5,0.0,observed
2024-06-25,0,38.5,46.2,31.3,0.0,observed
2024-06-26,0,35.7,42.4,29.7,0.2,observed
2024-06-27,0,35.1,43.2,31.9,0.5,observed
2024-06-28,0,33.5,37.6,30.0,0.7,observed
2024-06-29,0,34.3,38.7,30.6,0.0,observed
2024-06-30,0,34.8,40.5,30.2,0.0,observed
2024-07-01,0,35.5,42.6,31.0,0.0,observed
2024-07-02,0,34.3,40.7,30.0,0.0,observed
2024-07-03,0,34.5,40.8,30.2,0.0,observed
2024-07-04,0,34.0,40.0,29.5,0.0,observed
2024-07-05,0,33.2,38.7,29.4,0.0,observed
2024-07-06,0,33.4,38.7,29.6,0.0,observed
2024-07-07,0,34.4,43.2,29.6,0.6,observed
2024-07-08,0,33.9,38.5,30.4,4.9,observed
2024-07-09,0,32.5,37.2,30.3,3.1,observed
2024-07-10,0,32.8,37.5,29.6,0.0,observed
2024-07-11,0,32.0,36.9,28.9,0.0,observed
2024-07-12,0,32.0,37.1,28.9,0.0,observed
2024-07-13,0,32.2,37.8,28.6,0.1,observed
2024-07-14,0,33.0,39.3,28.8,0.0,observed
2024-07-15,0,34.4,39.7,29.4,0.0,observed
2024-07-16,0,36.3,43.0,30.4,0.1,observed
2024-07-17,0,35.2,40.2,30.9,0.0,observed
2024-07-18,0,35.3,40.5,31.5,0.0,observed
2024-07-19,0,33.7,39.1,30.2,0.7,observed
2024-07-20,0,32.8,36.7,30.5,23.9,observed
2024-07-21,0,34.2,40.1,29.7,1.9,observed
2024-07-22,0,33.8,39.6,30.7,8.7,observed
2024-07-23,0,33.0,38.1,29.7,0.0,observed
2024-07-24,0,32.1,36.2,29.5,0.0,observed
2024-07-25,0,32.5,38.6,28.2,0.0,observed
2024-07-26,0,33.1,39.5,28.8,0.0,observed
2024-07-27,0,33.0,38.7,29.0,0.0,observed
2024-07-28,0,33.0,38.0,28.8,0.0,observed
2024-07-29,0,31.9,36.3,29.3,8.3,observed
2024-07-30,0,30.5,35.8,27.3,7.4,observed
2024-07-31,0,30.2,32.9,27.9,5.6,observed
2024-08-01,0,30.5,33.8,28.1,0.0,observed
2024-08-02,0,30.2,33.3,28.0,1.0,observed
2024-08-03,0,29.0,32.5,27.4,13.0,observed
2024-08-04,0,29.8,34.0,27.2,0.0,observed
2024-08-05,0,29.7,33.5,27.0,0.6,observed
2024-08-06,0,28.8,31.3,27.1,0.1,observed
2024-08-07,0,29.2,32.3,27.2,0.0,observed
2024-08-08,0,30.0,34.3,26.9,0.0,observed
2024-08-09,0,31.0,36.2,27.0,0.3,observed
2024-08-10,0,31.3,37.1,27.5,0.0,observed
2024-08-11,0,31.1,36.8,27.7,0.0,observed
2024-08-12,0,30.8,35.2,27.2,0.0,observed
2024-08-13,0,31.8,37.2,28.1,0.4,observed
2024-08-14,0,32.0,37.9,27.8,0.2,observed
2024-08-15,0,31.4,36.6,28.2,0.0,observed
2024-08-16,0,30.9,35.8,27.7,0.1,observed
2024-08-17,0,27.7,28.7,26.8,26.2,observed
2024-08-18,0,29.0,32.5,26.6,1.2,observed
2024-08-19,0,29.2,33.0,26.2,1.0,observed
2024-08-20,0,29.6,33.9,26.5,0.4,observed
2024-08-21,0,30.3,34.6,27.0,0.2,observed
2024-08-22,0,30.7,35.8,26.9,0.2,observed
2024-08-23,0,31.4,37.5,27.0,0.0,observed
2024-08-24,0,31.1,38.2,26.9,3.3,observed
2024-08-25,0,32.2,37.6,27.6,0.1,observed
2024-08-26,0,30.6,37.1,28.2,19.4,observed
2024-08-27,0,28.4,32.0,26.5,14.5,observed
2024-08-28,0,26.6,29.8,25.4,49.0,observed
2024-08-29,0,26.8,29.9,26.0,37.4,observed
2024-08-30,0,27.7,31.1,25.6,4.7,observed
2024-08-31,0,27.6,32.1,25.2,2.8,observed
2024-09-01,0,28.5,32.5,24.8,0.2,observed
2024-09-02,0,28.6,32.5,25.2,0.0,observed
2024-09-03,0,29.3,33.6,25.8,5.3,observed
2024-09-04,0,27.9,32.1,25.5,14.1,observed
2024-09-05,0,29.1,33.7,26.0,0.0,observed
2024-09-06,0,29.0,34.4,25.8,0.0,observed
2024-09-07,0,28.6,33.7,25.2,0.0,observed
2024-09-08,0,28.7,33.7,25.1,0.0,observed
2024-09-09,0,28.7,33.7,25.3,0.0,observed
2024-09-10,0,28.6,33.9,24.8,0.0,observed
2024-09-11,0,29.1,34.7,24.4,0.0,observed
2024-09-12,0,29.0,34.7,25.7,0.0,observed
2024-09-13,0,28.4,33.9,24.9,0.0,observed
2024-09-14,0,28.6,34.5,24.9,0.0,observed
2024-09-15,0,28.8,34.8,24.9,0.0,observed
2024-09-16,0,29.1,35.7,24.7,0.0,observed
2024-09-17,0,29.6,35.8,25.1,0.0,observed
2024-09-18,0,29.6,36.2,24.5,0.0,observed
2024-09-19,0,30.8,37.9,24.8,0.0,observed
2024-09-20,0,31.7,38.8,26.6,0.0,observed
2024-09-21,0,30.5,37.4,25.8,0.0,observed
2024-09-22,0,30.8,37.8,25.9,0.0,observed
2024-09-23,0,30.9,37.5,26.3,0.0,observed
2024-09-24,0,31.0,37.5,26.5,0.0,observed
2024-09-25,0,31.1,38.1,26.1,0.0,observed
2024-09-26,0,31.6,38.6,26.1,0.0,observed
2024-09-27,0,32.5,39.5,27.3,0.0,observed
2024-09-28,0,31.7,38.4,26.9,0.0,observed
2024-09-29,0,31.3,37.8,26.8,0.0,observed
2024-09-30,0,31.9,38.7,26.6,0.0,observed
2024-10-01,0,32.0,39.7,26.1,0.0,observed
2024-10-02,0,31.8,39.9,26.4,0.0,observed
2024-10-03,0,31.1,38.9,26.4,0.0,observed
2024-10-04,0,30.5,37.9,26.5,0.0,observed
2024-10-05,0,30.5,37.0,25.7,0.0,observed
2024-10-06,0,30.5,36.1,25.7,0.0,observed
2024-10-07,0,31.4,37.4,26.1,0.0,observed
2024-10-08,0,32.7,38.6,27.2,0.0,observed
2024-10-09,0,32.2,38.1,26.3,0.0,observed
2024-10-10,0,32.6,39.2,26.8,0.0,observed
2024-10-11,0,32.1,39.1,25.3,0.0,observed
2024-10-12,0,31.3,38.4,24.6,0.0,observed
2024-10-13,0,31.3,35.9,26.5,0.0,observed
2024-10-14,0,30.4,33.7,27.4,0.0,observed
2024-10-15,0,32.7,38.3,26.7,0.0,observed
2024-10-16,0,32.5,38.7,26.3,0.0,observed
2024-10-17,0,32.4,38.6,26.5,0.0,observed
2024-10-18,0,32.4,38.9,26.3,0.0,observed
2024-10-19,0,33.2,39.5,27.0,0.0,observed
2024-10-20,0,33.0,39.3,28.0,0.0,observed
2024-10-21,0,32.3,39.9,25.9,0.0,observed
2024-10-22,0,31.9,39.1,24.9,0.0,observed
2024-10-23,0,31.3,38.6,24.7,0.0,observed
2024-10-24,0,31.2,38.4,24.4,0.0,observed
2024-10-25,0,32.2,40.2,25.6,0.0,observed
2024-10-26,0,32.2,41.5,24.3,0.0,observed
2024-10-27,0,32.3,41.2,24.2,0.0,observed
2024-10-28,0,32.8,41.4,25.7,0.0,observed
2024-10-29,0,30.8,38.9,24.5,0.0,observed
2024-10-30,0,30.3,39.0,24.0,0.0,observed
2024-10-31,0,30.1,37.5,22.9,0.0,observed
2024-11-01,0,31.3,38.3,25.5,0.0,observed
2024-11-02,0,30.8,38.3,24.9,0.0,observed
2024-11-03,0,29.1,36.5,22.9,0.0,observed
2024-11-04,0,29.7,36.5,23.2,0.0,observed
2024-11-05,0,30.2,36.6,24.5,0.0,observed
2024-11-06,0,29.8,37.4,22.6,0.0,observed
2024-11-07,0,29.3,36.7,22.8,0.0,observed
2024-11-08,0,28.9,35.7,23.7,0.0,observed
2024-11-09,0,28.5,35.3,22.7,0.0,observed
2024-11-10,0,28.6,35.4,22.1,0.0,observed
2024-11-11,0,28.4,34.7,22.1,0.0,observed
2024-11-12,0,28.1,34.2,22.8,0.0,observed
2024-11-13,0,27.6,33.9,22.3,0.0,observed
2024-11-14,0,27.5,33.7,21.8,0.0,observed
2024-11-15,0,26.9,33.5,20.8,0.0,observed
2024-11-16,0,26.2,32.7,20.3,0.0,observed
2024-11-17,0,26.2,32.7,20.1,0.0,observed
2024-11-18,0,25.7,31.9,20.4,0.0,observed
2024-11-19,0,25.7,33.0,19.1,0.0,observed
2024-11-20,0,25.0,31.4,19.4,0.0,observed
2024-11-21,0,25.2,32.1,18.1,0.0,observed
2024-11-22,0,25.4,31.9,19.3,0.0,observed
2024-11-23,0,25.8,32.2,20.2,0.0,observed
2024-11-24,0,25.0,31.2,19.5,0.0,observed
2024-11-25,0,24.1,30.7,17.8,0.0,observed
2024-11-26,0,25.3,32.8,18.6,0.0,observed
2024-11-27,0,25.3,32.3,19.3,0.0,observed
2024-11-28,0,25.0,31.7,19.4,0.0,observed
2024-11-29,0,24.7,30.9,18.8,0.0,observed
2024-11-30,0,23.3,28.8,19.1,0.0,observed
2024-12-01,0,23.0,29.0,18.1,0.0,observed
2024-12-02,0,23.1,28.8,17.8,0.0,observed
2024-12-03,0,22.8,27.7,18.3,0.0,observed
2024-12-04,0,22.4,28.0,17.9,0.0,observed
2024-12-05,0,22.7,29.7,16.0,0.0,observed
2024-12-06,0,21.4,27.6,16.2,0.0,observed
2024-12-07,0,20.4,27.0,14.4,0.0,observed
2024-12-08,0,19.0,25.8,13.9,0.0,observed
2024-12-09,0,17.6,24.4,12.4,0.0,observed
2024-12-10,0,16.9,23.5,10.7,0.0,observed
2024-12-11,0,17.0,23.9,11.1,0.0,observed
2024-12-12,0,16.9,22.7,11.7,0.0,observed
2024-12-13,0,16.0,22.6,10.1,0.0,observed
2024-12-14,0,16.1,22.9,10.1,0.0,observed
2024-12-15,0,16.8,24.0,10.9,0.0,observed
2024-12-16,0,17.2,24.0,11.5,0.0,observed
2024-12-17,0,17.4,23.5,12.1,0.0,observed
2024-12-18,0,17.0,23.2,12.2,0.0,observed
2024-12-19,0,17.0,23.3,11.4,0.0,observed
2024-12-20,0,16.3,22.2,10.9,0.0,observed
2024-12-21,0,15.5,22.2,9.8,0.0,observed
2024-12-22,0,16.7,23.1,11.4,0.0,observed
2024-12-23,0,16.5,22.7,11.5,0.0,observed
2024-12-24,0,16.0,21.6,11.2,0.0,observed
2024-12-25,0,15.8,21.5,10.5,0.0,observed
2024-12-26,0,16.0,21.9,11.1,0.0,observed
2024-12-27,0,16.3,22.5,11.5,0.0,observed
2024-12-28,0,16.3,25.0,9.6,0.0,observed
2024-12-29,0,15.7,22.7,8.8,0.0,observed
2024-12-30,0,15.8,22.5,10.1,0.0,observed
2024-12-31,0,16.6,23.2,11.0,0.0,observed
2025-01-01,0,16.8,23.4,11.3,0.0,observed
2025-01-02,0,17.0,23.3,12.3,0.0,observed
2025-01-03,0,16.8,23.5,11.7,0.0,observed
2025-01-04,0,17.2,23.0,11.6,0.0,observed
2025-01-05,0,16.6,22.5,11.7,0.0,observed
2025-01-06,0,15.9,22.4,10.5,0.0,observed
2025-01-07,0,15.3,22.5,9.3,0.0,observed
2025-01-08,0,15.5,24.1,7.6,0.0,observed
2025-01-09,0,15.9,24.5,7.8,0.0,observed
2025-01-10,0,16.9,22.3,12.7,0.0,observed
2025-01-11,0,18.1,24.3,13.4,0.0,observed
2025-01-12,0,15.7,22.8,10.1,0.0,observed
2025-01-13,0,14.8,20.9,9.8,0.0,observed
2025-01-14,0,15.2,22.0,9.6,0.0,observed
2025-01-15,0,16.2,22.5,11.0,0.0,observed
2025-01-16,0,16.7,23.1,10.6,0.0,observed
2025-01-17,0,16.4,22.6,11.4,0.0,observed
2025-01-18,0,16.0,22.4,11.0,0.0,observed
2025-01-19,0,16.7,23.0,11.4,0.0,observed
2025-01-20,0,17.2,23.3,12.0,0.0,observed
2025-01-21,0,17.7,24.1,12.9,0.0,observed
2025-01-22,0,18.1,25.0,11.9,0.0,observed
2025-01-23,0,18.3,24.0,13.3,0.0,observed
2025-01-24,0,17.5,24.3,11.6,0.0,observed
2025-01-25,0,17.5,24.5,11.4,0.0,observed
2025-01-26,0,16.9,25.5,9.0,0.0,observed
2025-01-27,0,17.3,26.5,8.8,0.0,observed
2025-01-28,0,19.7,29.2,10.7,0.0,observed
2025-01-29,0,20.9,28.4,14.9,0.0,observed
2025-01-30,0,19.6,25.5,15.0,0.0,observed
2025-01-31,0,18.0,24.5,12.7,0.0,observed
2025-02-01,0,18.0,24.9,11.8,0.0,observed
2025-02-02,0,18.5,25.4,13.0,0.0,observed
2025-02-03,0,18.2,25.2,12.2,0.0,observed
2025-02-04,0,19.4,26.2,13.2,0.0,observed
2025-02-05,0,17.9,25.1,11.0,0.0,observed
2025-02-06,0,18.1,25.6,12.0,0.0,observed
2025-02-07,0,18.6,25.8,12.8,0.0,observed
2025-02-08,0,19.5,27.5,13.5,0.0,observed
2025-02-09,0,19.9,28.3,12.5,0.0,observed
2025-02-10,0,22.2,30.8,13.4,0.0,observed
2025-02-11,0,22.9,29.5,17.4,0.0,observed
2025-02-12,0,22.2,28.6,16.7,0.0,observed
2025-02-13,0,23.2,31.1,15.1,0.0,observed
2025-02-14,0,26.2,36.0,17.9,0.0,observed
2025-02-15,0,27.3,34.5,21.0,0.0,observed
2025-02-16,0,26.2,34.6,18.7,0.0,observed
2025-02-17,0,25.1,31.1,19.8,0.0,observed
2025-02-18,0,25.6,32.7,19.2,0.0,observed
2025-02-19,0,27.2,33.4,23.0,0.0,observed
2025-02-20,0,24.7,31.5,17.8,0.0,observed
2025-02-21,0,23.1,28.3,19.0,0.0,observed
2025-02-22,0,22.3,29.1,16.7,0.0,observed
2025-02-23,0,23.9,31.4,16.7,0.0,observed
2025-02-24,0,24.7,32.1,18.2,0.0,observed
2025-02-25,0,25.1,31.1,19.9,0.0,observed
2025-02-26,0,27.0,34.0,20.5,0.0,observed
2025-02-27,0,25.4,30.0,21.1,0.0,observed
2025-02-28,0,25.2,31.9,20.8,0.0,observed
2025-03-01,0,25.0,31.5,19.1,0.0,observed
2025-03-02,0,24.8,31.4,19.1,0.0,observed
2025-03-03,0,25.8,32.4,20.5,0.0,observed
2025-03-04,0,22.5,28.2,17.3,0.0,observed
2025-03-05,0,20.6,28.8,11.6,0.0,observed
2025-03-06,0,26.4,36.0,17.3,0.0,observed
2025-03-07,0,27.3,36.3,19.2,0.0,observed
2025-03-08,0,27.4,34.7,20.5,0.0,observed
2025-03-09,0,28.2,36.7,19.6,0.0,observed
2025-03-10,0,30.7,39.0,23.1,0.0,observed
2025-03-11,0,29.4,36.5,22.7,0.0,observed
2025-03-12,0,29.0,37.5,20.4,0.0,observed
2025-03-13,0,29.8,37.4,22.7,0.0,observed
2025-03-14,0,29.1,36.1,23.9,0.0,observed
2025-03-15,0,26.7,32.8,22.2,0.0,observed
2025-03-16,0,26.0,32.7,19.7,0.0,observed
2025-03-17,0,25.9,33.7,17.3,0.0,observed
2025-03-18,0,27.1,34.0,19.5,0.0,observed
2025-03-19,0,27.0,34.0,20.2,0.0,observed
2025-03-20,0,27.6,35.0,20.6,0.0,observed
2025-03-21,0,28.3,35.5,21.7,0.0,observed
2025-03-22,0,29.4,37.8,22.4,0.0,observed
2025-03-23,0,29.7,38.4,22.0,0.0,observed
2025-03-24,0,30.2,37.3,23.8,0.0,observed
2025-03-25,0,28.2,35.9,21.8,0.0,observed
2025-03-26,0,27.8,35.1,22.5,0.0,observed
2025-03-27,0,26.3,33.0,20.2,0.0,observed
2025-03-28,0,25.0,31.9,18.9,0.0,observed
2025-03-29,0,25.7,33.0,19.8,0.0,observed
2025-03-30,0,27.1,35.6,19.1,0.0,observed
2025-03-31,0,28.5,37.0,19.9,0.0,observed
2025-04-01,0,29.0,37.4,20.3,0.0,observed
2025-04-02,0,29.5,38.5,20.0,0.0,observed
2025-04-03,0,31.0,40.6,22.7,0.0,observed
2025-04-04,0,30.0,37.6,22.1,0.0,observed
2025-04-05,0,31.5,41.3,22.2,0.0,observed
2025-04-06,0,34.1,43.6,27.2,0.0,observed
2025-04-07,0,32.7,41.5,26.9,0.0,observed
2025-04-08,0,31.0,39.7,24.6,0.0,observed
2025-04-09,0,30.4,38.7,23.6,0.0,observed
2025-04-10,0,30.4,39.7,25.0,0.0,observed
2025-04-11,0,30.6,39.7,23.9,0.0,observed
2025-04-12,0,32.1,41.8,24.0,0.0,observed
2025-04-13,0,32.2,41.2,25.5,0.0,observed
2025-04-14,0,33.2,43.2,27.1,0.0,observed
2025-04-15,0,33.3,44.0,26.3,0.0,observed
2025-04-16,0,33.1,42.6,25.9,0.0,observed
2025-04-17,0,33.5,42.5,27.0,0.0,observed
2025-04-18,0,32.5,40.2,26.7,0.0,observed
2025-04-19,0,32.0,40.8,25.1,0.0,observed
2025-04-20,0,32.0,39.5,22.7,0.0,observed
2025-04-21,0,31.6,38.7,24.3,0.0,observed
2025-04-22,0,32.0,40.1,22.6,0.0,observed
2025-04-23,0,32.9,41.8,23.6,0.0,observed
2025-04-24,0,32.8,42.0,25.4,0.0,observed
2025-04-25,0,32.8,43.2,25.3,0.0,observed
2025-04-26,0,34.1,43.2,26.4,0.0,observed
2025-04-27,0,34.2,43.4,27.6,0.0,observed
2025-04-28,0,34.2,43.0,27.0,0.0,observed
2025-04-29,0,34.7,43.1,27.1,0.0,observed
2025-04-30,0,34.8,42.9,28.4,0.0,observed
2025-05-01,0,34.1,41.6,28.6,0.0,observed
2025-05-02,0,33.3,41.6,27.5,0.0,observed
2025-05-03,0,32.6,42.1,26.4,0.1,observed
2025-05-04,0,31.8,40.0,25.9,0.2,observed
2025-05-05,0,30.1,37.4,24.3,0.0,observed
2025-05-06,0,32.5,38.9,25.7,0.0,observed
2025-05-07,0,33.7,40.4,27.0,0.0,observed
2025-05-08,0,32.8,38.1,27.0,0.0,observed
2025-05-09,0,32.0,39.4,25.8,0.0,observed
2025-05-10,0,33.6,40.5,27.1,0.0,observed
2025-05-11,0,33.0,40.9,27.0,0.0,observed
2025-05-12,0,31.8,38.7,26.5,0.0,observed
2025-05-13,0,31.4,38.6,25.5,0.0,observed
2025-05-14,0,33.0,41.0,26.3,0.0,observed
2025-05-15,0,33.5,42.0,26.3,0.0,observed
2025-05-16,0,33.0,41.7,25.8,0.0,observed
2025-05-17,0,32.7,40.8,26.3,0.0,observed
2025-05-18,0,32.9,40.9,27.1,0.0,observed
2025-05-19,0,32.2,39.7,26.6,0.0,observed
2025-05-20,0,32.7,40.1,26.8,0.0,observed
2025-05-21,0,32.9,40.8,27.1,0.0,observed
2025-05-22,0,32.9,40.7,26.9,0.0,observed
2025-05-23,0,33.2,42.5,26.6,0.0,observed
2025-05-24,0,33.7,41.4,27.2,0.0,observed
2025-05-25,0,35.4,44.4,27.8,0.0,observed
2025-05-26,0,36.8,45.5,29.1,0.0,observed
2025-05-27,0,35.5,44.1,30.1,0.0,observed
2025-05-28,0,34.7,43.0,27.8,0.0,observed
2025-05-29,0,35.7,46.2,28.1,0.0,observed
2025-05-30,0,36.1,43.9,29.2,0.0,observed
2025-05-31,0,34.1,43.3,28.2,0.0,observed
2025-06-01,0,34.4,42.9,27.7,0.0,observed
2025-06-02,0,33.2,40.6,27.6,0.1,observed
2025-06-03,0,32.4,38.4,27.5,0.0,observed
2025-06-04,0,31.9,38.1,26.9,0.0,observed
2025-06-05,0,32.2,38.6,27.1,0.0,observed
2025-06-06,0,32.5,40.0,27.2,0.0,observed
2025-06-07,0,32.5,40.4,26.9,0.0,observed
2025-06-08,0,32.2,39.9,26.6,0.0,observed
2025-06-09,0,31.7,39.1,26.8,0.0,observed
2025-06-10,0,31.8,38.7,26.9,0.0,observed
2025-06-11,0,32.8,39.6,27.6,0.0,observed
2025-06-12,0,33.6,42.6,27.6,0.0,observed
2025-06-13,0,34.3,42.8,27.7,0.0,observed
2025-06-14,0,34.8,42.4,28.1,0.0,observed
2025-06-15,0,33.5,40.8,28.2,3.7,observed
2025-06-16,0,34.6,39.3,30.6,0.0,observed
2025-06-17,0,36.0,42.0,31.9,0.0,observed
2025-06-18,0,35.4,43.6,30.2,0.0,observed
2025-06-19,0,32.9,38.8,28.7,0.0,observed
2025-06-20,0,32.8,38.2,28.5,0.0,observed
2025-06-21,0,33.1,38.8,29.1,0.0,observed
2025-06-22,0,32.7,37.8,29.2,0.0,observed
2025-06-23,0,32.9,38.6,28.4,0.0,observed
2025-06-24,0,33.1,39.1,28.8,0.0,observed
2025-06-25,0,33.2,39.2,28.2,0.0,observed
2025-06-26,0,32.9,37.7,29.0,1.6,observed
2025-06-27,0,30.3,36.9,28.1,15.4,observed
2025-06-28,0,30.2,35.2,27.4,10.0,observed
2025-06-29,0,31.2,35.8,27.4,0.3,observed
2025-06-30,0,31.8,36.8,28.0,0.0,observed
2025-07-01,0,32.0,37.3,28.2,0.0,observed
2025-07-02,0,32.1,38.1,27.9,0.0,observed
2025-07-03,0,31.8,36.2,28.1,0.0,observed
2025-07-04,0,32.2,36.4,29.1,0.6,observed
2025-07-05,0,32.7,37.8,28.7,0.0,observed
2025-07-06,0,32.1,36.6,28.6,0.0,observed
2025-07-07,0,31.8,35.6,28.4,0.2,observed
2025-07-08,0,32.4,37.4,28.0,0.0,observed
2025-07-09,0,32.3,37.1,28.5,0.0,observed
2025-07-10,0,32.2,36.9,28.0,0.0,observed
2025-07-11,0,32.3,37.7,28.0,0.0,observed
2025-07-12,0,32.3,37.3,28.2,0.0,observed
2025-07-13,0,32.3,39.0,28.1,0.0,observed
2025-07-14,0,32.8,39.2,28.4,0.2,observed
2025-07-15,0,32.6,38.6,28.1,0.0,observed
2025-07-16,0,31.8,37.5,27.6,0.0,observed
2025-07-17,0,32.0,37.2,27.1,0.0,observed
2025-07-18,0,32.5,37.4,28.3,0.0,observed
2025-07-19,0,32.2,38.7,28.8,0.1,observed
2025-07-20,0,31.3,36.1,28.5,0.4,observed
2025-07-21,0,32.3,37.2,28.3,0.1,observed
2025-07-22,0,32.1,37.8,28.5,0.0,observed
2025-07-23,0,31.2,35.8,28.0,0.0,observed
2025-07-24,0,31.6,36.0,27.6,0.1,observed
2025-07-25,0,32.0,38.5,27.4,0.0,observed
2025-07-26,0,31.8,37.8,27.7,0.0,observed
2025-07-27,0,31.0,37.4,27.9,0.0,observed
2025-07-28,0,31.0,36.5,28.0,0.0,observed
2025-07-29,0,31.0,36.9,27.4,0.0,observed
2025-07-30,0,30.9,36.5,27.0,0.0,observed
2025-07-31,0,31.4,37.3,26.7,0.0,observed
2025-08-01,0,30.8,35.9,27.1,0.0,observed
2025-08-02,0,30.0,33.9,27.0,0.0,observed
2025-08-03,0,30.6,35.8,27.1,0.0,observed
2025-08-04,0,30.4,36.0,26.6,0.0,observed
2025-08-05,0,30.0,34.9,26.6,0.0,observed
2025-08-06,0,30.2,35.8,26.3,0.0,observed
2025-08-07,0,30.2,35.9,26.0,0.0,observed
2025-08-08,0,30.2,36.1,26.1,0.0,observed
2025-08-09,0,30.6,36.7,26.2,0.0,observed
2025-08-10,0,30.5,36.8,26.3,0.0,observed
2025-08-11,0,30.1,36.3,26.2,0.0,observed
2025-08-12,0,30.1,36.1,26.3,0.0,observed
2025-08-13,0,30.6,36.6,26.5,0.0,observed
2025-08-14,0,31.1,35.5,27.1,0.0,observed
2025-08-15,0,32.7,37.4,28.6,0.0,observed
2025-08-16,0,32.8,37.7,28.9,0.0,observed
2025-08-17,0,33.0,37.0,28.8,0.1,observed
2025-08-18,0,33.3,38.9,29.3,0.3,observed
2025-08-19,0,30.8,35.0,27.5,10.3,observed
2025-08-20,0,30.3,36.0,26.6,62.9,observed
2025-08-21,0,29.1,34.0,27.0,18.7,observed
2025-08-22,0,30.1,34.9,27.0,0.0,observed
2025-08-23,0,29.8,33.9,27.0,0.0,observed
2025-08-24,0,30.2,35.5,26.7,0.0,observed
2025-08-25,0,30.6,35.8,26.8,0.0,observed
2025-08-26,0,30.0,34.9,26.3,0.0,observed
2025-08-27,0,29.9,35.2,25.8,0.0,observed
2025-08-28,0,30.1,35.8,26.0,0.0,observed
2025-08-29,0,30.0,34.9,26.0,0.0,observed
2025-08-30,0,30.3,35.2,26.1,0.0,observed
2025-08-31,0,30.0,35.3,26.6,0.0,observed
2025-09-01,0,29.8,35.4,25.8,0.0,observed
2025-09-02,0,29.8,35.7,25.4,0.0,observed
2025-09-03,0,29.8,35.4,25.2,0.0,observed
2025-09-04,0,31.2,37.6,25.3,0.2,observed
2025-09-05,0,32.5,38.4,27.4,0.0,observed
2025-09-06,0,33.2,39.2,28.4,0.0,observed
2025-09-07,0,29.5,33.5,26.4,6.5,observed
2025-09-08,0,26.9,31.6,25.2,36.2,observed
2025-09-09,0,26.1,28.6,24.8,33.5,observed
2025-09-10,0,27.2,31.0,24.8,2.4,observed
2025-09-11,0,27.3,30.5,24.4,0.3,observed
2025-09-12,0,28.4,32.9,25.3,0.4,observed
2025-09-13,0,28.7,33.7,25.2,0.0,observed
2025-09-14,0,28.9,34.1,25.3,0.0,observed
2025-09-15,0,28.7,32.9,25.5,0.0,observed
2025-09-16,0,29.1,34.7,25.9,0.0,observed
2025-09-17,0,29.2,34.3,25.2,0.0,observed
2025-09-18,0,29.1,34.3,24.8,0.0,observed
2025-09-19,0,28.5,33.5,24.7,0.0,observed
2025-09-20,0,28.8,34.5,24.1,0.0,observed
2025-09-21,0,28.6,34.5,24.2,0.0,observed
2025-09-22,0,28.9,34.8,24.3,0.0,observed
2025-09-23,0,28.9,34.6,25.0,0.0,observed
2025-09-24,0,29.1,34.6,25.1,0.2,observed
2025-09-25,0,29.3,34.7,24.6,0.0,observed
2025-09-26,0,29.4,34.7,24.6,0.0,observed
2025-09-27,0,30.7,37.2,25.4,0.0,observed
2025-09-28,0,32.1,39.4,25.4,0.0,observed
2025-09-29,0,33.2,39.2,28.2,0.2,observed
2025-09-30,0,30.4,35.5,27.6,12.0,observed
2025-10-01,0,29.8,34.0,26.3,0.1,observed
2025-10-02,0,29.6,33.2,26.7,0.0,observed
2025-10-03,0,28.8,31.0,26.8,0.1,observed
2025-10-04,0,29.7,34.1,26.2,0.0,observed
2025-10-05,0,29.3,34.7,25.9,0.0,observed
2025-10-06,0,29.5,35.9,25.9,0.0,observed
2025-10-07,0,28.0,33.6,23.5,0.0,observed
2025-10-08,0,28.0,34.1,22.3,0.0,observed
2025-10-09,0,28.2,33.8,23.2,0.0,observed
2025-10-10,0,28.6,34.1,24.1,0.0,observed
2025-10-11,0,28.5,34.0,24.1,0.0,observed
2025-10-12,0,28.9,34.5,24.2,0.0,observed
2025-10-13,0,29.0,34.8,24.5,0.0,observed
2025-10-14,0,29.1,34.9,24.2,0.0,observed
2025-10-15,0,29.2,35.7,24.2,0.0,observed
2025-10-16,0,28.7,35.5,21.8,0.0,observed
2025-10-17,0,29.3,36.3,23.7,0.0,observed
2025-10-18,0,29.5,36.5,23.6,0.0,observed
2025-10-19,0,29.8,36.9,24.8,0.0,observed
2025-10-20,0,28.7,36.1,22.2,0.0,observed
2025-10-21,0,29.1,36.1,22.7,0.0,observed
2025-10-22,0,29.2,36.3,23.5,0.0,observed
2025-10-23,0,29.1,37.1,22.6,0.0,observed
2025-10-24,0,28.8,36.8,21.7,0.0,observed
2025-10-25,0,29.0,37.1,21.5,0.0,observed
2025-10-26,0,28.6,36.1,21.7,0.0,observed
2025-10-27,0,28.2,35.1,21.2,0.0,observed
2025-10-28,0,27.7,33.6,22.1,0.0,observed
2025-10-29,0,27.4,32.7,21.9,0.0,observed
2025-10-30,0,28.2,33.8,22.9,0.0,observed
2025-10-31,0,27.7,34.6,22.0,0.0,observed
2025-11-01,0,27.7,34.8,21.2,0.0,observed
2025-11-02,0,27.5,35.3,20.4,0.0,observed
2025-11-03,0,27.5,35.7,21.4,0.0,observed
2025-11-04,0,26.9,36.0,19.9,0.0,observed
2025-11-05,0,25.0,32.4,20.0,0.0,observed
2025-11-06,0,24.7,32.7,18.6,0.0,observed
2025-11-07,0,24.7,32.6,17.5,0.0,observed
2025-11-08,0,25.3,32.4,18.7,0.0,observed
2025-11-09,0,23.7,30.7,16.8,0.0,observed
2025-11-10,0,23.5,30.0,17.2,0.0,observed
2025-11-11,0,23.6,30.1,17.8,0.0,observed
2025-11-12,0,23.9,30.8,17.6,0.0,observed
2025-11-13,0,23.3,30.8,16.0,0.0,observed
2025-11-14,0,22.7,30.5,15.2,0.0,observed
2025-11-15,0,22.8,30.4,15.0,0.0,observed
2025-11-16,0,22.8,30.5,15.7,0.0,observed
2025-11-17,0,22.1,30.4,14.0,0.0,observed
2025-11-18,0,21.4,29.8,12.7,0.0,observed
2025-11-19,0,21.7,30.0,13.0,0.0,observed
2025-11-20,0,21.5,29.5,14.1,0.0,observed
2025-11-21,0,21.8,29.6,14.5,0.0,observed
2025-11-22,0,22.0,29.2,15.5,0.0,observed
2025-11-23,0,21.4,28.6,14.4,0.0,observed
2025-11-24,0,20.9,28.3,14.7,0.0,observed
2025-11-25,0,20.8,26.9,15.7,0.0,observed
2025-11-26,0,20.8,27.6,14.8,0.0,observed
2025-11-27,0,20.4,25.9,15.9,0.0,observed
2025-11-28,0,19.8,26.1,14.8,0.0,observed
2025-11-29,0,19.6,26.4,14.1,0.0,observed
2025-11-30,0,19.9,26.9,13.9,0.0,observed
2025-12-01,0,19.5,28.2,11.9,0.0,observed
2025-12-02,0,18.7,26.4,12.0,0.0,observed
2025-12-03,0,18.5,26.2,12.3,0.0,observed
2025-12-04,0,19.0,26.4,13.1,0.0,observed
2025-12-05,0,19.2,27.6,11.9,0.0,observed
2025-12-06,0,19.3,25.3,14.4,0.0,observed
2025-12-07,0,19.8,27.7,13.9,0.0,observed
2025-12-08,0,20.2,29.0,13.3,0.0,observed
2025-12-09,0,20.7,29.5,13.2,0.0,observed
2025-12-10,0,20.6,29.8,11.6,0.0,observed
2025-12-11,0,20.5,28.7,12.0,0.0,observed
2025-12-12,0,20.0,28.1,12.1,0.0,observed
2025-12-13,0,20.5,28.2,14.3,0.0,observed
2025-12-14,0,19.1,25.6,14.2,0.0,observed
2025-12-15,0,19.1,25.9,13.9,0.0,observed
2025-12-16,0,19.3,26.7,14.0,0.0,observed
2025-12-17,0,19.5,27.1,13.7,0.0,observed
2025-12-18,0,19.7,27.2,13.3,0.0,observed
2025-12-19,0,20.3,27.8,14.3,0.0,observed
2025-12-20,0,22.6,29.7,16.2,0.0,observed
2025-12-21,0,22.6,29.2,16.5,0.0,observed
2025-12-22,0,20.5,25.4,16.8,0.0,observed
2025-12-23,0,19.7,25.7,14.9,0.0,observed
2025-12-24,0,18.6,25.6,12.9,0.0,observed
2025-12-25,0,17.9,25.4,10.2,0.0,observed
2025-12-26,0,18.6,25.3,12.3,0.0,observed
2025-12-27,0,18.7,25.3,13.8,0.0,observed
2025-12-28,0,19.0,25.7,14.0,0.0,observed
2025-12-29,0,18.6,25.5,13.2,0.0,observed
2025-12-30,0,19.5,26.5,12.6,0.0,observed
2025-12-31,0,19.1,24.1,16.0,6.0,observed
2026-01-01,0,17.6,23.4,13.1,0.0,observed
2026-01-02,0,16.7,22.8,11.8,0.0,observed
2026-01-03,0,16.4,23.1,10.4,0.0,observed
2026-01-04,0,17.1,23.9,11.1,0.0,observed
2026-01-05,0,17.5,23.7,12.3,0.0,observed
2026-01-06,0,17.2,23.4,12.0,0.0,observed
2026-01-07,0,16.0,22.2,11.2,0.0,observed
2026-01-08,0,14.4,20.3,9.7,0.0,observed
2026-01-09,0,14.3,21.1,9.0,0.0,observed
2026-01-10,0,13.7,20.3,8.4,0.0,observed
2026-01-11,0,13.4,20.7,7.3,0.0,observed
2026-01-12,0,13.7,21.1,7.7,0.0,observed
2026-01-13,0,14.1,20.8,8.7,0.0,observed
2026-01-14,0,16.3,24.1,9.2,0.0,observed
2026-01-15,0,19.3,26.3,13.1,0.0,observed
2026-01-16,0,19.9,27.0,13.3,0.0,observed
2026-01-17,0,19.8,25.6,14.8,0.0,observed
2026-01-18,0,19.1,24.8,14.6,0.0,observed
2026-01-19,0,18.9,26.1,12.6,0.0,observed
2026-01-20,0,19.3,26.0,13.0,0.0,observed
2026-01-21,0,19.2,25.8,13.2,0.0,observed
2026-01-22,0,18.7,25.5,13.7,0.2,observed
2026-01-23,0,13.8,19.8,8.2,0.0,observed
2026-01-24,0,12.9,19.6,7.3,0.0,observed
2026-01-25,0,13.5,19.6,8.3,0.0,observed
2026-01-26,0,14.1,19.4,10.1,0.5,observed
2026-01-27,0,16.4,22.1,11.8,0.0,observed
2026-01-28,0,16.5,23.6,9.8,0.0,observed
2026-01-29,0,16.8,23.4,10.9,0.0,observed
2026-01-30,0,17.3,23.8,12.1,0.0,observed
2026-01-31,0,18.2,25.0,12.7,0.0,observed
2026-02-01,0,19.5,26.8,13.3,0.0,observed
2026-02-02,0,19.8,26.7,14.0,0.0,observed
2026-02-03,0,20.4,27.9,13.7,0.0,observed
2026-02-04,0,20.6,28.4,14.1,0.0,observed
2026-02-05,0,20.5,27.9,14.6,0.0,observed
2026-02-06,0,20.9,29.0,14.5,0.0,observed
2026-02-07,0,21.4,28.8,15.1,0.0,observed
2026-02-08,0,21.9,29.7,14.2,0.0,observed
2026-02-09,0,22.6,29.4,15.7,0.0,observed
2026-02-10,0,22.7,27.7,18.2,0.0,observed
2026-02-11,0,21.9,28.1,16.5,0.0,observed
2026-02-12,0,21.9,29.1,16.0,0.0,observed
2026-02-13,0,23.1,31.2,14.9,0.0,observed
2026-02-14,0,24.3,32.2,16.0,0.0,observed
2026-02-15,0,24.1,32.5,15.7,0.0,observed
2026-02-16,0,22.9,29.6,18.1,0.0,observed
2026-02-17,0,21.7,27.1,16.7,0.6,observed
2026-02-18,0,22.2,28.3,16.4,0.0,observed
2026-02-19,0,23.6,29.6,17.8,0.0,observed
2026-02-20,0,23.9,30.5,17.8,0.0,observed
2026-02-21,0,24.4,31.3,18.1,0.0,observed
2026-02-22,0,25.4,32.7,19.5,0.0,observed
2026-02-23,0,24.7,32.6,17.9,0.0,observed
2026-02-24,0,25.5,33.5,18.2,0.0,observed
2026-02-25,0,26.5,34.3,19.1,0.0,observed
2026-02-26,0,27.1,34.4,19.5,0.0,observed
2026-02-27,0,27.3,33.5,22.5,0.0,observed
2026-02-28,0,26.2,33.6,19.7,0.0,observed
2026-03-01,0,26.5,33.6,19.5,0.0,observed
2026-03-02,0,26.9,34.4,19.7,0.0,observed
2026-03-03,0,27.6,35.0,20.2,0.0,observed
2026-03-04,0,26.5,34.3,19.1,0.0,observed
2026-03-05,0,26.2,35.3,19.2,0.0,observed
2026-03-06,0,27.2,37.0,20.0,0.0,observed
2026-03-07,0,27.3,36.9,20.8,0.0,observed
2026-03-08,0,27.6,36.9,19.3,0.0,observed
2026-03-09,0,28.4,37.6,19.9,0.0,observed
2026-03-10,0,29.1,37.5,22.3,0.0,observed
2026-03-11,0,28.0,36.8,19.9,0.0,observed
2026-03-12,0,29.2,36.7,21.9,0.0,observed
2026-03-13,0,29.5,36.3,22.2,0.0,observed
2026-03-14,0,29.3,37.1,21.6,0.0,observed
2026-03-15,0,29.9,36.9,23.9,0.0,observed
2026-03-16,0,29.6,37.3,22.1,0.0,observed
2026-03-17,0,28.2,34.4,22.0,0.0,observed
2026-03-18,0,25.8,32.2,21.0,7.2,observed
2026-03-19,0,22.0,26.6,18.2,0.9,observed
2026-03-20,0,23.7,30.4,16.9,0.0,observed
2026-03-21,0,25.6,30.9,21.4,0.4,observed
2026-03-22,0,26.3,31.7,21.2,0.0,observed
2026-03-23,0,27.6,34.1,22.0,0.0,observed
2026-03-24,0,28.3,34.5,23.2,0.0,observed
2026-03-25,0,28.5,34.6,24.5,0.0,observed
2026-03-26,0,27.9,34.3,23.2,0.3,observed
2026-03-27,0,28.1,34.9,22.6,0.0,observed
2026-03-28,0,28.5,35.3,24.1,0.0,observed
2026-03-29,0,27.9,33.5,23.6,0.0,observed
2026-03-30,0,26.9,32.9,22.6,0.0,observed
2026-03-31,0,25.8,31.7,20.5,0.0,observed
2026-04-01,0,27.2,34.0,21.3,0.0,observed
2026-04-02,0,22.8,26.4,18.9,2.1,observed
2026-04-03,0,22.8,29.2,17.2,2.0,observed
2026-04-04,0,25.1,32.6,19.3,0.0,observed
2026-04-05,0,25.9,33.2,20.6,0.0,observed
2026-04-06,0,26.2,31.4,21.4,0.4,observed
2026-04-07,0,28.2,34.5,24.3,0.0,observed
2026-04-08,0,28.1,35.4,21.4,0.0,observed
2026-04-09,0,29.0,36.4,22.0,0.0,observed
2026-04-10,0,30.4,36.7,23.4,0.0,observed
2026-04-11,0,31.2,38.4,24.5,0.0,observed
2026-04-12,0,31.9,39.0,24.6,0.0,observed
2026-04-13,0,32.1,40.0,25.4,0.0,observed
2026-04-14,0,32.6,40.2,25.8,0.0,observed
2026-04-15,0,33.2,41.5,25.2,0.0,observed
2026-04-16,0,31.5,39.1,25.8,0.0,observed
2026-04-17,0,32.0,41.5,24.3,0.0,observed
2026-04-18,0,30.3,37.9,24.1,0.0,observed
2026-04-19,0,30.2,38.8,22.4,0.0,observed
2026-04-20,0,32.2,40.3,25.4,0.0,observed
2026-04-21,0,31.0,38.9,25.4,0.0,observed
2026-04-22,0,30.5,39.0,23.8,0.0,observed
2026-04-23,0,31.2,39.1,25.2,0.0,observed
2026-04-24,0,31.7,39.7,26.3,0.6,observed
2026-04-25,0,33.4,43.1,25.5,0.0,observed
2026-04-26,0,34.9,44.5,26.9,0.0,observed
2026-04-27,0,32.9,40.6,26.9,0.0,observed
2026-04-28,0,32.3,40.4,27.1,0.0,observed
2026-04-29,0,33.7,44.0,26.2,0.0,observed
2026-04-30,0,33.0,41.9,26.4,0.0,observed
2026-05-01,0,35.0,45.2,26.9,0.0,observed
2026-05-02,0,35.5,45.1,28.4,0.0,observed
2026-05-03,0,35.9,44.0,27.5,0.0,observed
2026-05-04,0,35.5,42.4,29.0,0.0,observed
2026-05-05,0,34.5,42.6,27.0,0.0,observed
2026-05-06,0,33.5,42.4,25.1,0.0,observed
2026-05-07,0,31.5,39.2,26.2,0.0,observed
2026-05-08,0,32.0,40.0,26.0,0.0,observed
2026-05-09,0,32.6,41.2,26.1,0.0,observed
2026-05-10,0,32.8,41.3,25.9,0.0,observed
2026-05-11,0,32.7,40.4,25.9,0.0,observed
2026-05-12,0,33.4,41.1,26.7,0.1,observed
2026-05-13,0,34.7,42.9,28.1,0.0,observed
2026-05-14,0,33.6,40.1,28.3,0.0,observed
2026-05-15,0,32.1,38.1,27.3,0.0,observed
2026-05-16,0,32.8,40.7,27.1,0.0,observed
2026-05-17,0,32.9,40.8,26.7,0.0,observed
2026-05-18,0,31.4,39.0,25.6,0.0,observed
2026-05-19,0,32.6,40.4,27.1,0.0,observed
2026-05-20,0,32.7,39.9,27.6,0.0,observed
2026-05-21,0,31.9,38.8,27.2,0.0,observed
2026-05-22,0,32.9,41.1,27.1,0.0,observed
2026-05-23,0,32.6,40.3,27.5,0.0,observed
2026-05-24,0,31.7,39.2,26.5,0.0,observed
2026-05-25,0,33.1,41.7,27.8,0.0,observed
2026-05-26,0,33.5,43.0,27.5,0.0,observed
2026-05-27,0,32.8,41.0,27.4,0.0,observed
2026-05-28,0,33.4,42.3,28.1,0.0,observed
2026-05-29,0,34.4,46.3,28.6,0.0,observed
2026-05-30,0,33.6,40.8,28.4,0.0,observed
2026-05-31,0,32.9,38.9,28.7,0.0,observed
2026-06-01,0,33.0,39.4,28.3,0.0,observed
2026-06-02,0,33.7,39.6,28.3,0.1,observed
2026-06-03,0,32.9,40.1,27.9,0.0,observed
2026-06-04,0,32.7,39.6,28.4,0.0,observed
2026-06-05,0,33.7,41.8,28.3,0.0,observed
2026-06-06,0,32.9,39.9,27.9,0.0,observed
2026-06-07,0,33.4,41.5,28.2,0.0,observed
2026-06-08,0,33.5,41.3,28.4,0.0,observed
2026-06-09,0,33.8,41.9,28.8,0.0,observed
2026-06-10,0,34.4,42.8,28.9,0.0,observed
2026-06-11,0,36.4,46.6,29.0,0.0,observed
2026-06-12,0,35.2,43.7,29.8,0.3,observed
2026-06-13,0,33.4,40.0,28.8,0.0,observed
2026-06-14,0,32.5,38.0,28.6,0.0,observed
2026-06-15,0,32.3,37.9,28.1,0.0,observed
2026-06-16,0,32.4,37.9,28.6,0.0,observed
2026-06-17,0,32.5,37.7,28.7,0.0,observed
2026-06-18,0,32.4,37.6,28.5,0.0,observed
2026-06-19,0,32.4,38.4,28.6,0.0,observed
2026-06-20,0,32.5,38.7,28.6,0.0,observed
2026-06-21,0,32.1,38.0,28.4,0.0,observed
2026-06-22,0,32.3,38.1,28.4,0.0,observed
2026-06-23,0,32.4,38.6,28.5,0.0,observed
2026-06-24,0,32.0,37.7,28.5,0.0,observed
2026-06-25,0,32.6,38.5,28.4,0.0,observed
2026-06-26,0,33.0,39.1,28.6,0.0,observed
2026-06-27,0,33.0,39.0,28.5,0.0,observed
2026-06-28,0,32.3,38.5,28.5,0.0,observed
2026-06-29,0,31.9,37.4,28.2,0.0,observed
2026-06-30,0,31.7,36.7,28.2,0.0,observed
2026-07-01,0,32.4,38.5,28.3,0.0,observed
2026-07-02,0,32.8,39.1,28.8,0.0,observed
2026-07-03,0,33.2,39.6,28.5,0.0,observed
2026-07-04,0,33.3,39.4,29.0,0.0,observed
2026-07-05,0,33.7,40.2,28.6,0.0,observed
2026-07-06,0,33.8,40.7,28.5,0.0,observed
2026-07-07,0,33.5,39.9,28.3,0.0,observed
2026-07-08,0,32.7,38.8,29.2,0.0,observed
2026-07-09,0,32.0,38.2,28.1,0.0,observed
2026-07-10,0,31.8,37.5,28.1,0.0,observed
2026-07-11,0,31.4,37.4,27.9,0.0,observed
2026-07-12,0,31.9,37.2,28.3,0.0,observed
2026-07-13,0,31.9,37.8,28.5,0.0,observed
2026-07-14,0,31.4,36.9,27.6,0.0,observed
2026-07-15,0,31.6,36.8,27.6,0.0,observed
2026-07-16,0,31.7,38.2,27.4,0.0,observed
2026-07-17,0,31.3,37.3,27.6,0.0,observed
2026-07-18,0,31.1,36.9,27.5,0.0,observed
2026-07-19,0,31.2,36.7,27.8,0.0,observed
2026-07-20,0,30.8,34.5,27.5,0.1,observed
2026-07-21,0,31.0,34.5,28.0,0.0,observed
2026-07-22,0,32.4,38.1,27.9,0.0,observed
2026-07-23,0,33.4,38.4,28.8,0.4,observed
2026-07-24,0,32.4,36.6,29.4,0.6,observed
2026-07-25,0,31.0,34.5,28.8,1.1,observed
2026-07-26,0,32.3,37.1,28.2,0.1,observed
2026-07-27,0,32.2,37.8,28.7,0.0,observed
2026-07-28,0,31.3,36.7,27.7,0.0,observed
2026-07-29,0,31.7,37.8,27.7,0.0,observed
2026-07-30,0,32.4,38.0,27.2,0.0,observed
2026-07-31,0,33.6,39.0,28.3,0.0,observed
2026-08-01,0,33.0,38.9,29.5,3.9,observed
2026-08-02,0,27.7,29.2,26.1,17.1,observed
2026-08-03,0,29.6,34.3,27.2,0.0,observed
2026-08-04,0,30.1,35.2,26.1,0.0,observed
2026-08-05,0,30.0,35.2,26.8,0.0,observed
2026-08-06,0,30.2,36.1,26.7,0.0,observed
2026-08-07,0,30.5,36.6,26.2,0.0,observed
2026-08-08,0,30.9,36.5,26.9,0.0,observed
2026-08-09,0,30.9,36.3,26.8,0.0,observed
2026-08-10,0,30.9,36.9,27.3,0.0,observed
2026-08-11,0,30.5,36.3,26.8,0.0,observed
2026-08-12,0,30.1,34.1,26.5,0.0,observed
2026-08-13,0,30.5,36.0,27.1,0.0,observed
2026-08-14,0,29.9,35.2,26.4,0.0,observed
2026-08-15,0,30.4,35.9,26.5,0.0,observed
2026-08-16,0,30.2,36.1,26.7,0.0,observed
2026-08-17,0,29.8,35.3,26.2,0.0,observed
2026-08-18,0,29.9,35.7,26.4,0.0,observed
2026-08-19,0,30.1,36.0,26.3,0.0,observed
2026-08-20,0,30.1,36.2,26.5,0.0,observed
2026-08-21,0,30.2,36.4,26.4,0.0,observed
2026-08-22,0,30.0,35.4,26.3,0.0,observed
2026-08-23,0,30.1,35.9,26.2,0.1,observed
2026-08-24,0,31.2,37.4,26.5,0.0,observed
2026-08-25,0,30.6,36.4,26.6,0.0,observed
2026-08-26,0,30.0,36.4,26.1,0.0,observed
2026-08-27,0,29.6,35.7,25.9,0.0,observed
2026-08-28,0,29.5,36.1,25.6,0.0,observed
2026-08-29,0,29.5,35.1,26.0,0.0,observed
2026-08-30,0,29.4,34.7,25.9,0.0,observed
2026-08-31,0,29.2,35.0,25.6,0.0,observed
2026-09-01,0,29.3,34.8,25.5,0.0,observed
2026-09-02,0,29.5,35.3,25.5,0.0,observed
2026-09-03,0,29.3,35.4,25.5,0.0,observed
2026-09-04,0,29.7,36.1,25.8,0.0,observed
2026-09-05,0,30.2,36.0,26.1,0.0,observed
2026-09-06,0,30.0,36.2,26.2,0.0,observed
2026-09-07,0,29.8,36.0,25.7,0.0,observed
2026-09-08,0,30.0,35.9,25.8,0.0,observed
2026-09-09,0,30.0,35.5,25.3,0.0,observed
2026-09-10,0,30.1,35.5,25.1,0.0,observed
2026-09-11,0,30.6,36.5,24.9,0.0,observed
2026-09-12,0,32.7,40.1,26.6,0.0,observed
2026-09-13,0,35.1,41.0,28.9,0.0,observed
2026-09-14,0,33.7,40.6,29.2,1.3,observed
2026-09-15,0,31.3,36.3,28.4,0.3,observed
2026-09-16,0,31.3,35.5,28.3,0.2,observed
2026-09-17,0,31.2,35.9,27.5,0.0,observed
2026-09-18,0,31.0,36.5,26.4,2.0,observed
2026-09-19,0,31.4,37.2,26.4,0.0,observed
2026-09-20,0,32.8,39.0,26.7,0.0,observed
2026-09-21,0,34.3,40.8,28.3,0.0,observed
2026-09-22,0,35.0,40.8,30.3,0.0,observed
2026-09-23,0,34.0,41.0,29.1,0.0,observed
2026-09-24,0,31.6,38.4,26.9,0.0,observed
2026-09-25,0,30.6,37.2,26.1,0.0,observed
2026-09-26,0,30.3,36.5,26.4,0.0,observed
2026-09-27,0,29.6,36.2,25.8,0.0,observed
2026-09-28,0,29.3,34.9,25.3,0.0,observed
2026-09-29,0,29.7,35.0,25.0,0.0,observed
2026-09-30,0,29.2,35.2,24.4,0.0,observed
2026-10-01,0,29.4,36.1,24.1,0.0,observed
2026-10-02,0,29.9,37.4,24.2,0.0,observed
2026-10-03,0,30.2,37.0,25.0,0.0,observed
2026-10-04,0,30.2,37.3,26.1,0.0,observed
2026-10-05,0,29.2,35.0,25.0,0.0,forecast
2026-10-06,0,29.7,35.6,25.2,0.0,forecast
2026-10-07,0,30.0,35.2,25.7,0.0,forecast
2026-10-08,0,28.8,35.4,23.8,0.0,forecast
2026-10-09,0,28.9,35.0,24.8,0.0,forecast
2026-10-10,0,29.3,35.1,25.5,0.0,forecast
2026-10-11,0,29.8,35.1,24.7,0.0,forecast
2026-10-12,0,31.1,37.0,24.8,0.0,forecast
2026-10-13,0,32.9,38.7,26.0,0.0,forecast
2026-10-14,0,33.8,39.3,27.9,0.0,forecast
2026-10-15,0,34.1,39.8,27.6,0.0,forecast
2026-10-16,0,34.4,39.4,28.3,0.0,forecast
2026-10-17,0,34.4,39.3,28.8,0.0,forecast
2026-10-18,0,33.7,38.8,27.2,0.0,forecast
2026-10-19,0,32.1,38.1,27.2,0.0,forecast
2026-10-20,0,29.9,36.0,26.0,0.0,forecast
2024-01-01,1,17.1,24.4,11.3,0.0,observed
2024-01-02,1,16.6,24.3,10.6,0.0,observed
2024-01-03,1,17.0,23.8,11.3,0.0,observed
2024-01-04,1,16.2,22.4,10.9,0.0,observed
2024-01-05,1,16.2,22.7,10.4,0.0,observed
2024-01-06,1,16.7,23.0,11.8,0.0,observed
2024-01-07,1,16.1,22.8,11.1,0.0,observed
2024-01-08,1,16.2,23.7,10.2,0.0,observed
2024-01-09,1,15.5,22.1,10.5,0.0,observed
2024-01-10,1,15.3,23.1,10.0,0.0,observed
2024-01-11,1,15.4,24.6,7.9,0.0,observed
2024-01-12,1,16.1,25.3,9.6,0.0,observed
2024-01-13,1,17.0,26.6,8.4,0.0,observed
2024-01-14,1,17.9,25.2,12.5,0.0,observed
2024-01-15,1,18.1,25.1,10.7,0.0,observed
2024-01-16,1,19.6,25.3,14.9,0.0,observed
2024-01-17,1,18.2,24.5,13.0,0.0,observed
2024-01-18,1,17.4,24.4,11.7,0.0,observed
2024-01-19,1,17.7,25.3,11.7,0.0,observed
2024-01-20,1,18.5,26.0,11.7,0.0,observed
2024-01-21,1,19.0,26.2,13.2,0.0,observed
2024-01-22,1,19.5,27.2,11.5,0.0,observed
2024-01-23,1,19.0,26.0,13.8,0.0,observed
2024-01-24,1,16.5,25.2,9.8,0.0,observed
2024-01-25,1,17.2,25.1,9.1,0.0,observed
2024-01-26,1,17.3,23.9,11.6,0.0,observed
2024-01-27,1,17.7,24.6,12.4,0.0,observed
2024-01-28,1,18.7,26.3,10.9,0.0,observed
2024-01-29,1,21.2,27.3,16.7,0.0,observed
2024-01-30,1,21.4,27.1,16.0,0.0,observed
2024-01-31,1,23.2,29.0,18.6,0.0,observed
2024-02-01,1,22.8,29.7,15.8,0.0,observed
2024-02-02,1,21.8,29.1,17.4,0.0,observed
2024-02-03,1,20.3,27.8,15.5,0.8,observed
2024-02-04,1,20.5,24.5,16.6,2.0,observed
2024-02-05,1,19.6,25.7,14.4,0.0,observed
2024-02-06,1,19.5,25.1,14.5,0.0,observed
2024-02-07,1,19.7,24.8,16.2,0.0,observed
2024-02-08,1,18.6,25.1,14.4,0.0,observed
2024-02-09,1,19.3,27.6,10.7,0.0,observed
2024-02-10,1,19.7,28.0,12.4,0.0,observed
2024-02-11,1,19.4,27.0,13.3,0.0,observed
2024-02-12,1,19.2,26.3,14.2,0.0,observed
2024-02-13,1,17.7,25.3,12.9,0.0,observed
2024-02-14,1,18.7,27.1,12.4,0.0,observed
2024-02-15,1,18.9,27.5,12.5,0.0,observed
2024-02-16,1,19.4,29.0,12.2,0.0,observed
2024-02-17,1,21.3,30.9,12.2,0.0,observed
2024-02-18,1,23.3,30.4,17.6,0.0,observed
2024-02-19,1,25.3,31.7,21.3,0.0,observed
2024-02-20,1,23.8,30.9,18.8,0.0,observed
2024-02-21,1,23.4,30.0,18.5,0.0,observed
2024-02-22,1,21.2,27.1,15.9,0.0,observed
2024-02-23,1,19.6,28.3,11.9,0.0,observed
2024-02-24,1,19.8,28.5,11.9,0.0,observed
2024-02-25,1,20.3,28.6,11.6,0.2,observed
2024-02-26,1,21.1,28.2,15.7,0.7,observed
2024-02-27,1,19.5,26.1,14.4,0.0,observed
2024-02-28,1,20.7,27.9,14.7,0.0,observed
2024-02-29,1,22.7,31.5,15.6,0.0,observed
2024-03-01,1,21.6,26.2,17.1,0.0,observed
2024-03-02,1,20.1,23.6,16.0,0.0,observed
2024-03-03,1,16.8,23.1,9.7,0.0,observed
2024-03-04,1,17.3,25.0,9.6,0.0,observed
2024-03-05,1,18.2,25.4,11.8,0.0,observed
2024-03-06,1,20.0,27.0,13.1,0.0,observed
2024-03-07,1,21.4,28.0,15.4,0.0,observed
2024-03-08,1,21.6,29.5,15.2,0.0,observed
2024-03-09,1,22.1,29.6,15.6,0.0,observed
2024-03-10,1,21.0,26.7,16.4,1.3,observed
2024-03-11,1,25.0,32.0,18.7,0.0,observed
2024-03-12,1,25.5,32.9,18.4,0.0,observed
2024-03-13,1,25.7,32.7,20.0,0.0,observed
2024-03-14,1,23.4,31.3,16.7,0.0,observed
2024-03-15,1,24.4,31.8,18.0,0.0,observed
2024-03-16,1,25.6,34.5,17.6,0.0,observed
2024-03-17,1,26.6,35.0,19.0,0.0,observed
2024-03-18,1,27.4,35.6,19.2,0.0,observed
2024-03-19,1,30.6,39.0,23.3,0.0,observed
2024-03-20,1,29.4,38.1,21.7,0.0,observed
2024-03-21,1,31.3,38.1,26.1,0.0,observed
2024-03-22,1,30.0,38.4,23.2,0.0,observed
2024-03-23,1,30.2,38.4,22.9,0.0,observed
2024-03-24,1,31.3,40.0,24.1,0.0,observed
2024-03-25,1,32.0,39.9,24.1,0.0,observed
2024-03-26,1,33.3,40.8,27.1,0.0,observed
2024-03-27,1,30.9,39.1,24.3,0.0,observed
2024-03-28,1,30.2,36.7,23.3,0.0,observed
2024-03-29,1,29.1,35.5,24.1,0.0,observed
2024-03-30,1,27.6,35.2,21.0,0.0,observed
2024-03-31,1,29.0,36.3,23.5,0.0,observed
2024-04-01,1,29.0,36.1,21.8,0.0,observed
2024-04-02,1,30.0,37.2,23.7,0.0,observed
2024-04-03,1,29.6,37.5,23.2,0.0,observed
2024-04-04,1,30.2,37.7,23.2,0.0,observed
2024-04-05,1,30.7,37.6,24.6,0.0,observed
2024-04-06,1,30.7,37.8,23.6,0.0,observed
2024-04-07,1,32.0,39.9,24.4,0.0,observed
2024-04-08,1,33.3,41.0,24.8,0.0,observed
2024-04-09,1,33.9,41.3,26.5,0.0,observed
2024-04-10,1,31.9,40.0,26.5,0.0,observed
2024-04-11,1,31.5,40.6,22.8,0.0,observed
2024-04-12,1,32.8,39.8,27.0,0.0,observed
2024-04-13,1,30.2,37.6,24.8,0.2,observed
2024-04-14,1,27.4,30.5,24.3,0.7,observed
2024-04-15,1,27.8,33.7,22.5,0.0,observed
2024-04-16,1,30.5,37.0,23.6,0.0,observed
2024-04-17,1,32.3,38.9,26.7,0.0,observed
2024-04-18,1,29.1,32.8,25.8,0.4,observed
2024-04-19,1,28.2,34.5,22.8,0.0,observed
2024-04-20,1,29.8,36.7,23.7,0.0,observed
2024-04-21,1,30.4,37.4,23.9,0.0,observed
2024-04-22,1,31.5,38.9,24.6,0.0,observed
2024-04-23,1,31.5,40.0,24.2,0.0,observed
2024-04-24,1,31.8,40.2,23.7,0.0,observed
2024-04-25,1,31.5,39.3,25.1,0.0,observed
2024-04-26,1,31.5,38.9,25.5,0.0,observed
2024-04-27,1,31.4,38.2,24.6,0.0,observed
2024-04-28,1,32.6,40.2,25.3,0.0,observed
2024-04-29,1,32.9,39.4,25.9,0.0,observed
2024-04-30,1,31.3,38.5,23.3,0.0,observed
2024-05-01,1,30.4,37.3,22.3,0.0,observed
2024-05-02,1,31.6,40.5,20.6,0.0,observed
2024-05-03,1,32.6,40.0,27.3,0.0,observed
2024-05-04,1,32.6,39.7,27.1,0.0,observed
2024-05-05,1,33.2,40.9,26.4,0.0,observed
2024-05-06,1,34.4,43.0,27.0,0.0,observed
2024-05-07,1,35.8,45.1,27.9,0.0,observed
2024-05-08,1,35.9,45.1,28.1,0.0,observed
2024-05-09,1,35.4,43.8,28.3,0.0,observed
2024-05-10,1,33.0,40.8,26.3,0.0,observed
2024-05-11,1,32.4,39.1,25.9,0.0,observed
2024-05-12,1,33.6,41.1,26.2,0.0,observed
2024-05-13,1,34.5,42.6,27.6,0.0,observed
2024-05-14,1,34.2,41.5,26.9,0.0,observed
2024-05-15,1,36.1,43.2,28.9,0.0,observed
2024-05-16,1,36.2,43.7,28.8,0.0,observed
2024-05-17,1,37.1,45.3,29.1,0.0,observed
2024-05-18,1,36.7,44.4,29.5,0.0,observed
2024-05-19,1,34.9,42.0,28.3,0.0,observed
2024-05-20,1,34.8,43.2,28.0,0.0,observed
2024-05-21,1,37.2,47.3,29.2,0.0,observed
2024-05-22,1,38.0,48.0,30.8,0.0,observed
2024-05-23,1,37.9,48.3,30.7,0.0,observed
2024-05-24,1,37.4,46.8,30.5,0.0,observed
2024-05-25,1,36.9,46.5,29.2,0.0,observed
2024-05-26,1,37.4,49.0,28.8,0.0,observed
2024-05-27,1,37.3,49.1,29.9,0.0,observed
2024-05-28,1,36.9,48.1,29.2,0.0,observed
2024-05-29,1,37.6,48.1,28.1,0.0,observed
2024-05-30,1,36.9,47.4,28.2,0.0,observed
2024-05-31,1,34.6,43.4,28.5,0.0,observed
2024-06-01,1,35.0,44.0,28.0,0.0,observed
2024-06-02,1,34.3,42.0,28.4,0.0,observed
2024-06-03,1,32.7,40.3,27.5,0.0,observed
2024-06-04,1,32.0,38.6,27.2,0.0,observed
2024-06-05,1,32.2,37.8,27.9,0.0,observed
2024-06-06,1,33.4,40.3,28.0,0.0,observed
2024-06-07,1,33.9,41.5,28.0,0.0,observed
2024-06-08,1,33.5,41.5,27.4,0.2,observed
2024-06-09,1,33.7,40.8,27.5,0.0,observed
2024-06-10,1,33.9,41.9,27.7,0.0,observed
2024-06-11,1,33.1,40.4,27.9,0.4,observed
2024-06-12,1,32.7,39.1,27.9,0.0,observed
2024-06-13,1,32.9,39.4,28.5,0.0,observed
2024-06-14,1,33.1,39.5,28.7,0.0,observed
2024-06-15,1,33.6,39.6,28.7,0.1,observed
2024-06-16,1,33.9,41.0,28.9,0.0,observed
2024-06-17,1,33.2,39.8,28.7,0.0,observed
2024-06-18,1,33.2,39.8,28.9,0.0,observed
2024-06-19,1,33.4,40.7,28.7,0.0,observed
2024-06-20,1,33.8,41.4,28.5,0.0,observed
2024-06-21,1,33.9,40.1,28.4,0.1,observed
2024-06-22,1,35.6,41.6,29.9,0.0,observed
2024-06-23,1,37.3,44.7,30.6,0.0,observed
2024-06-24,1,38.9,46.3,31.5,0.0,observed
2024-06-25,1,38.5,46.2,31.3,0.0,observed
2024-06-26,1,35.7,42.4,29.7,0.2,observed
2024-06-27,1,35.1,43.2,31.9,0.5,observed
2024-06-28,1,33.5,37.6,30.0,0.7,observed
2024-06-29,1,34.3,38.7,30.6,0.0,observed
2024-06-30,1,34.8,40.5,30.2,0.0,observed
2024-07-01,1,35.5,42.6,31.0,0.0,observed
2024-07-02,1,34.3,40.7,30.0,0.0,observed
2024-07-03,1,34.5,40.8,30.2,0.0,observed
2024-07-04,1,34.0,40.0,29.5,0.0,observed
2024-07-05,1,33.2,38.7,29.4,0.0,observed
2024-07-06,1,33.4,38.7,29.6,0.0,observed
2024-07-07,1,34.4,43.2,29.6,0.6,observed
2024-07-08,1,33.9,38.5,30.4,4.9,observed
2024-07-09,1,32.5,37.2,30.3,3.1,observed
2024-07-10,1,32.8,37.5,29.6,0.0,observed
2024-07-11,1,32.0,36.9,28.9,0.0,observed
2024-07-12,1,32.0,37.1,28.9,0.0,observed
2024-07-13,1,32.2,37.8,28.6,0.1,observed
2024-07-14,1,33.0,39.3,28.8,0.0,observed
2024-07-15,1,34.4,39.7,29.4,0.0,observed
2024-07-16,1,36.3,43.0,30.4,0.1,observed
2024-07-17,1,35.2,40.2,30.9,0.0,observed
2024-07-18,1,35.3,40.5,31.5,0.0,observed
2024-07-19,1,33.7,39.1,30.2,0.7,observed
2024-07-20,1,32.8,36.7,30.5,23.9,observed
2024-07-21,1,34.2,40.1,29.7,1.9,observed
2024-07-22,1,33.8,39.6,30.7,8.7,observed
2024-07-23,1,33.0,38.1,29.7,0.0,observed
2024-07-24,1,32.1,36.2,29.5,0.0,observed
2024-07-25,1,32.5,38.6,28.2,0.0,observed
2024-07-26,1,33.1,39.5,28.8,0.0,observed
2024-07-27,1,33.0,38.7,29.0,0.0,observed
2024-07-28,1,33.0,38.0,28.8,0.0,observed
2024-07-29,1,31.9,36.3,29.3,8.3,observed
2024-07-30,1,30.5,35.8,27.3,7.4,observed
2024-07-31,1,30.2,32.9,27.9,5.6,observed
2024-08-01,1,30.5,33.8,28.1,0.0,observed
2024-08-02,1,30.2,33.3,28.0,1.0,observed
2024-08-03,1,29.0,32.5,27.4,13.0,observed
2024-08-04,1,29.8,34.0,27.2,0.0,observed
2024-08-05,1,29.7,33.5,27.0,0.6,observed
2024-08-06,1,28.8,31.3,27.1,0.1,observed
2024-08-07,1,29.2,32.3,27.2,0.0,observed
2024-08-08,1,30.0,34.3,26.9,0.0,observed
2024-08-09,1,31.0,36.2,27.0,0.3,observed
2024-08-10,1,31.3,37.1,27.5,0.0,observed
2024-08-11,1,31.1,36.8,27.7,0.0,observed
2024-08-12,1,30.8,35.2,27.2,0.0,observed
2024-08-13,1,31.8,37.2,28.1,0.4,observed
2024-08-14,1,32.0,37.9,27.8,0.2,observed
2024-08-15,1,31.4,36.6,28.2,0.0,observed
2024-08-16,1,30.9,35.8,27.7,0.1,observed
2024-08-17,1,27.7,28.7,26.8,26.2,observed
2024-08-18,1,29.0,32.5,26.6,1.2,observed
2024-08-19,1,29.2,33.0,26.2,1.0,observed
2024-08-20,1,29.6,33.9,26.5,0.4,observed
2024-08-21,1,30.3,34.6,27.0,0.2,observed
2024-08-22,1,30.7,35.8,26.9,0.2,observed
2024-08-23,1,31.4,37.5,27.0,0.0,observed
2024-08-24,1,31.1,38.2,26.9,3.3,observed
2024-08-25,1,32.2,37.6,27.6,0.1,observed
2024-08-26,1,30.6,37.1,28.2,19.4,observed
2024-08-27,1,28.4,32.0,26.5,14.5,observed
2024-08-28,1,26.6,29.8,25.4,49.0,observed
2024-08-29,1,26.8,29.9,26.0,37.4,observed
2024-08-30,1,27.7,31.1,25.6,4.7,observed
2024-08-31,1,27.6,32.1,25.2,2.8,observed
2024-09-01,1,28.5,32.5,24.8,0.2,observed
2024-09-02,1,28.6,32.5,25.2,0.0,observed
2024-09-03,1,29.3,33.6,25.8,5.3,observed
2024-09-04,1,27.9,32.1,25.5,14.1,observed
2024-09-05,1,29.1,33.7,26.0,0.0,observed
2024-09-06,1,29.0,34.4,25.8,0.0,observed
2024-09-07,1,28.6,33.7,25.2,0.0,observed
2024-09-08,1,28.7,33.7,25.1,0.0,observed
2024-09-09,1,28.7,33.7,25.3,0.0,observed
2024-09-10,1,28.6,33.9,24.8,0.0,observed
2024-09-11,1,29.1,34.7,24.4,0.0,observed
2024-09-12,1,29.0,34.7,25.7,0.0,observed
2024-09-13,1,28.4,33.9,24.9,0.0,observed
2024-09-14,1,28.6,34.5,24.9,0.0,observed
2024-09-15,1,28.8,34.8,24.9,0.0,observed
2024-09-16,1,29.1,35.7,24.7,0.0,observed
2024-09-17,1,29.6,35.8,25.1,0.0,observed
2024-09-18,1,29.6,36.2,24.5,0.0,observed
2024-09-19,1,30.8,37.9,24.8,0.0,observed
2024-09-20,1,31.7,38.8,26.6,0.0,observed
2024-09-21,1,30.5,37.4,25.8,0.0,observed
2024-09-22,1,30.8,37.8,25.9,0.0,observed
2024-09-23,1,30.9,37.5,26.3,0.0,observed
2024-09-24,1,31.0,37.5,26.5,0.0,observed
2024-09-25,1,31.1,38.1,26.1,0.0,observed
2024-09-26,1,31.6,38.6,26.1,0.0,observed
2024-09-27,1,32.5,39.5,27.3,0.0,observed
2024-09-28,1,31.7,38.4,26.9,0.0,observed
2024-09-29,1,31.3,37.8,26.8,0.0,observed
2024-09-30,1,31.9,38.7,26.6,0.0,observed
2024-10-01,1,32.0,39.7,26.1,0.0,observed
2024-10-02,1,31.8,39.9,26.4,0.0,observed
2024-10-03,1,31.1,38.9,26.4,0.0,observed
2024-10-04,1,30.5,37.9,26.5,0.0,observed
2024-10-05,1,30.5,37.0,25.7,0.0,observed
2024-10-06,1,30.5,36.1,25.7,0.0,observed
2024-10-07,1,31.4,37.4,26.1,0.0,observed
2024-10-08,1,32.7,38.6,27.2,0.0,observed
2024-10-09,1,32.2,38.1,26.3,0.0,observed
2024-10-10,1,32.6,39.2,26.8,0.0,observed
2024-10-11,1,32.1,39.1,25.3,0.0,observed
2024-10-12,1,31.3,38.4,24.6,0.0,observed
2024-10-13,1,31.3,35.9,26.5,0.0,observed
2024-10-14,1,30.4,33.7,27.4,0.0,observed
2024-10-15,1,32.7,38.3,26.7,0.0,observed
2024-10-16,1,32.5,38.7,26.3,0.0,observed
2024-10-17,1,32.4,38.6,26.5,0.0,observed
2024-10-18,1,32.4,38.9,26.3,0.0,observed
2024-10-19,1,33.2,39.5,27.0,0.0,observed
2024-10-20,1,33.0,39.3,28.0,0.0,observed
2024-10-21,1,32.3,39.9,25.9,0.0,observed
2024-10-22,1,31.9,39.1,24.9,0.0,observed
2024-10-23,1,31.3,38.6,24.7,0.0,observed
2024-10-24,1,31.2,38.4,24.4,0.0,observed
2024-10-25,1,32.2,40.2,25.6,0.0,observed
2024-10-26,1,32.2,41.5,24.3,0.0,observed
2024-10-27,1,32.3,41.2,24.2,0.0,observed
2024-10-28,1,32.8,41.4,25.7,0.0,observed
2024-10-29,1,30.8,38.9,24.5,0.0,observed
2024-10-30,1,30.3,39.0,24.0,0.0,observed
2024-10-31,1,30.1,37.5,22.9,0.0,observed
2024-11-01,1,31.3,38.3,25.5,0.0,observed
2024-11-02,1,30.8,38.3,24.9,0.0,observed
2024-11-03,1,29.1,36.5,22.9,0.0,observed
2024-11-04,1,29.7,36.5,23.2,0.0,observed
2024-11-05,1,30.2,36.6,24.5,0.0,observed
2024-11-06,1,29.8,37.4,22.6,0.0,observed
2024-11-07,1,29.3,36.7,22.8,0.0,observed
2024-11-08,1,28.9,35.7,23.7,0.0,observed
2024-11-09,1,28.5,35.3,22.7,0.0,observed
2024-11-10,1,28.6,35.4,22.1,0.0,observed
2024-11-11,1,28.4,34.7,22.1,0.0,observed
2024-11-12,1,28.1,34.2,22.8,0.0,observed
2024-11-13,1,27.6,33.9,22.3,0.0,observed
2024-11-14,1,27.5,33.7,21.8,0.0,observed
2024-11-15,1,26.9,33.5,20.8,0.0,observed
2024-11-16,1,26.2,32.7,20.3,0.0,observed
2024-11-17,1,26.2,32.7,20.1,0.0,observed
2024-11-18,1,25.7,31.9,20.4,0.0,observed
2024-11-19,1,25.7,33.0,19.1,0.0,observed
2024-11-20,1,25.0,31.4,19.4,0.0,observed
2024-11-21,1,25.2,32.1,18.1,0.0,observed
2024-11-22,1,25.4,31.9,19.3,0.0,observed
2024-11-23,1,25.8,32.2,20.2,0.0,observed
2024-11-24,1,25.0,31.2,19.5,0.0,observed
2024-11-25,1,24.1,30.7,17.8,0.0,observed
2024-11-26,1,25.3,32.8,18.6,0.0,observed
2024-11-27,1,25.3,32.3,19.3,0.0,observed
2024-11-28,1,25.0,31.7,19.4,0.0,observed
2024-11-29,1,24.7,30.9,18.8,0.0,observed
2024-11-30,1,23.3,28.8,19.1,0.0,observed
2024-12-01,1,23.0,29.0,18.1,0.0,observed
2024-12-02,1,23.1,28.8,17.8,0.0,observed
2024-12-03,1,22.8,27.7,18.3,0.0,observed
2024-12-04,1,22.4,28.0,17.9,0.0,observed
2024-12-05,1,22.7,29.7,16.0,0.0,observed
2024-12-06,1,21.4,27.6,16.2,0.0,observed
2024-12-07,1,20.4,27.0,14.4,0.0,observed
2024-12-08,1,19.0,25.8,13.9,0.0,observed
2024-12-09,1,17.6,24.4,12.4,0.0,observed
2024-12-10,1,16.9,23.5,10.7,0.0,observed
2024-12-11,1,17.0,23.9,11.1,0.0,observed
2024-12-12,1,16.9,22.7,11.7,0.0,observed
2024-12-13,1,16.0,22.6,10.1,0.0,observed
2024-12-14,1,16.1,22.9,10.1,0.0,observed
2024-12-15,1,16.8,24.0,10.9,0.0,observed
2024-12-16,1,17.2,24.0,11.5,0.0,observed
2024-12-17,1,17.4,23.5,12.1,0.0,observed
2024-12-18,1,17.0,23.2,12.2,0.0,observed
2024-12-19,1,17.0,23.3,11.4,0.0,observed
2024-12-20,1,16.3,22.2,10.9,0.0,observed
2024-12-21,1,15.5,22.2,9.8,0.0,observed
2024-12-22,1,16.7,23.1,11.4,0.0,observed
2024-12-23,1,16.5,22.7,11.5,0.0,observed
2024-12-24,1,16.0,21.6,11.2,0.0,observed
2024-12-25,1,15.8,21.5,10.5,0.0,observed
2024-12-26,1,16.0,21.9,11.1,0.0,observed
2024-12-27,1,16.3,22.5,11.5,0.0,observed
2024-12-28,1,16.3,25.0,9.6,0.0,observed
2024-12-29,1,15.7,22.7,8.8,0.0,observed
2024-12-30,1,15.8,22.5,10.1,0.0,observed
2024-12-31,1,16.6,23.2,11.0,0.0,observed
2025-01-01,1,16.8,23.4,11.3,0.0,observed
2025-01-02,1,17.0,23.3,12.3,0.0,observed
2025-01-03,1,16.8,23.5,11.7,0.0,observed
2025-01-04,1,17.2,23.0,11.6,0.0,observed
2025-01-05,1,16.6,22.5,11.7,0.0,observed
2025-01-06,1,15.9,22.4,10.5,0.0,observed
2025-01-07,1,15.3,22.5,9.3,0.0,observed
2025-01-08,1,15.5,24.1,7.6,0.0,observed
2025-01-09,1,15.9,24.5,7.8,0.0,observed
2025-01-10,1,16.9,22.3,12.7,0.0,observed
2025-01-11,1,18.1,24.3,13.4,0.0,observed
2025-01-12,1,15.7,22.8,10.1,0.0,observed
2025-01-13,1,14.8,20.9,9.8,0.0,observed
2025-01-14,1,15.2,22.0,9.6,0.0,observed
2025-01-15,1,16.2,22.5,11.0,0.0,observed
2025-01-16,1,16.7,23.1,10.6,0.0,observed
2025-01-17,1,16.4,22.6,11.4,0.0,observed
2025-01-18,1,16.0,22.4,11.0,0.0,observed
2025-01-19,1,16.7,23.0,11.4,0.0,observed
2025-01-20,1,17.2,23.3,12.0,0.0,observed
2025-01-21,1,17.7,24.1,12.9,0.0,observed
2025-01-22,1,18.1,25.0,11.9,0.0,observed
2025-01-23,1,18.3,24.0,13.3,0.0,observed
2025-01-24,1,17.5,24.3,11.6,0.0,observed
2025-01-25,1,17.5,24.5,11.4,0.0,observed
2025-01-26,1,16.9,25.5,9.0,0.0,observed
2025-01-27,1,17.3,26.5,8.8,0.0,observed
2025-01-28,1,19.7,29.2,10.7,0.0,observed
2025-01-29,1,20.9,28.4,14.9,0.0,observed
2025-01-30,1,19.6,25.5,15.0,0.0,observed
2025-01-31,1,18.0,24.5,12.7,0.0,observed
2025-02-01,1,18.0,24.9,11.8,0.0,observed
2025-02-02,1,18.5,25.4,13.0,0.0,observed
2025-02-03,1,18.2,25.2,12.2,0.0,observed
2025-02-04,1,19.4,26.2,13.2,0.0,observed
2025-02-05,1,17.9,25.1,11.0,0.0,observed
2025-02-06,1,18.1,25.6,12.0,0.0,observed
2025-02-07,1,18.6,25.8,12.8,0.0,observed
2025-02-08,1,19.5,27.5,13.5,0.0,observed
2025-02-09,1,19.9,28.3,12.5,0.0,observed
2025-02-10,1,22.2,30.8,13.4,0.0,observed
2025-02-11,1,22.9,29.5,17.4,0.0,observed
2025-02-12,1,22.2,28.6,16.7,0.0,observed
2025-02-13,1,23.2,31.1,15.1,0.0,observed
2025-02-14,1,26.2,36.0,17.9,0.0,observed
2025-02-15,1,27.3,34.5,21.0,0.0,observed
2025-02-16,1,26.2,34.6,18.7,0.0,observed
2025-02-17,1,25.1,31.1,19.8,0.0,observed
2025-02-18,1,25.6,32.7,19.2,0.0,observed
2025-02-19,1,27.2,33.4,23.0,0.0,observed
2025-02-20,1,24.7,31.5,17.8,0.0,observed
2025-02-21,1,23.1,28.3,19.0,0.0,observed
2025-02-22,1,22.3,29.1,16.7,0.0,observed
2025-02-23,1,23.9,31.4,16.7,0.0,observed
2025-02-24,1,24.7,32.1,18.2,0.0,observed
2025-02-25,1,25.1,31.1,19.9,0.0,observed
2025-02-26,1,27.0,34.0,20.5,0.0,observed
2025-02-27,1,25.4,30.0,21.1,0.0,observed
2025-02-28,1,25.2,31.9,20.8,0.0,observed
2025-03-01,1,25.0,31.5,19.1,0.0,observed
2025-03-02,1,24.8,31.4,19.1,0.0,observed
2025-03-03,1,25.8,32.4,20.5,0.0,observed
2025-03-04,1,22.5,28.2,17.3,0.0,observed
2025-03-05,1,20.6,28.8,11.6,0.0,observed
2025-03-06,1,26.4,36.0,17.3,0.0,observed
2025-03-07,1,27.3,36.3,19.2,0.0,observed
2025-03-08,1,27.4,34.7,20.5,0.0,observed
2025-03-09,1,28.2,36.7,19.6,0.0,observed
2025-03-10,1,30.7,39.0,23.1,0.0,observed
2025-03-11,1,29.4,36.5,22.7,0.0,observed
2025-03-12,1,29.0,37.5,20.4,0.0,observed
2025-03-13,1,29.8,37.4,22.7,0.0,observed
2025-03-14,1,29.1,36.1,23.9,0.0,observed
2025-03-15,1,26.7,32.8,22.2,0.0,observed
2025-03-16,1,26.0,32.7,19.7,0.0,observed
2025-03-17,1,25.9,33.7,17.3,0.0,observed
2025-03-18,1,27.1,34.0,19.5,0.0,observed
2025-03-19,1,27.0,34.0,20.2,0.0,observed
2025-03-20,1,27.6,35.0,20.6,0.0,observed
2025-03-21,1,28.3,35.5,21.7,0.0,observed
2025-03-22,1,29.4,37.8,22.4,0.0,observed
2025-03-23,1,29.7,38.4,22.0,0.0,observed
2025-03-24,1,30.2,37.3,23.8,0.0,observed
2025-03-25,1,28.2,35.9,21.8,0.0,observed
2025-03-26,1,27.8,35.1,22.5,0.0,observed
2025-03-27,1,26.3,33.0,20.2,0.0,observed
2025-03-28,1,25.0,31.9,18.9,0.0,observed
2025-03-29,1,25.7,33.0,19.8,0.0,observed
2025-03-30,1,27.1,35.6,19.1,0.0,observed
2025-03-31,1,28.5,37.0,19.9,0.0,observed
2025-04-01,1,29.0,37.4,20.3,0.0,observed
2025-04-02,1,29.5,38.5,20.0,0.0,observed
2025-04-03,1,31.0,40.6,22.7,0.0,observed
2025-04-04,1,30.0,37.6,22.1,0.0,observed
2025-04-05,1,31.5,41.3,22.2,0.0,observed
2025-04-06,1,34.1,43.6,27.2,0.0,observed
2025-04-07,1,32.7,41.5,26.9,0.0,observed
2025-04-08,1,31.0,39.7,24.6,0.0,observed
2025-04-09,1,30.4,38.7,23.6,0.0,observed
2025-04-10,1,30.4,39.7,25.0,0.0,observed
2025-04-11,1,30.6,39.7,23.9,0.0,observed
2025-04-12,1,32.1,41.8,24.0,0.0,observed
2025-04-13,1,32.2,41.2,25.5,0.0,observed
2025-04-14,1,33.2,43.2,27.1,0.0,observed
2025-04-15,1,33.3,44.0,26.3,0.0,observed
2025-04-16,1,33.1,42.6,25.9,0.0,observed
2025-04-17,1,33.5,42.5,27.0,0.0,observed
2025-04-18,1,32.5,40.2,26.7,0.0,observed
2025-04-19,1,32.0,40.8,25.1,0.0,observed
2025-04-20,1,32.0,39.5,22.7,0.0,observed
2025-04-21,1,31.6,38.7,24.3,0.0,observed
2025-04-22,1,32.0,40.1,22.6,0.0,observed
2025-04-23,1,32.9,41.8,23.6,0.0,observed
2025-04-24,1,32.8,42.0,25.4,0.0,observed
2025-04-25,1,32.8,43.2,25.3,0.0,observed
2025-04-26,1,34.1,43.2,26.4,0.0,observed
2025-04-27,1,34.2,43.4,27.6,0.0,observed
2025-04-28,1,34.2,43.0,27.0,0.0,observed
2025-04-29,1,34.7,43.1,27.1,0.0,observed
2025-04-30,1,34.8,42.9,28.4,0.0,observed
2025-05-01,1,34.1,41.6,28.6,0.0,observed
2025-05-02,1,33.3,41.6,27.5,0.0,observed
2025-05-03,1,32.6,42.1,26.4,0.1,observed
2025-05-04,1,31.8,40.0,25.9,0.2,observed
2025-05-05,1,30.1,37.4,24.3,0.0,observed
2025-05-06,1,32.5,38.9,25.7,0.0,observed
2025-05-07,1,33.7,40.4,27.0,0.0,observed
2025-05-08,1,32.8,38.1,27.0,0.0,observed
2025-05-09,1,32.0,39.4,25.8,0.0,observed
2025-05-10,1,33.6,40.5,27.1,0.0,observed
2025-05-11,1,33.0,40.9,27.0,0.0,observed
2025-05-12,1,31.8,38.7,26.5,0.0,observed
2025-05-13,1,31.4,38.6,25.5,0.0,observed
2025-05-14,1,33.0,41.0,26.3,0.0,observed
2025-05-15,1,33.5,42.0,26.3,0.0,observed
2025-05-16,1,33.0,41.7,25.8,0.0,observed
2025-05-17,1,32.7,40.8,26.3,0.0,observed
2025-05-18,1,32.9,40.9,27.1,0.0,observed
2025-05-19,1,32.2,39.7,26.6,0.0,observed
2025-05-20,1,32.7,40.1,26.8,0.0,observed
2025-05-21,1,32.9,40.8,27.1,0.0,observed
2025-05-22,1,32.9,40.7,26.9,0.0,observed
2025-05-23,1,33.2,42.5,26.6,0.0,observed
2025-05-24,1,33.7,41.4,27.2,0.0,observed
2025-05-25,1,35.4,44.4,27.8,0.0,observed
2025-05-26,1,36.8,45.5,29.1,0.0,observed
2025-05-27,1,35.5,44.1,30.1,0.0,observed
2025-05-28,1,34.7,43.0,27.8,0.0,observed
2025-05-29,1,35.7,46.2,28.1,0.0,observed
2025-05-30,1,36.1,43.9,29.2,0.0,observed
2025-05-31,1,34.1,43.3,28.2,0.0,observed
2025-06-01,1,34.4,42.9,27.7,0.0,observed
2025-06-02,1,33.2,40.6,27.6,0.1,observed
2025-06-03,1,32.4,38.4,27.5,0.0,observed
2025-06-04,1,31.9,38.1,26.9,0.0,observed
2025-06-05,1,32.2,38.6,27.1,0.0,observed
2025-06-06,1,32.5,40.0,27.2,0.0,observed
2025-06-07,1,32.5,40.4,26.9,0.0,observed
2025-06-08,1,32.2,39.9,26.6,0.0,observed
2025-06-09,1,31.7,39.1,26.8,0.0,observed
2025-06-10,1,31.8,38.7,26.9,0.0,observed
2025-06-11,1,32.8,39.6,27.6,0.0,observed
2025-06-12,1,33.6,42.6,27.6,0.0,observed
2025-06-13,1,34.3,42.8,27.7,0.0,observed
2025-06-14,1,34.8,42.4,28.1,0.0,observed
2025-06-15,1,33.5,40.8,28.2,3.7,observed
2025-06-16,1,34.6,39.3,30.6,0.0,observed
2025-06-17,1,36.0,42.0,31.9,0.0,observed
2025-06-18,1,35.4,43.6,30.2,0.0,observed
2025-06-19,1,32.9,38.8,28.7,0.0,observed
2025-06-20,1,32.8,38.2,28.5,0.0,observed
2025-06-21,1,33.1,38.8,29.1,0.0,observed
2025-06-22,1,32.7,37.8,29.2,0.0,observed
2025-06-23,1,32.9,38.6,28.4,0.0,observed
2025-06-24,1,33.1,39.1,28.8,0.0,observed
2025-06-25,1,33.2,39.2,28.2,0.0,observed
2025-06-26,1,32.9,37.7,29.0,1.6,observed
2025-06-27,1,30.3,36.9,28.1,15.4,observed
2025-06-28,1,30.2,35.2,27.4,10.0,observed
2025-06-29,1,31.2,35.8,27.4,0.3,observed
2025-06-30,1,31.8,36.8,28.0,0.0,observed
2025-07-01,1,32.0,37.3,28.2,0.0,observed
2025-07-02,1,32.1,38.1,27.9,0.0,observed
2025-07-03,1,31.8,36.2,28.1,0.0,observed
2025-07-04,1,32.2,36.4,29.1,0.6,observed
2025-07-05,1,32.7,37.8,28.7,0.0,observed
2025-07-06,1,32.1,36.6,28.6,0.0,observed
2025-07-07,1,31.8,35.6,28.4,0.2,observed
2025-07-08,1,32.4,37.4,28.0,0.0,observed
2025-07-09,1,32.3,37.1,28.5,0.0,observed
2025-07-10,1,32.2,36.9,28.0,0.0,observed
2025-07-11,1,32.3,37.7,28.0,0.0,observed
2025-07-12,1,32.3,37.3,28.2,0.0,observed
2025-07-13,1,32.3,39.0,28.1,0.0,observed
2025-07-14,1,32.8,39.2,28.4,0.2,observed
2025-07-15,1,32.6,38.6,28.1,0.0,observed
2025-07-16,1,31.8,37.5,27.6,0.0,observed
2025-07-17,1,32.0,37.2,27.1,0.0,observed
2025-07-18,1,32.5,37.4,28.3,0.0,observed
2025-07-19,1,32.2,38.7,28.8,0.1,observed
2025-07-20,1,31.3,36.1,28.5,0.4,observed
2025-07-21,1,32.3,37.2,28.3,0.1,observed
2025-07-22,1,32.1,37.8,28.5,0.0,observed
2025-07-23,1,31.2,35.8,28.0,0.0,observed
2025-07-24,1,31.6,36.0,27.6,0.1,observed
2025-07-25,1,32.0,38.5,27.4,0.0,observed
2025-07-26,1,31.8,37.8,27.7,0.0,observed
2025-07-27,1,31.0,37.4,27.9,0.0,observed
2025-07-28,1,31.0,36.5,28.0,0.0,observed
2025-07-29,1,31.0,36.9,27.4,0.0,observed
2025-07-30,1,30.9,36.5,27.0,0.0,observed
2025-07-31,1,31.4,37.3,26.7,0.0,observed
2025-08-01,1,30.8,35.9,27.1,0.0,observed
2025-08-02,1,30.0,33.9,27.0,0.0,observed
2025-08-03,1,30.6,35.8,27.1,0.0,observed
2025-08-04,1,30.4,36.0,26.6,0.0,observed
2025-08-05,1,30.0,34.9,26.6,0.0,observed
2025-08-06,1,30.2,35.8,26.3,0.0,observed
2025-08-07,1,30.2,35.9,26.0,0.0,observed
2025-08-08,1,30.2,36.1,26.1,0.0,observed
2025-08-09,1,30.6,36.7,26.2,0.0,observed
2025-08-10,1,30.5,36.8,26.3,0.0,observed
2025-08-11,1,30.1,36.3,26.2,0.0,observed
2025-08-12,1,30.1,36.1,26.3,0.0,observed
2025-08-13,1,30.6,36.6,26.5,0.0,observed
2025-08-14,1,31.1,35.5,27.1,0.0,observed
2025-08-15,1,32.7,37.4,28.6,0.0,observed
2025-08-16,1,32.8,37.7,28.9,0.0,observed
2025-08-17,1,33.0,37.0,28.8,0.1,observed
2025-08-18,1,33.3,38.9,29.3,0.3,observed
2025-08-19,1,30.8,35.0,27.5,10.3,observed
2025-08-20,1,30.3,36.0,26.6,62.9,observed
2025-08-21,1,29.1,34.0,27.0,18.7,observed
2025-08-22,1,30.1,34.9,27.0,0.0,observed
2025-08-23,1,29.8,33.9,27.0,0.0,observed
2025-08-24,1,30.2,35.5,26.7,0.0,observed
2025-08-25,1,30.6,35.8,26.8,0.0,observed
2025-08-26,1,30.0,34.9,26.3,0.0,observed
2025-08-27,1,29.9,35.2,25.8,0.0,observed
2025-08-28,1,30.1,35.8,26.0,0.0,observed
2025-08-29,1,30.0,34.9,26.0,0.0,observed
2025-08-30,1,30.3,35.2,26.1,0.0,observed
2025-08-31,1,30.0,35.3,26.6,0.0,observed
2025-09-01,1,29.8,35.4,25.8,0.0,observed
2025-09-02,1,29.8,35.7,25.4,0.0,observed
2025-09-03,1,29.8,35.4,25.2,0.0,observed
2025-09-04,1,31.2,37.6,25.3,0.2,observed
2025-09-05,1,32.5,38.4,27.4,0.0,observed
2025-09-06,1,33.2,39.2,28.4,0.0,observed
2025-09-07,1,29.5,33.5,26.4,6.5,observed
2025-09-08,1,26.9,31.6,25.2,36.2,observed
2025-09-09,1,26.1,28.6,24.8,33.5,observed
2025-09-10,1,27.2,31.0,24.8,2.4,observed
2025-09-11,1,27.3,30.5,24.4,0.3,observed
2025-09-12,1,28.4,32.9,25.3,0.4,observed
2025-09-13,1,28.7,33.7,25.2,0.0,observed
2025-09-14,1,28.9,34.1,25.3,0.0,observed
2025-09-15,1,28.7,32.9,25.5,0.0,observed
2025-09-16,1,29.1,34.7,25.9,0.0,observed
2025-09-17,1,29.2,34.3,25.2,0.0,observed
2025-09-18,1,29.1,34.3,24.8,0.0,observed
2025-09-19,1,28.5,33.5,24.7,0.0,observed
2025-09-20,1,28.8,34.5,24.1,0.0,observed
2025-09-21,1,28.6,34.5,24.2,0.0,observed
2025-09-22,1,28.9,34.8,24.3,0.0,observed
2025-09-23,1,28.9,34.6,25.0,0.0,observed
2025-09-24,1,29.1,34.6,25.1,0.2,observed
2025-09-25,1,29.3,34.7,24.6,0.0,observed
2025-09-26,1,29.4,34.7,24.6,0.0,observed
2025-09-27,1,30.7,37.2,25.4,0.0,observed
2025-09-28,1,32.1,39.4,25.4,0.0,observed
2025-09-29,1,33.2,39.2,28.2,0.2,observed
2025-09-30,1,30.4,35.5,27.6,12.0,observed
2025-10-01,1,29.8,34.0,26.3,0.1,observed
2025-10-02,1,29.6,33.2,26.7,0.0,observed
2025-10-03,1,28.8,31.0,26.8,0.1,observed
2025-10-04,1,29.7,34.1,26.2,0.0,observed
2025-10-05,1,29.3,34.7,25.9,0.0,observed
2025-10-06,1,29.5,35.9,25.9,0.0,observed
2025-10-07,1,28.0,33.6,23.5,0.0,observed
2025-10-08,1,28.0,34.1,22.3,0.0,observed
2025-10-09,1,28.2,33.8,23.2,0.0,observed
2025-10-10,1,28.6,34.1,24.1,0.0,observed
2025-10-11,1,28.5,34.0,24.1,0.0,observed
2025-10-12,1,28.9,34.5,24.2,0.0,observed
2025-10-13,1,29.0,34.8,24.5,0.0,observed
2025-10-14,1,29.1,34.9,24.2,0.0,observed
2025-10-15,1,29.2,35.7,24.2,0.0,observed
2025-10-16,1,28.7,35.5,21.8,0.0,observed
2025-10-17,1,29.3,36.3,23.7,0.0,observed
2025-10-18,1,29.5,36.5,23.6,0.0,observed
2025-10-19,1,29.8,36.9,24.8,0.0,observed
2025-10-20,1,28.7,36.1,22.2,0.0,observed
2025-10-21,1,29.1,36.1,22.7,0.0,observed
2025-10-22,1,29.2,36.3,23.5,0.0,observed
2025-10-23,1,29.1,37.1,22.6,0.0,observed
2025-10-24,1,28.8,36.8,21.7,0.0,observed
2025-10-25,1,29.0,37.1,21.5,0.0,observed
2025-10-26,1,28.6,36.1,21.7,0.0,observed
2025-10-27,1,28.2,35.1,21.2,0.0,observed
2025-10-28,1,27.7,33.6,22.1,0.0,observed
2025-10-29,1,27.4,32.7,21.9,0.0,observed
2025-10-30,1,28.2,33.8,22.9,0.0,observed
2025-10-31,1,27.7,34.6,22.0,0.0,observed
2025-11-01,1,27.7,34.8,21.2,0.0,observed
2025-11-02,1,27.5,35.3,20.4,0.0,observed
2025-11-03,1,27.5,35.7,21.4,0.0,observed
2025-11-04,1,26.9,36.0,19.9,0.0,observed
2025-11-05,1,25.0,32.4,20.0,0.0,observed
2025-11-06,1,24.7,32.7,18.6,0.0,observed
2025-11-07,1,24.7,32.6,17.5,0.0,observed
2025-11-08,1,25.3,32.4,18.7,0.0,observed
2025-11-09,1,23.7,30.7,16.8,0.0,observed
2025-11-10,1,23.5,30.0,17.2,0.0,observed
2025-11-11,1,23.6,30.1,17.8,0.0,observed
2025-11-12,1,23.9,30.8,17.6,0.0,observed
2025-11-13,1,23.3,30.8,16.0,0.0,observed
2025-11-14,1,22.7,30.5,15.2,0.0,observed
2025-11-15,1,22.8,30.4,15.0,0.0,observed
2025-11-16,1,22.8,30.5,15.7,0.0,observed
2025-11-17,1,22.1,30.4,14.0,0.0,observed
2025-11-18,1,21.4,29.8,12.7,0.0,observed
2025-11-19,1,21.7,30.0,13.0,0.0,observed
2025-11-20,1,21.5,29.5,14.1,0.0,observed
2025-11-21,1,21.8,29.6,14.5,0.0,observed
2025-11-22,1,22.0,29.2,15.5,0.0,observed
2025-11-23,1,21.4,28.6,14.4,0.0,observed
2025-11-24,1,20.9,28.3,14.7,0.0,observed
2025-11-25,1,20.8,26.9,15.7,0.0,observed
2025-11-26,1,20.8,27.6,14.8,0.0,observed
2025-11-27,1,20.4,25.9,15.9,0.0,observed
2025-11-28,1,19.8,26.1,14.8,0.0,observed
2025-11-29,1,19.6,26.4,14.1,0.0,observed
2025-11-30,1,19.9,26.9,13.9,0.0,observed
2025-12-01,1,19.5,28.2,11.9,0.0,observed
2025-12-02,1,18.7,26.4,12.0,0.0,observed
2025-12-03,1,18.5,26.2,12.3,0.0,observed
2025-12-04,1,19.0,26.4,13.1,0.0,observed
2025-12-05,1,19.2,27.6,11.9,0.0,observed
2025-12-06,1,19.3,25.3,14.4,0.0,observed
2025-12-07,1,19.8,27.7,13.9,0.0,observed
2025-12-08,1,20.2,29.0,13.3,0.0,observed
2025-12-09,1,20.7,29.5,13.2,0.0,observed
2025-12-10,1,20.6,29.8,11.6,0.0,observed
2025-12-11,1,20.5,28.7,12.0,0.0,observed
2025-12-12,1,20.0,28.1,12.1,0.0,observed
2025-12-13,1,20.5,28.2,14.3,0.0,observed
2025-12-14,1,19.1,25.6,14.2,0.0,observed
2025-12-15,1,19.1,25.9,13.9,0.0,observed
2025-12-16,1,19.3,26.7,14.0,0.0,observed
2025-12-17,1,19.5,27.1,13.7,0.0,observed
2025-12-18,1,19.7,27.2,13.3,0.0,observed
2025-12-19,1,20.3,27.8,14.3,0.0,observed
2025-12-20,1,22.6,29.7,16.2,0.0,observed
2025-12-21,1,22.6,29.2,16.5,0.0,observed
2025-12-22,1,20.5,25.4,16.8,0.0,observed
2025-12-23,1,19.7,25.7,14.9,0.0,observed
2025-12-24,1,18.6,25.6,12.9,0.0,observed
2025-12-25,1,17.9,25.4,10.2,0.0,observed
2025-12-26,1,18.6,25.3,12.3,0.0,observed
2025-12-27,1,18.7,25.3,13.8,0.0,observed
2025-12-28,1,19.0,25.7,14.0,0.0,observed
2025-12-29,1,18.6,25.5,13.2,0.0,observed
2025-12-30,1,19.5,26.5,12.6,0.0,observed
2025-12-31,1,19.1,24.1,16.0,6.0,observed
2026-01-01,1,17.6,23.4,13.1,0.0,observed
2026-01-02,1,16.7,22.8,11.8,0.0,observed
2026-01-03,1,16.4,23.1,10.4,0.0,observed
2026-01-04,1,17.1,23.9,11.1,0.0,observed
2026-01-05,1,17.5,23.7,12.3,0.0,observed
2026-01-06,1,17.2,23.4,12.0,0.0,observed
2026-01-07,1,16.0,22.2,11.2,0.0,observed
2026-01-08,1,14.4,20.3,9.7,0.0,observed
2026-01-09,1,14.3,21.1,9.0,0.0,observed
2026-01-10,1,13.7,20.3,8.4,0.0,observed
2026-01-11,1,13.4,20.7,7.3,0.0,observed
2026-01-12,1,13.7,21.1,7.7,0.0,observed
2026-01-13,1,14.1,20.8,8.7,0.0,observed
2026-01-14,1,16.3,24.1,9.2,0.0,observed
2026-01-15,1,19.3,26.3,13.1,0.0,observed
2026-01-16,1,19.9,27.0,13.3,0.0,observed
2026-01-17,1,19.8,25.6,14.8,0.0,observed
2026-01-18,1,19.1,24.8,14.6,0.0,observed
2026-01-19,1,18.9,26.1,12.6,0.0,observed
2026-01-20,1,19.3,26.0,13.0,0.0,observed
2026-01-21,1,19.2,25.8,13.2,0.0,observed
2026-01-22,1,18.7,25.5,13.7,0.2,observed
2026-01-23,1,13.8,19.8,8.2,0.0,observed
2026-01-24,1,12.9,19.6,7.3,0.0,observed
2026-01-25,1,13.5,19.6,8.3,0.0,observed
2026-01-26,1,14.1,19.4,10.1,0.5,observed
2026-01-27,1,16.4,22.1,11.8,0.0,observed
2026-01-28,1,16.5,23.6,9.8,0.0,observed
2026-01-29,1,16.8,23.4,10.9,0.0,observed
2026-01-30,1,17.3,23.8,12.1,0.0,observed
2026-01-31,1,18.2,25.0,12.7,0.0,observed
2026-02-01,1,19.5,26.8,13.3,0.0,observed
2026-02-02,1,19.8,26.7,14.0,0.0,observed
2026-02-03,1,20.4,27.9,13.7,0.0,observed
2026-02-04,1,20.6,28.4,14.1,0.0,observed
2026-02-05,1,20.5,27.9,14.6,0.0,observed
2026-02-06,1,20.9,29.0,14.5,0.0,observed
2026-02-07,1,21.4,28.8,15.1,0.0,observed
2026-02-08,1,21.9,29.7,14.2,0.0,observed
2026-02-09,1,22.6,29.4,15.7,0.0,observed
2026-02-10,1,22.7,27.7,18.2,0.0,observed
2026-02-11,1,21.9,28.1,16.5,0.0,observed
2026-02-12,1,21.9,29.1,16.0,0.0,observed
2026-02-13,1,23.1,31.2,14.9,0.0,observed
2026-02-14,1,24.3,32.2,16.0,0.0,observed
2026-02-15,1,24.1,32.5,15.7,0.0,observed
2026-02-16,1,22.9,29.6,18.1,0.0,observed
2026-02-17,1,21.7,27.1,16.7,0.6,observed
2026-02-18,1,22.2,28.3,16.4,0.0,observed
2026-02-19,1,23.6,29.6,17.8,0.0,observed
2026-02-20,1,23.9,30.5,17.8,0.0,observed
2026-02-21,1,24.4,31.3,18.1,0.0,observed
2026-02-22,1,25.4,32.7,19.5,0.0,observed
2026-02-23,1,24.7,32.6,17.9,0.0,observed
2026-02-24,1,25.5,33.5,18.2,0.0,observed
2026-02-25,1,26.5,34.3,19.1,0.0,observed
2026-02-26,1,27.1,34.4,19.5,0.0,observed
2026-02-27,1,27.3,33.5,22.5,0.0,observed
2026-02-28,1,26.2,33.6,19.7,0.0,observed
2026-03-01,1,26.5,33.6,19.5,0.0,observed
2026-03-02,1,26.9,34.4,19.7,0.0,observed
2026-03-03,1,27.6,35.0,20.2,0.0,observed
2026-03-04,1,26.5,34.3,19.1,0.0,observed
2026-03-05,1,26.2,35.3,19.2,0.0,observed
2026-03-06,1,27.2,37.0,20.0,0.0,observed
2026-03-07,1,27.3,36.9,20.8,0.0,observed
2026-03-08,1,27.6,36.9,19.3,0.0,observed
2026-03-09,1,28.4,37.6,19.9,0.0,observed
2026-03-10,1,29.1,37.5,22.3,0.0,observed
2026-03-11,1,28.0,36.8,19.9,0.0,observed
2026-03-12,1,29.2,36.7,21.9,0.0,observed
2026-03-13,1,29.5,36.3,22.2,0.0,observed
2026-03-14,1,29.3,37.1,21.6,0.0,observed
2026-03-15,1,29.9,36.9,23.9,0.0,observed
2026-03-16,1,29.6,37.3,22.1,0.0,observed
2026-03-17,1,28.2,34.4,22.0,0.0,observed
2026-03-18,1,25.8,32.2,21.0,7.2,observed
2026-03-19,1,22.0,26.6,18.2,0.9,observed
2026-03-20,1,23.7,30.4,16.9,0.0,observed
2026-03-21,1,25.6,30.9,21.4,0.4,observed
2026-03-22,1,26.3,31.7,21.2,0.0,observed
2026-03-23,1,27.6,34.1,22.0,0.0,observed
2026-03-24,1,28.3,34.5,23.2,0.0,observed
2026-03-25,1,28.5,34.6,24.5,0.0,observed
2026-03-26,1,27.9,34.3,23.2,0.3,observed
2026-03-27,1,28.1,34.9,22.6,0.0,observed
2026-03-28,1,28.5,35.3,24.1,0.0,observed
2026-03-29,1,27.9,33.5,23.6,0.0,observed
2026-03-30,1,26.9,32.9,22.6,0.0,observed
2026-03-31,1,25.8,31.7,20.5,0.0,observed
2026-04-01,1,27.2,34.0,21.3,0.0,observed
2026-04-02,1,22.8,26.4,18.9,2.1,observed
2026-04-03,1,22.8,29.2,17.2,2.0,observed
2026-04-04,1,25.1,32.6,19.3,0.0,observed
2026-04-05,1,25.9,33.2,20.6,0.0,observed
2026-04-06,1,26.2,31.4,21.4,0.4,observed
2026-04-07,1,28.2,34.5,24.3,0.0,observed
2026-04-08,1,28.1,35.4,21.4,0.0,observed
2026-04-09,1,29.0,36.4,22.0,0.0,observed
2026-04-10,1,30.4,36.7,23.4,0.0,observed
2026-04-11,1,31.2,38.4,24.5,0.0,observed
2026-04-12,1,31.9,39.0,24.6,0.0,observed
2026-04-13,1,32.1,40.0,25.4,0.0,observed
2026-04-14,1,32.6,40.2,25.8,0.0,observed
2026-04-15,1,33.2,41.5,25.2,0.0,observed
2026-04-16,1,31.5,39.1,25.8,0.0,observed
2026-04-17,1,32.0,41.5,24.3,0.0,observed
2026-04-18,1,30.3,37.9,24.1,0.0,observed
2026-04-19,1,30.2,38.8,22.4,0.0,observed
2026-04-20,1,32.2,40.3,25.4,0.0,observed
2026-04-21,1,31.0,38.9,25.4,0.0,observed
2026-04-22,1,30.5,39.0,23.8,0.0,observed
2026-04-23,1,31.2,39.1,25.2,0.0,observed
2026-04-24,1,31.7,39.7,26.3,0.6,observed
2026-04-25,1,33.4,43.1,25.5,0.0,observed
2026-04-26,1,34.9,44.5,26.9,0.0,observed
2026-04-27,1,32.9,40.6,26.9,0.0,observed
2026-04-28,1,32.3,40.4,27.1,0.0,observed
2026-04-29,1,33.7,44.0,26.2,0.0,observed
2026-04-30,1,33.0,41.9,26.4,0.0,observed
2026-05-01,1,35.0,45.2,26.9,0.0,observed
2026-05-02,1,35.5,45.1,28.4,0.0,observed
2026-05-03,1,35.9,44.0,27.5,0.0,observed
2026-05-04,1,35.5,42.4,29.0,0.0,observed
2026-05-05,1,34.5,42.6,27.0,0.0,observed
2026-05-06,1,33.5,42.4,25.1,0.0,observed
2026-05-07,1,31.5,39.2,26.2,0.0,observed
2026-05-08,1,32.0,40.0,26.0,0.0,observed
2026-05-09,1,32.6,41.2,26.1,0.0,observed
2026-05-10,1,32.8,41.3,25.9,0.0,observed
2026-05-11,1,32.7,40.4,25.9,0.0,observed
2026-05-12,1,33.4,41.1,26.7,0.1,observed
2026-05-13,1,34.7,42.9,28.1,0.0,observed
2026-05-14,1,33.6,40.1,28.3,0.0,observed
2026-05-15,1,32.1,38.1,27.3,0.0,observed
2026-05-16,1,32.8,40.7,27.1,0.0,observed
2026-05-17,1,32.9,40.8,26.7,0.0,observed
2026-05-18,1,31.4,39.0,25.6,0.0,observed
2026-05-19,1,32.6,40.4,27.1,0.0,observed
2026-05-20,1,32.7,39.9,27.6,0.0,observed
2026-05-21,1,31.9,38.8,27.2,0.0,observed
2026-05-22,1,32.9,41.1,27.1,0.0,observed
2026-05-23,1,32.6,40.3,27.5,0.0,observed
2026-05-24,1,31.7,39.2,26.5,0.0,observed
2026-05-25,1,33.1,41.7,27.8,0.0,observed
2026-05-26,1,33.5,43.0,27.5,0.0,observed
2026-05-27,1,32.8,41.0,27.4,0.0,observed
2026-05-28,1,33.4,42.3,28.1,0.0,observed
2026-05-29,1,34.4,46.3,28.6,0.0,observed
2026-05-30,1,33.6,40.8,28.4,0.0,observed
2026-05-31,1,32.9,38.9,28.7,0.0,observed
2026-06-01,1,33.0,39.4,28.3,0.0,observed
2026-06-02,1,33.7,39.6,28.3,0.1,observed
2026-06-03,1,32.9,40.1,27.9,0.0,observed
2026-06-04,1,32.7,39.6,28.4,0.0,observed
2026-06-05,1,33.7,41.8,28.3,0.0,observed
2026-06-06,1,32.9,39.9,27.9,0.0,observed
2026-06-07,1,33.4,41.5,28.2,0.0,observed
2026-06-08,1,33.5,41.3,28.4,0.0,observed
2026-06-09,1,33.8,41.9,28.8,0.0,observed
2026-06-10,1,34.4,42.8,28.9,0.0,observed
2026-06-11,1,36.4,46.6,29.0,0.0,observed
2026-06-12,1,35.2,43.7,29.8,0.3,observed
2026-06-13,1,33.4,40.0,28.8,0.0,observed
2026-06-14,1,32.5,38.0,28.6,0.0,observed
2026-06-15,1,32.3,37.9,28.1,0.0,observed
2026-06-16,1,32.4,37.9,28.6,0.0,observed
2026-06-17,1,32.5,37.7,28.7,0.0,observed
2026-06-18,1,32.4,37.6,28.5,0.0,observed
2026-06-19,1,32.4,38.4,28.6,0.0,observed
2026-06-20,1,32.5,38.7,28.6,0.0,observed
2026-06-21,1,32.1,38.0,28.4,0.0,observed
2026-06-22,1,32.3,38.1,28.4,0.0,observed
2026-06-23,1,32.4,38.6,28.5,0.0,observed
2026-06-24,1,32.0,37.7,28.5,0.0,observed
2026-06-25,1,32.6,38.5,28.4,0.0,observed
2026-06-26,1,33.0,39.1,28.6,0.0,observed
2026-06-27,1,33.0,39.0,28.5,0.0,observed
2026-06-28,1,32.3,38.5,28.5,0.0,observed
2026-06-29,1,31.9,37.4,28.2,0.0,observed
2026-06-30,1,31.7,36.7,28.2,0.0,observed
2026-07-01,1,32.4,38.5,28.3,0.0,observed
2026-07-02,1,32.8,39.1,28.8,0.0,observed
2026-07-03,1,33.2,39.6,28.5,0.0,observed
2026-07-04,1,33.3,39.4,29.0,0.0,observed
2026-07-05,1,33.7,40.2,28.6,0.0,observed
2026-07-06,1,33.8,40.7,28.5,0.0,observed
2026-07-07,1,33.5,39.9,28.3,0.0,observed
2026-07-08,1,32.7,38.8,29.2,0.0,observed
2026-07-09,1,32.0,38.2,28.1,0.0,observed
2026-07-10,1,31.8,37.5,28.1,0.0,observed
2026-07-11,1,31.4,37.4,27.9,0.0,observed
2026-07-12,1,31.9,37.2,28.3,0.0,observed
2026-07-13,1,31.9,37.8,28.5,0.0,observed
2026-07-14,1,31.4,36.9,27.6,0.0,observed
2026-07-15,1,31.6,36.8,27.6,0.0,observed
2026-07-16,1,31.7,38.2,27.4,0.0,observed
2026-07-17,1,31.3,37.3,27.6,0.0,observed
2026-07-18,1,31.1,36.9,27.5,0.0,observed
2026-07-19,1,31.2,36.7,27.8,0.0,observed
2026-07-20,1,30.8,34.5,27.5,0.1,observed
2026-07-21,1,31.0,34.5,28.0,0.0,observed
2026-07-22,1,32.4,38.1,27.9,0.0,observed
2026-07-23,1,33.4,38.4,28.8,0.4,observed
2026-07-24,1,32.4,36.6,29.4,0.6,observed
2026-07-25,1,31.0,34.5,28.8,1.1,observed
2026-07-26,1,32.3,37.1,28.2,0.1,observed
2026-07-27,1,32.2,37.8,28.7,0.0,observed
2026-07-28,1,31.3,36.7,27.7,0.0,observed
2026-07-29,1,31.7,37.8,27.7,0.0,observed
2026-07-30,1,32.4,38.0,27.2,0.0,observed
2026-07-31,1,33.6,39.0,28.3,0.0,observed
2026-08-01,1,33.0,38.9,29.5,3.9,observed
2026-08-02,1,27.7,29.2,26.1,17.1,observed
2026-08-03,1,29.6,34.3,27.2,0.0,observed
2026-08-04,1,30.1,35.2,26.1,0.0,observed
2026-08-05,1,30.0,35.2,26.8,0.0,observed
2026-08-06,1,30.2,36.1,26.7,0.0,observed
2026-08-07,1,30.5,36.6,26.2,0.0,observed
2026-08-08,1,30.9,36.5,26.9,0.0,observed
2026-08-09,1,30.9,36.3,26.8,0.0,observed
2026-08-10,1,30.9,36.9,27.3,0.0,observed
2026-08-11,1,30.5,36.3,26.8,0.0,observed
2026-08-12,1,30.1,34.1,26.5,0.0,observed
2026-08-13,1,30.5,36.0,27.1,0.0,observed
2026-08-14,1,29.9,35.2,26.4,0.0,observed
2026-08-15,1,30.4,35.9,26.5,0.0,observed
2026-08-16,1,30.2,36.1,26.7,0.0,observed
2026-08-17,1,29.8,35.3,26.2,0.0,observed
2026-08-18,1,29.9,35.7,26.4,0.0,observed
2026-08-19,1,30.1,36.0,26.3,0.0,observed
2026-08-20,1,30.1,36.2,26.5,0.0,observed
2026-08-21,1,30.2,36.4,26.4,0.0,observed
2026-08-22,1,30.0,35.4,26.3,0.0,observed
2026-08-23,1,30.1,35.9,26.2,0.1,observed
2026-08-24,1,31.2,37.4,26.5,0.0,observed
2026-08-25,1,30.6,36.4,26.6,0.0,observed
2026-08-26,1,30.0,36.4,26.1,0.0,observed
2026-08-27,1,29.6,35.7,25.9,0.0,observed
2026-08-28,1,29.5,36.1,25.6,0.0,observed
2026-08-29,1,29.5,35.1,26.0,0.0,observed
2026-08-30,1,29.4,34.7,25.9,0.0,observed
2026-08-31,1,29.2,35.0,25.6,0.0,observed
2026-09-01,1,29.3,34.8,25.5,0.0,observed
2026-09-02,1,29.5,35.3,25.5,0.0,observed
2026-09-03,1,29.3,35.4,25.5,0.0,observed
2026-09-04,1,29.7,36.1,25.8,0.0,observed
2026-09-05,1,30.2,36.0,26.1,0.0,observed
2026-09-06,1,30.0,36.2,26.2,0.0,observed
2026-09-07,1,29.8,36.0,25.7,0.0,observed
2026-09-08,1,30.0,35.9,25.8,0.0,observed
2026-09-09,1,30.0,35.5,25.3,0.0,observed
2026-09-10,1,30.1,35.5,25.1,0.0,observed
2026-09-11,1,30.6,36.5,24.9,0.0,observed
2026-09-12,1,32.7,40.1,26.6,0.0,observed
2026-09-13,1,35.1,41.0,28.9,0.0,observed
2026-09-14,1,33.7,40.6,29.2,1.3,observed
2026-09-15,1,31.3,36.3,28.4,0.3,observed
2026-09-16,1,31.3,35.5,28.3,0.2,observed
2026-09-17,1,31.2,35.9,27.5,0.0,observed
2026-09-18,1,31.0,36.5,26.4,2.0,observed
2026-09-19,1,31.4,37.2,26.4,0.0,observed
2026-09-20,1,32.8,39.0,26.7,0.0,observed
2026-09-21,1,34.3,40.8,28.3,0.0,observed
2026-09-22,1,35.0,40.8,30.3,0.0,observed
2026-09-23,1,34.0,41.0,29.1,0.0,observed
2026-09-24,1,31.6,38.4,26.9,0.0,observed
2026-09-25,1,30.6,37.2,26.1,0.0,observed
2026-09-26,1,30.3,36.5,26.4,0.0,observed
2026-09-27,1,29.6,36.2,25.8,0.0,observed
2026-09-28,1,29.3,34.9,25.3,0.0,observed
2026-09-29,1,29.7,35.0,25.0,0.0,observed
2026-09-30,1,29.2,35.2,24.4,0.0,observed
2026-10-01,1,29.4,36.1,24.1,0.0,observed
2026-10-02,1,29.9,37.4,24.2,0.0,observed
2026-10-03,1,30.2,37.0,25.0,0.0,observed
2026-10-04,1,30.2,37.3,26.1,0.0,observed
2026-10-05,1,29.2,35.0,25.0,0.0,forecast
2026-10-06,1,29.7,35.6,25.2,0.0,forecast
2026-10-07,1,30.0,35.2,25.7,0.0,forecast
2026-10-08,1,28.8,35.4,23.8,0.0,forecast
2026-10-09,1,28.9,35.0,24.8,0.0,forecast
2026-10-10,1,29.3,35.1,25.5,0.0,forecast
2026-10-11,1,29.8,35.1,24.7,0.0,forecast
2026-10-12,1,31.1,37.0,24.8,0.0,forecast
2026-10-13,1,32.9,38.7,26.0,0.0,forecast
2026-10-14,1,33.8,39.3,27.9,0.0,forecast
2026-10-15,1,34.1,39.8,27.6,0.0,forecast
2026-10-16,1,34.4,39.4,28.3,0.0,forecast
2026-10-17,1,34.4,39.3,28.8,0.0,forecast
2026-10-18,1,33.7,38.8,27.2,0.0,forecast
2026-10-19,1,31.9,38.1,26.7,0.0,forecast
2026-10-20,1,29.6,36.1,25.5,0.0,forecast
2024-01-01,2,17.0,24.5,10.8,0.0,observed
2024-01-02,2,16.6,24.4,10.0,0.0,observed
2024-01-03,2,16.9,24.0,11.0,0.0,observed
2024-01-04,2,16.2,22.6,10.8,0.0,observed
2024-01-05,2,16.2,22.9,10.1,0.0,observed
2024-01-06,2,16.7,23.1,11.6,0.0,observed
2024-01-07,2,16.2,22.9,10.9,0.0,observed
2024-01-08,2,16.2,23.9,9.9,0.0,observed
2024-01-09,2,15.6,22.2,10.3,0.0,observed
2024-01-10,2,15.4,23.2,9.8,0.0,observed
2024-01-11,2,15.7,24.6,7.7,0.0,observed
2024-01-12,2,16.3,25.3,8.8,0.0,observed
2024-01-13,2,17.3,26.5,8.3,0.0,observed
2024-01-14,2,17.9,25.3,11.9,0.0,observed
2024-01-15,2,18.1,25.0,10.5,0.0,observed
2024-01-16,2,19.7,25.4,14.3,0.0,observed
2024-01-17,2,18.3,24.7,13.0,0.0,observed
2024-01-18,2,17.5,24.5,11.4,0.0,observed
2024-01-19,2,17.9,25.5,11.0,0.0,observed
2024-01-20,2,18.9,26.1,11.8,0.0,observed
2024-01-21,2,19.2,26.4,13.0,0.0,observed
2024-01-22,2,19.6,27.1,11.7,0.0,observed
2024-01-23,2,19.1,26.2,13.6,0.0,observed
2024-01-24,2,16.9,25.3,9.0,0.0,observed
2024-01-25,2,17.4,25.1,9.0,0.0,observed
2024-01-26,2,17.4,24.0,11.4,0.0,observed
2024-01-27,2,17.9,24.6,12.2,0.0,observed
2024-01-28,2,18.7,26.3,11.1,0.0,observed
2024-01-29,2,21.3,27.5,16.4,0.0,observed
2024-01-30,2,21.5,27.2,15.9,0.0,observed
2024-01-31,2,23.0,28.8,18.4,0.0,observed
2024-02-01,2,22.9,29.6,16.0,0.0,observed
2024-02-02,2,21.9,28.7,17.6,0.0,observed
2024-02-03,2,20.6,28.7,15.3,0.8,observed
2024-02-04,2,21.0,24.9,17.1,1.5,observed
2024-02-05,2,19.6,25.4,14.3,0.0,observed
2024-02-06,2,19.7,25.3,14.3,0.0,observed
2024-02-07,2,19.7,24.9,16.2,0.1,observed
2024-02-08,2,18.8,25.1,14.2,0.0,observed
2024-02-09,2,19.3,27.4,10.8,0.0,observed
2024-02-10,2,19.9,28.1,12.6,0.0,observed
2024-02-11,2,19.4,27.1,12.6,0.0,observed
2024-02-12,2,19.1,26.3,13.5,0.0,observed
2024-02-13,2,17.8,25.5,12.1,0.0,observed
2024-02-14,2,18.9,27.3,11.8,0.0,observed
2024-02-15,2,19.3,27.8,11.9,0.0,observed
2024-02-16,2,19.8,29.4,11.2,0.0,observed
2024-02-17,2,21.5,31.2,11.9,0.0,observed
2024-02-18,2,23.1,30.8,17.3,0.0,observed
2024-02-19,2,25.3,32.0,21.1,0.0,observed
2024-02-20,2,23.9,31.0,19.0,0.0,observed
2024-02-21,2,23.6,30.3,18.4,0.0,observed
2024-02-22,2,21.7,27.4,16.2,0.0,observed
2024-02-23,2,20.4,28.5,12.3,0.0,observed
2024-02-24,2,20.7,28.9,12.3,0.0,observed
2024-02-25,2,20.9,29.1,12.0,0.0,observed
2024-02-26,2,21.4,28.5,15.9,0.0,observed
2024-02-27,2,19.7,26.5,14.5,0.0,observed
2024-02-28,2,20.9,28.2,14.6,0.0,observed
2024-02-29,2,23.0,32.3,15.3,0.0,observed
2024-03-01,2,21.8,26.6,17.1,0.1,observed
2024-03-02,2,20.2,23.8,16.0,0.0,observed
2024-03-03,2,16.7,23.0,10.0,0.0,observed
2024-03-04,2,17.7,25.2,9.4,0.0,observed
2024-03-05,2,18.3,25.5,11.5,0.0,observed
2024-03-06,2,20.1,27.1,13.0,0.0,observed
2024-03-07,2,21.6,28.1,15.4,0.0,observed
2024-03-08,2,21.9,29.6,14.9,0.0,observed
2024-03-09,2,22.3,29.7,15.1,0.0,observed
2024-03-10,2,21.2,27.0,16.0,0.9,observed
2024-03-11,2,24.8,32.0,17.9,0.0,observed
2024-03-12,2,25.5,33.1,18.2,0.0,observed
2024-03-13,2,26.0,32.6,19.8,0.0,observed
2024-03-14,2,23.8,31.5,16.7,0.0,observed
2024-03-15,2,24.5,31.7,17.9,0.0,observed
2024-03-16,2,25.9,34.4,17.2,0.0,observed
2024-03-17,2,26.8,35.1,18.7,0.0,observed
2024-03-18,2,27.5,35.6,19.0,0.0,observed
2024-03-19,2,30.7,38.8,22.5,0.0,observed
2024-03-20,2,29.7,38.1,21.4,0.0,observed
2024-03-21,2,31.1,37.9,25.8,0.0,observed
2024-03-22,2,29.7,38.0,23.1,0.0,observed
2024-03-23,2,30.0,38.4,22.7,0.0,observed
2024-03-24,2,31.0,40.0,23.5,0.0,observed
2024-03-25,2,32.0,40.0,23.9,0.0,observed
2024-03-26,2,33.1,40.6,26.6,0.0,observed
2024-03-27,2,30.6,38.8,24.1,0.0,observed
2024-03-28,2,30.1,36.6,22.8,0.0,observed
2024-03-29,2,29.0,35.0,24.0,0.0,observed
2024-03-30,2,27.4,35.0,20.7,0.0,observed
2024-03-31,2,29.0,36.2,21.9,0.0,observed
2024-04-01,2,29.0,35.9,21.4,0.0,observed
2024-04-02,2,29.8,37.0,23.5,0.0,observed
2024-04-03,2,29.3,36.9,23.1,0.0,observed
2024-04-04,2,29.9,37.3,23.1,0.0,observed
2024-04-05,2,30.6,37.6,24.5,0.0,observed
2024-04-06,2,30.5,37.5,23.5,0.0,observed
2024-04-07,2,31.7,39.0,23.6,0.0,observed
2024-04-08,2,32.9,40.6,23.6,0.0,observed
2024-04-09,2,33.6,41.0,25.8,0.0,observed
2024-04-10,2,31.5,39.5,26.1,0.0,observed
2024-04-11,2,31.2,40.5,22.6,0.0,observed
2024-04-12,2,32.4,39.6,26.3,0.0,observed
2024-04-13,2,30.2,37.3,24.6,0.0,observed
2024-04-14,2,27.3,30.3,24.2,1.0,observed
2024-04-15,2,27.4,33.0,22.8,0.0,observed
2024-04-16,2,29.9,36.4,23.2,0.0,observed
2024-04-17,2,31.9,38.7,26.0,0.0,observed
2024-04-18,2,29.0,33.7,25.4,0.5,observed
2024-04-19,2,28.0,34.3,22.7,0.0,observed
2024-04-20,2,29.6,36.3,23.6,0.0,observed
2024-04-21,2,30.0,37.1,23.8,0.0,observed
2024-04-22,2,31.2,38.8,24.4,0.0,observed
2024-04-23,2,31.2,39.8,24.0,0.0,observed
2024-04-24,2,31.5,40.0,23.6,0.0,observed
2024-04-25,2,31.0,39.1,24.7,0.0,observed
2024-04-26,2,31.3,38.7,25.2,0.0,observed
2024-04-27,2,31.2,38.0,24.4,0.0,observed
2024-04-28,2,32.2,40.6,24.9,0.0,observed
2024-04-29,2,32.7,39.3,25.6,0.0,observed
2024-04-30,2,31.3,38.4,22.9,0.0,observed
2024-05-01,2,30.4,37.1,21.9,0.0,observed
2024-05-02,2,31.6,40.5,21.0,0.0,observed
2024-05-03,2,32.4,39.5,26.9,0.0,observed
2024-05-04,2,32.6,39.6,27.1,0.0,observed
2024-05-05,2,32.9,40.4,26.1,0.0,observed
2024-05-06,2,34.2,42.9,26.8,0.0,observed
2024-05-07,2,35.4,44.7,27.7,0.0,observed
2024-05-08,2,35.4,44.5,27.5,0.0,observed
2024-05-09,2,34.8,43.2,27.5,0.0,observed
2024-05-10,2,32.6,40.0,25.7,0.0,observed
2024-05-11,2,32.4,38.8,25.9,0.0,observed
2024-05-12,2,33.4,40.8,26.2,0.0,observed
2024-05-13,2,34.2,42.4,27.2,0.0,observed
2024-05-14,2,34.1,41.7,26.7,0.0,observed
2024-05-15,2,35.8,43.0,28.5,0.0,observed
2024-05-16,2,35.8,43.1,28.4,0.0,observed
2024-05-17,2,36.8,44.9,29.0,0.0,observed
2024-05-18,2,36.5,44.1,28.9,0.0,observed
2024-05-19,2,34.7,41.9,27.9,0.0,observed
2024-05-20,2,34.4,42.8,27.8,0.0,observed
2024-05-21,2,36.6,46.2,29.0,0.0,observed
2024-05-22,2,37.5,47.3,30.4,0.0,observed
2024-05-23,2,37.3,47.6,30.3,0.0,observed
2024-05-24,2,36.7,46.1,29.8,0.0,observed
2024-05-25,2,36.1,45.4,28.6,0.0,observed
2024-05-26,2,36.9,48.6,28.4,0.0,observed
2024-05-27,2,36.9,48.4,29.7,0.0,observed
2024-05-28,2,36.6,47.8,29.2,0.0,observed
2024-05-29,2,37.1,47.9,28.2,0.0,observed
2024-05-30,2,36.7,47.1,28.1,0.0,observed
2024-05-31,2,34.5,42.9,28.5,0.0,observed
2024-06-01,2,34.8,43.8,28.0,0.0,observed
2024-06-02,2,34.1,41.5,28.4,0.0,observed
2024-06-03,2,32.5,40.0,27.5,0.0,observed
2024-06-04,2,31.8,38.0,27.1,0.0,observed
2024-06-05,2,32.0,37.4,27.8,0.0,observed
2024-06-06,2,33.2,40.1,28.0,0.0,observed
2024-06-07,2,33.6,41.1,27.9,0.0,observed
2024-06-08,2,33.3,41.0,27.4,0.2,observed
2024-06-09,2,33.5,40.3,27.5,0.3,observed
2024-06-10,2,33.7,41.4,27.6,0.1,observed
2024-06-11,2,32.9,40.1,27.7,0.5,observed
2024-06-12,2,32.5,38.7,27.8,0.0,observed
2024-06-13,2,32.8,38.9,28.4,0.0,observed
2024-06-14,2,33.0,38.9,28.7,0.0,observed
2024-06-15,2,33.5,39.1,28.7,0.0,observed
2024-06-16,2,33.7,40.5,28.9,0.3,observed
2024-06-17,2,33.1,39.7,28.6,0.0,observed
2024-06-18,2,33.1,39.2,28.9,0.0,observed
2024-06-19,2,33.3,39.9,28.7,0.0,observed
2024-06-20,2,33.8,41.4,28.6,0.0,observed
2024-06-21,2,33.6,39.9,28.4,0.3,observed
2024-06-22,2,35.3,41.6,29.8,0.0,observed
2024-06-23,2,37.2,44.3,30.5,0.0,observed
2024-06-24,2,38.7,46.3,31.2,0.0,observed
2024-06-25,2,38.0,46.4,31.1,0.0,observed
2024-06-26,2,35.4,41.7,29.6,0.0,observed
2024-06-27,2,34.5,42.6,31.3,1.3,observed
2024-06-28,2,33.4,37.2,29.7,0.3,observed
2024-06-29,2,34.0,38.3,30.4,0.0,observed
2024-06-30,2,34.5,39.8,30.1,0.0,observed
2024-07-01,2,35.2,42.1,30.8,0.0,observed
2024-07-02,2,34.1,40.1,29.9,0.0,observed
2024-07-03,2,34.2,40.1,30.1,0.0,observed
2024-07-04,2,33.9,39.7,29.4,0.0,observed
2024-07-05,2,33.0,38.3,29.3,0.0,observed
2024-07-06,2,33.3,38.5,29.5,0.0,observed
2024-07-07,2,34.6,42.4,29.5,0.2,observed
2024-07-08,2,33.5,38.7,30.0,2.1,observed
2024-07-09,2,31.8,35.3,30.3,8.2,observed
2024-07-10,2,32.4,36.8,29.3,0.0,observed
2024-07-11,2,31.4,35.9,28.7,0.0,observed
2024-07-12,2,31.4,36.1,28.6,0.0,observed
2024-07-13,2,31.8,37.0,28.4,0.0,observed
2024-07-14,2,32.7,38.9,28.5,0.0,observed
2024-07-15,2,34.1,39.4,29.1,0.0,observed
2024-07-16,2,36.2,43.1,30.2,0.1,observed
2024-07-17,2,35.0,39.8,30.7,0.0,observed
2024-07-18,2,34.9,40.0,31.3,0.0,observed
2024-07-19,2,33.3,38.6,30.0,0.9,observed
2024-07-20,2,32.5,36.5,30.3,14.2,observed
2024-07-21,2,33.8,39.8,29.6,0.2,observed
2024-07-22,2,33.2,39.2,30.4,6.4,observed
2024-07-23,2,32.4,37.1,29.3,0.0,observed
2024-07-24,2,31.9,36.0,29.2,0.0,observed
2024-07-25,2,32.3,38.2,28.1,0.0,observed
2024-07-26,2,32.9,39.0,28.6,0.0,observed
2024-07-27,2,32.8,38.2,28.9,0.0,observed
2024-07-28,2,32.7,37.9,28.7,0.0,observed
2024-07-29,2,31.6,35.6,28.9,8.4,observed
2024-07-30,2,30.1,35.5,27.7,13.5,observed
2024-07-31,2,29.9,32.4,27.7,5.4,observed
2024-08-01,2,30.4,33.8,28.0,0.1,observed
2024-08-02,2,30.0,33.2,27.9,0.7,observed
2024-08-03,2,28.9,32.0,27.4,15.2,observed
2024-08-04,2,29.4,33.2,27.0,0.0,observed
2024-08-05,2,29.4,33.1,27.0,0.3,observed
2024-08-06,2,28.5,30.8,26.9,0.5,observed
2024-08-07,2,28.9,32.0,27.1,0.0,observed
2024-08-08,2,29.7,33.7,26.7,0.0,observed
2024-08-09,2,30.7,36.0,26.9,0.2,observed
2024-08-10,2,31.0,36.4,27.3,0.0,observed
2024-08-11,2,30.8,36.0,27.6,0.0,observed
2024-08-12,2,30.6,35.2,27.2,0.0,observed
2024-08-13,2,31.5,36.9,27.8,0.0,observed
2024-08-14,2,31.8,37.4,27.7,0.0,observed
2024-08-15,2,31.2,36.2,28.0,0.0,observed
2024-08-16,2,30.6,34.9,27.6,0.1,observed
2024-08-17,2,27.9,28.9,27.2,27.1,observed
2024-08-18,2,28.7,32.2,26.5,1.6,observed
2024-08-19,2,28.9,32.5,26.2,0.4,observed
2024-08-20,2,29.2,33.2,26.3,0.4,observed
2024-08-21,2,29.9,34.0,26.8,0.1,observed
2024-08-22,2,30.4,35.3,26.6,0.1,observed
2024-08-23,2,31.1,37.0,26.8,0.0,observed
2024-08-24,2,31.0,38.5,26.6,5.0,observed
2024-08-25,2,32.0,37.7,27.2,0.0,observed
2024-08-26,2,30.6,37.1,28.2,17.9,observed
2024-08-27,2,28.2,31.4,26.5,17.4,observed
2024-08-28,2,26.7,29.5,25.6,44.2,observed
2024-08-29,2,26.8,29.4,26.1,37.0,observed
2024-08-30,2,27.4,30.7,25.7,6.8,observed
2024-08-31,2,27.4,31.6,24.9,2.7,observed
2024-09-01,2,28.2,32.0,24.5,0.7,observed
2024-09-02,2,28.4,32.4,25.0,0.0,observed
2024-09-03,2,28.9,33.2,25.5,5.0,observed
2024-09-04,2,27.8,31.7,25.6,14.4,observed
2024-09-05,2,28.7,33.4,25.8,0.0,observed
2024-09-06,2,28.5,33.6,25.6,0.0,observed
2024-09-07,2,28.2,33.2,25.1,0.0,observed
2024-09-08,2,28.3,33.1,25.0,0.0,observed
2024-09-09,2,28.3,33.1,25.1,0.0,observed
2024-09-10,2,28.3,33.3,24.7,0.0,observed
2024-09-11,2,28.7,34.0,24.3,0.0,observed
2024-09-12,2,28.6,34.0,25.4,0.0,observed
2024-09-13,2,28.1,33.3,24.9,0.0,observed
2024-09-14,2,28.3,34.1,24.7,0.0,observed
2024-09-15,2,28.4,34.5,24.7,0.0,observed
2024-09-16,2,28.8,35.3,24.4,0.0,observed
2024-09-17,2,29.2,35.3,24.9,0.0,observed
2024-09-18,2,29.2,35.8,24.3,0.0,observed
2024-09-19,2,30.4,37.5,24.6,0.0,observed
2024-09-20,2,31.2,38.5,26.2,0.0,observed
2024-09-21,2,30.1,37.0,25.5,0.0,observed
2024-09-22,2,30.3,37.4,25.7,0.0,observed
2024-09-23,2,30.5,37.1,26.0,0.0,observed
2024-09-24,2,30.6,37.2,26.2,0.0,observed
2024-09-25,2,30.8,37.9,25.9,0.0,observed
2024-09-26,2,31.3,38.3,26.0,0.0,observed
2024-09-27,2,32.1,39.3,27.1,0.0,observed
2024-09-28,2,31.3,38.0,26.7,0.0,observed
2024-09-29,2,30.9,37.5,26.5,0.0,observed
2024-09-30,2,31.5,38.4,26.2,0.0,observed
2024-10-01,2,31.6,39.5,25.8,0.0,observed
2024-10-02,2,31.3,39.4,26.1,0.0,observed
2024-10-03,2,30.7,38.6,26.2,0.0,observed
2024-10-04,2,30.2,37.6,26.2,0.0,observed
2024-10-05,2,30.3,36.8,25.6,0.0,observed
2024-10-06,2,30.4,36.1,25.6,0.0,observed
2024-10-07,2,31.6,37.1,25.9,0.0,observed
2024-10-08,2,32.8,38.7,26.9,0.0,observed
2024-10-09,2,32.3,38.2,26.6,0.0,observed
2024-10-10,2,32.7,39.3,26.9,0.0,observed
2024-10-11,2,32.2,39.1,25.7,0.0,observed
2024-10-12,2,31.5,38.1,24.9,0.0,observed
2024-10-13,2,31.3,35.7,26.8,0.0,observed
2024-10-14,2,30.5,33.6,27.7,0.0,observed
2024-10-15,2,32.7,38.0,27.0,0.0,observed
2024-10-16,2,32.7,38.6,26.8,0.0,observed
2024-10-17,2,32.3,38.3,26.4,0.0,observed
2024-10-18,2,32.4,38.5,26.3,0.0,observed
2024-10-19,2,33.2,39.5,27.1,0.0,observed
2024-10-20,2,33.0,39.0,27.6,0.0,observed
2024-10-21,2,32.3,39.6,25.8,0.0,observed
2024-10-22,2,31.7,38.9,24.9,0.0,observed
2024-10-23,2,31.4,38.3,24.8,0.0,observed
2024-10-24,2,31.5,38.3,24.0,0.0,observed
2024-10-25,2,32.1,39.9,25.1,0.0,observed
2024-10-26,2,32.3,41.0,24.5,0.0,observed
2024-10-27,2,32.4,40.9,24.7,0.0,observed
2024-10-28,2,32.5,41.4,25.2,0.0,observed
2024-10-29,2,30.6,38.6,24.6,0.0,observed
2024-10-30,2,30.1,38.5,23.9,0.0,observed
2024-10-31,2,29.9,37.1,23.1,0.0,observed
2024-11-01,2,31.0,37.9,24.9,0.0,observed
2024-11-02,2,30.5,37.8,24.4,0.0,observed
2024-11-03,2,29.2,36.3,23.1,0.0,observed
2024-11-04,2,29.6,36.2,22.9,0.0,observed
2024-11-05,2,29.8,36.4,23.6,0.0,observed
2024-11-06,2,29.7,37.0,22.4,0.0,observed
2024-11-07,2,28.9,36.4,22.6,0.0,observed
2024-11-08,2,28.6,35.5,23.5,0.0,observed
2024-11-09,2,28.3,35.1,22.7,0.0,observed
2024-11-10,2,28.3,35.1,22.1,0.0,observed
2024-11-11,2,28.1,34.4,21.9,0.0,observed
2024-11-12,2,27.8,33.9,22.6,0.0,observed
2024-11-13,2,27.3,33.6,21.9,0.0,observed
2024-11-14,2,27.2,33.4,21.8,0.0,observed
2024-11-15,2,26.7,33.2,20.7,0.0,observed
2024-11-16,2,26.1,32.6,20.0,0.0,observed
2024-11-17,2,26.1,32.6,20.0,0.0,observed
2024-11-18,2,25.5,31.8,20.3,0.0,observed
2024-11-19,2,25.5,32.7,19.2,0.0,observed
2024-11-20,2,24.7,31.3,19.1,0.0,observed
2024-11-21,2,24.9,32.0,17.7,0.0,observed
2024-11-22,2,25.1,31.6,19.2,0.0,observed
2024-11-23,2,25.5,31.9,20.0,0.0,observed
2024-11-24,2,24.9,31.3,19.2,0.0,observed
2024-11-25,2,23.9,30.6,17.4,0.0,observed
2024-11-26,2,25.2,32.6,18.1,0.0,observed
2024-11-27,2,25.2,32.2,19.1,0.0,observed
2024-11-28,2,25.1,31.9,19.7,0.0,observed
2024-11-29,2,24.6,30.8,18.6,0.0,observed
2024-11-30,2,23.2,28.7,18.6,0.0,observed
2024-12-01,2,22.9,28.9,18.0,0.0,observed
2024-12-02,2,23.0,28.7,17.7,0.0,observed
2024-12-03,2,22.7,27.6,18.2,0.0,observed
2024-12-04,2,22.4,27.9,17.8,0.0,observed
2024-12-05,2,22.7,29.7,16.0,0.0,observed
2024-12-06,2,21.3,27.6,16.0,0.0,observed
2024-12-07,2,20.3,26.8,14.2,0.0,observed
2024-12-08,2,18.8,25.5,12.9,0.0,observed
2024-12-09,2,17.4,24.2,12.3,0.0,observed
2024-12-10,2,16.7,23.4,10.4,0.0,observed
2024-12-11,2,16.9,23.8,11.0,0.0,observed
2024-12-12,2,16.8,22.6,11.7,0.0,observed
2024-12-13,2,15.9,22.5,10.0,0.0,observed
2024-12-14,2,16.0,22.7,9.9,0.0,observed
2024-12-15,2,16.6,23.9,10.7,0.0,observed
2024-12-16,2,17.1,23.9,11.4,0.0,observed
2024-12-17,2,17.3,23.4,12.0,0.0,observed
2024-12-18,2,16.9,23.1,12.0,0.0,observed
2024-12-19,2,16.9,23.1,11.1,0.0,observed
2024-12-20,2,16.1,22.0,10.9,0.0,observed
2024-12-21,2,15.5,22.1,9.8,0.0,observed
2024-12-22,2,16.7,23.0,11.5,0.0,observed
2024-12-23,2,16.4,22.6,11.4,0.0,observed
2024-12-24,2,16.0,21.5,11.1,0.0,observed
2024-12-25,2,15.7,21.4,10.4,0.0,observed
2024-12-26,2,15.9,21.9,11.0,0.0,observed
2024-12-27,2,16.2,22.3,11.4,0.0,observed
2024-12-28,2,16.2,24.7,9.9,0.0,observed
2024-12-29,2,15.4,22.5,8.4,0.0,observed
2024-12-30,2,15.7,22.3,10.0,0.0,observed
2024-12-31,2,16.5,23.2,10.8,0.0,observed
2025-01-01,2,16.8,23.3,11.3,0.0,observed
2025-01-02,2,17.0,23.2,12.2,0.0,observed
2025-01-03,2,16.8,23.5,11.5,0.0,observed
2025-01-04,2,17.2,22.9,11.9,0.0,observed
2025-01-05,2,16.6,22.4,11.6,0.0,observed
2025-01-06,2,15.8,22.3,10.4,0.0,observed
2025-01-07,2,15.2,22.3,9.2,0.0,observed
2025-01-08,2,15.3,24.0,7.1,0.0,observed
2025-01-09,2,15.8,24.3,7.2,0.0,observed
2025-01-10,2,16.8,22.3,12.5,0.0,observed
2025-01-11,2,17.9,24.2,13.4,0.0,observed
2025-01-12,2,15.7,22.8,9.9,0.0,observed
2025-01-13,2,14.8,20.8,9.6,0.0,observed
2025-01-14,2,15.1,21.9,9.4,0.0,observed
2025-01-15,2,16.2,22.5,10.8,0.0,observed
2025-01-16,2,16.6,23.2,10.7,0.0,observed
2025-01-17,2,16.3,22.6,11.3,0.0,observed
2025-01-18,2,15.9,22.4,10.9,0.0,observed
2025-01-19,2,16.6,23.0,11.2,0.0,observed
2025-01-20,2,17.1,23.3,11.9,0.0,observed
2025-01-21,2,17.7,24.0,12.7,0.0,observed
2025-01-22,2,18.0,24.9,12.1,0.0,observed
2025-01-23,2,18.2,24.0,13.1,0.0,observed
2025-01-24,2,17.4,24.3,11.5,0.0,observed
2025-01-25,2,17.3,24.4,11.2,0.0,observed
2025-01-26,2,17.0,25.5,9.2,0.0,observed
2025-01-27,2,17.3,26.6,8.5,0.0,observed
2025-01-28,2,19.6,29.1,10.8,0.0,observed
2025-01-29,2,20.8,28.2,15.1,0.0,observed
2025-01-30,2,19.3,25.4,14.9,0.0,observed
2025-01-31,2,17.9,24.4,12.6,0.0,observed
2025-02-01,2,17.9,24.8,11.8,0.0,observed
2025-02-02,2,18.4,25.3,12.9,0.0,observed
2025-02-03,2,18.1,25.1,12.1,0.0,observed
2025-02-04,2,19.0,26.0,12.6,0.0,observed
2025-02-05,2,17.9,25.0,11.1,0.0,observed
2025-02-06,2,18.0,25.6,11.9,0.0,observed
2025-02-07,2,18.6,25.8,12.6,0.0,observed
2025-02-08,2,19.5,27.7,13.2,0.0,observed
2025-02-09,2,19.6,28.1,11.1,0.0,observed
2025-02-10,2,21.9,30.4,13.7,0.0,observed
2025-02-11,2,22.8,29.4,17.4,0.0,observed
2025-02-12,2,22.2,28.8,16.6,0.0,observed
2025-02-13,2,23.1,31.1,15.2,0.0,observed
2025-02-14,2,25.9,35.8,17.9,0.0,observed
2025-02-15,2,26.8,34.2,20.8,0.0,observed
2025-02-16,2,25.9,34.4,18.6,0.0,observed
2025-02-17,2,25.0,31.0,19.6,0.0,observed
2025-02-18,2,25.5,32.6,19.1,0.0,observed
2025-02-19,2,27.0,33.2,23.1,0.0,observed
2025-02-20,2,24.4,31.0,17.8,0.0,observed
2025-02-21,2,22.9,28.2,18.9,0.0,observed
2025-02-22,2,22.3,29.2,16.6,0.0,observed
2025-02-23,2,23.5,31.4,16.1,0.0,observed
2025-02-24,2,24.5,32.1,17.6,0.0,observed
2025-02-25,2,24.9,31.3,19.7,0.0,observed
2025-02-26,2,26.5,33.7,19.6,0.0,observed
2025-02-27,2,25.0,29.7,20.5,0.0,observed
2025-02-28,2,24.9,31.6,20.5,0.0,observed
2025-03-01,2,24.7,31.3,19.0,0.0,observed
2025-03-02,2,24.6,31.5,19.0,0.0,observed
2025-03-03,2,25.5,32.2,20.1,0.0,observed
2025-03-04,2,22.5,28.4,17.4,0.0,observed
2025-03-05,2,20.5,28.8,11.4,0.0,observed
2025-03-06,2,25.9,35.6,17.3,0.0,observed
2025-03-07,2,26.9,36.0,18.2,0.0,observed
2025-03-08,2,27.0,34.4,19.6,0.0,observed
2025-03-09,2,28.0,36.7,19.7,0.0,observed
2025-03-10,2,30.0,38.7,22.2,0.0,observed
2025-03-11,2,29.0,36.3,22.4,0.0,observed
2025-03-12,2,28.6,37.3,19.8,0.0,observed
2025-03-13,2,29.4,37.1,22.2,0.0,observed
2025-03-14,2,28.8,35.8,23.6,0.0,observed
2025-03-15,2,26.4,32.6,21.4,0.0,observed
2025-03-16,2,25.5,32.6,18.9,0.0,observed
2025-03-17,2,25.4,33.3,17.3,0.0,observed
2025-03-18,2,26.6,33.9,19.0,0.0,observed
2025-03-19,2,26.4,33.7,20.1,0.0,observed
2025-03-20,2,27.2,34.8,20.3,0.0,observed
2025-03-21,2,27.6,35.4,19.9,0.0,observed
2025-03-22,2,28.9,37.4,21.6,0.0,observed
2025-03-23,2,29.4,38.0,22.1,0.0,observed
2025-03-24,2,29.7,37.0,22.7,0.0,observed
2025-03-25,2,27.7,35.6,21.4,0.0,observed
2025-03-26,2,27.4,34.9,22.3,0.0,observed
2025-03-27,2,26.0,32.7,19.9,0.0,observed
2025-03-28,2,24.7,32.0,18.5,0.0,observed
2025-03-29,2,25.3,32.9,19.3,0.0,observed
2025-03-30,2,26.5,35.2,17.8,0.0,observed
2025-03-31,2,28.0,36.7,19.4,0.0,observed
2025-04-01,2,28.5,37.4,20.1,0.0,observed
2025-04-02,2,29.1,38.3,20.0,0.0,observed
2025-04-03,2,30.4,40.1,21.6,0.0,observed
2025-04-04,2,29.6,37.5,21.6,0.0,observed
2025-04-05,2,30.9,40.7,21.9,0.0,observed
2025-04-06,2,33.6,43.0,26.6,0.0,observed
2025-04-07,2,32.2,40.8,26.6,0.0,observed
2025-04-08,2,30.4,39.1,24.0,0.0,observed
2025-04-09,2,29.7,38.2,22.9,0.0,observed
2025-04-10,2,29.9,39.5,24.4,0.1,observed
2025-04-11,2,30.1,39.1,23.7,0.0,observed
2025-04-12,2,31.7,41.6,23.8,0.0,observed
2025-04-13,2,31.8,40.7,25.1,0.0,observed
2025-04-14,2,32.8,42.7,26.6,0.0,observed
2025-04-15,2,32.8,43.4,26.0,0.0,observed
2025-04-16,2,32.7,42.2,25.8,0.0,observed
2025-04-17,2,33.1,41.9,26.8,0.0,observed
2025-04-18,2,32.0,40.0,26.4,0.0,observed
2025-04-19,2,31.7,40.6,24.9,0.0,observed
2025-04-20,2,31.9,39.4,22.9,0.0,observed
2025-04-21,2,31.3,38.5,23.7,0.0,observed
2025-04-22,2,31.8,39.9,23.1,0.0,observed
2025-04-23,2,32.5,41.4,23.2,0.0,observed
2025-04-24,2,32.5,41.9,25.1,0.0,observed
2025-04-25,2,32.3,43.5,24.7,0.0,observed
2025-04-26,2,33.6,42.9,26.0,0.0,observed
2025-04-27,2,33.7,42.4,27.1,0.0,observed
2025-04-28,2,33.7,42.6,26.6,0.0,observed
2025-04-29,2,34.3,42.8,26.9,0.0,observed
2025-04-30,2,34.4,42.6,28.1,0.0,observed
2025-05-01,2,33.8,41.2,28.5,0.0,observed
2025-05-02,2,32.9,42.0,27.3,0.0,observed
2025-05-03,2,32.3,41.7,26.2,0.2,observed
2025-05-04,2,31.7,40.6,25.7,0.0,observed
2025-05-05,2,30.0,37.3,24.2,0.1,observed
2025-05-06,2,32.4,38.4,25.8,0.0,observed
2025-05-07,2,33.5,40.7,27.0,0.0,observed
2025-05-08,2,32.6,38.0,26.8,0.1,observed
2025-05-09,2,31.8,38.9,25.6,0.0,observed
2025-05-10,2,33.4,40.4,26.9,0.0,observed
2025-05-11,2,32.8,40.8,26.8,0.0,observed
2025-05-12,2,31.5,38.2,26.3,0.0,observed
2025-05-13,2,31.2,38.3,25.3,0.2,observed
2025-05-14,2,32.8,41.0,26.1,0.0,observed
2025-05-15,2,33.4,42.2,26.1,0.0,observed
2025-05-16,2,33.1,41.9,25.7,0.0,observed
2025-05-17,2,32.7,41.0,26.3,0.0,observed
2025-05-18,2,32.9,40.9,27.0,0.0,observed
2025-05-19,2,32.0,39.5,26.6,0.0,observed
2025-05-20,2,32.3,39.7,26.7,0.0,observed
2025-05-21,2,32.6,40.5,27.1,0.0,observed
2025-05-22,2,32.5,40.3,26.7,0.0,observed
2025-05-23,2,32.7,42.2,26.3,0.0,observed
2025-05-24,2,33.3,41.1,26.8,0.0,observed
2025-05-25,2,35.0,44.5,27.8,0.0,observed
2025-05-26,2,36.4,45.1,28.8,0.0,observed
2025-05-27,2,35.1,43.9,29.8,0.0,observed
2025-05-28,2,34.5,42.6,27.6,0.0,observed
2025-05-29,2,35.4,45.8,27.8,0.0,observed
2025-05-30,2,35.8,43.9,29.0,0.0,observed
2025-05-31,2,33.8,42.6,28.2,0.0,observed
2025-06-01,2,34.1,42.1,27.7,0.0,observed
2025-06-02,2,33.2,40.5,27.5,0.1,observed
2025-06-03,2,32.4,38.4,27.6,0.0,observed
2025-06-04,2,31.8,37.9,26.9,0.0,observed
2025-06-05,2,32.0,38.3,27.0,0.0,observed
2025-06-06,2,32.2,39.8,27.1,0.0,observed
2025-06-07,2,32.2,40.0,26.6,0.0,observed
2025-06-08,2,31.8,39.3,26.3,0.0,observed
2025-06-09,2,31.5,38.6,26.6,0.0,observed
2025-06-10,2,31.6,38.3,26.7,0.0,observed
2025-06-11,2,32.4,39.0,27.5,0.0,observed
2025-06-12,2,33.2,42.1,27.5,0.0,observed
2025-06-13,2,34.0,42.2,27.4,0.0,observed
2025-06-14,2,34.8,42.5,28.1,0.0,observed
2025-06-15,2,33.2,40.9,28.2,1.3,observed
2025-06-16,2,34.4,39.3,30.5,0.0,observed
2025-06-17,2,35.8,42.0,31.6,0.0,observed
2025-06-18,2,34.9,43.4,29.9,0.0,observed
2025-06-19,2,32.6,38.5,28.6,0.0,observed
2025-06-20,2,32.5,37.6,28.4,0.0,observed
2025-06-21,2,32.8,38.4,28.9,0.0,observed
2025-06-22,2,32.4,37.2,28.9,0.0,observed
2025-06-23,2,32.7,38.2,28.4,0.0,observed
2025-06-24,2,33.0,38.8,28.8,0.0,observed
2025-06-25,2,33.1,39.1,28.1,0.0,observed
2025-06-26,2,32.8,37.4,28.9,2.0,observed
2025-06-27,2,30.1,35.6,28.0,21.8,observed
2025-06-28,2,30.0,35.0,27.3,11.5,observed
2025-06-29,2,31.1,35.6,27.4,0.3,observed
2025-06-30,2,31.6,36.4,27.9,0.3,observed
2025-07-01,2,31.8,36.7,28.2,0.0,observed
2025-07-02,2,31.9,37.4,27.9,0.0,observed
2025-07-03,2,31.5,35.7,28.1,0.0,observed
2025-07-04,2,31.6,36.0,28.8,1.1,observed
2025-07-05,2,32.4,37.3,28.6,0.0,observed
2025-07-06,2,31.8,35.7,28.5,0.0,observed
2025-07-07,2,31.6,35.6,28.3,0.1,observed
2025-07-08,2,32.1,36.9,27.8,0.0,observed
2025-07-09,2,32.1,37.0,28.4,0.0,observed
2025-07-10,2,31.9,36.7,27.9,0.1,observed
2025-07-11,2,32.0,36.8,27.8,0.0,observed
2025-07-12,2,32.0,36.7,28.0,0.0,observed
2025-07-13,2,31.9,38.7,27.8,0.0,observed
2025-07-14,2,32.4,38.6,28.2,0.0,observed
2025-07-15,2,32.1,38.1,27.8,0.0,observed
2025-07-16,2,31.5,36.9,27.4,0.0,observed
2025-07-17,2,31.7,36.8,27.0,0.0,observed
2025-07-18,2,32.1,36.8,28.0,0.0,observed
2025-07-19,2,31.7,38.1,28.6,0.5,observed
2025-07-20,2,31.0,35.8,28.3,0.3,observed
2025-07-21,2,31.9,36.5,28.1,0.3,observed
2025-07-22,2,31.8,36.7,28.4,0.0,observed
2025-07-23,2,30.8,34.4,27.8,0.0,observed
2025-07-24,2,31.3,35.4,27.4,0.0,observed
2025-07-25,2,31.6,37.2,27.2,0.0,observed
2025-07-26,2,31.3,36.9,27.5,0.0,observed
2025-07-27,2,30.7,36.5,27.7,0.0,observed
2025-07-28,2,30.8,35.8,27.8,0.0,observed
2025-07-29,2,30.7,36.4,27.2,0.0,observed
2025-07-30,2,30.6,35.8,26.9,0.0,observed
2025-07-31,2,31.1,36.9,26.6,0.0,observed
2025-08-01,2,30.4,35.7,27.0,0.0,observed
2025-08-02,2,29.7,33.3,27.0,0.1,observed
2025-08-03,2,30.2,35.1,26.9,0.0,observed
2025-08-04,2,30.1,35.4,26.4,0.0,observed
2025-08-05,2,29.7,34.2,26.4,0.0,observed
2025-08-06,2,30.0,35.4,26.1,0.0,observed
2025-08-07,2,29.9,35.0,25.9,0.3,observed
2025-08-08,2,30.0,35.3,25.9,0.0,observed
2025-08-09,2,30.2,36.0,26.1,0.0,observed
2025-08-10,2,30.1,36.6,26.0,0.0,observed
2025-08-11,2,29.7,35.4,26.0,0.0,observed
2025-08-12,2,29.8,35.4,26.2,0.0,observed
2025-08-13,2,30.2,35.4,26.3,0.0,observed
2025-08-14,2,30.8,35.1,26.9,0.0,observed
2025-08-15,2,32.4,37.3,28.3,0.2,observed
2025-08-16,2,32.3,37.2,28.4,0.0,observed
2025-08-17,2,32.5,36.6,28.6,0.1,observed
2025-08-18,2,32.7,38.5,28.8,0.4,observed
2025-08-19,2,30.5,34.5,27.4,11.5,observed
2025-08-20,2,30.1,35.7,26.5,52.9,observed
2025-08-21,2,28.9,33.4,26.8,20.0,observed
2025-08-22,2,29.8,34.3,26.8,0.1,observed
2025-08-23,2,29.6,33.5,26.9,0.0,observed
2025-08-24,2,30.0,35.3,26.7,0.0,observed
2025-08-25,2,30.4,35.6,26.6,0.3,observed
2025-08-26,2,29.9,34.5,26.2,0.0,observed
2025-08-27,2,29.7,34.8,25.7,0.0,observed
2025-08-28,2,29.9,35.3,25.9,0.0,observed
2025-08-29,2,29.7,34.4,25.8,0.0,observed
2025-08-30,2,30.0,34.5,26.0,0.0,observed
2025-08-31,2,29.6,34.6,26.5,0.0,observed
2025-09-01,2,29.5,34.8,25.7,0.0,observed
2025-09-02,2,29.4,35.0,25.2,0.0,observed
2025-09-03,2,29.4,34.7,25.1,0.0,observed
2025-09-04,2,30.6,36.8,25.1,0.0,observed
2025-09-05,2,31.9,38.0,26.9,0.0,observed
2025-09-06,2,32.6,38.7,27.9,0.0,observed
2025-09-07,2,29.1,33.1,26.1,7.4,observed
2025-09-08,2,26.8,31.6,25.1,38.2,observed
2025-09-09,2,26.1,29.3,24.8,26.6,observed
2025-09-10,2,27.1,31.0,24.9,2.4,observed
2025-09-11,2,27.1,30.3,24.2,0.0,observed
2025-09-12,2,28.3,32.6,25.3,0.2,observed
2025-09-13,2,28.5,33.3,25.1,0.0,observed
2025-09-14,2,28.7,33.8,25.1,0.0,observed
2025-09-15,2,28.4,32.2,25.4,0.0,observed
2025-09-16,2,28.9,34.1,25.7,0.1,observed
2025-09-17,2,28.9,33.8,25.1,0.0,observed
2025-09-18,2,28.8,34.0,24.6,0.0,observed
2025-09-19,2,28.3,33.1,24.6,0.0,observed
2025-09-20,2,28.5,33.9,24.0,0.0,observed
2025-09-21,2,28.2,33.9,24.2,0.0,observed
2025-09-22,2,28.5,34.2,24.0,0.0,observed
2025-09-23,2,28.4,33.5,24.7,0.0,observed
2025-09-24,2,28.6,33.8,24.9,0.2,observed
2025-09-25,2,28.9,34.2,24.3,0.0,observed
2025-09-26,2,28.8,34.2,24.3,0.0,observed
2025-09-27,2,30.1,36.4,24.9,0.0,observed
2025-09-28,2,31.6,39.1,24.8,0.0,observed
2025-09-29,2,32.6,38.5,28.0,0.8,observed
2025-09-30,2,30.0,35.3,27.3,14.0,observed
2025-10-01,2,29.4,33.6,26.0,0.1,observed
2025-10-02,2,29.2,33.0,26.2,0.0,observed
2025-10-03,2,28.4,30.7,26.4,0.0,observed
2025-10-04,2,29.3,33.8,25.9,0.2,observed
2025-10-05,2,29.0,34.0,25.7,0.0,observed
2025-10-06,2,29.1,35.2,25.5,0.0,observed
2025-10-07,2,27.6,33.4,23.5,0.0,observed
2025-10-08,2,27.0,33.7,21.3,0.0,observed
2025-10-09,2,27.3,33.2,22.1,0.0,observed
2025-10-10,2,28.1,33.6,23.6,0.0,observed
2025-10-11,2,28.0,33.5,23.6,0.0,observed
2025-10-12,2,28.3,34.1,23.9,0.0,observed
2025-10-13,2,28.5,34.3,24.2,0.0,observed
2025-10-14,2,28.6,34.5,24.0,0.0,observed
2025-10-15,2,28.8,35.3,24.1,0.0,observed
2025-10-16,2,28.5,35.4,22.0,0.0,observed
2025-10-17,2,28.7,35.8,23.1,0.0,observed
2025-10-18,2,29.0,36.0,23.3,0.0,observed
2025-10-19,2,29.5,36.6,24.4,0.0,observed
2025-10-20,2,28.6,36.1,22.0,0.0,observed
2025-10-21,2,29.1,36.3,22.6,0.0,observed
2025-10-22,2,29.1,36.2,23.4,0.0,observed
2025-10-23,2,28.8,36.7,22.5,0.0,observed
2025-10-24,2,28.3,36.5,21.0,0.0,observed
2025-10-25,2,28.5,36.5,21.1,0.0,observed
2025-10-26,2,28.6,35.9,21.8,0.0,observed
2025-10-27,2,28.3,34.9,21.3,0.0,observed
2025-10-28,2,27.9,33.5,22.2,0.0,observed
2025-10-29,2,27.5,32.6,22.1,0.0,observed
2025-10-30,2,28.4,33.6,23.2,0.0,observed
2025-10-31,2,27.7,34.4,22.2,0.0,observed
2025-11-01,2,27.7,34.8,21.3,0.0,observed
2025-11-02,2,27.4,35.2,20.4,0.0,observed
2025-11-03,2,27.3,35.3,21.4,0.0,observed
2025-11-04,2,26.9,35.7,20.6,0.0,observed
2025-11-05,2,25.0,32.4,19.9,0.0,observed
2025-11-06,2,24.6,32.6,18.5,0.0,observed
2025-11-07,2,24.5,32.4,17.4,0.0,observed
2025-11-08,2,25.2,32.1,18.5,0.0,observed
2025-11-09,2,23.4,30.4,16.8,0.0,observed
2025-11-10,2,23.2,29.9,16.9,0.0,observed
2025-11-11,2,23.5,30.1,17.6,0.0,observed
2025-11-12,2,23.7,30.7,17.3,0.0,observed
2025-11-13,2,23.2,30.7,16.3,0.0,observed
2025-11-14,2,22.7,30.5,15.4,0.0,observed
2025-11-15,2,22.7,30.3,15.3,0.0,observed
2025-11-16,2,22.5,30.4,15.7,0.0,observed
2025-11-17,2,22.0,30.2,14.2,0.0,observed
2025-11-18,2,21.3,29.7,12.7,0.0,observed
2025-11-19,2,21.5,29.9,13.3,0.0,observed
2025-11-20,2,21.2,29.4,13.6,0.0,observed
2025-11-21,2,21.6,29.5,14.0,0.0,observed
2025-11-22,2,21.7,29.1,15.5,0.0,observed
2025-11-23,2,21.2,28.5,14.5,0.0,observed
2025-11-24,2,20.7,28.3,14.5,0.0,observed
2025-11-25,2,20.8,26.9,15.6,0.0,observed
2025-11-26,2,20.7,27.5,14.8,0.0,observed
2025-11-27,2,20.4,26.0,15.7,0.0,observed
2025-11-28,2,19.9,26.1,14.8,0.0,observed
2025-11-29,2,19.7,26.5,14.0,0.0,observed
2025-11-30,2,20.0,26.9,14.0,0.0,observed
2025-12-01,2,19.5,28.1,12.5,0.0,observed
2025-12-02,2,18.7,26.5,12.3,0.0,observed
2025-12-03,2,18.5,26.2,12.1,0.0,observed
2025-12-04,2,18.8,26.4,13.1,0.0,observed
2025-12-05,2,19.3,27.6,12.3,0.0,observed
2025-12-06,2,19.3,25.4,14.4,0.0,observed
2025-12-07,2,19.7,27.7,13.6,0.0,observed
2025-12-08,2,20.2,29.0,13.2,0.0,observed
2025-12-09,2,20.6,29.3,13.7,0.0,observed
2025-12-10,2,20.2,29.5,11.1,0.0,observed
2025-12-11,2,20.4,28.6,12.4,0.0,observed
2025-12-12,2,19.9,27.9,12.3,0.0,observed
2025-12-13,2,20.3,28.1,14.2,0.0,observed
2025-12-14,2,19.1,25.8,13.9,0.0,observed
2025-12-15,2,19.2,26.0,13.9,0.0,observed
2025-12-16,2,19.4,26.8,13.9,0.0,observed
2025-12-17,2,19.5,27.2,13.7,0.0,observed
2025-12-18,2,19.7,27.2,13.3,0.0,observed
2025-12-19,2,20.4,27.8,14.4,0.0,observed
2025-12-20,2,22.3,29.6,15.1,0.0,observed
2025-12-21,2,22.3,29.0,16.3,0.0,observed
2025-12-22,2,20.5,25.6,16.4,0.0,observed
2025-12-23,2,19.7,25.8,14.9,0.0,observed
2025-12-24,2,18.5,25.5,12.9,0.0,observed
2025-12-25,2,17.7,25.3,10.3,0.0,observed
2025-12-26,2,18.5,25.1,12.2,0.0,observed
2025-12-27,2,18.7,25.3,13.6,0.0,observed
2025-12-28,2,18.8,25.7,13.7,0.0,observed
2025-12-29,2,18.6,25.5,13.1,0.0,observed
2025-12-30,2,19.5,27.1,12.4,0.0,observed
2025-12-31,2,19.1,24.0,16.3,0.9,observed
2026-01-01,2,17.6,23.5,13.0,0.0,observed
2026-01-02,2,16.6,22.7,11.6,0.0,observed
2026-01-03,2,16.2,23.0,10.3,0.0,observed
2026-01-04,2,16.8,23.7,10.5,0.0,observed
2026-01-05,2,17.3,23.8,11.9,0.0,observed
2026-01-06,2,17.2,23.5,12.0,0.0,observed
2026-01-07,2,16.0,22.2,11.2,0.0,observed
2026-01-08,2,14.4,20.3,9.5,0.0,observed
2026-01-09,2,14.2,21.0,8.8,0.0,observed
2026-01-10,2,13.4,20.2,8.1,0.0,observed
2026-01-11,2,13.3,20.7,7.0,0.0,observed
2026-01-12,2,13.5,21.0,7.4,0.0,observed
2026-01-13,2,14.0,21.0,8.5,0.0,observed
2026-01-14,2,16.2,24.1,9.1,0.0,observed
2026-01-15,2,19.1,26.3,12.9,0.0,observed
2026-01-16,2,19.8,26.7,13.5,0.0,observed
2026-01-17,2,19.7,25.5,15.1,0.0,observed
2026-01-18,2,19.1,24.9,14.6,0.0,observed
2026-01-19,2,18.8,26.0,12.4,0.0,observed
2026-01-20,2,19.1,25.9,12.8,0.0,observed
2026-01-21,2,19.0,25.8,12.9,0.0,observed
2026-01-22,2,18.5,25.6,13.2,0.2,observed
2026-01-23,2,13.9,19.7,8.6,0.0,observed
2026-01-24,2,13.0,19.8,7.2,0.0,observed
2026-01-25,2,13.5,19.7,8.3,0.0,observed
2026-01-26,2,14.1,19.7,10.1,0.0,observed
2026-01-27,2,16.4,22.2,11.8,0.0,observed
2026-01-28,2,16.5,23.5,10.0,0.0,observed
2026-01-29,2,17.1,23.6,10.8,0.0,observed
2026-01-30,2,17.4,24.1,12.1,0.0,observed
2026-01-31,2,18.3,25.2,12.7,0.0,observed
2026-02-01,2,19.5,26.9,13.1,0.0,observed
2026-02-02,2,19.9,26.9,13.9,0.0,observed
2026-02-03,2,20.4,27.8,13.6,0.0,observed
2026-02-04,2,20.7,28.4,14.2,0.0,observed
2026-02-05,2,20.5,28.0,14.6,0.0,observed
2026-02-06,2,21.0,28.9,14.7,0.0,observed
2026-02-07,2,21.6,29.1,15.1,0.0,observed
2026-02-08,2,21.8,29.7,14.2,0.0,observed
2026-02-09,2,22.3,29.2,15.6,0.0,observed
2026-02-10,2,22.6,28.0,18.2,0.0,observed
2026-02-11,2,22.0,28.3,16.7,0.0,observed
2026-02-12,2,21.8,29.1,16.0,0.0,observed
2026-02-13,2,22.9,31.0,14.9,0.0,observed
2026-02-14,2,24.2,32.0,16.3,0.0,observed
2026-02-15,2,23.7,32.3,15.6,0.0,observed
2026-02-16,2,22.7,29.3,18.1,0.1,observed
2026-02-17,2,21.6,27.0,16.5,0.1,observed
2026-02-18,2,22.2,28.4,16.2,0.0,observed
2026-02-19,2,23.5,29.6,17.8,0.0,observed
2026-02-20,2,23.9,30.4,17.9,0.0,observed
2026-02-21,2,24.3,31.1,18.1,0.0,observed
2026-02-22,2,25.1,32.5,19.4,0.0,observed
2026-02-23,2,24.5,32.4,17.8,0.0,observed
2026-02-24,2,25.4,33.5,17.8,0.0,observed
2026-02-25,2,26.5,34.1,19.3,0.0,observed
2026-02-26,2,26.9,34.2,19.6,0.0,observed
2026-02-27,2,27.0,33.3,22.2,0.0,observed
2026-02-28,2,26.0,33.4,19.6,0.0,observed
2026-03-01,2,26.1,33.3,19.3,0.0,observed
2026-03-02,2,26.5,34.1,19.5,0.0,observed
2026-03-03,2,27.3,34.9,19.7,0.0,observed
2026-03-04,2,26.1,33.8,18.6,0.0,observed
2026-03-05,2,25.8,35.0,19.0,0.0,observed
2026-03-06,2,26.8,36.5,20.0,0.0,observed
2026-03-07,2,27.1,36.7,20.9,0.0,observed
2026-03-08,2,27.2,36.8,19.3,0.0,observed
2026-03-09,2,28.0,37.2,19.7,0.0,observed
2026-03-10,2,28.6,37.3,21.5,0.0,observed
2026-03-11,2,27.6,36.5,19.7,0.0,observed
2026-03-12,2,28.8,36.5,21.7,0.0,observed
2026-03-13,2,29.2,36.2,21.5,0.0,observed
2026-03-14,2,29.1,37.0,21.6,0.0,observed
2026-03-15,2,29.6,36.6,23.2,0.0,observed
2026-03-16,2,29.4,37.1,22.1,0.0,observed
2026-03-17,2,28.0,34.7,21.7,0.0,observed
2026-03-18,2,25.6,31.7,21.2,0.5,observed
2026-03-19,2,22.0,26.2,18.1,2.1,observed
2026-03-20,2,23.5,30.3,17.1,0.0,observed
2026-03-21,2,25.5,30.7,21.0,1.0,observed
2026-03-22,2,26.1,31.7,21.1,0.0,observed
2026-03-23,2,27.5,33.9,22.0,0.0,observed
2026-03-24,2,28.2,34.8,22.9,0.0,observed
2026-03-25,2,28.3,34.6,24.2,0.0,observed
2026-03-26,2,27.7,33.8,23.0,0.3,observed
2026-03-27,2,28.1,34.6,22.8,0.0,observed
2026-03-28,2,28.4,35.0,24.0,0.0,observed
2026-03-29,2,27.7,33.6,23.5,0.0,observed
2026-03-30,2,26.7,32.8,22.6,0.0,observed
2026-03-31,2,25.6,31.5,20.6,0.0,observed
2026-04-01,2,26.9,33.7,21.2,0.0,observed
2026-04-02,2,22.7,26.8,18.8,3.7,observed
2026-04-03,2,22.6,28.8,17.1,4.3,observed
2026-04-04,2,24.8,32.3,19.0,0.0,observed
2026-04-05,2,25.6,33.0,20.4,0.0,observed
2026-04-06,2,25.9,31.2,21.0,0.2,observed
2026-04-07,2,27.9,34.2,24.1,0.0,observed
2026-04-08,2,27.7,35.1,21.3,0.0,observed
2026-04-09,2,28.6,36.3,21.4,0.0,observed
2026-04-10,2,30.2,36.8,23.0,0.0,observed
2026-04-11,2,31.1,38.2,24.3,0.0,observed
2026-04-12,2,31.8,38.9,24.6,0.0,observed
2026-04-13,2,31.8,39.7,25.0,0.0,observed
2026-04-14,2,32.2,39.9,25.5,0.0,observed
2026-04-15,2,32.9,41.6,25.0,0.0,observed
2026-04-16,2,30.9,38.7,25.5,0.0,observed
2026-04-17,2,31.6,41.1,23.8,0.0,observed
2026-04-18,2,29.8,37.3,23.3,0.0,observed
2026-04-19,2,29.7,38.5,22.1,0.0,observed
2026-04-20,2,31.8,40.1,24.9,0.0,observed
2026-04-21,2,30.5,38.3,25.1,0.0,observed
2026-04-22,2,29.9,38.4,23.4,0.0,observed
2026-04-23,2,30.8,38.5,25.0,0.0,observed
2026-04-24,2,31.1,39.2,25.8,0.0,observed
2026-04-25,2,32.8,42.3,25.2,0.0,observed
2026-04-26,2,34.4,44.1,26.4,0.0,observed
2026-04-27,2,32.3,39.8,26.2,0.0,observed
2026-04-28,2,31.8,39.5,26.8,0.0,observed
2026-04-29,2,33.1,43.0,26.0,0.0,observed
2026-04-30,2,32.4,41.2,26.2,0.0,observed
2026-05-01,2,34.4,44.9,26.6,0.0,observed
2026-05-02,2,34.9,44.6,28.3,0.0,observed
2026-05-03,2,35.3,43.6,26.9,0.0,observed
2026-05-04,2,35.2,42.2,28.6,0.0,observed
2026-05-05,2,34.2,42.2,27.0,0.0,observed
2026-05-06,2,33.0,42.1,25.3,0.0,observed
2026-05-07,2,31.2,38.7,25.7,0.0,observed
2026-05-08,2,31.8,39.7,25.9,0.0,observed
2026-05-09,2,32.2,40.6,26.1,0.0,observed
2026-05-10,2,32.2,40.6,25.6,0.0,observed
2026-05-11,2,32.2,40.0,25.6,0.0,observed
2026-05-12,2,33.3,40.9,26.5,0.0,observed
2026-05-13,2,34.4,42.5,27.7,0.1,observed
2026-05-14,2,33.4,40.2,28.0,0.0,observed
2026-05-15,2,32.0,38.3,27.2,0.0,observed
2026-05-16,2,32.6,40.7,27.0,0.0,observed
2026-05-17,2,32.9,40.8,26.5,0.0,observed
2026-05-18,2,31.2,39.1,25.4,0.0,observed
2026-05-19,2,32.4,40.5,27.0,0.0,observed
2026-05-20,2,32.3,39.7,27.3,0.0,observed
2026-05-21,2,31.7,38.4,27.1,0.0,observed
2026-05-22,2,32.7,41.2,26.9,0.0,observed
2026-05-23,2,32.4,40.3,27.3,0.0,observed
2026-05-24,2,31.4,39.1,26.3,0.0,observed
2026-05-25,2,32.7,41.3,27.7,0.0,observed
2026-05-26,2,33.2,42.1,27.4,0.0,observed
2026-05-27,2,32.5,40.3,27.1,0.0,observed
2026-05-28,2,33.1,42.0,27.9,0.0,observed
2026-05-29,2,34.0,45.3,28.5,0.0,observed
2026-05-30,2,33.5,40.6,28.3,0.0,observed
2026-05-31,2,32.9,39.0,28.7,0.0,observed
2026-06-01,2,33.0,39.2,28.3,0.0,observed
2026-06-02,2,33.5,39.4,28.2,0.1,observed
2026-06-03,2,32.7,40.1,27.7,0.0,observed
2026-06-04,2,32.5,39.1,28.3,0.0,observed
2026-06-05,2,33.5,41.3,28.2,0.0,observed
2026-06-06,2,32.7,39.5,27.9,0.0,observed
2026-06-07,2,33.1,41.0,28.1,0.0,observed
2026-06-08,2,33.2,40.6,28.3,0.0,observed
2026-06-09,2,33.5,41.6,28.7,0.0,observed
2026-06-10,2,34.0,42.6,28.7,0.0,observed
2026-06-11,2,35.9,46.2,28.9,0.0,observed
2026-06-12,2,34.7,43.2,29.6,0.0,observed
2026-06-13,2,33.2,39.8,28.7,0.0,observed
2026-06-14,2,32.4,37.7,28.5,0.0,observed
2026-06-15,2,32.0,37.5,28.1,0.0,observed
2026-06-16,2,32.3,37.7,28.5,0.0,observed
2026-06-17,2,32.5,37.8,28.7,0.0,observed
2026-06-18,2,32.2,37.3,28.5,0.0,observed
2026-06-19,2,32.3,38.0,28.5,0.0,observed
2026-06-20,2,32.3,38.5,28.5,0.0,observed
2026-06-21,2,32.0,37.4,28.3,0.0,observed
2026-06-22,2,32.1,37.6,28.3,0.0,observed
2026-06-23,2,32.2,38.7,28.3,0.0,observed
2026-06-24,2,31.8,37.2,28.5,0.0,observed
2026-06-25,2,32.4,38.3,28.4,0.0,observed
2026-06-26,2,32.9,38.9,28.5,0.0,observed
2026-06-27,2,32.8,38.8,28.5,0.0,observed
2026-06-28,2,32.2,38.0,28.4,0.0,observed
2026-06-29,2,31.6,37.1,28.2,0.0,observed
2026-06-30,2,31.4,35.8,28.0,0.0,observed
2026-07-01,2,32.2,38.1,28.2,0.0,observed
2026-07-02,2,32.6,38.8,28.6,0.0,observed
2026-07-03,2,32.9,39.7,28.3,0.0,observed
2026-07-04,2,33.1,39.0,28.9,0.0,observed
2026-07-05,2,33.3,39.6,28.4,0.0,observed
2026-07-06,2,33.6,40.7,28.4,0.0,observed
2026-07-07,2,33.5,40.0,28.1,0.0,observed
2026-07-08,2,32.5,38.0,29.1,0.0,observed
2026-07-09,2,31.7,37.6,28.0,0.0,observed
2026-07-10,2,31.5,37.0,27.9,0.0,observed
2026-07-11,2,31.2,37.0,27.8,0.0,observed
2026-07-12,2,31.7,36.9,28.1,0.0,observed
2026-07-13,2,31.7,37.2,28.4,0.0,observed
2026-07-14,2,31.2,36.4,27.5,0.0,observed
2026-07-15,2,31.5,36.6,27.5,0.0,observed
2026-07-16,2,31.5,37.3,27.4,0.0,observed
2026-07-17,2,31.2,36.9,27.5,0.0,observed
2026-07-18,2,30.9,36.4,27.5,0.0,observed
2026-07-19,2,31.0,35.6,27.6,0.0,observed
2026-07-20,2,30.8,34.5,27.4,0.0,observed
2026-07-21,2,30.9,34.4,27.9,0.0,observed
2026-07-22,2,32.4,38.3,27.8,0.0,observed
2026-07-23,2,33.3,38.4,28.6,0.3,observed
2026-07-24,2,32.1,36.3,29.1,0.2,observed
2026-07-25,2,30.6,34.6,28.5,1.3,observed
2026-07-26,2,32.1,37.2,27.9,0.0,observed
2026-07-27,2,31.8,37.5,28.4,0.0,observed
2026-07-28,2,31.0,36.1,27.4,0.0,observed
2026-07-29,2,31.4,37.3,27.5,0.0,observed
2026-07-30,2,32.1,37.7,27.1,0.0,observed
2026-07-31,2,33.3,38.7,28.1,0.0,observed
2026-08-01,2,32.6,38.5,28.7,4.5,observed
2026-08-02,2,27.6,29.1,26.0,16.3,observed
2026-08-03,2,29.6,34.0,27.1,0.0,observed
2026-08-04,2,30.1,35.2,26.0,0.0,observed
2026-08-05,2,30.0,35.2,26.8,0.0,observed
2026-08-06,2,30.2,35.8,26.7,0.0,observed
2026-08-07,2,30.4,36.4,26.2,0.0,observed
2026-08-08,2,30.7,36.1,26.8,0.0,observed
2026-08-09,2,30.6,35.9,26.7,0.0,observed
2026-08-10,2,30.5,36.5,27.0,0.0,observed
2026-08-11,2,30.3,36.0,26.5,0.0,observed
2026-08-12,2,29.8,33.8,26.4,0.0,observed
2026-08-13,2,30.2,35.5,26.9,0.0,observed
2026-08-14,2,29.6,34.7,26.2,0.0,observed
2026-08-15,2,30.2,35.5,26.4,0.0,observed
2026-08-16,2,30.0,35.7,26.5,0.0,observed
2026-08-17,2,29.6,35.0,26.0,0.0,observed
2026-08-18,2,29.6,35.0,26.3,0.0,observed
2026-08-19,2,29.7,35.6,26.2,0.0,observed
2026-08-20,2,29.8,35.7,26.4,0.0,observed
2026-08-21,2,29.9,35.9,26.2,0.0,observed
2026-08-22,2,29.7,35.3,26.2,0.0,observed
2026-08-23,2,29.8,35.7,26.0,0.1,observed
2026-08-24,2,30.9,36.5,26.4,0.0,observed
2026-08-25,2,30.3,36.0,26.4,0.0,observed
2026-08-26,2,29.7,35.8,25.9,0.0,observed
2026-08-27,2,29.3,35.4,25.7,0.0,observed
2026-08-28,2,29.2,35.3,25.4,0.0,observed
2026-08-29,2,29.3,34.8,25.8,0.0,observed
2026-08-30,2,29.1,34.4,25.7,0.0,observed
2026-08-31,2,29.0,34.6,25.4,0.0,observed
2026-09-01,2,29.1,34.5,25.4,0.0,observed
2026-09-02,2,29.3,34.9,25.5,0.0,observed
2026-09-03,2,29.0,34.9,25.4,0.0,observed
2026-09-04,2,29.4,35.5,25.6,0.0,observed
2026-09-05,2,29.9,35.8,25.9,0.0,observed
2026-09-06,2,29.7,36.0,26.0,0.0,observed
2026-09-07,2,29.5,35.7,25.5,0.0,observed
2026-09-08,2,29.8,35.5,25.7,0.0,observed
2026-09-09,2,29.8,35.4,25.3,0.0,observed
2026-09-10,2,30.0,35.5,25.1,0.0,observed
2026-09-11,2,30.3,36.3,24.8,0.0,observed
2026-09-12,2,32.4,40.1,26.2,0.0,observed
2026-09-13,2,34.9,41.0,28.5,0.1,observed
2026-09-14,2,33.4,39.8,29.0,1.4,observed
2026-09-15,2,30.9,36.3,28.2,1.0,observed
2026-09-16,2,31.0,35.2,27.8,0.4,observed
2026-09-17,2,31.0,35.8,27.3,0.0,observed
2026-09-18,2,30.7,36.0,26.2,0.4,observed
2026-09-19,2,31.1,36.9,26.1,0.0,observed
2026-09-20,2,32.4,38.9,26.4,0.0,observed
2026-09-21,2,34.1,41.1,27.9,0.0,observed
2026-09-22,2,34.7,40.2,30.1,0.0,observed
2026-09-23,2,33.7,40.9,28.8,0.0,observed
2026-09-24,2,31.5,38.2,26.8,0.0,observed
2026-09-25,2,30.6,37.3,26.0,0.0,observed
2026-09-26,2,29.9,36.3,26.2,0.0,observed
2026-09-27,2,29.4,35.6,25.7,0.0,observed
2026-09-28,2,29.1,34.6,25.2,0.0,observed
2026-09-29,2,29.6,34.9,25.1,0.0,observed
2026-09-30,2,28.9,34.9,24.3,0.0,observed
2026-10-01,2,29.2,36.0,23.9,0.0,observed
2026-10-02,2,29.8,37.3,23.9,0.0,observed
2026-10-03,2,30.1,37.1,24.7,0.0,observed
2026-10-04,2,29.9,37.0,26.0,0.0,observed
2026-10-05,2,29.1,34.8,24.9,0.0,forecast
2026-10-06,2,29.7,35.8,25.2,0.0,forecast
2026-10-07,2,30.0,35.4,25.7,0.0,forecast
2026-10-08,2,28.6,35.3,23.6,0.0,forecast
2026-10-09,2,28.7,34.8,24.6,0.0,forecast
2026-10-10,2,29.2,35.2,25.4,0.0,forecast
2026-10-11,2,29.6,34.8,24.5,0.0,forecast
2026-10-12,2,30.8,36.8,24.5,0.0,forecast
2026-10-13,2,32.7,38.7,25.6,0.0,forecast
2026-10-14,2,33.6,39.1,27.7,0.0,forecast
2026-10-15,2,34.1,39.8,27.5,0.0,forecast
2026-10-16,2,34.5,39.8,28.2,0.0,forecast
2026-10-17,2,34.4,39.7,28.4,0.0,forecast
2026-10-18,2,33.5,39.0,27.1,0.0,forecast
2026-10-19,2,32.0,38.2,27.0,0.0,forecast
2026-10-20,2,29.9,36.0,26.1,0.0,forecast
2024-01-01,3,17.0,24.5,10.8,0.0,observed
2024-01-02,3,16.6,24.4,10.0,0.0,observed
2024-01-03,3,16.9,24.0,11.0,0.0,observed
2024-01-04,3,16.2,22.6,10.8,0.0,observed
2024-01-05,3,16.2,22.9,10.1,0.0,observed
2024-01-06,3,16.7,23.1,11.6,0.0,observed
2024-01-07,3,16.2,22.9,10.9,0.0,observed
2024-01-08,3,16.2,23.9,9.9,0.0,observed
2024-01-09,3,15.6,22.2,10.3,0.0,observed
2024-01-10,3,15.4,23.2,9.8,0.0,observed
2024-01-11,3,15.7,24.6,7.7,0.0,observed
2024-01-12,3,16.3,25.3,8.8,0.0,observed
2024-01-13,3,17.3,26.5,8.3,0.0,observed
2024-01-14,3,17.9,25.3,11.9,0.0,observed
2024-01-15,3,18.1,25.0,10.5,0.0,observed
2024-01-16,3,19.7,25.4,14.3,0.0,observed
2024-01-17,3,18.3,24.7,13.0,0.0,observed
2024-01-18,3,17.5,24.5,11.4,0.0,observed
2024-01-19,3,17.9,25.5,11.0,0.0,observed
2024-01-20,3,18.9,26.1,11.8,0.0,observed
2024-01-21,3,19.2,26.4,13.0,0.0,observed
2024-01-22,3,19.6,27.1,11.7,0.0,observed
2024-01-23,3,19.1,26.2,13.6,0.0,observed
2024-01-24,3,16.9,25.3,9.0,0.0,observed
2024-01-25,3,17.4,25.1,9.0,0.0,observed
2024-01-26,3,17.4,24.0,11.4,0.0,observed
2024-01-27,3,17.9,24.6,12.2,0.0,observed
2024-01-28,3,18.7,26.3,11.1,0.0,observed
2024-01-29,3,21.3,27.5,16.4,0.0,observed
2024-01-30,3,21.5,27.2,15.9,0.0,observed
2024-01-31,3,23.0,28.8,18.4,0.0,observed
2024-02-01,3,22.9,29.6,16.0,0.0,observed
2024-02-02,3,21.9,28.7,17.6,0.0,observed
2024-02-03,3,20.6,28.7,15.3,0.8,observed
2024-02-04,3,21.0,24.9,17.1,1.5,observed
2024-02-05,3,19.6,25.4,14.3,0.0,observed
2024-02-06,3,19.7,25.3,14.3,0.0,observed
2024-02-07,3,19.7,24.9,16.2,0.1,observed
2024-02-08,3,18.8,25.1,14.2,0.0,observed
2024-02-09,3,19.3,27.4,10.8,0.0,observed
2024-02-10,3,19.9,28.1,12.6,0.0,observed
2024-02-11,3,19.4,27.1,12.6,0.0,observed
2024-02-12,3,19.1,26.3,13.5,0.0,observed
2024-02-13,3,17.8,25.5,12.1,0.0,observed
2024-02-14,3,18.9,27.3,11.8,0.0,observed
2024-02-15,3,19.3,27.8,11.9,0.0,observed
2024-02-16,3,19.8,29.4,11.2,0.0,observed
2024-02-17,3,21.5,31.2,11.9,0.0,observed
2024-02-18,3,23.1,30.8,17.3,0.0,observed
2024-02-19,3,25.3,32.0,21.1,0.0,observed
2024-02-20,3,23.9,31.0,19.0,0.0,observed
2024-02-21,3,23.6,30.3,18.4,0.0,observed
2024-02-22,3,21.7,27.4,16.2,0.0,observed
2024-02-23,3,20.4,28.5,12.3,0.0,observed
2024-02-24,3,20.7,28.9,12.3,0.0,observed
2024-02-25,3,20.9,29.1,12.0,0.0,observed
2024-02-26,3,21.4,28.5,15.9,0.0,observed
2024-02-27,3,19.7,26.5,14.5,0.0,observed
2024-02-28,3,20.9,28.2,14.6,0.0,observed
2024-02-29,3,23.0,32.3,15.3,0.0,observed
2024-03-01,3,21.8,26.6,17.1,0.1,observed
2024-03-02,3,20.2,23.8,16.0,0.0,observed
2024-03-03,3,16.7,23.0,10.0,0.0,observed
2024-03-04,3,17.7,25.2,9.4,0.0,observed
2024-03-05,3,18.3,25.5,11.5,0.0,observed
2024-03-06,3,20.1,27.1,13.0,0.0,observed
2024-03-07,3,21.6,28.1,15.4,0.0,observed
2024-03-08,3,21.9,29.6,14.9,0.0,observed
2024-03-09,3,22.3,29.7,15.1,0.0,observed
2024-03-10,3,21.2,27.0,16.0,0.9,observed
2024-03-11,3,24.8,32.0,17.9,0.0,observed
2024-03-12,3,25.5,33.1,18.2,0.0,observed
2024-03-13,3,26.0,32.6,19.8,0.0,observed
2024-03-14,3,23.8,31.5,16.7,0.0,observed
2024-03-15,3,24.5,31.7,17.9,0.0,observed
2024-03-16,3,25.9,34.4,17.2,0.0,observed
2024-03-17,3,26.8,35.1,18.7,0.0,observed
2024-03-18,3,27.5,35.6,19.0,0.0,observed
2024-03-19,3,30.7,38.8,22.5,0.0,observed
2024-03-20,3,29.7,38.1,21.4,0.0,observed
2024-03-21,3,31.1,37.9,25.8,0.0,observed
2024-03-22,3,29.7,38.0,23.1,0.0,observed
2024-03-23,3,30.0,38.4,22.7,0.0,observed
2024-03-24,3,31.0,40.0,23.5,0.0,observed
2024-03-25,3,32.0,40.0,23.9,0.0,observed
2024-03-26,3,33.1,40.6,26.6,0.0,observed
2024-03-27,3,30.6,38.8,24.1,0.0,observed
2024-03-28,3,30.1,36.6,22.8,0.0,observed
2024-03-29,3,29.0,35.0,24.0,0.0,observed
2024-03-30,3,27.4,35.0,20.7,0.0,observed
2024-03-31,3,29.0,36.2,21.9,0.0,observed
2024-04-01,3,29.0,35.9,21.4,0.0,observed
2024-04-02,3,29.8,37.0,23.5,0.0,observed
2024-04-03,3,29.3,36.9,23.1,0.0,observed
2024-04-04,3,29.9,37.3,23.1,0.0,observed
2024-04-05,3,30.6,37.6,24.5,0.0,observed
2024-04-06,3,30.5,37.5,23.5,0.0,observed
2024-04-07,3,31.7,39.0,23.6,0.0,observed
2024-04-08,3,32.9,40.6,23.6,0.0,observed
2024-04-09,3,33.6,41.0,25.8,0.0,observed
2024-04-10,3,31.5,39.5,26.1,0.0,observed
2024-04-11,3,31.2,40.5,22.6,0.0,observed
2024-04-12,3,32.4,39.6,26.3,0.0,observed
2024-04-13,3,30.2,37.3,24.6,0.0,observed
2024-04-14,3,27.3,30.3,24.2,1.0,observed
2024-04-15,3,27.4,33.0,22.8,0.0,observed
2024-04-16,3,29.9,36.4,23.2,0.0,observed
2024-04-17,3,31.9,38.7,26.0,0.0,observed
2024-04-18,3,29.0,33.7,25.4,0.5,observed
2024-04-19,3,28.0,34.3,22.7,0.0,observed
2024-04-20,3,29.6,36.3,23.6,0.0,observed
2024-04-21,3,30.0,37.1,23.8,0.0,observed
2024-04-22,3,31.2,38.8,24.4,0.0,observed
2024-04-23,3,31.2,39.8,24.0,0.0,observed
2024-04-24,3,31.5,40.0,23.6,0.0,observed
2024-04-25,3,31.0,39.1,24.7,0.0,observed
2024-04-26,3,31.3,38.7,25.2,0.0,observed
2024-04-27,3,31.2,38.0,24.4,0.0,observed
2024-04-28,3,32.2,40.6,24.9,0.0,observed
2024-04-29,3,32.7,39.3,25.6,0.0,observed
2024-04-30,3,31.3,38.4,22.9,0.0,observed
2024-05-01,3,30.4,37.1,21.9,0.0,observed
2024-05-02,3,31.6,40.5,21.0,0.0,observed
2024-05-03,3,32.4,39.5,26.9,0.0,observed
2024-05-04,3,32.6,39.6,27.1,0.0,observed
2024-05-05,3,32.9,40.4,26.1,0.0,observed
2024-05-06,3,34.2,42.9,26.8,0.0,observed
2024-05-07,3,35.4,44.7,27.7,0.0,observed
2024-05-08,3,35.4,44.5,27.5,0.0,observed
2024-05-09,3,34.8,43.2,27.5,0.0,observed
2024-05-10,3,32.6,40.0,25.7,0.0,observed
2024-05-11,3,32.4,38.8,25.9,0.0,observed
2024-05-12,3,33.4,40.8,26.2,0.0,observed
2024-05-13,3,34.2,42.4,27.2,0.0,observed
2024-05-14,3,34.1,41.7,26.7,0.0,observed
2024-05-15,3,35.8,43.0,28.5,0.0,observed
2024-05-16,3,35.8,43.1,28.4,0.0,observed
2024-05-17,3,36.8,44.9,29.0,0.0,observed
2024-05-18,3,36.5,44.1,28.9,0.0,observed
2024-05-19,3,34.7,41.9,27.9,0.0,observed
2024-05-20,3,34.4,42.8,27.8,0.0,observed
2024-05-21,3,36.6,46.2,29.0,0.0,observed
2024-05-22,3,37.5,47.3,30.4,0.0,observed
2024-05-23,3,37.3,47.6,30.3,0.0,observed
2024-05-24,3,36.7,46.1,29.8,0.0,observed
2024-05-25,3,36.1,45.4,28.6,0.0,observed
2024-05-26,3,36.9,48.6,28.4,0.0,observed
2024-05-27,3,36.9,48.4,29.7,0.0,observed
2024-05-28,3,36.6,47.8,29.2,0.0,observed
2024-05-29,3,37.1,47.9,28.2,0.0,observed
2024-05-30,3,36.7,47.1,28.1,0.0,observed
2024-05-31,3,34.5,42.9,28.5,0.0,observed
2024-06-01,3,34.8,43.8,28.0,0.0,observed
2024-06-02,3,34.1,41.5,28.4,0.0,observed
2024-06-03,3,32.5,40.0,27.5,0.0,observed
2024-06-04,3,31.8,38.0,27.1,0.0,observed
2024-06-05,3,32.0,37.4,27.8,0.0,observed
2024-06-06,3,33.2,40.1,28.0,0.0,observed
2024-06-07,3,33.6,41.1,27.9,0.0,observed
2024-06-08,3,33.3,41.0,27.4,0.2,observed
2024-06-09,3,33.5,40.3,27.5,0.3,observed
2024-06-10,3,33.7,41.4,27.6,0.1,observed
2024-06-11,3,32.9,40.1,27.7,0.5,observed
2024-06-12,3,32.5,38.7,27.8,0.0,observed
2024-06-13,3,32.8,38.9,28.4,0.0,observed
2024-06-14,3,33.0,38.9,28.7,0.0,observed
2024-06-15,3,33.5,39.1,28.7,0.0,observed
2024-06-16,3,33.7,40.5,28.9,0.3,observed
2024-06-17,3,33.1,39.7,28.6,0.0,observed
2024-06-18,3,33.1,39.2,28.9,0.0,observed
2024-06-19,3,33.3,39.9,28.7,0.0,observed
2024-06-20,3,33.8,41.4,28.6,0.0,observed
2024-06-21,3,33.6,39.9,28.4,0.3,observed
2024-06-22,3,35.3,41.6,29.8,0.0,observed
2024-06-23,3,37.2,44.3,30.5,0.0,observed
2024-06-24,3,38.7,46.3,31.2,0.0,observed
2024-06-25,3,38.0,46.4,31.1,0.0,observed
2024-06-26,3,35.4,41.7,29.6,0.0,observed
2024-06-27,3,34.5,42.6,31.3,1.3,observed
2024-06-28,3,33.4,37.2,29.7,0.3,observed
2024-06-29,3,34.0,38.3,30.4,0.0,observed
2024-06-30,3,34.5,39.8,30.1,0.0,observed
2024-07-01,3,35.2,42.1,30.8,0.0,observed
2024-07-02,3,34.1,40.1,29.9,0.0,observed
2024-07-03,3,34.2,40.1,30.1,0.0,observed
2024-07-04,3,33.9,39.7,29.4,0.0,observed
2024-07-05,3,33.0,38.3,29.3,0.0,observed
2024-07-06,3,33.3,38.5,29.5,0.0,observed
2024-07-07,3,34.6,42.4,29.5,0.2,observed
2024-07-08,3,33.5,38.7,30.0,2.1,observed
2024-07-09,3,31.8,35.3,30.3,8.2,observed
2024-07-10,3,32.4,36.8,29.3,0.0,observed
2024-07-11,3,31.4,35.9,28.7,0.0,observed
2024-07-12,3,31.4,36.1,28.6,0.0,observed
2024-07-13,3,31.8,37.0,28.4,0.0,observed
2024-07-14,3,32.7,38.9,28.5,0.0,observed
2024-07-15,3,34.1,39.4,29.1,0.0,observed
2024-07-16,3,36.2,43.1,30.2,0.1,observed
2024-07-17,3,35.0,39.8,30.7,0.0,observed
2024-07-18,3,34.9,40.0,31.3,0.0,observed
2024-07-19,3,33.3,38.6,30.0,0.9,observed
2024-07-20,3,32.5,36.5,30.3,14.2,observed
2024-07-21,3,33.8,39.8,29.6,0.2,observed
2024-07-22,3,33.2,39.2,30.4,6.4,observed
2024-07-23,3,32.4,37.1,29.3,0.0,observed
2024-07-24,3,31.9,36.0,29.2,0.0,observed
2024-07-25,3,32.3,38.2,28.1,0.0,observed
2024-07-26,3,32.9,39.0,28.6,0.0,observed
2024-07-27,3,32.8,38.2,28.9,0.0,observed
2024-07-28,3,32.7,37.9,28.7,0.0,observed
2024-07-29,3,31.6,35.6,28.9,8.4,observed
2024-07-30,3,30.1,35.5,27.7,13.5,observed
2024-07-31,3,29.9,32.4,27.7,5.4,observed
2024-08-01,3,30.4,33.8,28.0,0.1,observed
2024-08-02,3,30.0,33.2,27.9,0.7,observed
2024-08-03,3,28.9,32.0,27.4,15.2,observed
2024-08-04,3,29.4,33.2,27.0,0.0,observed
2024-08-05,3,29.4,33.1,27.0,0.3,observed
2024-08-06,3,28.5,30.8,26.9,0.5,observed
2024-08-07,3,28.9,32.0,27.1,0.0,observed
2024-08-08,3,29.7,33.7,26.7,0.0,observed
2024-08-09,3,30.7,36.0,26.9,0.2,observed
2024-08-10,3,31.0,36.4,27.3,0.0,observed
2024-08-11,3,30.8,36.0,27.6,0.0,observed
2024-08-12,3,30.6,35.2,27.2,0.0,observed
2024-08-13,3,31.5,36.9,27.8,0.0,observed
2024-08-14,3,31.8,37.4,27.7,0.0,observed
2024-08-15,3,31.2,36.2,28.0,0.0,observed
2024-08-16,3,30.6,34.9,27.6,0.1,observed
2024-08-17,3,27.9,28.9,27.2,27.1,observed
2024-08-18,3,28.7,32.2,26.5,1.6,observed
2024-08-19,3,28.9,32.5,26.2,0.4,observed
2024-08-20,3,29.2,33.2,26.3,0.4,observed
2024-08-21,3,29.9,34.0,26.8,0.1,observed
2024-08-22,3,30.4,35.3,26.6,0.1,observed
2024-08-23,3,31.1,37.0,26.8,0.0,observed
2024-08-24,3,31.0,38.5,26.6,5.0,observed
2024-08-25,3,32.0,37.7,27.2,0.0,observed
2024-08-26,3,30.6,37.1,28.2,17.9,observed
2024-08-27,3,28.2,31.4,26.5,17.4,observed
2024-08-28,3,26.7,29.5,25.6,44.2,observed
2024-08-29,3,26.8,29.4,26.1,37.0,observed
2024-08-30,3,27.4,30.7,25.7,6.8,observed
2024-08-31,3,27.4,31.6,24.9,2.7,observed
2024-09-01,3,28.2,32.0,24.5,0.7,observed
2024-09-02,3,28.4,32.4,25.0,0.0,observed
2024-09-03,3,28.9,33.2,25.5,5.0,observed
2024-09-04,3,27.8,31.7,25.6,14.4,observed
2024-09-05,3,28.7,33.4,25.8,0.0,observed
2024-09-06,3,28.5,33.6,25.6,0.0,observed
2024-09-07,3,28.2,33.2,25.1,0.0,observed
2024-09-08,3,28.3,33.1,25.0,0.0,observed
2024-09-09,3,28.3,33.1,25.1,0.0,observed
2024-09-10,3,28.3,33.3,24.7,0.0,observed
2024-09-11,3,28.7,34.0,24.3,0.0,observed
2024-09-12,3,28.6,34.0,25.4,0.0,observed
2024-09-13,3,28.1,33.3,24.9,0.0,observed
2024-09-14,3,28.3,34.1,24.7,0.0,observed
2024-09-15,3,28.4,34.5,24.7,0.0,observed
2024-09-16,3,28.8,35.3,24.4,0.0,observed
2024-09-17,3,29.2,35.3,24.9,0.0,observed
2024-09-18,3,29.2,35.8,24.3,0.0,observed
2024-09-19,3,30.4,37.5,24.6,0.0,observed
2024-09-20,3,31.2,38.5,26.2,0.0,observed
2024-09-21,3,30.1,37.0,25.5,0.0,observed
2024-09-22,3,30.3,37.4,25.7,0.0,observed
2024-09-23,3,30.5,37.1,26.0,0.0,observed
2024-09-24,3,30.6,37.2,26.2,0.0,observed
2024-09-25,3,30.8,37.9,25.9,0.0,observed
2024-09-26,3,31.3,38.3,26.0,0.0,observed
2024-09-27,3,32.1,39.3,27.1,0.0,observed
2024-09-28,3,31.3,38.0,26.7,0.0,observed
2024-09-29,3,30.9,37.5,26.5,0.0,observed
2024-09-30,3,31.5,38.4,26.2,0.0,observed
2024-10-01,3,31.6,39.5,25.8,0.0,observed
2024-10-02,3,31.3,39.4,26.1,0.0,observed
2024-10-03,3,30.7,38.6,26.2,0.0,observed
2024-10-04,3,30.2,37.6,26.2,0.0,observed
2024-10-05,3,30.3,36.8,25.6,0.0,observed
2024-10-06,3,30.4,36.1,25.6,0.0,observed
2024-10-07,3,31.6,37.1,25.9,0.0,observed
2024-10-08,3,32.8,38.7,26.9,0.0,observed
2024-10-09,3,32.3,38.2,26.6,0.0,observed
2024-10-10,3,32.7,39.3,26.9,0.0,observed
2024-10-11,3,32.2,39.1,25.7,0.0,observed
2024-10-12,3,31.5,38.1,24.9,0.0,observed
2024-10-13,3,31.3,35.7,26.8,0.0,observed
2024-10-14,3,30.5,33.6,27.7,0.0,observed
2024-10-15,3,32.7,38.0,27.0,0.0,observed
2024-10-16,3,32.7,38.6,26.8,0.0,observed
2024-10-17,3,32.3,38.3,26.4,0.0,observed
2024-10-18,3,32.4,38.5,26.3,0.0,observed
2024-10-19,3,33.2,39.5,27.1,0.0,observed
2024-10-20,3,33.0,39.0,27.6,0.0,observed
2024-10-21,3,32.3,39.6,25.8,0.0,observed
2024-10-22,3,31.7,38.9,24.9,0.0,observed
2024-10-23,3,31.4,38.3,24.8,0.0,observed
2024-10-24,3,31.5,38.3,24.0,0.0,observed
2024-10-25,3,32.1,39.9,25.1,0.0,observed
2024-10-26,3,32.3,41.0,24.5,0.0,observed
2024-10-27,3,32.4,40.9,24.7,0.0,observed
2024-10-28,3,32.5,41.4,25.2,0.0,observed
2024-10-29,3,30.6,38.6,24.6,0.0,observed
2024-10-30,3,30.1,38.5,23.9,0.0,observed
2024-10-31,3,29.9,37.1,23.1,0.0,observed
2024-11-01,3,31.0,37.9,24.9,0.0,observed
2024-11-02,3,30.5,37.8,24.4,0.0,observed
2024-11-03,3,29.2,36.3,23.1,0.0,observed
2024-11-04,3,29.6,36.2,22.9,0.0,observed
2024-11-05,3,29.8,36.4,23.6,0.0,observed
2024-11-06,3,29.7,37.0,22.4,0.0,observed
2024-11-07,3,28.9,36.4,22.6,0.0,observed
2024-11-08,3,28.6,35.5,23.5,0.0,observed
2024-11-09,3,28.3,35.1,22.7,0.0,observed
2024-11-10,3,28.3,35.1,22.1,0.0,observed
2024-11-11,3,28.1,34.4,21.9,0.0,observed
2024-11-12,3,27.8,33.9,22.6,0.0,observed
2024-11-13,3,27.3,33.6,21.9,0.0,observed
2024-11-14,3,27.2,33.4,21.8,0.0,observed
2024-11-15,3,26.7,33.2,20.7,0.0,observed
2024-11-16,3,26.1,32.6,20.0,0.0,observed
2024-11-17,3,26.1,32.6,20.0,0.0,observed
2024-11-18,3,25.5,31.8,20.3,0.0,observed
2024-11-19,3,25.5,32.7,19.2,0.0,observed
2024-11-20,3,24.7,31.3,19.1,0.0,observed
2024-11-21,3,24.9,32.0,17.7,0.0,observed
2024-11-22,3,25.1,31.6,19.2,0.0,observed
2024-11-23,3,25.5,31.9,20.0,0.0,observed
2024-11-24,3,24.9,31.3,19.2,0.0,observed
2024-11-25,3,23.9,30.6,17.4,0.0,observed
2024-11-26,3,25.2,32.6,18.1,0.0,observed
2024-11-27,3,25.2,32.2,19.1,0.0,observed
2024-11-28,3,25.1,31.9,19.7,0.0,observed
2024-11-29,3,24.6,30.8,18.6,0.0,observed
2024-11-30,3,23.2,28.7,18.6,0.0,observed
2024-12-01,3,22.9,28.9,18.0,0.0,observed
2024-12-02,3,23.0,28.7,17.7,0.0,observed
2024-12-03,3,22.7,27.6,18.2,0.0,observed
2024-12-04,3,22.4,27.9,17.8,0.0,observed
2024-12-05,3,22.7,29.7,16.0,0.0,observed
2024-12-06,3,21.3,27.6,16.0,0.0,observed
2024-12-07,3,20.3,26.8,14.2,0.0,observed
2024-12-08,3,18.8,25.5,12.9,0.0,observed
2024-12-09,3,17.4,24.2,12.3,0.0,observed
2024-12-10,3,16.7,23.4,10.4,0.0,observed
2024-12-11,3,16.9,23.8,11.0,0.0,observed
2024-12-12,3,16.8,22.6,11.7,0.0,observed
2024-12-13,3,15.9,22.5,10.0,0.0,observed
2024-12-14,3,16.0,22.7,9.9,0.0,observed
2024-12-15,3,16.6,23.9,10.7,0.0,observed
2024-12-16,3,17.1,23.9,11.4,0.0,observed
2024-12-17,3,17.3,23.4,12.0,0.0,observed
2024-12-18,3,16.9,23.1,12.0,0.0,observed
2024-12-19,3,16.9,23.1,11.1,0.0,observed
2024-12-20,3,16.1,22.0,10.9,0.0,observed
2024-12-21,3,15.5,22.1,9.8,0.0,observed
2024-12-22,3,16.7,23.0,11.5,0.0,observed
2024-12-23,3,16.4,22.6,11.4,0.0,observed
2024-12-24,3,16.0,21.5,11.1,0.0,observed
2024-12-25,3,15.7,21.4,10.4,0.0,observed
2024-12-26,3,15.9,21.9,11.0,0.0,observed
2024-12-27,3,16.2,22.3,11.4,0.0,observed
2024-12-28,3,16.2,24.7,9.9,0.0,observed
2024-12-29,3,15.4,22.5,8.4,0.0,observed
2024-12-30,3,15.7,22.3,10.0,0.0,observed
2024-12-31,3,16.5,23.2,10.8,0.0,observed
2025-01-01,3,16.8,23.3,11.3,0.0,observed
2025-01-02,3,17.0,23.2,12.2,0.0,observed
2025-01-03,3,16.8,23.5,11.5,0.0,observed
2025-01-04,3,17.2,22.9,11.9,0.0,observed
2025-01-05,3,16.6,22.4,11.6,0.0,observed
2025-01-06,3,15.8,22.3,10.4,0.0,observed
2025-01-07,3,15.2,22.3,9.2,0.0,observed
2025-01-08,3,15.3,24.0,7.1,0.0,observed
2025-01-09,3,15.8,24.3,7.2,0.0,observed
2025-01-10,3,16.8,22.3,12.5,0.0,observed
2025-01-11,3,17.9,24.2,13.4,0.0,observed
2025-01-12,3,15.7,22.8,9.9,0.0,observed
2025-01-13,3,14.8,20.8,9.6,0.0,observed
2025-01-14,3,15.1,21.9,9.4,0.0,observed
2025-01-15,3,16.2,22.5,10.8,0.0,observed
2025-01-16,3,16.6,23.2,10.7,0.0,observed
2025-01-17,3,16.3,22.6,11.3,0.0,observed
2025-01-18,3,15.9,22.4,10.9,0.0,observed
2025-01-19,3,16.6,23.0,11.2,0.0,observed
2025-01-20,3,17.1,23.3,11.9,0.0,observed
2025-01-21,3,17.7,24.0,12.7,0.0,observed
2025-01-22,3,18.0,24.9,12.1,0.0,observed
2025-01-23,3,18.2,24.0,13.1,0.0,observed
2025-01-24,3,17.4,24.3,11.5,0.0,observed
2025-01-25,3,17.3,24.4,11.2,0.0,observed
2025-01-26,3,17.0,25.5,9.2,0.0,observed
2025-01-27,3,17.3,26.6,8.5,0.0,observed
2025-01-28,3,19.6,29.1,10.8,0.0,observed
2025-01-29,3,20.8,28.2,15.1,0.0,observed
2025-01-30,3,19.3,25.4,14.9,0.0,observed
2025-01-31,3,17.9,24.4,12.6,0.0,observed
2025-02-01,3,17.9,24.8,11.8,0.0,observed
2025-02-02,3,18.4,25.3,12.9,0.0,observed
2025-02-03,3,18.1,25.1,12.1,0.0,observed
2025-02-04,3,19.0,26.0,12.6,0.0,observed
2025-02-05,3,17.9,25.0,11.1,0.0,observed
2025-02-06,3,18.0,25.6,11.9,0.0,observed
2025-02-07,3,18.6,25.8,12.6,0.0,observed
2025-02-08,3,19.5,27.7,13.2,0.0,observed
2025-02-09,3,19.6,28.1,11.1,0.0,observed
2025-02-10,3,21.9,30.4,13.7,0.0,observed
2025-02-11,3,22.8,29.4,17.4,0.0,observed
2025-02-12,3,22.2,28.8,16.6,0.0,observed
2025-02-13,3,23.1,31.1,15.2,0.0,observed
2025-02-14,3,25.9,35.8,17.9,0.0,observed
2025-02-15,3,26.8,34.2,20.8,0.0,observed
2025-02-16,3,25.9,34.4,18.6,0.0,observed
2025-02-17,3,25.0,31.0,19.6,0.0,observed
2025-02-18,3,25.5,32.6,19.1,0.0,observed
2025-02-19,3,27.0,33.2,23.1,0.0,observed
2025-02-20,3,24.4,31.0,17.8,0.0,observed
2025-02-21,3,22.9,28.2,18.9,0.0,observed
2025-02-22,3,22.3,29.2,16.6,0.0,observed
2025-02-23,3,23.5,31.4,16.1,0.0,observed
2025-02-24,3,24.5,32.1,17.6,0.0,observed
2025-02-25,3,24.9,31.3,19.7,0.0,observed
2025-02-26,3,26.5,33.7,19.6,0.0,observed
2025-02-27,3,25.0,29.7,20.5,0.0,observed
2025-02-28,3,24.9,31.6,20.5,0.0,observed
2025-03-01,3,24.7,31.3,19.0,0.0,observed
2025-03-02,3,24.6,31.5,19.0,0.0,observed
2025-03-03,3,25.5,32.2,20.1,0.0,observed
2025-03-04,3,22.5,28.4,17.4,0.0,observed
2025-03-05,3,20.5,28.8,11.4,0.0,observed
2025-03-06,3,25.9,35.6,17.3,0.0,observed
2025-03-07,3,26.9,36.0,18.2,0.0,observed
2025-03-08,3,27.0,34.4,19.6,0.0,observed
2025-03-09,3,28.0,36.7,19.7,0.0,observed
2025-03-10,3,30.0,38.7,22.2,0.0,observed
2025-03-11,3,29.0,36.3,22.4,0.0,observed
2025-03-12,3,28.6,37.3,19.8,0.0,observed
2025-03-13,3,29.4,37.1,22.2,0.0,observed
2025-03-14,3,28.8,35.8,23.6,0.0,observed
2025-03-15,3,26.4,32.6,21.4,0.0,observed
2025-03-16,3,25.5,32.6,18.9,0.0,observed
2025-03-17,3,25.4,33.3,17.3,0.0,observed
2025-03-18,3,26.6,33.9,19.0,0.0,observed
2025-03-19,3,26.4,33.7,20.1,0.0,observed
2025-03-20,3,27.2,34.8,20.3,0.0,observed
2025-03-21,3,27.6,35.4,19.9,0.0,observed
2025-03-22,3,28.9,37.4,21.6,0.0,observed
2025-03-23,3,29.4,38.0,22.1,0.0,observed
2025-03-24,3,29.7,37.0,22.7,0.0,observed
2025-03-25,3,27.7,35.6,21.4,0.0,observed
2025-03-26,3,27.4,34.9,22.3,0.0,observed
2025-03-27,3,26.0,32.7,19.9,0.0,observed
2025-03-28,3,24.7,32.0,18.5,0.0,observed
2025-03-29,3,25.3,32.9,19.3,0.0,observed
2025-03-30,3,26.5,35.2,17.8,0.0,observed
2025-03-31,3,28.0,36.7,19.4,0.0,observed
2025-04-01,3,28.5,37.4,20.1,0.0,observed
2025-04-02,3,29.1,38.3,20.0,0.0,observed
2025-04-03,3,30.4,40.1,21.6,0.0,observed
2025-04-04,3,29.6,37.5,21.6,0.0,observed
2025-04-05,3,30.9,40.7,21.9,0.0,observed
2025-04-06,3,33.6,43.0,26.6,0.0,observed
2025-04-07,3,32.2,40.8,26.6,0.0,observed
2025-04-08,3,30.4,39.1,24.0,0.0,observed
2025-04-09,3,29.7,38.2,22.9,0.0,observed
2025-04-10,3,29.9,39.5,24.4,0.1,observed
2025-04-11,3,30.1,39.1,23.7,0.0,observed
2025-04-12,3,31.7,41.6,23.8,0.0,observed
2025-04-13,3,31.8,40.7,25.1,0.0,observed
2025-04-14,3,32.8,42.7,26.6,0.0,observed
2025-04-15,3,32.8,43.4,26.0,0.0,observed
2025-04-16,3,32.7,42.2,25.8,0.0,observed
2025-04-17,3,33.1,41.9,26.8,0.0,observed
2025-04-18,3,32.0,40.0,26.4,0.0,observed
2025-04-19,3,31.7,40.6,24.9,0.0,observed
2025-04-20,3,31.9,39.4,22.9,0.0,observed
2025-04-21,3,31.3,38.5,23.7,0.0,observed
2025-04-22,3,31.8,39.9,23.1,0.0,observed
2025-04-23,3,32.5,41.4,23.2,0.0,observed
2025-04-24,3,32.5,41.9,25.1,0.0,observed
2025-04-25,3,32.3,43.5,24.7,0.0,observed
2025-04-26,3,33.6,42.9,26.0,0.0,observed
2025-04-27,3,33.7,42.4,27.1,0.0,observed
2025-04-28,3,33.7,42.6,26.6,0.0,observed
2025-04-29,3,34.3,42.8,26.9,0.0,observed
2025-04-30,3,34.4,42.6,28.1,0.0,observed
2025-05-01,3,33.8,41.2,28.5,0.0,observed
2025-05-02,3,32.9,42.0,27.3,0.0,observed
2025-05-03,3,32.3,41.7,26.2,0.2,observed
2025-05-04,3,31.7,40.6,25.7,0.0,observed
2025-05-05,3,30.0,37.3,24.2,0.1,observed
2025-05-06,3,32.4,38.4,25.8,0.0,observed
2025-05-07,3,33.5,40.7,27.0,0.0,observed
2025-05-08,3,32.6,38.0,26.8,0.1,observed
2025-05-09,3,31.8,38.9,25.6,0.0,observed
2025-05-10,3,33.4,40.4,26.9,0.0,observed
2025-05-11,3,32.8,40.8,26.8,0.0,observed
2025-05-12,3,31.5,38.2,26.3,0.0,observed
2025-05-13,3,31.2,38.3,25.3,0.2,observed
2025-05-14,3,32.8,41.0,26.1,0.0,observed
2025-05-15,3,33.4,42.2,26.1,0.0,observed
2025-05-16,3,33.1,41.9,25.7,0.0,observed
2025-05-17,3,32.7,41.0,26.3,0.0,observed
2025-05-18,3,32.9,40.9,27.0,0.0,observed
2025-05-19,3,32.0,39.5,26.6,0.0,observed
2025-05-20,3,32.3,39.7,26.7,0.0,observed
2025-05-21,3,32.6,40.5,27.1,0.0,observed
2025-05-22,3,32.5,40.3,26.7,0.0,observed
2025-05-23,3,32.7,42.2,26.3,0.0,observed
2025-05-24,3,33.3,41.1,26.8,0.0,observed
2025-05-25,3,35.0,44.5,27.8,0.0,observed
2025-05-26,3,36.4,45.1,28.8,0.0,observed
2025-05-27,3,35.1,43.9,29.8,0.0,observed
2025-05-28,3,34.5,42.6,27.6,0.0,observed
2025-05-29,3,35.4,45.8,27.8,0.0,observed
2025-05-30,3,35.8,43.9,29.0,0.0,observed
2025-05-31,3,33.8,42.6,28.2,0.0,observed
2025-06-01,3,34.1,42.1,27.7,0.0,observed
2025-06-02,3,33.2,40.5,27.5,0.1,observed
2025-06-03,3,32.4,38.4,27.6,0.0,observed
2025-06-04,3,31.8,37.9,26.9,0.0,observed
2025-06-05,3,32.0,38.3,27.0,0.0,observed
2025-06-06,3,32.2,39.8,27.1,0.0,observed
2025-06-07,3,32.2,40.0,26.6,0.0,observed
2025-06-08,3,31.8,39.3,26.3,0.0,observed
2025-06-09,3,31.5,38.6,26.6,0.0,observed
2025-06-10,3,31.6,38.3,26.7,0.0,observed
2025-06-11,3,32.4,39.0,27.5,0.0,observed
2025-06-12,3,33.2,42.1,27.5,0.0,observed
2025-06-13,3,34.0,42.2,27.4,0.0,observed
2025-06-14,3,34.8,42.5,28.1,0.0,observed
2025-06-15,3,33.2,40.9,28.2,1.3,observed
2025-06-16,3,34.4,39.3,30.5,0.0,observed
2025-06-17,3,35.8,42.0,31.6,0.0,observed
2025-06-18,3,34.9,43.4,29.9,0.0,observed
2025-06-19,3,32.6,38.5,28.6,0.0,observed
2025-06-20,3,32.5,37.6,28.4,0.0,observed
2025-06-21,3,32.8,38.4,28.9,0.0,observed
2025-06-22,3,32.4,37.2,28.9,0.0,observed
2025-06-23,3,32.7,38.2,28.4,0.0,observed
2025-06-24,3,33.0,38.8,28.8,0.0,observed
2025-06-25,3,33.1,39.1,28.1,0.0,observed
2025-06-26,3,32.8,37.4,28.9,2.0,observed
2025-06-27,3,30.1,35.6,28.0,21.8,observed
2025-06-28,3,30.0,35.0,27.3,11.5,observed
2025-06-29,3,31.1,35.6,27.4,0.3,observed
2025-06-30,3,31.6,36.4,27.9,0.3,observed
2025-07-01,3,31.8,36.7,28.2,0.0,observed
2025-07-02,3,31.9,37.4,27.9,0.0,observed
2025-07-03,3,31.5,35.7,28.1,0.0,observed
2025-07-04,3,31.6,36.0,28.8,1.1,observed
2025-07-05,3,32.4,37.3,28.6,0.0,observed
2025-07-06,3,31.8,35.7,28.5,0.0,observed
2025-07-07,3,31.6,35.6,28.3,0.1,observed
2025-07-08,3,32.1,36.9,27.8,0.0,observed
2025-07-09,3,32.1,37.0,28.4,0.0,observed
2025-07-10,3,31.9,36.7,27.9,0.1,observed
2025-07-11,3,32.0,36.8,27.8,0.0,observed
2025-07-12,3,32.0,36.7,28.0,0.0,observed
2025-07-13,3,31.9,38.7,27.8,0.0,observed
2025-07-14,3,32.4,38.6,28.2,0.0,observed
2025-07-15,3,32.1,38.1,27.8,0.0,observed
2025-07-16,3,31.5,36.9,27.4,0.0,observed
2025-07-17,3,31.7,36.8,27.0,0.0,observed
2025-07-18,3,32.1,36.8,28.0,0.0,observed
2025-07-19,3,31.7,38.1,28.6,0.5,observed
2025-07-20,3,31.0,35.8,28.3,0.3,observed
2025-07-21,3,31.9,36.5,28.1,0.3,observed
2025-07-22,3,31.8,36.7,28.4,0.0,observed
2025-07-23,3,30.8,34.4,27.8,0.0,observed
2025-07-24,3,31.3,35.4,27.4,0.0,observed
2025-07-25,3,31.6,37.2,27.2,0.0,observed
2025-07-26,3,31.3,36.9,27.5,0.0,observed
2025-07-27,3,30.7,36.5,27.7,0.0,observed
2025-07-28,3,30.8,35.8,27.8,0.0,observed
2025-07-29,3,30.7,36.4,27.2,0.0,observed
2025-07-30,3,30.6,35.8,26.9,0.0,observed
2025-07-31,3,31.1,36.9,26.6,0.0,observed
2025-08-01,3,30.4,35.7,27.0,0.0,observed
2025-08-02,3,29.7,33.3,27.0,0.1,observed
2025-08-03,3,30.2,35.1,26.9,0.0,observed
2025-08-04,3,30.1,35.4,26.4,0.0,observed
2025-08-05,3,29.7,34.2,26.4,0.0,observed
2025-08-06,3,30.0,35.4,26.1,0.0,observed
2025-08-07,3,29.9,35.0,25.9,0.3,observed
2025-08-08,3,30.0,35.3,25.9,0.0,observed
2025-08-09,3,30.2,36.0,26.1,0.0,observed
2025-08-10,3,30.1,36.6,26.0,0.0,observed
2025-08-11,3,29.7,35.4,26.0,0.0,observed
2025-08-12,3,29.8,35.4,26.2,0.0,observed
2025-08-13,3,30.2,35.4,26.3,0.0,observed
2025-08-14,3,30.8,35.1,26.9,0.0,observed
2025-08-15,3,32.4,37.3,28.3,0.2,observed
2025-08-16,3,32.3,37.2,28.4,0.0,observed
2025-08-17,3,32.5,36.6,28.6,0.1,observed
2025-08-18,3,32.7,38.5,28.8,0.4,observed
2025-08-19,3,30.5,34.5,27.4,11.5,observed
2025-08-20,3,30.1,35.7,26.5,52.9,observed
2025-08-21,3,28.9,33.4,26.8,20.0,observed
2025-08-22,3,29.8,34.3,26.8,0.1,observed
2025-08-23,3,29.6,33.5,26.9,0.0,observed
2025-08-24,3,30.0,35.3,26.7,0.0,observed
2025-08-25,3,30.4,35.6,26.6,0.3,observed
2025-08-26,3,29.9,34.5,26.2,0.0,observed
2025-08-27,3,29.7,34.8,25.7,0.0,observed
2025-08-28,3,29.9,35.3,25.9,0.0,observed
2025-08-29,3,29.7,34.4,25.8,0.0,observed
2025-08-30,3,30.0,34.5,26.0,0.0,observed
2025-08-31,3,29.6,34.6,26.5,0.0,observed
2025-09-01,3,29.5,34.8,25.7,0.0,observed
2025-09-02,3,29.4,35.0,25.2,0.0,observed
2025-09-03,3,29.4,34.7,25.1,0.0,observed
2025-09-04,3,30.6,36.8,25.1,0.0,observed
2025-09-05,3,31.9,38.0,26.9,0.0,observed
2025-09-06,3,32.6,38.7,27.9,0.0,observed
2025-09-07,3,29.1,33.1,26.1,7.4,observed
2025-09-08,3,26.8,31.6,25.1,38.2,observed
2025-09-09,3,26.1,29.3,24.8,26.6,observed
2025-09-10,3,27.1,31.0,24.9,2.4,observed
2025-09-11,3,27.1,30.3,24.2,0.0,observed
2025-09-12,3,28.3,32.6,25.3,0.2,observed
2025-09-13,3,28.5,33.3,25.1,0.0,observed
2025-09-14,3,28.7,33.8,25.1,0.0,observed
2025-09-15,3,28.4,32.2,25.4,0.0,observed
2025-09-16,3,28.9,34.1,25.7,0.1,observed
2025-09-17,3,28.9,33.8,25.1,0.0,observed
2025-09-18,3,28.8,34.0,24.6,0.0,observed
2025-09-19,3,28.3,33.1,24.6,0.0,observed
2025-09-20,3,28.5,33.9,24.0,0.0,observed
2025-09-21,3,28.2,33.9,24.2,0.0,observed
2025-09-22,3,28.5,34.2,24.0,0.0,observed
2025-09-23,3,28.4,33.5,24.7,0.0,observed
2025-09-24,3,28.6,33.8,24.9,0.2,observed
2025-09-25,3,28.9,34.2,24.3,0.0,observed
2025-09-26,3,28.8,34.2,24.3,0.0,observed
2025-09-27,3,30.1,36.4,24.9,0.0,observed
2025-09-28,3,31.6,39.1,24.8,0.0,observed
2025-09-29,3,32.6,38.5,28.0,0.8,observed
2025-09-30,3,30.0,35.3,27.3,14.0,observed
2025-10-01,3,29.4,33.6,26.0,0.1,observed
2025-10-02,3,29.2,33.0,26.2,0.0,observed
2025-10-03,3,28.4,30.7,26.4,0.0,observed
2025-10-04,3,29.3,33.8,25.9,0.2,observed
2025-10-05,3,29.0,34.0,25.7,0.0,observed
2025-10-06,3,29.1,35.2,25.5,0.0,observed
2025-10-07,3,27.6,33.4,23.5,0.0,observed
2025-10-08,3,27.0,33.7,21.3,0.0,observed
2025-10-09,3,27.3,33.2,22.1,0.0,observed
2025-10-10,3,28.1,33.6,23.6,0.0,observed
2025-10-11,3,28.0,33.5,23.6,0.0,observed
2025-10-12,3,28.3,34.1,23.9,0.0,observed
2025-10-13,3,28.5,34.3,24.2,0.0,observed
2025-10-14,3,28.6,34.5,24.0,0.0,observed
2025-10-15,3,28.8,35.3,24.1,0.0,observed
2025-10-16,3,28.5,35.4,22.0,0.0,observed
2025-10-17,3,28.7,35.8,23.1,0.0,observed
2025-10-18,3,29.0,36.0,23.3,0.0,observed
2025-10-19,3,29.5,36.6,24.4,0.0,observed
2025-10-20,3,28.6,36.1,22.0,0.0,observed
2025-10-21,3,29.1,36.3,22.6,0.0,observed
2025-10-22,3,29.1,36.2,23.4,0.0,observed
2025-10-23,3,28.8,36.7,22.5,0.0,observed
2025-10-24,3,28.3,36.5,21.0,0.0,observed
2025-10-25,3,28.5,36.5,21.1,0.0,observed
2025-10-26,3,28.6,35.9,21.8,0.0,observed
2025-10-27,3,28.3,34.9,21.3,0.0,observed
2025-10-28,3,27.9,33.5,22.2,0.0,observed
2025-10-29,3,27.5,32.6,22.1,0.0,observed
2025-10-30,3,28.4,33.6,23.2,0.0,observed
2025-10-31,3,27.7,34.4,22.2,0.0,observed
2025-11-01,3,27.7,34.8,21.3,0.0,observed
2025-11-02,3,27.4,35.2,20.4,0.0,observed
2025-11-03,3,27.3,35.3,21.4,0.0,observed
2025-11-04,3,26.9,35.7,20.6,0.0,observed
2025-11-05,3,25.0,32.4,19.9,0.0,observed
2025-11-06,3,24.6,32.6,18.5,0.0,observed
2025-11-07,3,24.5,32.4,17.4,0.0,observed
2025-11-08,3,25.2,32.1,18.5,0.0,observed
2025-11-09,3,23.4,30.4,16.8,0.0,observed
2025-11-10,3,23.2,29.9,16.9,0.0,observed
2025-11-11,3,23.5,30.1,17.6,0.0,observed
2025-11-12,3,23.7,30.7,17.3,0.0,observed
2025-11-13,3,23.2,30.7,16.3,0.0,observed
2025-11-14,3,22.7,30.5,15.4,0.0,observed
2025-11-15,3,22.7,30.3,15.3,0.0,observed
2025-11-16,3,22.5,30.4,15.7,0.0,observed
2025-11-17,3,22.0,30.2,14.2,0.0,observed
2025-11-18,3,21.3,29.7,12.7,0.0,observed
2025-11-19,3,21.5,29.9,13.3,0.0,observed
2025-11-20,3,21.2,29.4,13.6,0.0,observed
2025-11-21,3,21.6,29.5,14.0,0.0,observed
2025-11-22,3,21.7,29.1,15.5,0.0,observed
2025-11-23,3,21.2,28.5,14.5,0.0,observed
2025-11-24,3,20.7,28.3,14.5,0.0,observed
2025-11-25,3,20.8,26.9,15.6,0.0,observed
2025-11-26,3,20.7,27.5,14.8,0.0,observed
2025-11-27,3,20.4,26.0,15.7,0.0,observed
2025-11-28,3,19.9,26.1,14.8,0.0,observed
2025-11-29,3,19.7,26.5,14.0,0.0,observed
2025-11-30,3,20.0,26.9,14.0,0.0,observed
2025-12-01,3,19.5,28.1,12.5,0.0,observed
2025-12-02,3,18.7,26.5,12.3,0.0,observed
2025-12-03,3,18.5,26.2,12.1,0.0,observed
2025-12-04,3,18.8,26.4,13.1,0.0,observed
2025-12-05,3,19.3,27.6,12.3,0.0,observed
2025-12-06,3,19.3,25.4,14.4,0.0,observed
2025-12-07,3,19.7,27.7,13.6,0.0,observed
2025-12-08,3,20.2,29.0,13.2,0.0,observed
2025-12-09,3,20.6,29.3,13.7,0.0,observed
2025-12-10,3,20.2,29.5,11.1,0.0,observed
2025-12-11,3,20.4,28.6,12.4,0.0,observed
2025-12-12,3,19.9,27.9,12.3,0.0,observed
2025-12-13,3,20.3,28.1,14.2,0.0,observed
2025-12-14,3,19.1,25.8,13.9,0.0,observed
2025-12-15,3,19.2,26.0,13.9,0.0,observed
2025-12-16,3,19.4,26.8,13.9,0.0,observed
2025-12-17,3,19.5,27.2,13.7,0.0,observed
2025-12-18,3,19.7,27.2,13.3,0.0,observed
2025-12-19,3,20.4,27.8,14.4,0.0,observed
2025-12-20,3,22.3,29.6,15.1,0.0,observed
2025-12-21,3,22.3,29.0,16.3,0.0,observed
2025-12-22,3,20.5,25.6,16.4,0.0,observed
2025-12-23,3,19.7,25.8,14.9,0.0,observed
2025-12-24,3,18.5,25.5,12.9,0.0,observed
2025-12-25,3,17.7,25.3,10.3,0.0,observed
2025-12-26,3,18.5,25.1,12.2,0.0,observed
2025-12-27,3,18.7,25.3,13.6,0.0,observed
2025-12-28,3,18.8,25.7,13.7,0.0,observed
2025-12-29,3,18.6,25.5,13.1,0.0,observed
2025-12-30,3,19.5,27.1,12.4,0.0,observed
2025-12-31,3,19.1,24.0,16.3,0.9,observed
2026-01-01,3,17.6,23.5,13.0,0.0,observed
2026-01-02,3,16.6,22.7,11.6,0.0,observed
2026-01-03,3,16.2,23.0,10.3,0.0,observed
2026-01-04,3,16.8,23.7,10.5,0.0,observed
2026-01-05,3,17.3,23.8,11.9,0.0,observed
2026-01-06,3,17.2,23.5,12.0,0.0,observed
2026-01-07,3,16.0,22.2,11.2,0.0,observed
2026-01-08,3,14.4,20.3,9.5,0.0,observed
2026-01-09,3,14.2,21.0,8.8,0.0,observed
2026-01-10,3,13.4,20.2,8.1,0.0,observed
2026-01-11,3,13.3,20.7,7.0,0.0,observed
2026-01-12,3,13.5,21.0,7.4,0.0,observed
2026-01-13,3,14.0,21.0,8.5,0.0,observed
2026-01-14,3,16.2,24.1,9.1,0.0,observed
2026-01-15,3,19.1,26.3,12.9,0.0,observed
2026-01-16,3,19.8,26.7,13.5,0.0,observed
2026-01-17,3,19.7,25.5,15.1,0.0,observed
2026-01-18,3,19.1,24.9,14.6,0.0,observed
2026-01-19,3,18.8,26.0,12.4,0.0,observed
2026-01-20,3,19.1,25.9,12.8,0.0,observed
2026-01-21,3,19.0,25.8,12.9,0.0,observed
2026-01-22,3,18.5,25.6,13.2,0.2,observed
2026-01-23,3,13.9,19.7,8.6,0.0,observed
2026-01-24,3,13.0,19.8,7.2,0.0,observed
2026-01-25,3,13.5,19.7,8.3,0.0,observed
2026-01-26,3,14.1,19.7,10.1,0.0,observed
2026-01-27,3,16.4,22.2,11.8,0.0,observed
2026-01-28,3,16.5,23.5,10.0,0.0,observed
2026-01-29,3,17.1,23.6,10.8,0.0,observed
2026-01-30,3,17.4,24.1,12.1,0.0,observed
2026-01-31,3,18.3,25.2,12.7,0.0,observed
2026-02-01,3,19.5,26.9,13.1,0.0,observed
2026-02-02,3,19.9,26.9,13.9,0.0,observed
2026-02-03,3,20.4,27.8,13.6,0.0,observed
2026-02-04,3,20.7,28.4,14.2,0.0,observed
2026-02-05,3,20.5,28.0,14.6,0.0,observed
2026-02-06,3,21.0,28.9,14.7,0.0,observed
2026-02-07,3,21.6,29.1,15.1,0.0,observed
2026-02-08,3,21.8,29.7,14.2,0.0,observed
2026-02-09,3,22.3,29.2,15.6,0.0,observed
2026-02-10,3,22.6,28.0,18.2,0.0,observed
2026-02-11,3,22.0,28.3,16.7,0.0,observed
2026-02-12,3,21.8,29.1,16.0,0.0,observed
2026-02-13,3,22.9,31.0,14.9,0.0,observed
2026-02-14,3,24.2,32.0,16.3,0.0,observed
2026-02-15,3,23.7,32.3,15.6,0.0,observed
2026-02-16,3,22.7,29.3,18.1,0.1,observed
2026-02-17,3,21.6,27.0,16.5,0.1,observed
2026-02-18,3,22.2,28.4,16.2,0.0,observed
2026-02-19,3,23.5,29.6,17.8,0.0,observed
2026-02-20,3,23.9,30.4,17.9,0.0,observed
2026-02-21,3,24.3,31.1,18.1,0.0,observed
2026-02-22,3,25.1,32.5,19.4,0.0,observed
2026-02-23,3,24.5,32.4,17.8,0.0,observed
2026-02-24,3,25.4,33.5,17.8,0.0,observed
2026-02-25,3,26.5,34.1,19.3,0.0,observed
2026-02-26,3,26.9,34.2,19.6,0.0,observed
2026-02-27,3,27.0,33.3,22.2,0.0,observed
2026-02-28,3,26.0,33.4,19.6,0.0,observed
2026-03-01,3,26.1,33.3,19.3,0.0,observed
2026-03-02,3,26.5,34.1,19.5,0.0,observed
2026-03-03,3,27.3,34.9,19.7,0.0,observed
2026-03-04,3,26.1,33.8,18.6,0.0,observed
2026-03-05,3,25.8,35.0,19.0,0.0,observed
2026-03-06,3,26.8,36.5,20.0,0.0,observed
2026-03-07,3,27.1,36.7,20.9,0.0,observed
2026-03-08,3,27.2,36.8,19.3,0.0,observed
2026-03-09,3,28.0,37.2,19.7,0.0,observed
2026-03-10,3,28.6,37.3,21.5,0.0,observed
2026-03-11,3,27.6,36.5,19.7,0.0,observed
2026-03-12,3,28.8,36.5,21.7,0.0,observed
2026-03-13,3,29.2,36.2,21.5,0.0,observed
2026-03-14,3,29.1,37.0,21.6,0.0,observed
2026-03-15,3,29.6,36.6,23.2,0.0,observed
2026-03-16,3,29.4,37.1,22.1,0.0,observed
2026-03-17,3,28.0,34.7,21.7,0.0,observed
2026-03-18,3,25.6,31.7,21.2,0.5,observed
2026-03-19,3,22.0,26.2,18.1,2.1,observed
2026-03-20,3,23.5,30.3,17.1,0.0,observed
2026-03-21,3,25.5,30.7,21.0,1.0,observed
2026-03-22,3,26.1,31.7,21.1,0.0,observed
2026-03-23,3,27.5,33.9,22.0,0.0,observed
2026-03-24,3,28.2,34.8,22.9,0.0,observed
2026-03-25,3,28.3,34.6,24.2,0.0,observed
2026-03-26,3,27.7,33.8,23.0,0.3,observed
2026-03-27,3,28.1,34.6,22.8,0.0,observed
2026-03-28,3,28.4,35.0,24.0,0.0,observed
2026-03-29,3,27.7,33.6,23.5,0.0,observed
2026-03-30,3,26.7,32.8,22.6,0.0,observed
2026-03-31,3,25.6,31.5,20.6,0.0,observed
2026-04-01,3,26.9,33.7,21.2,0.0,observed
2026-04-02,3,22.7,26.8,18.8,3.7,observed
2026-04-03,3,22.6,28.8,17.1,4.3,observed
2026-04-04,3,24.8,32.3,19.0,0.0,observed
2026-04-05,3,25.6,33.0,20.4,0.0,observed
2026-04-06,3,25.9,31.2,21.0,0.2,observed
2026-04-07,3,27.9,34.2,24.1,0.0,observed
2026-04-08,3,27.7,35.1,21.3,0.0,observed
2026-04-09,3,28.6,36.3,21.4,0.0,observed
2026-04-10,3,30.2,36.8,23.0,0.0,observed
2026-04-11,3,31.1,38.2,24.3,0.0,observed
2026-04-12,3,31.8,38.9,24.6,0.0,observed
2026-04-13,3,31.8,39.7,25.0,0.0,observed
2026-04-14,3,32.2,39.9,25.5,0.0,observed
2026-04-15,3,32.9,41.6,25.0,0.0,observed
2026-04-16,3,30.9,38.7,25.5,0.0,observed
2026-04-17,3,31.6,41.1,23.8,0.0,observed
2026-04-18,3,29.8,37.3,23.3,0.0,observed
2026-04-19,3,29.7,38.5,22.1,0.0,observed
2026-04-20,3,31.8,40.1,24.9,0.0,observed
2026-04-21,3,30.5,38.3,25.1,0.0,observed
2026-04-22,3,29.9,38.4,23.4,0.0,observed
2026-04-23,3,30.8,38.5,25.0,0.0,observed
2026-04-24,3,31.1,39.2,25.8,0.0,observed
2026-04-25,3,32.8,42.3,25.2,0.0,observed
2026-04-26,3,34.4,44.1,26.4,0.0,observed
2026-04-27,3,32.3,39.8,26.2,0.0,observed
2026-04-28,3,31.8,39.5,26.8,0.0,observed
2026-04-29,3,33.1,43.0,26.0,0.0,observed
2026-04-30,3,32.4,41.2,26.2,0.0,observed
2026-05-01,3,34.4,44.9,26.6,0.0,observed
2026-05-02,3,34.9,44.6,28.3,0.0,observed
2026-05-03,3,35.3,43.6,26.9,0.0,observed
2026-05-04,3,35.2,42.2,28.6,0.0,observed
2026-05-05,3,34.2,42.2,27.0,0.0,observed
2026-05-06,3,33.0,42.1,25.3,0.0,observed
2026-05-07,3,31.2,38.7,25.7,0.0,observed
2026-05-08,3,31.8,39.7,25.9,0.0,observed
2026-05-09,3,32.2,40.6,26.1,0.0,observed
2026-05-10,3,32.2,40.6,25.6,0.0,observed
2026-05-11,3,32.2,40.0,25.6,0.0,observed
2026-05-12,3,33.3,40.9,26.5,0.0,observed
2026-05-13,3,34.4,42.5,27.7,0.1,observed
2026-05-14,3,33.4,40.2,28.0,0.0,observed
2026-05-15,3,32.0,38.3,27.2,0.0,observed
2026-05-16,3,32.6,40.7,27.0,0.0,observed
2026-05-17,3,32.9,40.8,26.5,0.0,observed
2026-05-18,3,31.2,39.1,25.4,0.0,observed
2026-05-19,3,32.4,40.5,27.0,0.0,observed
2026-05-20,3,32.3,39.7,27.3,0.0,observed
2026-05-21,3,31.7,38.4,27.1,0.0,observed
2026-05-22,3,32.7,41.2,26.9,0.0,observed
2026-05-23,3,32.4,40.3,27.3,0.0,observed
2026-05-24,3,31.4,39.1,26.3,0.0,observed
2026-05-25,3,32.7,41.3,27.7,0.0,observed
2026-05-26,3,33.2,42.1,27.4,0.0,observed
2026-05-27,3,32.5,40.3,27.1,0.0,observed
2026-05-28,3,33.1,42.0,27.9,0.0,observed
2026-05-29,3,34.0,45.3,28.5,0.0,observed
2026-05-30,3,33.5,40.6,28.3,0.0,observed
2026-05-31,3,32.9,39.0,28.7,0.0,observed
2026-06-01,3,33.0,39.2,28.3,0.0,observed
2026-06-02,3,33.5,39.4,28.2,0.1,observed
2026-06-03,3,32.7,40.1,27.7,0.0,observed
2026-06-04,3,32.5,39.1,28.3,0.0,observed
2026-06-05,3,33.5,41.3,28.2,0.0,observed
2026-06-06,3,32.7,39.5,27.9,0.0,observed
2026-06-07,3,33.1,41.0,28.1,0.0,observed
2026-06-08,3,33.2,40.6,28.3,0.0,observed
2026-06-09,3,33.5,41.6,28.7,0.0,observed
2026-06-10,3,34.0,42.6,28.7,0.0,observed
2026-06-11,3,35.9,46.2,28.9,0.0,observed
2026-06-12,3,34.7,43.2,29.6,0.0,observed
2026-06-13,3,33.2,39.8,28.7,0.0,observed
2026-06-14,3,32.4,37.7,28.5,0.0,observed
2026-06-15,3,32.0,37.5,28.1,0.0,observed
2026-06-16,3,32.3,37.7,28.5,0.0,observed
2026-06-17,3,32.5,37.8,28.7,0.0,observed
2026-06-18,3,32.2,37.3,28.5,0.0,observed
2026-06-19,3,32.3,38.0,28.5,0.0,observed
2026-06-20,3,32.3,38.5,28.5,0.0,observed
2026-06-21,3,32.0,37.4,28.3,0.0,observed
2026-06-22,3,32.1,37.6,28.3,0.0,observed
2026-06-23,3,32.2,38.7,28.3,0.0,observed
2026-06-24,3,31.8,37.2,28.5,0.0,observed
2026-06-25,3,32.4,38.3,28.4,0.0,observed
2026-06-26,3,32.9,38.9,28.5,0.0,observed
2026-06-27,3,32.8,38.8,28.5,0.0,observed
2026-06-28,3,32.2,38.0,28.4,0.0,observed
2026-06-29,3,31.6,37.1,28.2,0.0,observed
2026-06-30,3,31.4,35.8,28.0,0.0,observed
2026-07-01,3,32.2,38.1,28.2,0.0,observed
2026-07-02,3,32.6,38.8,28.6,0.0,observed
2026-07-03,3,32.9,39.7,28.3,0.0,observed
2026-07-04,3,33.1,39.0,28.9,0.0,observed
2026-07-05,3,33.3,39.6,28.4,0.0,observed
2026-07-06,3,33.6,40.7,28.4,0.0,observed
2026-07-07,3,33.5,40.0,28.1,0.0,observed
2026-07-08,3,32.5,38.0,29.1,0.0,observed
2026-07-09,3,31.7,37.6,28.0,0.0,observed
2026-07-10,3,31.5,37.0,27.9,0.0,observed
2026-07-11,3,31.2,37.0,27.8,0.0,observed
2026-07-12,3,31.7,36.9,28.1,0.0,observed
2026-07-13,3,31.7,37.2,28.4,0.0,observed
2026-07-14,3,31.2,36.4,27.5,0.0,observed
2026-07-15,3,31.5,36.6,27.5,0.0,observed
2026-07-16,3,31.5,37.3,27.4,0.0,observed
2026-07-17,3,31.2,36.9,27.5,0.0,observed
2026-07-18,3,30.9,36.4,27.5,0.0,observed
2026-07-19,3,31.0,35.6,27.6,0.0,observed
2026-07-20,3,30.8,34.5,27.4,0.0,observed
2026-07-21,3,30.9,34.4,27.9,0.0,observed
2026-07-22,3,32.4,38.3,27.8,0.0,observed
2026-07-23,3,33.3,38.4,28.6,0.3,observed
2026-07-24,3,32.1,36.3,29.1,0.2,observed
2026-07-25,3,30.6,34.6,28.5,1.3,observed
2026-07-26,3,32.1,37.2,27.9,0.0,observed
2026-07-27,3,31.8,37.5,28.4,0.0,observed
2026-07-28,3,31.0,36.1,27.4,0.0,observed
2026-07-29,3,31.4,37.3,27.5,0.0,observed
2026-07-30,3,32.1,37.7,27.1,0.0,observed
2026-07-31,3,33.3,38.7,28.1,0.0,observed
2026-08-01,3,32.6,38.5,28.7,4.5,observed
2026-08-02,3,27.6,29.1,26.0,16.3,observed
2026-08-03,3,29.6,34.0,27.1,0.0,observed
2026-08-04,3,30.1,35.2,26.0,0.0,observed
2026-08-05,3,30.0,35.2,26.8,0.0,observed
2026-08-06,3,30.2,35.8,26.7,0.0,observed
2026-08-07,3,30.4,36.4,26.2,0.0,observed
2026-08-08,3,30.7,36.1,26.8,0.0,observed
2026-08-09,3,30.6,35.9,26.7,0.0,observed
2026-08-10,3,30.5,36.5,27.0,0.0,observed
2026-08-11,3,30.3,36.0,26.5,0.0,observed
2026-08-12,3,29.8,33.8,26.4,0.0,observed
2026-08-13,3,30.2,35.5,26.9,0.0,observed
2026-08-14,3,29.6,34.7,26.2,0.0,observed
2026-08-15,3,30.2,35.5,26.4,0.0,observed
2026-08-16,3,30.0,35.7,26.5,0.0,observed
2026-08-17,3,29.6,35.0,26.0,0.0,observed
2026-08-18,3,29.6,35.0,26.3,0.0,observed
2026-08-19,3,29.7,35.6,26.2,0.0,observed
2026-08-20,3,29.8,35.7,26.4,0.0,observed
2026-08-21,3,29.9,35.9,26.2,0.0,observed
2026-08-22,3,29.7,35.3,26.2,0.0,observed
2026-08-23,3,29.8,35.7,26.0,0.1,observed
2026-08-24,3,30.9,36.5,26.4,0.0,observed
2026-08-25,3,30.3,36.0,26.4,0.0,observed
2026-08-26,3,29.7,35.8,25.9,0.0,observed
2026-08-27,3,29.3,35.4,25.7,0.0,observed
2026-08-28,3,29.2,35.3,25.4,0.0,observed
2026-08-29,3,29.3,34.8,25.8,0.0,observed
2026-08-30,3,29.1,34.4,25.7,0.0,observed
2026-08-31,3,29.0,34.6,25.4,0.0,observed
2026-09-01,3,29.1,34.5,25.4,0.0,observed
2026-09-02,3,29.3,34.9,25.5,0.0,observed
2026-09-03,3,29.0,34.9,25.4,0.0,observed
2026-09-04,3,29.4,35.5,25.6,0.0,observed
2026-09-05,3,29.9,35.8,25.9,0.0,observed
2026-09-06,3,29.7,36.0,26.0,0.0,observed
2026-09-07,3,29.5,35.7,25.5,0.0,observed
2026-09-08,3,29.8,35.5,25.7,0.0,observed
2026-09-09,3,29.8,35.4,25.3,0.0,observed
2026-09-10,3,30.0,35.5,25.1,0.0,observed
2026-09-11,3,30.3,36.3,24.8,0.0,observed
2026-09-12,3,32.4,40.1,26.2,0.0,observed
2026-09-13,3,34.9,41.0,28.5,0.1,observed
2026-09-14,3,33.4,39.8,29.0,1.4,observed
2026-09-15,3,30.9,36.3,28.2,1.0,observed
2026-09-16,3,31.0,35.2,27.8,0.4,observed
2026-09-17,3,31.0,35.8,27.3,0.0,observed
2026-09-18,3,30.7,36.0,26.2,0.4,observed
2026-09-19,3,31.1,36.9,26.1,0.0,observed
2026-09-20,3,32.4,38.9,26.4,0.0,observed
2026-09-21,3,34.1,41.1,27.9,0.0,observed
2026-09-22,3,34.7,40.2,30.1,0.0,observed
2026-09-23,3,33.7,40.9,28.8,0.0,observed
2026-09-24,3,31.5,38.2,26.8,0.0,observed
2026-09-25,3,30.6,37.3,26.0,0.0,observed
2026-09-26,3,29.9,36.3,26.2,0.0,observed
2026-09-27,3,29.4,35.6,25.7,0.0,observed
2026-09-28,3,29.1,34.6,25.2,0.0,observed
2026-09-29,3,29.6,34.9,25.1,0.0,observed
2026-09-30,3,28.9,34.9,24.3,0.0,observed
2026-10-01,3,29.2,36.0,23.9,0.0,observed
2026-10-02,3,29.8,37.3,23.9,0.0,observed
2026-10-03,3,30.1,37.1,24.7,0.0,observed
2026-10-04,3,29.9,37.0,26.0,0.0,observed
2026-10-05,3,29.1,34.8,24.9,0.0,forecast
2026-10-06,3,29.7,35.8,25.2,0.0,forecast
2026-10-07,3,30.0,35.4,25.7,0.0,forecast
2026-10-08,3,28.6,35.3,23.6,0.0,forecast
2026-10-09,3,28.7,34.8,24.6,0.0,forecast
2026-10-10,3,29.2,35.2,25.4,0.0,forecast
2026-10-11,3,29.6,34.8,24.5,0.0,forecast
2026-10-12,3,30.8,36.8,24.5,0.0,forecast
2026-10-13,3,32.7,38.7,25.6,0.0,forecast
2026-10-14,3,33.6,39.1,27.7,0.0,forecast
2026-10-15,3,34.1,39.8,27.5,0.0,forecast
2026-10-16,3,34.5,39.8,28.2,0.0,forecast
2026-10-17,3,34.4,39.7,28.4,0.0,forecast
2026-10-18,3,33.5,39.0,27.1,0.0,forecast
2026-10-19,3,32.0,38.2,27.0,0.0,forecast
2026-10-20,3,29.9,36.0,26.1,0.0,forecast
2024-01-01,4,17.1,24.4,11.3,0.0,observed
2024-01-02,4,16.6,24.3,10.6,0.0,observed
2024-01-03,4,17.0,23.8,11.3,0.0,observed
2024-01-04,4,16.2,22.4,10.9,0.0,observed
2024-01-05,4,16.2,22.7,10.4,0.0,observed
2024-01-06,4,16.7,23.0,11.8,0.0,observed
2024-01-07,4,16.1,22.8,11.1,0.0,observed
2024-01-08,4,16.2,23.7,10.2,0.0,observed
2024-01-09,4,15.5,22.1,10.5,0.0,observed
2024-01-10,4,15.3,23.1,10.0,0.0,observed
2024-01-11,4,15.4,24.6,7.9,0.0,observed
2024-01-12,4,16.1,25.3,9.6,0.0,observed
2024-01-13,4,17.0,26.6,8.4,0.0,observed
2024-01-14,4,17.9,25.2,12.5,0.0,observed
2024-01-15,4,18.1,25.1,10.7,0.0,observed
2024-01-16,4,19.6,25.3,14.9,0.0,observed
2024-01-17,4,18.2,24.5,13.0,0.0,observed
2024-01-18,4,17.4,24.4,11.7,0.0,observed
2024-01-19,4,17.7,25.3,11.7,0.0,observed
2024-01-20,4,18.5,26.0,11.7,0.0,observed
2024-01-21,4,19.0,26.2,13.2,0.0,observed
2024-01-22,4,19.5,27.2,11.5,0.0,observed
2024-01-23,4,19.0,26.0,13.8,0.0,observed
2024-01-24,4,16.5,25.2,9.8,0.0,observed
2024-01-25,4,17.2,25.1,9.1,0.0,observed
2024-01-26,4,17.3,23.9,11.6,0.0,observed
2024-01-27,4,17.7,24.6,12.4,0.0,observed
2024-01-28,4,18.7,26.3,10.9,0.0,observed
2024-01-29,4,21.2,27.3,16.7,0.0,observed
2024-01-30,4,21.4,27.1,16.0,0.0,observed
2024-01-31,4,23.2,29.0,18.6,0.0,observed
2024-02-01,4,22.8,29.7,15.8,0.0,observed
2024-02-02,4,21.8,29.1,17.4,0.0,observed
2024-02-03,4,20.3,27.8,15.5,0.8,observed
2024-02-04,4,20.5,24.5,16.6,2.0,observed
2024-02-05,4,19.6,25.7,14.4,0.0,observed
2024-02-06,4,19.5,25.1,14.5,0.0,observed
2024-02-07,4,19.7,24.8,16.2,0.0,observed
2024-02-08,4,18.6,25.1,14.4,0.0,observed
2024-02-09,4,19.3,27.6,10.7,0.0,observed
2024-02-10,4,19.7,28.0,12.4,0.0,observed
2024-02-11,4,19.4,27.0,13.3,0.0,observed
2024-02-12,4,19.2,26.3,14.2,0.0,observed
2024-02-13,4,17.7,25.3,12.9,0.0,observed
2024-02-14,4,18.7,27.1,12.4,0.0,observed
2024-02-15,4,18.9,27.5,12.5,0.0,observed
2024-02-16,4,19.4,29.0,12.2,0.0,observed
2024-02-17,4,21.3,30.9,12.2,0.0,observed
2024-02-18,4,23.3,30.4,17.6,0.0,observed
2024-02-19,4,25.3,31.7,21.3,0.0,observed
2024-02-20,4,23.8,30.9,18.8,0.0,observed
2024-02-21,4,23.4,30.0,18.5,0.0,observed
2024-02-22,4,21.2,27.1,15.9,0.0,observed
2024-02-23,4,19.6,28.3,11.9,0.0,observed
2024-02-24,4,19.8,28.5,11.9,0.0,observed
2024-02-25,4,20.3,28.6,11.6,0.2,observed
2024-02-26,4,21.1,28.2,15.7,0.7,observed
2024-02-27,4,19.5,26.1,14.4,0.0,observed
2024-02-28,4,20.7,27.9,14.7,0.0,observed
2024-02-29,4,22.7,31.5,15.6,0.0,observed
2024-03-01,4,21.6,26.2,17.1,0.0,observed
2024-03-02,4,20.1,23.6,16.0,0.0,observed
2024-03-03,4,16.8,23.1,9.7,0.0,observed
2024-03-04,4,17.3,25.0,9.6,0.0,observed
2024-03-05,4,18.2,25.4,11.8,0.0,observed
2024-03-06,4,20.0,27.0,13.1,0.0,observed
2024-03-07,4,21.4,28.0,15.4,0.0,observed
2024-03-08,4,21.6,29.5,15.2,0.0,observed
2024-03-09,4,22.1,29.6,15.6,0.0,observed
2024-03-10,4,21.0,26.7,16.4,1.3,observed
2024-03-11,4,25.0,32.0,18.7,0.0,observed
2024-03-12,4,25.5,32.9,18.4,0.0,observed
2024-03-13,4,25.7,32.7,20.0,0.0,observed
2024-03-14,4,23.4,31.3,16.7,0.0,observed
2024-03-15,4,24.4,31.8,18.0,0.0,observed
2024-03-16,4,25.6,34.5,17.6,0.0,observed
2024-03-17,4,26.6,35.0,19.0,0.0,observed
2024-03-18,4,27.4,35.6,19.2,0.0,observed
2024-03-19,4,30.6,39.0,23.3,0.0,observed
2024-03-20,4,29.4,38.1,21.7,0.0,observed
2024-03-21,4,31.3,38.1,26.1,0.0,observed
2024-03-22,4,30.0,38.4,23.2,0.0,observed
2024-03-23,4,30.2,38.4,22.9,0.0,observed
2024-03-24,4,31.3,40.0,24.1,0.0,observed
2024-03-25,4,32.0,39.9,24.1,0.0,observed
2024-03-26,4,33.3,40.8,27.1,0.0,observed
2024-03-27,4,30.9,39.1,24.3,0.0,observed
2024-03-28,4,30.2,36.7,23.3,0.0,observed
2024-03-29,4,29.1,35.5,24.1,0.0,observed
2024-03-30,4,27.6,35.2,21.0,0.0,observed
2024-03-31,4,29.0,36.3,23.5,0.0,observed
2024-04-01,4,29.0,36.1,21.8,0.0,observed
2024-04-02,4,30.0,37.2,23.7,0.0,observed
2024-04-03,4,29.6,37.5,23.2,0.0,observed
2024-04-04,4,30.2,37.7,23.2,0.0,observed
2024-04-05,4,30.7,37.6,24.6,0.0,observed
2024-04-06,4,30.7,37.8,23.6,0.0,observed
2024-04-07,4,32.0,39.9,24.4,0.0,observed
2024-04-08,4,33.3,41.0,24.8,0.0,observed
2024-04-09,4,33.9,41.3,26.5,0.0,observed
2024-04-10,4,31.9,40.0,26.5,0.0,observed
2024-04-11,4,31.5,40.6,22.8,0.0,observed
2024-04-12,4,32.8,39.8,27.0,0.0,observed
2024-04-13,4,30.2,37.6,24.8,0.2,observed
2024-04-14,4,27.4,30.5,24.3,0.7,observed
2024-04-15,4,27.8,33.7,22.5,0.0,observed
2024-04-16,4,30.5,37.0,23.6,0.0,observed
2024-04-17,4,32.3,38.9,26.7,0.0,observed
2024-04-18,4,29.1,32.8,25.8,0.4,observed
2024-04-19,4,28.2,34.5,22.8,0.0,observed
2024-04-20,4,29.8,36.7,23.7,0.0,observed
2024-04-21,4,30.4,37.4,23.9,0.0,observed
2024-04-22,4,31.5,38.9,24.6,0.0,observed
2024-04-23,4,31.5,40.0,24.2,0.0,observed
2024-04-24,4,31.8,40.2,23.7,0.0,observed
2024-04-25,4,31.5,39.3,25.1,0.0,observed
2024-04-26,4,31.5,38.9,25.5,0.0,observed
2024-04-27,4,31.4,38.2,24.6,0.0,observed
2024-04-28,4,32.6,40.2,25.3,0.0,observed
2024-04-29,4,32.9,39.4,25.9,0.0,observed
2024-04-30,4,31.3,38.5,23.3,0.0,observed
2024-05-01,4,30.4,37.3,22.3,0.0,observed
2024-05-02,4,31.6,40.5,20.6,0.0,observed
2024-05-03,4,32.6,40.0,27.3,0.0,observed
2024-05-04,4,32.6,39.7,27.1,0.0,observed
2024-05-05,4,33.2,40.9,26.4,0.0,observed
2024-05-06,4,34.4,43.0,27.0,0.0,observed
2024-05-07,4,35.8,45.1,27.9,0.0,observed
2024-05-08,4,35.9,45.1,28.1,0.0,observed
2024-05-09,4,35.4,43.8,28.3,0.0,observed
2024-05-10,4,33.0,40.8,26.3,0.0,observed
2024-05-11,4,32.4,39.1,25.9,0.0,observed
2024-05-12,4,33.6,41.1,26.2,0.0,observed
2024-05-13,4,34.5,42.6,27.6,0.0,observed
2024-05-14,4,34.2,41.5,26.9,0.0,observed
2024-05-15,4,36.1,43.2,28.9,0.0,observed
2024-05-16,4,36.2,43.7,28.8,0.0,observed
2024-05-17,4,37.1,45.3,29.1,0.0,observed
2024-05-18,4,36.7,44.4,29.5,0.0,observed
2024-05-19,4,34.9,42.0,28.3,0.0,observed
2024-05-20,4,34.8,43.2,28.0,0.0,observed
2024-05-21,4,37.2,47.3,29.2,0.0,observed
2024-05-22,4,38.0,48.0,30.8,0.0,observed
2024-05-23,4,37.9,48.3,30.7,0.0,observed
2024-05-24,4,37.4,46.8,30.5,0.0,observed
2024-05-25,4,36.9,46.5,29.2,0.0,observed
2024-05-26,4,37.4,49.0,28.8,0.0,observed
2024-05-27,4,37.3,49.1,29.9,0.0,observed
2024-05-28,4,36.9,48.1,29.2,0.0,observed
2024-05-29,4,37.6,48.1,28.1,0.0,observed
2024-05-30,4,36.9,47.4,28.2,0.0,observed
2024-05-31,4,34.6,43.4,28.5,0.0,observed
2024-06-01,4,35.0,44.0,28.0,0.0,observed
2024-06-02,4,34.3,42.0,28.4,0.0,observed
2024-06-03,4,32.7,40.3,27.5,0.0,observed
2024-06-04,4,32.0,38.6,27.2,0.0,observed
2024-06-05,4,32.2,37.8,27.9,0.0,observed
2024-06-06,4,33.4,40.3,28.0,0.0,observed
2024-06-07,4,33.9,41.5,28.0,0.0,observed
2024-06-08,4,33.5,41.5,27.4,0.2,observed
2024-06-09,4,33.7,40.8,27.5,0.0,observed
2024-06-10,4,33.9,41.9,27.7,0.0,observed
2024-06-11,4,33.1,40.4,27.9,0.4,observed
2024-06-12,4,32.7,39.1,27.9,0.0,observed
2024-06-13,4,32.9,39.4,28.5,0.0,observed
2024-06-14,4,33.1,39.5,28.7,0.0,observed
2024-06-15,4,33.6,39.6,28.7,0.1,observed
2024-06-16,4,33.9,41.0,28.9,0.0,observed
2024-06-17,4,33.2,39.8,28.7,0.0,observed
2024-06-18,4,33.2,39.8,28.9,0.0,observed
2024-06-19,4,33.4,40.7,28.7,0.0,observed
2024-06-20,4,33.8,41.4,28.5,0.0,observed
2024-06-21,4,33.9,40.1,28.4,0.1,observed
2024-06-22,4,35.6,41.6,29.9,0.0,observed
2024-06-23,4,37.3,44.7,30.6,0.0,observed
2024-06-24,4,38.9,46.3,31.5,0.0,observed
2024-06-25,4,38.5,46.2,31.3,0.0,observed
2024-06-26,4,35.7,42.4,29.7,0.2,observed
2024-06-27,4,35.1,43.2,31.9,0.5,observed
2024-06-28,4,33.5,37.6,30.0,0.7,observed
2024-06-29,4,34.3,38.7,30.6,0.0,observed
2024-06-30,4,34.8,40.5,30.2,0.0,observed
2024-07-01,4,35.5,42.6,31.0,0.0,observed
2024-07-02,4,34.3,40.7,30.0,0.0,observed
2024-07-03,4,34.5,40.8,30.2,0.0,observed
2024-07-04,4,34.0,40.0,29.5,0.0,observed
2024-07-05,4,33.2,38.7,29.4,0.0,observed
2024-07-06,4,33.4,38.7,29.6,0.0,observed
2024-07-07,4,34.4,43.2,29.6,0.6,observed
2024-07-08,4,33.9,38.5,30.4,4.9,observed
2024-07-09,4,32.5,37.2,30.3,3.1,observed
2024-07-10,4,32.8,37.5,29.6,0.0,observed
2024-07-11,4,32.0,36.9,28.9,0.0,observed
2024-07-12,4,32.0,37.1,28.9,0.0,observed
2024-07-13,4,32.2,37.8,28.6,0.1,observed
2024-07-14,4,33.0,39.3,28.8,0.0,observed
2024-07-15,4,34.4,39.7,29.4,0.0,observed
2024-07-16,4,36.3,43.0,30.4,0.1,observed
2024-07-17,4,35.2,40.2,30.9,0.0,observed
2024-07-18,4,35.3,40.5,31.5,0.0,observed
2024-07-19,4,33.7,39.1,30.2,0.7,observed
2024-07-20,4,32.8,36.7,30.5,23.9,observed
2024-07-21,4,34.2,40.1,29.7,1.9,observed
2024-07-22,4,33.8,39.6,30.7,8.7,observed
2024-07-23,4,33.0,38.1,29.7,0.0,observed
2024-07-24,4,32.1,36.2,29.5,0.0,observed
2024-07-25,4,32.5,38.6,28.2,0.0,observed
2024-07-26,4,33.1,39.5,28.8,0.0,observed
2024-07-27,4,33.0,38.7,29.0,0.0,observed
2024-07-28,4,33.0,38.0,28.8,0.0,observed
2024-07-29,4,31.9,36.3,29.3,8.3,observed
2024-07-30,4,30.5,35.8,27.3,7.4,observed
2024-07-31,4,30.2,32.9,27.9,5.6,observed
2024-08-01,4,30.5,33.8,28.1,0.0,observed
2024-08-02,4,30.2,33.3,28.0,1.0,observed
2024-08-03,4,29.0,32.5,27.4,13.0,observed
2024-08-04,4,29.8,34.0,27.2,0.0,observed
2024-08-05,4,29.7,33.5,27.0,0.6,observed
2024-08-06,4,28.8,31.3,27.1,0.1,observed
2024-08-07,4,29.2,32.3,27.2,0.0,observed
2024-08-08,4,30.0,34.3,26.9,0.0,observed
2024-08-09,4,31.0,36.2,27.0,0.3,observed
2024-08-10,4,31.3,37.1,27.5,0.0,observed
2024-08-11,4,31.1,36.8,27.7,0.0,observed
2024-08-12,4,30.8,35.2,27.2,0.0,observed
2024-08-13,4,31.8,37.2,28.1,0.4,observed
2024-08-14,4,32.0,37.9,27.8,0.2,observed
2024-08-15,4,31.4,36.6,28.2,0.0,observed
2024-08-16,4,30.9,35.8,27.7,0.1,observed
2024-08-17,4,27.7,28.7,26.8,26.2,observed
2024-08-18,4,29.0,32.5,26.6,1.2,observed
2024-08-19,4,29.2,33.0,26.2,1.0,observed
2024-08-20,4,29.6,33.9,26.5,0.4,observed
2024-08-21,4,30.3,34.6,27.0,0.2,observed
2024-08-22,4,30.7,35.8,26.9,0.2,observed
2024-08-23,4,31.4,37.5,27.0,0.0,observed
2024-08-24,4,31.1,38.2,26.9,3.3,observed
2024-08-25,4,32.2,37.6,27.6,0.1,observed
2024-08-26,4,30.6,37.1,28.2,19.4,observed
2024-08-27,4,28.4,32.0,26.5,14.5,observed
2024-08-28,4,26.6,29.8,25.4,49.0,observed
2024-08-29,4,26.8,29.9,26.0,37.4,observed
2024-08-30,4,27.7,31.1,25.6,4.7,observed
2024-08-31,4,27.6,32.1,25.2,2.8,observed
2024-09-01,4,28.5,32.5,24.8,0.2,observed
2024-09-02,4,28.6,32.5,25.2,0.0,observed
2024-09-03,4,29.3,33.6,25.8,5.3,observed
2024-09-04,4,27.9,32.1,25.5,14.1,observed
2024-09-05,4,29.1,33.7,26.0,0.0,observed
2024-09-06,4,29.0,34.4,25.8,0.0,observed
2024-09-07,4,28.6,33.7,25.2,0.0,observed
2024-09-08,4,28.7,33.7,25.1,0.0,observed
2024-09-09,4,28.7,33.7,25.3,0.0,observed
2024-09-10,4,28.6,33.9,24.8,0.0,observed
2024-09-11,4,29.1,34.7,24.4,0.0,observed
2024-09-12,4,29.0,34.7,25.7,0.0,observed
2024-09-13,4,28.4,33.9,24.9,0.0,observed
2024-09-14,4,28.6,34.5,24.9,0.0,observed
2024-09-15,4,28.8,34.8,24.9,0.0,observed
2024-09-16,4,29.1,35.7,24.7,0.0,observed
2024-09-17,4,29.6,35.8,25.1,0.0,observed
2024-09-18,4,29.6,36.2,24.5,0.0,observed
2024-09-19,4,30.8,37.9,24.8,0.0,observed
2024-09-20,4,31.7,38.8,26.6,0.0,observed
2024-09-21,4,30.5,37.4,25.8,0.0,observed
2024-09-22,4,30.8,37.8,25.9,0.0,observed
2024-09-23,4,30.9,37.5,26.3,0.0,observed
2024-09-24,4,31.0,37.5,26.5,0.0,observed
2024-09-25,4,31.1,38.1,26.1,0.0,observed
2024-09-26,4,31.6,38.6,26.1,0.0,observed
2024-09-27,4,32.5,39.5,27.3,0.0,observed
2024-09-28,4,31.7,38.4,26.9,0.0,observed
2024-09-29,4,31.3,37.8,26.8,0.0,observed
2024-09-30,4,31.9,38.7,26.6,0.0,observed
2024-10-01,4,32.0,39.7,26.1,0.0,observed
2024-10-02,4,31.8,39.9,26.4,0.0,observed
2024-10-03,4,31.1,38.9,26.4,0.0,observed
2024-10-04,4,30.5,37.9,26.5,0.0,observed
2024-10-05,4,30.5,37.0,25.7,0.0,observed
2024-10-06,4,30.5,36.1,25.7,0.0,observed
2024-10-07,4,31.4,37.4,26.1,0.0,observed
2024-10-08,4,32.7,38.6,27.2,0.0,observed
2024-10-09,4,32.2,38.1,26.3,0.0,observed
2024-10-10,4,32.6,39.2,26.8,0.0,observed
2024-10-11,4,32.1,39.1,25.3,0.0,observed
2024-10-12,4,31.3,38.4,24.6,0.0,observed
2024-10-13,4,31.3,35.9,26.5,0.0,observed
2024-10-14,4,30.4,33.7,27.4,0.0,observed
2024-10-15,4,32.7,38.3,26.7,0.0,observed
2024-10-16,4,32.5,38.7,26.3,0.0,observed
2024-10-17,4,32.4,38.6,26.5,0.0,observed
2024-10-18,4,32.4,38.9,26.3,0.0,observed
2024-10-19,4,33.2,39.5,27.0,0.0,observed
2024-10-20,4,33.0,39.3,28.0,0.0,observed
2024-10-21,4,32.3,39.9,25.9,0.0,observed
2024-10-22,4,31.9,39.1,24.9,0.0,observed
2024-10-23,4,31.3,38.6,24.7,0.0,observed
2024-10-24,4,31.2,38.4,24.4,0.0,observed
2024-10-25,4,32.2,40.2,25.6,0.0,observed
2024-10-26,4,32.2,41.5,24.3,0.0,observed
2024-10-27,4,32.3,41.2,24.2,0.0,observed
2024-10-28,4,32.8,41.4,25.7,0.0,observed
2024-10-29,4,30.8,38.9,24.5,0.0,observed
2024-10-30,4,30.3,39.0,24.0,0.0,observed
2024-10-31,4,30.1,37.5,22.9,0.0,observed
2024-11-01,4,31.3,38.3,25.5,0.0,observed
2024-11-02,4,30.8,38.3,24.9,0.0,observed
2024-11-03,4,29.1,36.5,22.9,0.0,observed
2024-11-04,4,29.7,36.5,23.2,0.0,observed
2024-11-05,4,30.2,36.6,24.5,0.0,observed
2024-11-06,4,29.8,37.4,22.6,0.0,observed
2024-11-07,4,29.3,36.7,22.8,0.0,observed
2024-11-08,4,28.9,35.7,23.7,0.0,observed
2024-11-09,4,28.5,35.3,22.7,0.0,observed
2024-11-10,4,28.6,35.4,22.1,0.0,observed
2024-11-11,4,28.4,34.7,22.1,0.0,observed
2024-11-12,4,28.1,34.2,22.8,0.0,observed
2024-11-13,4,27.6,33.9,22.3,0.0,observed
2024-11-14,4,27.5,33.7,21.8,0.0,observed
2024-11-15,4,26.9,33.5,20.8,0.0,observed
2024-11-16,4,26.2,32.7,20.3,0.0,observed
2024-11-17,4,26.2,32.7,20.1,0.0,observed
2024-11-18,4,25.7,31.9,20.4,0.0,observed
2024-11-19,4,25.7,33.0,19.1,0.0,observed
2024-11-20,4,25.0,31.4,19.4,0.0,observed
2024-11-21,4,25.2,32.1,18.1,0.0,observed
2024-11-22,4,25.4,31.9,19.3,0.0,observed
2024-11-23,4,25.8,32.2,20.2,0.0,observed
2024-11-24,4,25.0,31.2,19.5,0.0,observed
2024-11-25,4,24.1,30.7,17.8,0.0,observed
2024-11-26,4,25.3,32.8,18.6,0.0,observed
2024-11-27,4,25.3,32.3,19.3,0.0,observed
2024-11-28,4,25.0,31.7,19.4,0.0,observed
2024-11-29,4,24.7,30.9,18.8,0.0,observed
2024-11-30,4,23.3,28.8,19.1,0.0,observed
2024-12-01,4,23.0,29.0,18.1,0.0,observed
2024-12-02,4,23.1,28.8,17.8,0.0,observed
2024-12-03,4,22.8,27.7,18.3,0.0,observed
2024-12-04,4,22.4,28.0,17.9,0.0,observed
2024-12-05,4,22.7,29.7,16.0,0.0,observed
2024-12-06,4,21.4,27.6,16.2,0.0,observed
2024-12-07,4,20.4,27.0,14.4,0.0,observed
2024-12-08,4,19.0,25.8,13.9,0.0,observed
2024-12-09,4,17.6,24.4,12.4,0.0,observed
2024-12-10,4,16.9,23.5,10.7,0.0,observed
2024-12-11,4,17.0,23.9,11.1,0.0,observed
2024-12-12,4,16.9,22.7,11.7,0.0,observed
2024-12-13,4,16.0,22.6,10.1,0.0,observed
2024-12-14,4,16.1,22.9,10.1,0.0,observed
2024-12-15,4,16.8,24.0,10.9,0.0,observed
2024-12-16,4,17.2,24.0,11.5,0.0,observed
2024-12-17,4,17.4,23.5,12.1,0.0,observed
2024-12-18,4,17.0,23.2,12.2,0.0,observed
2024-12-19,4,17.0,23.3,11.4,0.0,observed
2024-12-20,4,16.3,22.2,10.9,0.0,observed
2024-12-21,4,15.5,22.2,9.8,0.0,observed
2024-12-22,4,16.7,23.1,11.4,0.0,observed
2024-12-23,4,16.5,22.7,11.5,0.0,observed
2024-12-24,4,16.0,21.6,11.2,0.0,observed
2024-12-25,4,15.8,21.5,10.5,0.0,observed
2024-12-26,4,16.0,21.9,11.1,0.0,observed
2024-12-27,4,16.3,22.5,11.5,0.0,observed
2024-12-28,4,16.3,25.0,9.6,0.0,observed
2024-12-29,4,15.7,22.7,8.8,0.0,observed
2024-12-30,4,15.8,22.5,10.1,0.0,observed
2024-12-31,4,16.6,23.2,11.0,0.0,observed
2025-01-01,4,16.8,23.4,11.3,0.0,observed
2025-01-02,4,17.0,23.3,12.3,0.0,observed
2025-01-03,4,16.8,23.5,11.7,0.0,observed
2025-01-04,4,17.2,23.0,11.6,0.0,observed
2025-01-05,4,16.6,22.5,11.7,0.0,observed
2025-01-06,4,15.9,22.4,10.5,0.0,observed
2025-01-07,4,15.3,22.5,9.3,0.0,observed
2025-01-08,4,15.5,24.1,7.6,0.0,observed
2025-01-09,4,15.9,24.5,7.8,0.0,observed
2025-01-10,4,16.9,22.3,12.7,0.0,observed
2025-01-11,4,18.1,24.3,13.4,0.0,observed
2025-01-12,4,15.7,22.8,10.1,0.0,observed
2025-01-13,4,14.8,20.9,9.8,0.0,observed
2025-01-14,4,15.2,22.0,9.6,0.0,observed
2025-01-15,4,16.2,22.5,11.0,0.0,observed
2025-01-16,4,16.7,23.1,10.6,0.0,observed
2025-01-17,4,16.4,22.6,11.4,0.0,observed
2025-01-18,4,16.0,22.4,11.0,0.0,observed
2025-01-19,4,16.7,23.0,11.4,0.0,observed
2025-01-20,4,17.2,23.3,12.0,0.0,observed
2025-01-21,4,17.7,24.1,12.9,0.0,observed
2025-01-22,4,18.1,25.0,11.9,0.0,observed
2025-01-23,4,18.3,24.0,13.3,0.0,observed
2025-01-24,4,17.5,24.3,11.6,0.0,observed
2025-01-25,4,17.5,24.5,11.4,0.0,observed
2025-01-26,4,16.9,25.5,9.0,0.0,observed
2025-01-27,4,17.3,26.5,8.8,0.0,observed
2025-01-28,4,19.7,29.2,10.7,0.0,observed
2025-01-29,4,20.9,28.4,14.9,0.0,observed
2025-01-30,4,19.6,25.5,15.0,0.0,observed
2025-01-31,4,18.0,24.5,12.7,0.0,observed
2025-02-01,4,18.0,24.9,11.8,0.0,observed
2025-02-02,4,18.5,25.4,13.0,0.0,observed
2025-02-03,4,18.2,25.2,12.2,0.0,observed
2025-02-04,4,19.4,26.2,13.2,0.0,observed
2025-02-05,4,17.9,25.1,11.0,0.0,observed
2025-02-06,4,18.1,25.6,12.0,0.0,observed
2025-02-07,4,18.6,25.8,12.8,0.0,observed
2025-02-08,4,19.5,27.5,13.5,0.0,observed
2025-02-09,4,19.9,28.3,12.5,0.0,observed
2025-02-10,4,22.2,30.8,13.4,0.0,observed
2025-02-11,4,22.9,29.5,17.4,0.0,observed
2025-02-12,4,22.2,28.6,16.7,0.0,observed
2025-02-13,4,23.2,31.1,15.1,0.0,observed
2025-02-14,4,26.2,36.0,17.9,0.0,observed
2025-02-15,4,27.3,34.5,21.0,0.0,observed
2025-02-16,4,26.2,34.6,18.7,0.0,observed
2025-02-17,4,25.1,31.1,19.8,0.0,observed
2025-02-18,4,25.6,32.7,19.2,0.0,observed
2025-02-19,4,27.2,33.4,23.0,0.0,observed
2025-02-20,4,24.7,31.5,17.8,0.0,observed
2025-02-21,4,23.1,28.3,19.0,0.0,observed
2025-02-22,4,22.3,29.1,16.7,0.0,observed
2025-02-23,4,23.9,31.4,16.7,0.0,observed
2025-02-24,4,24.7,32.1,18.2,0.0,observed
2025-02-25,4,25.1,31.1,19.9,0.0,observed
2025-02-26,4,27.0,34.0,20.5,0.0,observed
2025-02-27,4,25.4,30.0,21.1,0.0,observed
2025-02-28,4,25.2,31.9,20.8,0.0,observed
2025-03-01,4,25.0,31.5,19.1,0.0,observed
2025-03-02,4,24.8,31.4,19.1,0.0,observed
2025-03-03,4,25.8,32.4,20.5,0.0,observed
2025-03-04,4,22.5,28.2,17.3,0.0,observed
2025-03-05,4,20.6,28.8,11.6,0.0,observed
2025-03-06,4,26.4,36.0,17.3,0.0,observed
2025-03-07,4,27.3,36.3,19.2,0.0,observed
2025-03-08,4,27.4,34.7,20.5,0.0,observed
2025-03-09,4,28.2,36.7,19.6,0.0,observed
2025-03-10,4,30.7,39.0,23.1,0.0,observed
2025-03-11,4,29.4,36.5,22.7,0.0,observed
2025-03-12,4,29.0,37.5,20.4,0.0,observed
2025-03-13,4,29.8,37.4,22.7,0.0,observed
2025-03-14,4,29.1,36.1,23.9,0.0,observed
2025-03-15,4,26.7,32.8,22.2,0.0,observed
2025-03-16,4,26.0,32.7,19.7,0.0,observed
2025-03-17,4,25.9,33.7,17.3,0.0,observed
2025-03-18,4,27.1,34.0,19.5,0.0,observed
2025-03-19,4,27.0,34.0,20.2,0.0,observed
2025-03-20,4,27.6,35.0,20.6,0.0,observed
2025-03-21,4,28.3,35.5,21.7,0.0,observed
2025-03-22,4,29.4,37.8,22.4,0.0,observed
2025-03-23,4,29.7,38.4,22.0,0.0,observed
2025-03-24,4,30.2,37.3,23.8,0.0,observed
2025-03-25,4,28.2,35.9,21.8,0.0,observed
2025-03-26,4,27.8,35.1,22.5,0.0,observed
2025-03-27,4,26.3,33.0,20.2,0.0,observed
2025-03-28,4,25.0,31.9,18.9,0.0,observed
2025-03-29,4,25.7,33.0,19.8,0.0,observed
2025-03-30,4,27.1,35.6,19.1,0.0,observed
2025-03-31,4,28.5,37.0,19.9,0.0,observed
2025-04-01,4,29.0,37.4,20.3,0.0,observed
2025-04-02,4,29.5,38.5,20.0,0.0,observed
2025-04-03,4,31.0,40.6,22.7,0.0,observed
2025-04-04,4,30.0,37.6,22.1,0.0,observed
2025-04-05,4,31.5,41.3,22.2,0.0,observed
2025-04-06,4,34.1,43.6,27.2,0.0,observed
2025-04-07,4,32.7,41.5,26.9,0.0,observed
2025-04-08,4,31.0,39.7,24.6,0.0,observed
2025-04-09,4,30.4,38.7,23.6,0.0,observed
2025-04-10,4,30.4,39.7,25.0,0.0,observed
2025-04-11,4,30.6,39.7,23.9,0.0,observed
2025-04-12,4,32.1,41.8,24.0,0.0,observed
2025-04-13,4,32.2,41.2,25.5,0.0,observed
2025-04-14,4,33.2,43.2,27.1,0.0,observed
2025-04-15,4,33.3,44.0,26.3,0.0,observed
2025-04-16,4,33.1,42.6,25.9,0.0,observed
2025-04-17,4,33.5,42.5,27.0,0.0,observed
2025-04-18,4,32.5,40.2,26.7,0.0,observed
2025-04-19,4,32.0,40.8,25.1,0.0,observed
2025-04-20,4,32.0,39.5,22.7,0.0,observed
2025-04-21,4,31.6,38.7,24.3,0.0,observed
2025-04-22,4,32.0,40.1,22.6,0.0,observed
2025-04-23,4,32.9,41.8,23.6,0.0,observed
2025-04-24,4,32.8,42.0,25.4,0.0,observed
2025-04-25,4,32.8,43.2,25.3,0.0,observed
2025-04-26,4,34.1,43.2,26.4,0.0,observed
2025-04-27,4,34.2,43.4,27.6,0.0,observed
2025-04-28,4,34.2,43.0,27.0,0.0,observed
2025-04-29,4,34.7,43.1,27.1,0.0,observed
2025-04-30,4,34.8,42.9,28.4,0.0,observed
2025-05-01,4,34.1,41.6,28.6,0.0,observed
2025-05-02,4,33.3,41.6,27.5,0.0,observed
2025-05-03,4,32.6,42.1,26.4,0.1,observed
2025-05-04,4,31.8,40.0,25.9,0.2,observed
2025-05-05,4,30.1,37.4,24.3,0.0,observed
2025-05-06,4,32.5,38.9,25.7,0.0,observed
2025-05-07,4,33.7,40.4,27.0,0.0,observed
2025-05-08,4,32.8,38.1,27.0,0.0,observed
2025-05-09,4,32.0,39.4,25.8,0.0,observed
2025-05-10,4,33.6,40.5,27.1,0.0,observed
2025-05-11,4,33.0,40.9,27.0,0.0,observed
2025-05-12,4,31.8,38.7,26.5,0.0,observed
2025-05-13,4,31.4,38.6,25.5,0.0,observed
2025-05-14,4,33.0,41.0,26.3,0.0,observed
2025-05-15,4,33.5,42.0,26.3,0.0,observed
2025-05-16,4,33.0,41.7,25.8,0.0,observed
2025-05-17,4,32.7,40.8,26.3,0.0,observed
2025-05-18,4,32.9,40.9,27.1,0.0,observed
2025-05-19,4,32.2,39.7,26.6,0.0,observed
2025-05-20,4,32.7,40.1,26.8,0.0,observed
2025-05-21,4,32.9,40.8,27.1,0.0,observed
2025-05-22,4,32.9,40.7,26.9,0.0,observed
2025-05-23,4,33.2,42.5,26.6,0.0,observed
2025-05-24,4,33.7,41.4,27.2,0.0,observed
2025-05-25,4,35.4,44.4,27.8,0.0,observed
2025-05-26,4,36.8,45.5,29.1,0.0,observed
2025-05-27,4,35.5,44.1,30.1,0.0,observed
2025-05-28,4,34.7,43.0,27.8,0.0,observed
2025-05-29,4,35.7,46.2,28.1,0.0,observed
2025-05-30,4,36.1,43.9,29.2,0.0,observed
2025-05-31,4,34.1,43.3,28.2,0.0,observed
2025-06-01,4,34.4,42.9,27.7,0.0,observed
2025-06-02,4,33.2,40.6,27.6,0.1,observed
2025-06-03,4,32.4,38.4,27.5,0.0,observed
2025-06-04,4,31.9,38.1,26.9,0.0,observed
2025-06-05,4,32.2,38.6,27.1,0.0,observed
2025-06-06,4,32.5,40.0,27.2,0.0,observed
2025-06-07,4,32.5,40.4,26.9,0.0,observed
2025-06-08,4,32.2,39.9,26.6,0.0,observed
2025-06-09,4,31.7,39.1,26.8,0.0,observed
2025-06-10,4,31.8,38.7,26.9,0.0,observed
2025-06-11,4,32.8,39.6,27.6,0.0,observed
2025-06-12,4,33.6,42.6,27.6,0.0,observed
2025-06-13,4,34.3,42.8,27.7,0.0,observed
2025-06-14,4,34.8,42.4,28.1,0.0,observed
2025-06-15,4,33.5,40.8,28.2,3.7,observed
2025-06-16,4,34.6,39.3,30.6,0.0,observed
2025-06-17,4,36.0,42.0,31.9,0.0,observed
2025-06-18,4,35.4,43.6,30.2,0.0,observed
2025-06-19,4,32.9,38.8,28.7,0.0,observed
2025-06-20,4,32.8,38.2,28.5,0.0,observed
2025-06-21,4,33.1,38.8,29.1,0.0,observed
2025-06-22,4,32.7,37.8,29.2,0.0,observed
2025-06-23,4,32.9,38.6,28.4,0.0,observed
2025-06-24,4,33.1,39.1,28.8,0.0,observed
2025-06-25,4,33.2,39.2,28.2,0.0,observed
2025-06-26,4,32.9,37.7,29.0,1.6,observed
2025-06-27,4,30.3,36.9,28.1,15.4,observed
2025-06-28,4,30.2,35.2,27.4,10.0,observed
2025-06-29,4,31.2,35.8,27.4,0.3,observed
2025-06-30,4,31.8,36.8,28.0,0.0,observed
2025-07-01,4,32.0,37.3,28.2,0.0,observed
2025-07-02,4,32.1,38.1,27.9,0.0,observed
2025-07-03,4,31.8,36.2,28.1,0.0,observed
2025-07-04,4,32.2,36.4,29.1,0.6,observed
2025-07-05,4,32.7,37.8,28.7,0.0,observed
2025-07-06,4,32.1,36.6,28.6,0.0,observed
2025-07-07,4,31.8,35.6,28.4,0.2,observed
2025-07-08,4,32.4,37.4,28.0,0.0,observed
2025-07-09,4,32.3,37.1,28.5,0.0,observed
2025-07-10,4,32.2,36.9,28.0,0.0,observed
2025-07-11,4,32.3,37.7,28.0,0.0,observed
2025-07-12,4,32.3,37.3,28.2,0.0,observed
2025-07-13,4,32.3,39.0,28.1,0.0,observed
2025-07-14,4,32.8,39.2,28.4,0.2,observed
2025-07-15,4,32.6,38.6,28.1,0.0,observed
2025-07-16,4,31.8,37.5,27.6,0.0,observed
2025-07-17,4,32.0,37.2,27.1,0.0,observed
2025-07-18,4,32.5,37.4,28.3,0.0,observed
2025-07-19,4,32.2,38.7,28.8,0.1,observed
2025-07-20,4,31.3,36.1,28.5,0.4,observed
2025-07-21,4,32.3,37.2,28.3,0.1,observed
2025-07-22,4,32.1,37.8,28.5,0.0,observed
2025-07-23,4,31.2,35.8,28.0,0.0,observed
2025-07-24,4,31.6,36.0,27.6,0.1,observed
2025-07-25,4,32.0,38.5,27.4,0.0,observed
2025-07-26,4,31.8,37.8,27.7,0.0,observed
2025-07-27,4,31.0,37.4,27.9,0.0,observed
2025-07-28,4,31.0,36.5,28.0,0.0,observed
2025-07-29,4,31.0,36.9,27.4,0.0,observed
2025-07-30,4,30.9,36.5,27.0,0.0,observed
2025-07-31,4,31.4,37.3,26.7,0.0,observed
2025-08-01,4,30.8,35.9,27.1,0.0,observed
2025-08-02,4,30.0,33.9,27.0,0.0,observed
2025-08-03,4,30.6,35.8,27.1,0.0,observed
2025-08-04,4,30.4,36.0,26.6,0.0,observed
2025-08-05,4,30.0,34.9,26.6,0.0,observed
2025-08-06,4,30.2,35.8,26.3,0.0,observed
2025-08-07,4,30.2,35.9,26.0,0.0,observed
2025-08-08,4,30.2,36.1,26.1,0.0,observed
2025-08-09,4,30.6,36.7,26.2,0.0,observed
2025-08-10,4,30.5,36.8,26.3,0.0,observed
2025-08-11,4,30.1,36.3,26.2,0.0,observed
2025-08-12,4,30.1,36.1,26.3,0.0,observed
2025-08-13,4,30.6,36.6,26.5,0.0,observed
2025-08-14,4,31.1,35.5,27.1,0.0,observed
2025-08-15,4,32.7,37.4,28.6,0.0,observed
2025-08-16,4,32.8,37.7,28.9,0.0,observed
2025-08-17,4,33.0,37.0,28.8,0.1,observed
2025-08-18,4,33.3,38.9,29.3,0.3,observed
2025-08-19,4,30.8,35.0,27.5,10.3,observed
2025-08-20,4,30.3,36.0,26.6,62.9,observed
2025-08-21,4,29.1,34.0,27.0,18.7,observed
2025-08-22,4,30.1,34.9,27.0,0.0,observed
2025-08-23,4,29.8,33.9,27.0,0.0,observed
2025-08-24,4,30.2,35.5,26.7,0.0,observed
2025-08-25,4,30.6,35.8,26.8,0.0,observed
2025-08-26,4,30.0,34.9,26.3,0.0,observed
2025-08-27,4,29.9,35.2,25.8,0.0,observed
2025-08-28,4,30.1,35.8,26.0,0.0,observed
2025-08-29,4,30.0,34.9,26.0,0.0,observed
2025-08-30,4,30.3,35.2,26.1,0.0,observed
2025-08-31,4,30.0,35.3,26.6,0.0,observed
2025-09-01,4,29.8,35.4,25.8,0.0,observed
2025-09-02,4,29.8,35.7,25.4,0.0,observed
2025-09-03,4,29.8,35.4,25.2,0.0,observed
2025-09-04,4,31.2,37.6,25.3,0.2,observed
2025-09-05,4,32.5,38.4,27.4,0.0,observed
2025-09-06,4,33.2,39.2,28.4,0.0,observed
2025-09-07,4,29.5,33.5,26.4,6.5,observed
2025-09-08,4,26.9,31.6,25.2,36.2,observed
2025-09-09,4,26.1,28.6,24.8,33.5,observed
2025-09-10,4,27.2,31.0,24.8,2.4,observed
2025-09-11,4,27.3,30.5,24.4,0.3,observed
2025-09-12,4,28.4,32.9,25.3,0.4,observed
2025-09-13,4,28.7,33.7,25.2,0.0,observed
2025-09-14,4,28.9,34.1,25.3,0.0,observed
2025-09-15,4,28.7,32.9,25.5,0.0,observed
2025-09-16,4,29.1,34.7,25.9,0.0,observed
2025-09-17,4,29.2,34.3,25.2,0.0,observed
2025-09-18,4,29.1,34.3,24.8,0.0,observed
2025-09-19,4,28.5,33.5,24.7,0.0,observed
2025-09-20,4,28.8,34.5,24.1,0.0,observed
2025-09-21,4,28.6,34.5,24.2,0.0,observed
2025-09-22,4,28.9,34.8,24.3,0.0,observed
2025-09-23,4,28.9,34.6,25.0,0.0,observed
2025-09-24,4,29.1,34.6,25.1,0.2,observed
2025-09-25,4,29.3,34.7,24.6,0.0,observed
2025-09-26,4,29.4,34.7,24.6,0.0,observed
2025-09-27,4,30.7,37.2,25.4,0.0,observed
2025-09-28,4,32.1,39.4,25.4,0.0,observed
2025-09-29,4,33.2,39.2,28.2,0.2,observed
2025-09-30,4,30.4,35.5,27.6,12.0,observed
2025-10-01,4,29.8,34.0,26.3,0.1,observed
2025-10-02,4,29.6,33.2,26.7,0.0,observed
2025-10-03,4,28.8,31.0,26.8,0.1,observed
2025-10-04,4,29.7,34.1,26.2,0.0,observed
2025-10-05,4,29.3,34.7,25.9,0.0,observed
2025-10-06,4,29.5,35.9,25.9,0.0,observed
2025-10-07,4,28.0,33.6,23.5,0.0,observed
2025-10-08,4,28.0,34.1,22.3,0.0,observed
2025-10-09,4,28.2,33.8,23.2,0.0,observed
2025-10-10,4,28.6,34.1,24.1,0.0,observed
2025-10-11,4,28.5,34.0,24.1,0.0,observed
2025-10-12,4,28.9,34.5,24.2,0.0,observed
2025-10-13,4,29.0,34.8,24.5,0.0,observed
2025-10-14,4,29.1,34.9,24.2,0.0,observed
2025-10-15,4,29.2,35.7,24.2,0.0,observed
2025-10-16,4,28.7,35.5,21.8,0.0,observed
2025-10-17,4,29.3,36.3,23.7,0.0,observed
2025-10-18,4,29.5,36.5,23.6,0.0,observed
2025-10-19,4,29.8,36.9,24.8,0.0,observed
2025-10-20,4,28.7,36.1,22.2,0.0,observed
2025-10-21,4,29.1,36.1,22.7,0.0,observed
2025-10-22,4,29.2,36.3,23.5,0.0,observed
2025-10-23,4,29.1,37.1,22.6,0.0,observed
2025-10-24,4,28.8,36.8,21.7,0.0,observed
2025-10-25,4,29.0,37.1,21.5,0.0,observed
2025-10-26,4,28.6,36.1,21.7,0.0,observed
2025-10-27,4,28.2,35.1,21.2,0.0,observed
2025-10-28,4,27.7,33.6,22.1,0.0,observed
2025-10-29,4,27.4,32.7,21.9,0.0,observed
2025-10-30,4,28.2,33.8,22.9,0.0,observed
2025-10-31,4,27.7,34.6,22.0,0.0,observed
2025-11-01,4,27.7,34.8,21.2,0.0,observed
2025-11-02,4,27.5,35.3,20.4,0.0,observed
2025-11-03,4,27.5,35.7,21.4,0.0,observed
2025-11-04,4,26.9,36.0,19.9,0.0,observed
2025-11-05,4,25.0,32.4,20.0,0.0,observed
2025-11-06,4,24.7,32.7,18.6,0.0,observed
2025-11-07,4,24.7,32.6,17.5,0.0,observed
2025-11-08,4,25.3,32.4,18.7,0.0,observed
2025-11-09,4,23.7,30.7,16.8,0.0,observed
2025-11-10,4,23.5,30.0,17.2,0.0,observed
2025-11-11,4,23.6,30.1,17.8,0.0,observed
2025-11-12,4,23.9,30.8,17.6,0.0,observed
2025-11-13,4,23.3,30.8,16.0,0.0,observed
2025-11-14,4,22.7,30.5,15.2,0.0,observed
2025-11-15,4,22.8,30.4,15.0,0.0,observed
2025-11-16,4,22.8,30.5,15.7,0.0,observed
2025-11-17,4,22.1,30.4,14.0,0.0,observed
2025-11-18,4,21.4,29.8,12.7,0.0,observed
2025-11-19,4,21.7,30.0,13.0,0.0,observed
2025-11-20,4,21.5,29.5,14.1,0.0,observed
2025-11-21,4,21.8,29.6,14.5,0.0,observed
2025-11-22,4,22.0,29.2,15.5,0.0,observed
2025-11-23,4,21.4,28.6,14.4,0.0,observed
2025-11-24,4,20.9,28.3,14.7,0.0,observed
2025-11-25,4,20.8,26.9,15.7,0.0,observed
2025-11-26,4,20.8,27.6,14.8,0.0,observed
2025-11-27,4,20.4,25.9,15.9,0.0,observed
2025-11-28,4,19.8,26.1,14.8,0.0,observed
2025-11-29,4,19.6,26.4,14.1,0.0,observed
2025-11-30,4,19.9,26.9,13.9,0.0,observed
2025-12-01,4,19.5,28.2,11.9,0.0,observed
2025-12-02,4,18.7,26.4,12.0,0.0,observed
2025-12-03,4,18.5,26.2,12.3,0.0,observed
2025-12-04,4,19.0,26.4,13.1,0.0,observed
2025-12-05,4,19.2,27.6,11.9,0.0,observed
2025-12-06,4,19.3,25.3,14.4,0.0,observed
2025-12-07,4,19.8,27.7,13.9,0.0,observed
2025-12-08,4,20.2,29.0,13.3,0.0,observed
2025-12-09,4,20.7,29.5,13.2,0.0,observed
2025-12-10,4,20.6,29.8,11.6,0.0,observed
2025-12-11,4,20.5,28.7,12.0,0.0,observed
2025-12-12,4,20.0,28.1,12.1,0.0,observed
2025-12-13,4,20.5,28.2,14.3,0.0,observed
2025-12-14,4,19.1,25.6,14.2,0.0,observed
2025-12-15,4,19.1,25.9,13.9,0.0,observed
2025-12-16,4,19.3,26.7,14.0,0.0,observed
2025-12-17,4,19.5,27.1,13.7,0.0,observed
2025-12-18,4,19.7,27.2,13.3,0.0,observed
2025-12-19,4,20.3,27.8,14.3,0.0,observed
2025-12-20,4,22.6,29.7,16.2,0.0,observed
2025-12-21,4,22.6,29.2,16.5,0.0,observed
2025-12-22,4,20.5,25.4,16.8,0.0,observed
2025-12-23,4,19.7,25.7,14.9,0.0,observed
2025-12-24,4,18.6,25.6,12.9,0.0,observed
2025-12-25,4,17.9,25.4,10.2,0.0,observed
2025-12-26,4,18.6,25.3,12.3,0.0,observed
2025-12-27,4,18.7,25.3,13.8,0.0,observed
2025-12-28,4,19.0,25.7,14.0,0.0,observed
2025-12-29,4,18.6,25.5,13.2,0.0,observed
2025-12-30,4,19.5,26.5,12.6,0.0,observed
2025-12-31,4,19.1,24.1,16.0,6.0,observed
2026-01-01,4,17.6,23.4,13.1,0.0,observed
2026-01-02,4,16.7,22.8,11.8,0.0,observed
2026-01-03,4,16.4,23.1,10.4,0.0,observed
2026-01-04,4,17.1,23.9,11.1,0.0,observed
2026-01-05,4,17.5,23.7,12.3,0.0,observed
2026-01-06,4,17.2,23.4,12.0,0.0,observed
2026-01-07,4,16.0,22.2,11.2,0.0,observed
2026-01-08,4,14.4,20.3,9.7,0.0,observed
2026-01-09,4,14.3,21.1,9.0,0.0,observed
2026-01-10,4,13.7,20.3,8.4,0.0,observed
2026-01-11,4,13.4,20.7,7.3,0.0,observed
2026-01-12,4,13.7,21.1,7.7,0.0,observed
2026-01-13,4,14.1,20.8,8.7,0.0,observed
2026-01-14,4,16.3,24.1,9.2,0.0,observed
2026-01-15,4,19.3,26.3,13.1,0.0,observed
2026-01-16,4,19.9,27.0,13.3,0.0,observed
2026-01-17,4,19.8,25.6,14.8,0.0,observed
2026-01-18,4,19.1,24.8,14.6,0.0,observed
2026-01-19,4,18.9,26.1,12.6,0.0,observed
2026-01-20,4,19.3,26.0,13.0,0.0,observed
2026-01-21,4,19.2,25.8,13.2,0.0,observed
2026-01-22,4,18.7,25.5,13.7,0.2,observed
2026-01-23,4,13.8,19.8,8.2,0.0,observed
2026-01-24,4,12.9,19.6,7.3,0.0,observed
2026-01-25,4,13.5,19.6,8.3,0.0,observed
2026-01-26,4,14.1,19.4,10.1,0.5,observed
2026-01-27,4,16.4,22.1,11.8,0.0,observed
2026-01-28,4,16.5,23.6,9.8,0.0,observed
2026-01-29,4,16.8,23.4,10.9,0.0,observed
2026-01-30,4,17.3,23.8,12.1,0.0,observed
2026-01-31,4,18.2,25.0,12.7,0.0,observed
2026-02-01,4,19.5,26.8,13.3,0.0,observed
2026-02-02,4,19.8,26.7,14.0,0.0,observed
2026-02-03,4,20.4,27.9,13.7,0.0,observed
2026-02-04,4,20.6,28.4,14.1,0.0,observed
2026-02-05,4,20.5,27.9,14.6,0.0,observed
2026-02-06,4,20.9,29.0,14.5,0.0,observed
2026-02-07,4,21.4,28.8,15.1,0.0,observed
2026-02-08,4,21.9,29.7,14.2,0.0,observed
2026-02-09,4,22.6,29.4,15.7,0.0,observed
2026-02-10,4,22.7,27.7,18.2,0.0,observed
2026-02-11,4,21.9,28.1,16.5,0.0,observed
2026-02-12,4,21.9,29.1,16.0,0.0,observed
2026-02-13,4,23.1,31.2,14.9,0.0,observed
2026-02-14,4,24.3,32.2,16.0,0.0,observed
2026-02-15,4,24.1,32.5,15.7,0.0,observed
2026-02-16,4,22.9,29.6,18.1,0.0,observed
2026-02-17,4,21.7,27.1,16.7,0.6,observed
2026-02-18,4,22.2,28.3,16.4,0.0,observed
2026-02-19,4,23.6,29.6,17.8,0.0,observed
2026-02-20,4,23.9,30.5,17.8,0.0,observed
2026-02-21,4,24.4,31.3,18.1,0.0,observed
2026-02-22,4,25.4,32.7,19.5,0.0,observed
2026-02-23,4,24.7,32.6,17.9,0.0,observed
2026-02-24,4,25.5,33.5,18.2,0.0,observed
2026-02-25,4,26.5,34.3,19.1,0.0,observed
2026-02-26,4,27.1,34.4,19.5,0.0,observed
2026-02-27,4,27.3,33.5,22.5,0.0,observed
2026-02-28,4,26.2,33.6,19.7,0.0,observed
2026-03-01,4,26.5,33.6,19.5,0.0,observed
2026-03-02,4,26.9,34.4,19.7,0.0,observed
2026-03-03,4,27.6,35.0,20.2,0.0,observed
2026-03-04,4,26.5,34.3,19.1,0.0,observed
2026-03-05,4,26.2,35.3,19.2,0.0,observed
2026-03-06,4,27.2,37.0,20.0,0.0,observed
2026-03-07,4,27.3,36.9,20.8,0.0,observed
2026-03-08,4,27.6,36.9,19.3,0.0,observed
2026-03-09,4,28.4,37.6,19.9,0.0,observed
2026-03-10,4,29.1,37.5,22.3,0.0,observed
2026-03-11,4,28.0,36.8,19.9,0.0,observed
2026-03-12,4,29.2,36.7,21.9,0.0,observed
2026-03-13,4,29.5,36.3,22.2,0.0,observed
2026-03-14,4,29.3,37.1,21.6,0.0,observed
2026-03-15,4,29.9,36.9,23.9,0.0,observed
2026-03-16,4,29.6,37.3,22.1,0.0,observed
2026-03-17,4,28.2,34.4,22.0,0.0,observed
2026-03-18,4,25.8,32.2,21.0,7.2,observed
2026-03-19,4,22.0,26.6,18.2,0.9,observed
2026-03-20,4,23.7,30.4,16.9,0.0,observed
2026-03-21,4,25.6,30.9,21.4,0.4,observed
2026-03-22,4,26.3,31.7,21.2,0.0,observed
2026-03-23,4,27.6,34.1,22.0,0.0,observed
2026-03-24,4,28.3,34.5,23.2,0.0,observed
2026-03-25,4,28.5,34.6,24.5,0.0,observed
2026-03-26,4,27.9,34.3,23.2,0.3,observed
2026-03-27,4,28.1,34.9,22.6,0.0,observed
2026-03-28,4,28.5,35.3,24.1,0.0,observed
2026-03-29,4,27.9,33.5,23.6,0.0,observed
2026-03-30,4,26.9,32.9,22.6,0.0,observed
2026-03-31,4,25.8,31.7,20.5,0.0,observed
2026-04-01,4,27.2,34.0,21.3,0.0,observed
2026-04-02,4,22.8,26.4,18.9,2.1,observed
2026-04-03,4,22.8,29.2,17.2,2.0,observed
2026-04-04,4,25.1,32.6,19.3,0.0,observed
2026-04-05,4,25.9,33.2,20.6,0.0,observed
2026-04-06,4,26.2,31.4,21.4,0.4,observed
2026-04-07,4,28.2,34.5,24.3,0.0,observed
2026-04-08,4,28.1,35.4,21.4,0.0,observed
2026-04-09,4,29.0,36.4,22.0,0.0,observed
2026-04-10,4,30.4,36.7,23.4,0.0,observed
2026-04-11,4,31.2,38.4,24.5,0.0,observed
2026-04-12,4,31.9,39.0,24.6,0.0,observed
2026-04-13,4,32.1,40.0,25.4,0.0,observed
2026-04-14,4,32.6,40.2,25.8,0.0,observed
2026-04-15,4,33.2,41.5,25.2,0.0,observed
2026-04-16,4,31.5,39.1,25.8,0.0,observed
2026-04-17,4,32.0,41.5,24.3,0.0,observed
2026-04-18,4,30.3,37.9,24.1,0.0,observed
2026-04-19,4,30.2,38.8,22.4,0.0,observed
2026-04-20,4,32.2,40.3,25.4,0.0,observed
2026-04-21,4,31.0,38.9,25.4,0.0,observed
2026-04-22,4,30.5,39.0,23.8,0.0,observed
2026-04-23,4,31.2,39.1,25.2,0.0,observed
2026-04-24,4,31.7,39.7,26.3,0.6,observed
2026-04-25,4,33.4,43.1,25.5,0.0,observed
2026-04-26,4,34.9,44.5,26.9,0.0,observed
2026-04-27,4,32.9,40.6,26.9,0.0,observed
2026-04-28,4,32.3,40.4,27.1,0.0,observed
2026-04-29,4,33.7,44.0,26.2,0.0,observed
2026-04-30,4,33.0,41.9,26.4,0.0,observed
2026-05-01,4,35.0,45.2,26.9,0.0,observed
2026-05-02,4,35.5,45.1,28.4,0.0,observed
2026-05-03,4,35.9,44.0,27.5,0.0,observed
2026-05-04,4,35.5,42.4,29.0,0.0,observed
2026-05-05,4,34.5,42.6,27.0,0.0,observed
2026-05-06,4,33.5,42.4,25.1,0.0,observed
2026-05-07,4,31.5,39.2,26.2,0.0,observed
2026-05-08,4,32.0,40.0,26.0,0.0,observed
2026-05-09,4,32.6,41.2,26.1,0.0,observed
2026-05-10,4,32.8,41.3,25.9,0.0,observed
2026-05-11,4,32.7,40.4,25.9,0.0,observed
2026-05-12,4,33.4,41.1,26.7,0.1,observed
2026-05-13,4,34.7,42.9,28.1,0.0,observed
2026-05-14,4,33.6,40.1,28.3,0.0,observed
2026-05-15,4,32.1,38.1,27.3,0.0,observed
2026-05-16,4,32.8,40.7,27.1,0.0,observed
2026-05-17,4,32.9,40.8,26.7,0.0,observed
2026-05-18,4,31.4,39.0,25.6,0.0,observed
2026-05-19,4,32.6,40.4,27.1,0.0,observed
2026-05-20,4,32.7,39.9,27.6,0.0,observed
2026-05-21,4,31.9,38.8,27.2,0.0,observed
2026-05-22,4,32.9,41.1,27.1,0.0,observed
2026-05-23,4,32.6,40.3,27.5,0.0,observed
2026-05-24,4,31.7,39.2,26.5,0.0,observed
2026-05-25,4,33.1,41.7,27.8,0.0,observed
2026-05-26,4,33.5,43.0,27.5,0.0,observed
2026-05-27,4,32.8,41.0,27.4,0.0,observed
2026-05-28,4,33.4,42.3,28.1,0.0,observed
2026-05-29,4,34.4,46.3,28.6,0.0,observed
2026-05-30,4,33.6,40.8,28.4,0.0,observed
2026-05-31,4,32.9,38.9,28.7,0.0,observed
2026-06-01,4,33.0,39.4,28.3,0.0,observed
2026-06-02,4,33.7,39.6,28.3,0.1,observed
2026-06-03,4,32.9,40.1,27.9,0.0,observed
2026-06-04,4,32.7,39.6,28.4,0.0,observed
2026-06-05,4,33.7,41.8,28.3,0.0,observed
2026-06-06,4,32.9,39.9,27.9,0.0,observed
2026-06-07,4,33.4,41.5,28.2,0.0,observed
2026-06-08,4,33.5,41.3,28.4,0.0,observed
2026-06-09,4,33.8,41.9,28.8,0.0,observed
2026-06-10,4,34.4,42.8,28.9,0.0,observed
2026-06-11,4,36.4,46.6,29.0,0.0,observed
2026-06-12,4,35.2,43.7,29.8,0.3,observed
2026-06-13,4,33.4,40.0,28.8,0.0,observed
2026-06-14,4,32.5,38.0,28.6,0.0,observed
2026-06-15,4,32.3,37.9,28.1,0.0,observed
2026-06-16,4,32.4,37.9,28.6,0.0,observed
2026-06-17,4,32.5,37.7,28.7,0.0,observed
2026-06-18,4,32.4,37.6,28.5,0.0,observed
2026-06-19,4,32.4,38.4,28.6,0.0,observed
2026-06-20,4,32.5,38.7,28.6,0.0,observed
2026-06-21,4,32.1,38.0,28.4,0.0,observed
2026-06-22,4,32.3,38.1,28.4,0.0,observed
2026-06-23,4,32.4,38.6,28.5,0.0,observed
2026-06-24,4,32.0,37.7,28.5,0.0,observed
2026-06-25,4,32.6,38.5,28.4,0.0,observed
2026-06-26,4,33.0,39.1,28.6,0.0,observed
2026-06-27,4,33.0,39.0,28.5,0.0,observed
2026-06-28,4,32.3,38.5,28.5,0.0,observed
2026-06-29,4,31.9,37.4,28.2,0.0,observed
2026-06-30,4,31.7,36.7,28.2,0.0,observed
2026-07-01,4,32.4,38.5,28.3,0.0,observed
2026-07-02,4,32.8,39.1,28.8,0.0,observed
2026-07-03,4,33.2,39.6,28.5,0.0,observed
2026-07-04,4,33.3,39.4,29.0,0.0,observed
2026-07-05,4,33.7,40.2,28.6,0.0,observed
2026-07-06,4,33.8,40.7,28.5,0.0,observed
2026-07-07,4,33.5,39.9,28.3,0.0,observed
2026-07-08,4,32.7,38.8,29.2,0.0,observed
2026-07-09,4,32.0,38.2,28.1,0.0,observed
2026-07-10,4,31.8,37.5,28.1,0.0,observed
2026-07-11,4,31.4,37.4,27.9,0.0,observed
2026-07-12,4,31.9,37.2,28.3,0.0,observed
2026-07-13,4,31.9,37.8,28.5,0.0,observed
2026-07-14,4,31.4,36.9,27.6,0.0,observed
2026-07-15,4,31.6,36.8,27.6,0.0,observed
2026-07-16,4,31.7,38.2,27.4,0.0,observed
2026-07-17,4,31.3,37.3,27.6,0.0,observed
2026-07-18,4,31.1,36.9,27.5,0.0,observed
2026-07-19,4,31.2,36.7,27.8,0.0,observed
2026-07-20,4,30.8,34.5,27.5,0.1,observed
2026-07-21,4,31.0,34.5,28.0,0.0,observed
2026-07-22,4,32.4,38.1,27.9,0.0,observed
2026-07-23,4,33.4,38.4,28.8,0.4,observed
2026-07-24,4,32.4,36.6,29.4,0.6,observed
2026-07-25,4,31.0,34.5,28.8,1.1,observed
2026-07-26,4,32.3,37.1,28.2,0.1,observed
2026-07-27,4,32.2,37.8,28.7,0.0,observed
2026-07-28,4,31.3,36.7,27.7,0.0,observed
2026-07-29,4,31.7,37.8,27.7,0.0,observed
2026-07-30,4,32.4,38.0,27.2,0.0,observed
2026-07-31,4,33.6,39.0,28.3,0.0,observed
2026-08-01,4,33.0,38.9,29.5,3.9,observed
2026-08-02,4,27.7,29.2,26.1,17.1,observed
2026-08-03,4,29.6,34.3,27.2,0.0,observed
2026-08-04,4,30.1,35.2,26.1,0.0,observed
2026-08-05,4,30.0,35.2,26.8,0.0,observed
2026-08-06,4,30.2,36.1,26.7,0.0,observed
2026-08-07,4,30.5,36.6,26.2,0.0,observed
2026-08-08,4,30.9,36.5,26.9,0.0,observed
2026-08-09,4,30.9,36.3,26.8,0.0,observed
2026-08-10,4,30.9,36.9,27.3,0.0,observed
2026-08-11,4,30.5,36.3,26.8,0.0,observed
2026-08-12,4,30.1,34.1,26.5,0.0,observed
2026-08-13,4,30.5,36.0,27.1,0.0,observed
2026-08-14,4,29.9,35.2,26.4,0.0,observed
2026-08-15,4,30.4,35.9,26.5,0.0,observed
2026-08-16,4,30.2,36.1,26.7,0.0,observed
2026-08-17,4,29.8,35.3,26.2,0.0,observed
2026-08-18,4,29.9,35.7,26.4,0.0,observed
2026-08-19,4,30.1,36.0,26.3,0.0,observed
2026-08-20,4,30.1,36.2,26.5,0.0,observed
2026-08-21,4,30.2,36.4,26.4,0.0,observed
2026-08-22,4,30.0,35.4,26.3,0.0,observed
2026-08-23,4,30.1,35.9,26.2,0.1,observed
2026-08-24,4,31.2,37.4,26.5,0.0,observed
2026-08-25,4,30.6,36.4,26.6,0.0,observed
2026-08-26,4,30.0,36.4,26.1,0.0,observed
2026-08-27,4,29.6,35.7,25.9,0.0,observed
2026-08-28,4,29.5,36.1,25.6,0.0,observed
2026-08-29,4,29.5,35.1,26.0,0.0,observed
2026-08-30,4,29.4,34.7,25.9,0.0,observed
2026-08-31,4,29.2,35.0,25.6,0.0,observed
2026-09-01,4,29.3,34.8,25.5,0.0,observed
2026-09-02,4,29.5,35.3,25.5,0.0,observed
2026-09-03,4,29.3,35.4,25.5,0.0,observed
2026-09-04,4,29.7,36.1,25.8,0.0,observed
2026-09-05,4,30.2,36.0,26.1,0.0,observed
2026-09-06,4,30.0,36.2,26.2,0.0,observed
2026-09-07,4,29.8,36.0,25.7,0.0,observed
2026-09-08,4,30.0,35.9,25.8,0.0,observed
2026-09-09,4,30.0,35.5,25.3,0.0,observed
2026-09-10,4,30.1,35.5,25.1,0.0,observed
2026-09-11,4,30.6,36.5,24.9,0.0,observed
2026-09-12,4,32.7,40.1,26.6,0.0,observed
2026-09-13,4,35.1,41.0,28.9,0.0,observed
2026-09-14,4,33.7,40.6,29.2,1.3,observed
2026-09-15,4,31.3,36.3,28.4,0.3,observed
2026-09-16,4,31.3,35.5,28.3,0.2,observed
2026-09-17,4,31.2,35.9,27.5,0.0,observed
2026-09-18,4,31.0,36.5,26.4,2.0,observed
2026-09-19,4,31.4,37.2,26.4,0.0,observed
2026-09-20,4,32.8,39.0,26.7,0.0,observed
2026-09-21,4,34.3,40.8,28.3,0.0,observed
2026-09-22,4,35.0,40.8,30.3,0.0,observed
2026-09-23,4,34.0,41.0,29.1,0.0,observed
2026-09-24,4,31.6,38.4,26.9,0.0,observed
2026-09-25,4,30.6,37.2,26.1,0.0,observed
2026-09-26,4,30.3,36.5,26.4,0.0,observed
2026-09-27,4,29.6,36.2,25.8,0.0,observed
2026-09-28,4,29.3,34.9,25.3,0.0,observed
2026-09-29,4,29.7,35.0,25.0,0.0,observed
2026-09-30,4,29.2,35.2,24.4,0.0,observed
2026-10-01,4,29.4,36.1,24.1,0.0,observed
2026-10-02,4,29.9,37.4,24.2,0.0,observed
2026-10-03,4,30.2,37.0,25.0,0.0,observed
2026-10-04,4,30.2,37.3,26.1,0.0,observed
2026-10-05,4,29.2,35.0,25.0,0.0,forecast
2026-10-06,4,29.7,35.6,25.2,0.0,forecast
2026-10-07,4,30.0,35.2,25.7,0.0,forecast
2026-10-08,4,28.8,35.4,23.8,0.0,forecast
2026-10-09,4,28.9,35.0,24.8,0.0,forecast
2026-10-10,4,29.3,35.1,25.5,0.0,forecast
2026-10-11,4,29.8,35.1,24.7,0.0,forecast
2026-10-12,4,31.1,37.0,24.8,0.0,forecast
2026-10-13,4,32.9,38.7,26.0,0.0,forecast
2026-10-14,4,33.8,39.3,27.9,0.0,forecast
2026-10-15,4,34.1,39.8,27.6,0.0,forecast
2026-10-16,4,34.4,39.4,28.3,0.0,forecast
2026-10-17,4,34.4,39.3,28.8,0.0,forecast
2026-10-18,4,33.7,38.8,27.2,0.0,forecast
2026-10-19,4,31.9,38.1,26.7,0.0,forecast
2026-10-20,4,29.5,36.0,25.5,0.0,forecast
2024-01-01,5,17.1,24.4,11.3,0.0,observed
2024-01-02,5,16.6,24.3,10.6,0.0,observed
2024-01-03,5,17.0,23.8,11.3,0.0,observed
2024-01-04,5,16.2,22.4,10.9,0.0,observed
2024-01-05,5,16.2,22.7,10.4,0.0,observed
2024-01-06,5,16.7,23.0,11.8,0.0,observed
2024-01-07,5,16.1,22.8,11.1,0.0,observed
2024-01-08,5,16.2,23.7,10.2,0.0,observed
2024-01-09,5,15.5,22.1,10.5,0.0,observed
2024-01-10,5,15.3,23.1,10.0,0.0,observed
2024-01-11,5,15.4,24.6,7.9,0.0,observed
2024-01-12,5,16.1,25.3,9.6,0.0,observed
2024-01-13,5,17.0,26.6,8.4,0.0,observed
2024-01-14,5,17.9,25.2,12.5,0.0,observed
2024-01-15,5,18.1,25.1,10.7,0.0,observed
2024-01-16,5,19.6,25.3,14.9,0.0,observed
2024-01-17,5,18.2,24.5,13.0,0.0,observed
2024-01-18,5,17.4,24.4,11.7,0.0,observed
2024-01-19,5,17.7,25.3,11.7,0.0,observed
2024-01-20,5,18.5,26.0,11.7,0.0,observed
2024-01-21,5,19.0,26.2,13.2,0.0,observed
2024-01-22,5,19.5,27.2,11.5,0.0,observed
2024-01-23,5,19.0,26.0,13.8,0.0,observed
2024-01-24,5,16.5,25.2,9.8,0.0,observed
2024-01-25,5,17.2,25.1,9.1,0.0,observed
2024-01-26,5,17.3,23.9,11.6,0.0,observed
2024-01-27,5,17.7,24.6,12.4,0.0,observed
2024-01-28,5,18.7,26.3,10.9,0.0,observed
2024-01-29,5,21.2,27.3,16.7,0.0,observed
2024-01-30,5,21.4,27.1,16.0,0.0,observed
2024-01-31,5,23.2,29.0,18.6,0.0,observed
2024-02-01,5,22.8,29.7,15.8,0.0,observed
2024-02-02,5,21.8,29.1,17.4,0.0,observed
2024-02-03,5,20.3,27.8,15.5,0.8,observed
2024-02-04,5,20.5,24.5,16.6,2.0,observed
2024-02-05,5,19.6,25.7,14.4,0.0,observed
2024-02-06,5,19.5,25.1,14.5,0.0,observed
2024-02-07,5,19.7,24.8,16.2,0.0,observed
2024-02-08,5,18.6,25.1,14.4,0.0,observed
2024-02-09,5,19.3,27.6,10.7,0.0,observed
2024-02-10,5,19.7,28.0,12.4,0.0,observed
2024-02-11,5,19.4,27.0,13.3,0.0,observed
2024-02-12,5,19.2,26.3,14.2,0.0,observed
2024-02-13,5,17.7,25.3,12.9,0.0,observed
2024-02-14,5,18.7,27.1,12.4,0.0,observed
2024-02-15,5,18.9,27.5,12.5,0.0,observed
2024-02-16,5,19.4,29.0,12.2,0.0,observed
2024-02-17,5,21.3,30.9,12.2,0.0,observed
2024-02-18,5,23.3,30.4,17.6,0.0,observed
2024-02-19,5,25.3,31.7,21.3,0.0,observed
2024-02-20,5,23.8,30.9,18.8,0.0,observed
2024-02-21,5,23.4,30.0,18.5,0.0,observed
2024-02-22,5,21.2,27.1,15.9,0.0,observed
2024-02-23,5,19.6,28.3,11.9,0.0,observed
2024-02-24,5,19.8,28.5,11.9,0.0,observed
2024-02-25,5,20.3,28.6,11.6,0.2,observed
2024-02-26,5,21.1,28.2,15.7,0.7,observed
2024-02-27,5,19.5,26.1,14.4,0.0,observed
2024-02-28,5,20.7,27.9,14.7,0.0,observed
2024-02-29,5,22.7,31.5,15.6,0.0,observed
2024-03-01,5,21.6,26.2,17.1,0.0,observed
2024-03-02,5,20.1,23.6,16.0,0.0,observed
2024-03-03,5,16.8,23.1,9.7,0.0,observed
2024-03-04,5,17.3,25.0,9.6,0.0,observed
2024-03-05,5,18.2,25.4,11.8,0.0,observed
2024-03-06,5,20.0,27.0,13.1,0.0,observed
2024-03-07,5,21.4,28.0,15.4,0.0,observed
2024-03-08,5,21.6,29.5,15.2,0.0,observed
2024-03-09,5,22.1,29.6,15.6,0.0,observed
2024-03-10,5,21.0,26.7,16.4,1.3,observed
2024-03-11,5,25.0,32.0,18.7,0.0,observed
2024-03-12,5,25.5,32.9,18.4,0.0,observed
2024-03-13,5,25.7,32.7,20.0,0.0,observed
2024-03-14,5,23.4,31.3,16.7,0.0,observed
2024-03-15,5,24.4,31.8,18.0,0.0,observed
2024-03-16,5,25.6,34.5,17.6,0.0,observed
2024-03-17,5,26.6,35.0,19.0,0.0,observed
2024-03-18,5,27.4,35.6,19.2,0.0,observed
2024-03-19,5,30.6,39.0,23.3,0.0,observed
2024-03-20,5,29.4,38.1,21.7,0.0,observed
2024-03-21,5,31.3,38.1,26.1,0.0,observed
2024-03-22,5,30.0,38.4,23.2,0.0,observed
2024-03-23,5,30.2,38.4,22.9,0.0,observed
2024-03-24,5,31.3,40.0,24.1,0.0,observed
2024-03-25,5,32.0,39.9,24.1,0.0,observed
2024-03-26,5,33.3,40.8,27.1,0.0,observed
2024-03-27,5,30.9,39.1,24.3,0.0,observed
2024-03-28,5,30.2,36.7,23.3,0.0,observed
2024-03-29,5,29.1,35.5,24.1,0.0,observed
2024-03-30,5,27.6,35.2,21.0,0.0,observed
2024-03-31,5,29.0,36.3,23.5,0.0,observed
2024-04-01,5,29.0,36.1,21.8,0.0,observed
2024-04-02,5,30.0,37.2,23.7,0.0,observed
2024-04-03,5,29.6,37.5,23.2,0.0,observed
2024-04-04,5,30.2,37.7,23.2,0.0,observed
2024-04-05,5,30.7,37.6,24.6,0.0,observed
2024-04-06,5,30.7,37.8,23.6,0.0,observed
2024-04-07,5,32.0,39.9,24.4,0.0,observed
2024-04-08,5,33.3,41.0,24.8,0.0,observed
2024-04-09,5,33.9,41.3,26.5,0.0,observed
2024-04-10,5,31.9,40.0,26.5,0.0,observed
2024-04-11,5,31.5,40.6,22.8,0.0,observed
2024-04-12,5,32.8,39.8,27.0,0.0,observed
2024-04-13,5,30.2,37.6,24.8,0.2,observed
2024-04-14,5,27.4,30.5,24.3,0.7,observed
2024-04-15,5,27.8,33.7,22.5,0.0,observed
2024-04-16,5,30.5,37.0,23.6,0.0,observed
2024-04-17,5,32.3,38.9,26.7,0.0,observed
2024-04-18,5,29.1,32.8,25.8,0.4,observed
2024-04-19,5,28.2,34.5,22.8,0.0,observed
2024-04-20,5,29.8,36.7,23.7,0.0,observed
2024-04-21,5,30.4,37.4,23.9,0.0,observed
2024-04-22,5,31.5,38.9,24.6,0.0,observed
2024-04-23,5,31.5,40.0,24.2,0.0,observed
2024-04-24,5,31.8,40.2,23.7,0.0,observed
2024-04-25,5,31.5,39.3,25.1,0.0,observed
2024-04-26,5,31.5,38.9,25.5,0.0,observed
2024-04-27,5,31.4,38.2,24.6,0.0,observed
2024-04-28,5,32.6,40.2,25.3,0.0,observed
2024-04-29,5,32.9,39.4,25.9,0.0,observed
2024-04-30,5,31.3,38.5,23.3,0.0,observed
2024-05-01,5,30.4,37.3,22.3,0.0,observed
2024-05-02,5,31.6,40.5,20.6,0.0,observed
2024-05-03,5,32.6,40.0,27.3,0.0,observed
2024-05-04,5,32.6,39.7,27.1,0.0,observed
2024-05-05,5,33.2,40.9,26.4,0.0,observed
2024-05-06,5,34.4,43.0,27.0,0.0,observed
2024-05-07,5,35.8,45.1,27.9,0.0,observed
2024-05-08,5,35.9,45.1,28.1,0.0,observed
2024-05-09,5,35.4,43.8,28.3,0.0,observed
2024-05-10,5,33.0,40.8,26.3,0.0,observed
2024-05-11,5,32.4,39.1,25.9,0.0,observed
2024-05-12,5,33.6,41.1,26.2,0.0,observed
2024-05-13,5,34.5,42.6,27.6,0.0,observed
2024-05-14,5,34.2,41.5,26.9,0.0,observed
2024-05-15,5,36.1,43.2,28.9,0.0,observed
2024-05-16,5,36.2,43.7,28.8,0.0,observed
2024-05-17,5,37.1,45.3,29.1,0.0,observed
2024-05-18,5,36.7,44.4,29.5,0.0,observed
2024-05-19,5,34.9,42.0,28.3,0.0,observed
2024-05-20,5,34.8,43.2,28.0,0.0,observed
2024-05-21,5,37.2,47.3,29.2,0.0,observed
2024-05-22,5,38.0,48.0,30.8,0.0,observed
2024-05-23,5,37.9,48.3,30.7,0.0,observed
2024-05-24,5,37.4,46.8,30.5,0.0,observed
2024-05-25,5,36.9,46.5,29.2,0.0,observed
2024-05-26,5,37.4,49.0,28.8,0.0,observed
2024-05-27,5,37.3,49.1,29.9,0.0,observed
2024-05-28,5,36.9,48.1,29.2,0.0,observed
2024-05-29,5,37.6,48.1,28.1,0.0,observed
2024-05-30,5,36.9,47.4,28.2,0.0,observed
2024-05-31,5,34.6,43.4,28.5,0.0,observed
2024-06-01,5,35.0,44.0,28.0,0.0,observed
2024-06-02,5,34.3,42.0,28.4,0.0,observed
2024-06-03,5,32.7,40.3,27.5,0.0,observed
2024-06-04,5,32.0,38.6,27.2,0.0,observed
2024-06-05,5,32.2,37.8,27.9,0.0,observed
2024-06-06,5,33.4,40.3,28.0,0.0,observed
2024-06-07,5,33.9,41.5,28.0,0.0,observed
2024-06-08,5,33.5,41.5,27.4,0.2,observed
2024-06-09,5,33.7,40.8,27.5,0.0,observed
2024-06-10,5,33.9,41.9,27.7,0.0,observed
2024-06-11,5,33.1,40.4,27.9,0.4,observed
2024-06-12,5,32.7,39.1,27.9,0.0,observed
2024-06-13,5,32.9,39.4,28.5,0.0,observed
2024-06-14,5,33.1,39.5,28.7,0.0,observed
2024-06-15,5,33.6,39.6,28.7,0.1,observed
2024-06-16,5,33.9,41.0,28.9,0.0,observed
2024-06-17,5,33.2,39.8,28.7,0.0,observed
2024-06-18,5,33.2,39.8,28.9,0.0,observed
2024-06-19,5,33.4,40.7,28.7,0.0,observed
2024-06-20,5,33.8,41.4,28.5,0.0,observed
2024-06-21,5,33.9,40.1,28.4,0.1,observed
2024-06-22,5,35.6,41.6,29.9,0.0,observed
2024-06-23,5,37.3,44.7,30.6,0.0,observed
2024-06-24,5,38.9,46.3,31.5,0.0,observed
2024-06-25,5,38.5,46.2,31.3,0.0,observed
2024-06-26,5,35.7,42.4,29.7,0.2,observed
2024-06-27,5,35.1,43.2,31.9,0.5,observed
2024-06-28,5,33.5,37.6,30.0,0.7,observed
2024-06-29,5,34.3,38.7,30.6,0.0,observed
2024-06-30,5,34.8,40.5,30.2,0.0,observed
2024-07-01,5,35.5,42.6,31.0,0.0,observed
2024-07-02,5,34.3,40.7,30.0,0.0,observed
2024-07-03,5,34.5,40.8,30.2,0.0,observed
2024-07-04,5,34.0,40.0,29.5,0.0,observed
2024-07-05,5,33.2,38.7,29.4,0.0,observed
2024-07-06,5,33.4,38.7,29.6,0.0,observed
2024-07-07,5,34.4,43.2,29.6,0.6,observed
2024-07-08,5,33.9,38.5,30.4,4.9,observed
2024-07-09,5,32.5,37.2,30.3,3.1,observed
2024-07-10,5,32.8,37.5,29.6,0.0,observed
2024-07-11,5,32.0,36.9,28.9,0.0,observed
2024-07-12,5,32.0,37.1,28.9,0.0,observed
2024-07-13,5,32.2,37.8,28.6,0.1,observed
2024-07-14,5,33.0,39.3,28.8,0.0,observed
2024-07-15,5,34.4,39.7,29.4,0.0,observed
2024-07-16,5,36.3,43.0,30.4,0.1,observed
2024-07-17,5,35.2,40.2,30.9,0.0,observed
2024-07-18,5,35.3,40.5,31.5,0.0,observed
2024-07-19,5,33.7,39.1,30.2,0.7,observed
2024-07-20,5,32.8,36.7,30.5,23.9,observed
2024-07-21,5,34.2,40.1,29.7,1.9,observed
2024-07-22,5,33.8,39.6,30.7,8.7,observed
2024-07-23,5,33.0,38.1,29.7,0.0,observed
2024-07-24,5,32.1,36.2,29.5,0.0,observed
2024-07-25,5,32.5,38.6,28.2,0.0,observed
2024-07-26,5,33.1,39.5,28.8,0.0,observed
2024-07-27,5,33.0,38.7,29.0,0.0,observed
2024-07-28,5,33.0,38.0,28.8,0.0,observed
2024-07-29,5,31.9,36.3,29.3,8.3,observed
2024-07-30,5,30.5,35.8,27.3,7.4,observed
2024-07-31,5,30.2,32.9,27.9,5.6,observed
2024-08-01,5,30.5,33.8,28.1,0.0,observed
2024-08-02,5,30.2,33.3,28.0,1.0,observed
2024-08-03,5,29.0,32.5,27.4,13.0,observed
2024-08-04,5,29.8,34.0,27.2,0.0,observed
2024-08-05,5,29.7,33.5,27.0,0.6,observed
2024-08-06,5,28.8,31.3,27.1,0.1,observed
2024-08-07,5,29.2,32.3,27.2,0.0,observed
2024-08-08,5,30.0,34.3,26.9,0.0,observed
2024-08-09,5,31.0,36.2,27.0,0.3,observed
2024-08-10,5,31.3,37.1,27.5,0.0,observed
2024-08-11,5,31.1,36.8,27.7,0.0,observed
2024-08-12,5,30.8,35.2,27.2,0.0,observed
2024-08-13,5,31.8,37.2,28.1,0.4,observed
2024-08-14,5,32.0,37.9,27.8,0.2,observed
2024-08-15,5,31.4,36.6,28.2,0.0,observed
2024-08-16,5,30.9,35.8,27.7,0.1,observed
2024-08-17,5,27.7,28.7,26.8,26.2,observed
2024-08-18,5,29.0,32.5,26.6,1.2,observed
2024-08-19,5,29.2,33.0,26.2,1.0,observed
2024-08-20,5,29.6,33.9,26.5,0.4,observed
2024-08-21,5,30.3,34.6,27.0,0.2,observed
2024-08-22,5,30.7,35.8,26.9,0.2,observed
2024-08-23,5,31.4,37.5,27.0,0.0,observed
2024-08-24,5,31.1,38.2,26.9,3.3,observed
2024-08-25,5,32.2,37.6,27.6,0.1,observed
2024-08-26,5,30.6,37.1,28.2,19.4,observed
2024-08-27,5,28.4,32.0,26.5,14.5,observed
2024-08-28,5,26.6,29.8,25.4,49.0,observed
2024-08-29,5,26.8,29.9,26.0,37.4,observed
2024-08-30,5,27.7,31.1,25.6,4.7,observed
2024-08-31,5,27.6,32.1,25.2,2.8,observed
2024-09-01,5,28.5,32.5,24.8,0.2,observed
2024-09-02,5,28.6,32.5,25.2,0.0,observed
2024-09-03,5,29.3,33.6,25.8,5.3,observed
2024-09-04,5,27.9,32.1,25.5,14.1,observed
2024-09-05,5,29.1,33.7,26.0,0.0,observed
2024-09-06,5,29.0,34.4,25.8,0.0,observed
2024-09-07,5,28.6,33.7,25.2,0.0,observed
2024-09-08,5,28.7,33.7,25.1,0.0,observed
2024-09-09,5,28.7,33.7,25.3,0.0,observed
2024-09-10,5,28.6,33.9,24.8,0.0,observed
2024-09-11,5,29.1,34.7,24.4,0.0,observed
2024-09-12,5,29.0,34.7,25.7,0.0,observed
2024-09-13,5,28.4,33.9,24.9,0.0,observed
2024-09-14,5,28.6,34.5,24.9,0.0,observed
2024-09-15,5,28.8,34.8,24.9,0.0,observed
2024-09-16,5,29.1,35.7,24.7,0.0,observed
2024-09-17,5,29.6,35.8,25.1,0.0,observed
2024-09-18,5,29.6,36.2,24.5,0.0,observed
2024-09-19,5,30.8,37.9,24.8,0.0,observed
2024-09-20,5,31.7,38.8,26.6,0.0,observed
2024-09-21,5,30.5,37.4,25.8,0.0,observed
2024-09-22,5,30.8,37.8,25.9,0.0,observed
2024-09-23,5,30.9,37.5,26.3,0.0,observed
2024-09-24,5,31.0,37.5,26.5,0.0,observed
2024-09-25,5,31.1,38.1,26.1,0.0,observed
2024-09-26,5,31.6,38.6,26.1,0.0,observed
2024-09-27,5,32.5,39.5,27.3,0.0,observed
2024-09-28,5,31.7,38.4,26.9,0.0,observed
2024-09-29,5,31.3,37.8,26.8,0.0,observed
2024-09-30,5,31.9,38.7,26.6,0.0,observed
2024-10-01,5,32.0,39.7,26.1,0.0,observed
2024-10-02,5,31.8,39.9,26.4,0.0,observed
2024-10-03,5,31.1,38.9,26.4,0.0,observed
2024-10-04,5,30.5,37.9,26.5,0.0,observed
2024-10-05,5,30.5,37.0,25.7,0.0,observed
2024-10-06,5,30.5,36.1,25.7,0.0,observed
2024-10-07,5,31.4,37.4,26.1,0.0,observed
2024-10-08,5,32.7,38.6,27.2,0.0,observed
2024-10-09,5,32.2,38.1,26.3,0.0,observed
2024-10-10,5,32.6,39.2,26.8,0.0,observed
2024-10-11,5,32.1,39.1,25.3,0.0,observed
2024-10-12,5,31.3,38.4,24.6,0.0,observed
2024-10-13,5,31.3,35.9,26.5,0.0,observed
2024-10-14,5,30.4,33.7,27.4,0.0,observed
2024-10-15,5,32.7,38.3,26.7,0.0,observed
2024-10-16,5,32.5,38.7,26.3,0.0,observed
2024-10-17,5,32.4,38.6,26.5,0.0,observed
2024-10-18,5,32.4,38.9,26.3,0.0,observed
2024-10-19,5,33.2,39.5,27.0,0.0,observed
2024-10-20,5,33.0,39.3,28.0,0.0,observed
2024-10-21,5,32.3,39.9,25.9,0.0,observed
2024-10-22,5,31.9,39.1,24.9,0.0,observed
2024-10-23,5,31.3,38.6,24.7,0.0,observed
2024-10-24,5,31.2,38.4,24.4,0.0,observed
2024-10-25,5,32.2,40.2,25.6,0.0,observed
2024-10-26,5,32.2,41.5,24.3,0.0,observed
2024-10-27,5,32.3,41.2,24.2,0.0,observed
2024-10-28,5,32.8,41.4,25.7,0.0,observed
2024-10-29,5,30.8,38.9,24.5,0.0,observed
2024-10-30,5,30.3,39.0,24.0,0.0,observed
2024-10-31,5,30.1,37.5,22.9,0.0,observed
2024-11-01,5,31.3,38.3,25.5,0.0,observed
2024-11-02,5,30.8,38.3,24.9,0.0,observed
2024-11-03,5,29.1,36.5,22.9,0.0,observed
2024-11-04,5,29.7,36.5,23.2,0.0,observed
2024-11-05,5,30.2,36.6,24.5,0.0,observed
2024-11-06,5,29.8,37.4,22.6,0.0,observed
2024-11-07,5,29.3,36.7,22.8,0.0,observed
2024-11-08,5,28.9,35.7,23.7,0.0,observed
2024-11-09,5,28.5,35.3,22.7,0.0,observed
2024-11-10,5,28.6,35.4,22.1,0.0,observed
2024-11-11,5,28.4,34.7,22.1,0.0,observed
2024-11-12,5,28.1,34.2,22.8,0.0,observed
2024-11-13,5,27.6,33.9,22.3,0.0,observed
2024-11-14,5,27.5,33.7,21.8,0.0,observed
2024-11-15,5,26.9,33.5,20.8,0.0,observed
2024-11-16,5,26.2,32.7,20.3,0.0,observed
2024-11-17,5,26.2,32.7,20.1,0.0,observed
2024-11-18,5,25.7,31.9,20.4,0.0,observed
2024-11-19,5,25.7,33.0,19.1,0.0,observed
2024-11-20,5,25.0,31.4,19.4,0.0,observed
2024-11-21,5,25.2,32.1,18.1,0.0,observed
2024-11-22,5,25.4,31.9,19.3,0.0,observed
2024-11-23,5,25.8,32.2,20.2,0.0,observed
2024-11-24,5,25.0,31.2,19.5,0.0,observed
2024-11-25,5,24.1,30.7,17.8,0.0,observed
2024-11-26,5,25.3,32.8,18.6,0.0,observed
2024-11-27,5,25.3,32.3,19.3,0.0,observed
2024-11-28,5,25.0,31.7,19.4,0.0,observed
2024-11-29,5,24.7,30.9,18.8,0.0,observed
2024-11-30,5,23.3,28.8,19.1,0.0,observed
2024-12-01,5,23.0,29.0,18.1,0.0,observed
2024-12-02,5,23.1,28.8,17.8,0.0,observed
2024-12-03,5,22.8,27.7,18.3,0.0,observed
2024-12-04,5,22.4,28.0,17.9,0.0,observed
2024-12-05,5,22.7,29.7,16.0,0.0,observed
2024-12-06,5,21.4,27.6,16.2,0.0,observed
2024-12-07,5,20.4,27.0,14.4,0.0,observed
2024-12-08,5,19.0,25.8,13.9,0.0,observed
2024-12-09,5,17.6,24.4,12.4,0.0,observed
2024-12-10,5,16.9,23.5,10.7,0.0,observed
2024-12-11,5,17.0,23.9,11.1,0.0,observed
2024-12-12,5,16.9,22.7,11.7,0.0,observed
2024-12-13,5,16.0,22.6,10.1,0.0,observed
2024-12-14,5,16.1,22.9,10.1,0.0,observed
2024-12-15,5,16.8,24.0,10.9,0.0,observed
2024-12-16,5,17.2,24.0,11.5,0.0,observed
2024-12-17,5,17.4,23.5,12.1,0.0,observed
2024-12-18,5,17.0,23.2,12.2,0.0,observed
2024-12-19,5,17.0,23.3,11.4,0.0,observed
2024-12-20,5,16.3,22.2,10.9,0.0,observed
2024-12-21,5,15.5,22.2,9.8,0.0,observed
2024-12-22,5,16.7,23.1,11.4,0.0,observed
2024-12-23,5,16.5,22.7,11.5,0.0,observed
2024-12-24,5,16.0,21.6,11.2,0.0,observed
2024-12-25,5,15.8,21.5,10.5,0.0,observed
2024-12-26,5,16.0,21.9,11.1,0.0,observed
2024-12-27,5,16.3,22.5,11.5,0.0,observed
2024-12-28,5,16.3,25.0,9.6,0.0,observed
2024-12-29,5,15.7,22.7,8.8,0.0,observed
2024-12-30,5,15.8,22.5,10.1,0.0,observed
2024-12-31,5,16.6,23.2,11.0,0.0,observed
2025-01-01,5,16.8,23.4,11.3,0.0,observed
2025-01-02,5,17.0,23.3,12.3,0.0,observed
2025-01-03,5,16.8,23.5,11.7,0.0,observed
2025-01-04,5,17.2,23.0,11.6,0.0,observed
2025-01-05,5,16.6,22.5,11.7,0.0,observed
2025-01-06,5,15.9,22.4,10.5,0.0,observed
2025-01-07,5,15.3,22.5,9.3,0.0,observed
2025-01-08,5,15.5,24.1,7.6,0.0,observed
2025-01-09,5,15.9,24.5,7.8,0.0,observed
2025-01-10,5,16.9,22.3,12.7,0.0,observed
2025-01-11,5,18.1,24.3,13.4,0.0,observed
2025-01-12,5,15.7,22.8,10.1,0.0,observed
2025-01-13,5,14.8,20.9,9.8,0.0,observed
2025-01-14,5,15.2,22.0,9.6,0.0,observed
2025-01-15,5,16.2,22.5,11.0,0.0,observed
2025-01-16,5,16.7,23.1,10.6,0.0,observed
2025-01-17,5,16.4,22.6,11.4,0.0,observed
2025-01-18,5,16.0,22.4,11.0,0.0,observed
2025-01-19,5,16.7,23.0,11.4,0.0,observed
2025-01-20,5,17.2,23.3,12.0,0.0,observed
2025-01-21,5,17.7,24.1,12.9,0.0,observed
2025-01-22,5,18.1,25.0,11.9,0.0,observed
2025-01-23,5,18.3,24.0,13.3,0.0,observed
2025-01-24,5,17.5,24.3,11.6,0.0,observed
2025-01-25,5,17.5,24.5,11.4,0.0,observed
2025-01-26,5,16.9,25.5,9.0,0.0,observed
2025-01-27,5,17.3,26.5,8.8,0.0,observed
2025-01-28,5,19.7,29.2,10.7,0.0,observed
2025-01-29,5,20.9,28.4,14.9,0.0,observed
2025-01-30,5,19.6,25.5,15.0,0.0,observed
2025-01-31,5,18.0,24.5,12.7,0.0,observed
2025-02-01,5,18.0,24.9,11.8,0.0,observed
2025-02-02,5,18.5,25.4,13.0,0.0,observed
2025-02-03,5,18.2,25.2,12.2,0.0,observed
2025-02-04,5,19.4,26.2,13.2,0.0,observed
2025-02-05,5,17.9,25.1,11.0,0.0,observed
2025-02-06,5,18.1,25.6,12.0,0.0,observed
2025-02-07,5,18.6,25.8,12.8,0.0,observed
2025-02-08,5,19.5,27.5,13.5,0.0,observed
2025-02-09,5,19.9,28.3,12.5,0.0,observed
2025-02-10,5,22.2,30.8,13.4,0.0,observed
2025-02-11,5,22.9,29.5,17.4,0.0,observed
2025-02-12,5,22.2,28.6,16.7,0.0,observed
2025-02-13,5,23.2,31.1,15.1,0.0,observed
2025-02-14,5,26.2,36.0,17.9,0.0,observed
2025-02-15,5,27.3,34.5,21.0,0.0,observed
2025-02-16,5,26.2,34.6,18.7,0.0,observed
2025-02-17,5,25.1,31.1,19.8,0.0,observed
2025-02-18,5,25.6,32.7,19.2,0.0,observed
2025-02-19,5,27.2,33.4,23.0,0.0,observed
2025-02-20,5,24.7,31.5,17.8,0.0,observed
2025-02-21,5,23.1,28.3,19.0,0.0,observed
2025-02-22,5,22.3,29.1,16.7,0.0,observed
2025-02-23,5,23.9,31.4,16.7,0.0,observed
2025-02-24,5,24.7,32.1,18.2,0.0,observed
2025-02-25,5,25.1,31.1,19.9,0.0,observed
2025-02-26,5,27.0,34.0,20.5,0.0,observed
2025-02-27,5,25.4,30.0,21.1,0.0,observed
2025-02-28,5,25.2,31.9,20.8,0.0,observed
2025-03-01,5,25.0,31.5,19.1,0.0,observed
2025-03-02,5,24.8,31.4,19.1,0.0,observed
2025-03-03,5,25.8,32.4,20.5,0.0,observed
2025-03-04,5,22.5,28.2,17.3,0.0,observed
2025-03-05,5,20.6,28.8,11.6,0.0,observed
2025-03-06,5,26.4,36.0,17.3,0.0,observed
2025-03-07,5,27.3,36.3,19.2,0.0,observed
2025-03-08,5,27.4,34.7,20.5,0.0,observed
2025-03-09,5,28.2,36.7,19.6,0.0,observed
2025-03-10,5,30.7,39.0,23.1,0.0,observed
2025-03-11,5,29.4,36.5,22.7,0.0,observed
2025-03-12,5,29.0,37.5,20.4,0.0,observed
2025-03-13,5,29.8,37.4,22.7,0.0,observed
2025-03-14,5,29.1,36.1,23.9,0.0,observed
2025-03-15,5,26.7,32.8,22.2,0.0,observed
2025-03-16,5,26.0,32.7,19.7,0.0,observed
2025-03-17,5,25.9,33.7,17.3,0.0,observed
2025-03-18,5,27.1,34.0,19.5,0.0,observed
2025-03-19,5,27.0,34.0,20.2,0.0,observed
2025-03-20,5,27.6,35.0,20.6,0.0,observed
2025-03-21,5,28.3,35.5,21.7,0.0,observed
2025-03-22,5,29.4,37.8,22.4,0.0,observed
2025-03-23,5,29.7,38.4,22.0,0.0,observed
2025-03-24,5,30.2,37.3,23.8,0.0,observed
2025-03-25,5,28.2,35.9,21.8,0.0,observed
2025-03-26,5,27.8,35.1,22.5,0.0,observed
2025-03-27,5,26.3,33.0,20.2,0.0,observed
2025-03-28,5,25.0,31.9,18.9,0.0,observed
2025-03-29,5,25.7,33.0,19.8,0.0,observed
2025-03-30,5,27.1,35.6,19.1,0.0,observed
2025-03-31,5,28.5,37.0,19.9,0.0,observed
2025-04-01,5,29.0,37.4,20.3,0.0,observed
2025-04-02,5,29.5,38.5,20.0,0.0,observed
2025-04-03,5,31.0,40.6,22.7,0.0,observed
2025-04-04,5,30.0,37.6,22.1,0.0,observed
2025-04-05,5,31.5,41.3,22.2,0.0,observed
2025-04-06,5,34.1,43.6,27.2,0.0,observed
2025-04-07,5,32.7,41.5,26.9,0.0,observed
2025-04-08,5,31.0,39.7,24.6,0.0,observed
2025-04-09,5,30.4,38.7,23.6,0.0,observed
2025-04-10,5,30.4,39.7,25.0,0.0,observed
2025-04-11,5,30.6,39.7,23.9,0.0,observed
2025-04-12,5,32.1,41.8,24.0,0.0,observed
2025-04-13,5,32.2,41.2,25.5,0.0,observed
2025-04-14,5,33.2,43.2,27.1,0.0,observed
2025-04-15,5,33.3,44.0,26.3,0.0,observed
2025-04-16,5,33.1,42.6,25.9,0.0,observed
2025-04-17,5,33.5,42.5,27.0,0.0,observed
2025-04-18,5,32.5,40.2,26.7,0.0,observed
2025-04-19,5,32.0,40.8,25.1,0.0,observed
2025-04-20,5,32.0,39.5,22.7,0.0,observed
2025-04-21,5,31.6,38.7,24.3,0.0,observed
2025-04-22,5,32.0,40.1,22.6,0.0,observed
2025-04-23,5,32.9,41.8,23.6,0.0,observed
2025-04-24,5,32.8,42.0,25.4,0.0,observed
2025-04-25,5,32.8,43.2,25.3,0.0,observed
2025-04-26,5,34.1,43.2,26.4,0.0,observed
2025-04-27,5,34.2,43.4,27.6,0.0,observed
2025-04-28,5,34.2,43.0,27.0,0.0,observed
2025-04-29,5,34.7,43.1,27.1,0.0,observed
2025-04-30,5,34.8,42.9,28.4,0.0,observed
2025-05-01,5,34.1,41.6,28.6,0.0,observed
2025-05-02,5,33.3,41.6,27.5,0.0,observed
2025-05-03,5,32.6,42.1,26.4,0.1,observed
2025-05-04,5,31.8,40.0,25.9,0.2,observed
2025-05-05,5,30.1,37.4,24.3,0.0,observed
2025-05-06,5,32.5,38.9,25.7,0.0,observed
2025-05-07,5,33.7,40.4,27.0,0.0,observed
2025-05-08,5,32.8,38.1,27.0,0.0,observed
2025-05-09,5,32.0,39.4,25.8,0.0,observed
2025-05-10,5,33.6,40.5,27.1,0.0,observed
2025-05-11,5,33.0,40.9,27.0,0.0,observed
2025-05-12,5,31.8,38.7,26.5,0.0,observed
2025-05-13,5,31.4,38.6,25.5,0.0,observed
2025-05-14,5,33.0,41.0,26.3,0.0,observed
2025-05-15,5,33.5,42.0,26.3,0.0,observed
2025-05-16,5,33.0,41.7,25.8,0.0,observed
2025-05-17,5,32.7,40.8,26.3,0.0,observed
2025-05-18,5,32.9,40.9,27.1,0.0,observed
2025-05-19,5,32.2,39.7,26.6,0.0,observed
2025-05-20,5,32.7,40.1,26.8,0.0,observed
2025-05-21,5,32.9,40.8,27.1,0.0,observed
2025-05-22,5,32.9,40.7,26.9,0.0,observed
2025-05-23,5,33.2,42.5,26.6,0.0,observed
2025-05-24,5,33.7,41.4,27.2,0.0,observed
2025-05-25,5,35.4,44.4,27.8,0.0,observed
2025-05-26,5,36.8,45.5,29.1,0.0,observed
2025-05-27,5,35.5,44.1,30.1,0.0,observed
2025-05-28,5,34.7,43.0,27.8,0.0,observed
2025-05-29,5,35.7,46.2,28.1,0.0,observed
2025-05-30,5,36.1,43.9,29.2,0.0,observed
2025-05-31,5,34.1,43.3,28.2,0.0,observed
2025-06-01,5,34.4,42.9,27.7,0.0,observed
2025-06-02,5,33.2,40.6,27.6,0.1,observed
2025-06-03,5,32.4,38.4,27.5,0.0,observed
2025-06-04,5,31.9,38.1,26.9,0.0,observed
2025-06-05,5,32.2,38.6,27.1,0.0,observed
2025-06-06,5,32.5,40.0,27.2,0.0,observed
2025-06-07,5,32.5,40.4,26.9,0.0,observed
2025-06-08,5,32.2,39.9,26.6,0.0,observed
2025-06-09,5,31.7,39.1,26.8,0.0,observed
2025-06-10,5,31.8,38.7,26.9,0.0,observed
2025-06-11,5,32.8,39.6,27.6,0.0,observed
2025-06-12,5,33.6,42.6,27.6,0.0,observed
2025-06-13,5,34.3,42.8,27.7,0.0,observed
2025-06-14,5,34.8,42.4,28.1,0.0,observed
2025-06-15,5,33.5,40.8,28.2,3.7,observed
2025-06-16,5,34.6,39.3,30.6,0.0,observed
2025-06-17,5,36.0,42.0,31.9,0.0,observed
2025-06-18,5,35.4,43.6,30.2,0.0,observed
2025-06-19,5,32.9,38.8,28.7,0.0,observed
2025-06-20,5,32.8,38.2,28.5,0.0,observed
2025-06-21,5,33.1,38.8,29.1,0.0,observed
2025-06-22,5,32.7,37.8,29.2,0.0,observed
2025-06-23,5,32.9,38.6,28.4,0.0,observed
2025-06-24,5,33.1,39.1,28.8,0.0,observed
2025-06-25,5,33.2,39.2,28.2,0.0,observed
2025-06-26,5,32.9,37.7,29.0,1.6,observed
2025-06-27,5,30.3,36.9,28.1,15.4,observed
2025-06-28,5,30.2,35.2,27.4,10.0,observed
2025-06-29,5,31.2,35.8,27.4,0.3,observed
2025-06-30,5,31.8,36.8,28.0,0.0,observed
2025-07-01,5,32.0,37.3,28.2,0.0,observed
2025-07-02,5,32.1,38.1,27.9,0.0,observed
2025-07-03,5,31.8,36.2,28.1,0.0,observed
2025-07-04,5,32.2,36.4,29.1,0.6,observed
2025-07-05,5,32.7,37.8,28.7,0.0,observed
2025-07-06,5,32.1,36.6,28.6,0.0,observed
2025-07-07,5,31.8,35.6,28.4,0.2,observed
2025-07-08,5,32.4,37.4,28.0,0.0,observed
2025-07-09,5,32.3,37.1,28.5,0.0,observed
2025-07-10,5,32.2,36.9,28.0,0.0,observed
2025-07-11,5,32.3,37.7,28.0,0.0,observed
2025-07-12,5,32.3,37.3,28.2,0.0,observed
2025-07-13,5,32.3,39.0,28.1,0.0,observed
2025-07-14,5,32.8,39.2,28.4,0.2,observed
2025-07-15,5,32.6,38.6,28.1,0.0,observed
2025-07-16,5,31.8,37.5,27.6,0.0,observed
2025-07-17,5,32.0,37.2,27.1,0.0,observed
2025-07-18,5,32.5,37.4,28.3,0.0,observed
2025-07-19,5,32.2,38.7,28.8,0.1,observed
2025-07-20,5,31.3,36.1,28.5,0.4,observed
2025-07-21,5,32.3,37.2,28.3,0.1,observed
2025-07-22,5,32.1,37.8,28.5,0.0,observed
2025-07-23,5,31.2,35.8,28.0,0.0,observed
2025-07-24,5,31.6,36.0,27.6,0.1,observed
2025-07-25,5,32.0,38.5,27.4,0.0,observed
2025-07-26,5,31.8,37.8,27.7,0.0,observed
2025-07-27,5,31.0,37.4,27.9,0.0,observed
2025-07-28,5,31.0,36.5,28.0,0.0,observed
2025-07-29,5,31.0,36.9,27.4,0.0,observed
2025-07-30,5,30.9,36.5,27.0,0.0,observed
2025-07-31,5,31.4,37.3,26.7,0.0,observed
2025-08-01,5,30.8,35.9,27.1,0.0,observed
2025-08-02,5,30.0,33.9,27.0,0.0,observed
2025-08-03,5,30.6,35.8,27.1,0.0,observed
2025-08-04,5,30.4,36.0,26.6,0.0,observed
2025-08-05,5,30.0,34.9,26.6,0.0,observed
2025-08-06,5,30.2,35.8,26.3,0.0,observed
2025-08-07,5,30.2,35.9,26.0,0.0,observed
2025-08-08,5,30.2,36.1,26.1,0.0,observed
2025-08-09,5,30.6,36.7,26.2,0.0,observed
2025-08-10,5,30.5,36.8,26.3,0.0,observed
2025-08-11,5,30.1,36.3,26.2,0.0,observed
2025-08-12,5,30.1,36.1,26.3,0.0,observed
2025-08-13,5,30.6,36.6,26.5,0.0,observed
2025-08-14,5,31.1,35.5,27.1,0.0,observed
2025-08-15,5,32.7,37.4,28.6,0.0,observed
2025-08-16,5,32.8,37.7,28.9,0.0,observed
2025-08-17,5,33.0,37.0,28.8,0.1,observed
2025-08-18,5,33.3,38.9,29.3,0.3,observed
2025-08-19,5,30.8,35.0,27.5,10.3,observed
2025-08-20,5,30.3,36.0,26.6,62.9,observed
2025-08-21,5,29.1,34.0,27.0,18.7,observed
2025-08-22,5,30.1,34.9,27.0,0.0,observed
2025-08-23,5,29.8,33.9,27.0,0.0,observed
2025-08-24,5,30.2,35.5,26.7,0.0,observed
2025-08-25,5,30.6,35.8,26.8,0.0,observed
2025-08-26,5,30.0,34.9,26.3,0.0,observed
2025-08-27,5,29.9,35.2,25.8,0.0,observed
2025-08-28,5,30.1,35.8,26.0,0.0,observed
2025-08-29,5,30.0,34.9,26.0,0.0,observed
2025-08-30,5,30.3,35.2,26.1,0.0,observed
2025-08-31,5,30.0,35.3,26.6,0.0,observed
2025-09-01,5,29.8,35.4,25.8,0.0,observed
2025-09-02,5,29.8,35.7,25.4,0.0,observed
2025-09-03,5,29.8,35.4,25.2,0.0,observed
2025-09-04,5,31.2,37.6,25.3,0.2,observed
2025-09-05,5,32.5,38.4,27.4,0.0,observed
2025-09-06,5,33.2,39.2,28.4,0.0,observed
2025-09-07,5,29.5,33.5,26.4,6.5,observed
2025-09-08,5,26.9,31.6,25.2,36.2,observed
2025-09-09,5,26.1,28.6,24.8,33.5,observed
2025-09-10,5,27.2,31.0,24.8,2.4,observed
2025-09-11,5,27.3,30.5,24.4,0.3,observed
2025-09-12,5,28.4,32.9,25.3,0.4,observed
2025-09-13,5,28.7,33.7,25.2,0.0,observed
2025-09-14,5,28.9,34.1,25.3,0.0,observed
2025-09-15,5,28.7,32.9,25.5,0.0,observed
2025-09-16,5,29.1,34.7,25.9,0.0,observed
2025-09-17,5,29.2,34.3,25.2,0.0,observed
2025-09-18,5,29.1,34.3,24.8,0.0,observed
2025-09-19,5,28.5,33.5,24.7,0.0,observed
2025-09-20,5,28.8,34.5,24.1,0.0,observed
2025-09-21,5,28.6,34.5,24.2,0.0,observed
2025-09-22,5,28.9,34.8,24.3,0.0,observed
2025-09-23,5,28.9,34.6,25.0,0.0,observed
2025-09-24,5,29.1,34.6,25.1,0.2,observed
2025-09-25,5,29.3,34.7,24.6,0.0,observed
2025-09-26,5,29.4,34.7,24.6,0.0,observed
2025-09-27,5,30.7,37.2,25.4,0.0,observed
2025-09-28,5,32.1,39.4,25.4,0.0,observed
2025-09-29,5,33.2,39.2,28.2,0.2,observed
2025-09-30,5,30.4,35.5,27.6,12.0,observed
2025-10-01,5,29.8,34.0,26.3,0.1,observed
2025-10-02,5,29.6,33.2,26.7,0.0,observed
2025-10-03,5,28.8,31.0,26.8,0.1,observed
2025-10-04,5,29.7,34.1,26.2,0.0,observed
2025-10-05,5,29.3,34.7,25.9,0.0,observed
2025-10-06,5,29.5,35.9,25.9,0.0,observed
2025-10-07,5,28.0,33.6,23.5,0.0,observed
2025-10-08,5,28.0,34.1,22.3,0.0,observed
2025-10-09,5,28.2,33.8,23.2,0.0,observed
2025-10-10,5,28.6,34.1,24.1,0.0,observed
2025-10-11,5,28.5,34.0,24.1,0.0,observed
2025-10-12,5,28.9,34.5,24.2,0.0,observed
2025-10-13,5,29.0,34.8,24.5,0.0,observed
2025-10-14,5,29.1,34.9,24.2,0.0,observed
2025-10-15,5,29.2,35.7,24.2,0.0,observed
2025-10-16,5,28.7,35.5,21.8,0.0,observed
2025-10-17,5,29.3,36.3,23.7,0.0,observed
2025-10-18,5,29.5,36.5,23.6,0.0,observed
2025-10-19,5,29.8,36.9,24.8,0.0,observed
2025-10-20,5,28.7,36.1,22.2,0.0,observed
2025-10-21,5,29.1,36.1,22.7,0.0,observed
2025-10-22,5,29.2,36.3,23.5,0.0,observed
2025-10-23,5,29.1,37.1,22.6,0.0,observed
2025-10-24,5,28.8,36.8,21.7,0.0,observed
2025-10-25,5,29.0,37.1,21.5,0.0,observed
2025-10-26,5,28.6,36.1,21.7,0.0,observed
2025-10-27,5,28.2,35.1,21.2,0.0,observed
2025-10-28,5,27.7,33.6,22.1,0.0,observed
2025-10-29,5,27.4,32.7,21.9,0.0,observed
2025-10-30,5,28.2,33.8,22.9,0.0,observed
2025-10-31,5,27.7,34.6,22.0,0.0,observed
2025-11-01,5,27.7,34.8,21.2,0.0,observed
2025-11-02,5,27.5,35.3,20.4,0.0,observed
2025-11-03,5,27.5,35.7,21.4,0.0,observed
2025-11-04,5,26.9,36.0,19.9,0.0,observed
2025-11-05,5,25.0,32.4,20.0,0.0,observed
2025-11-06,5,24.7,32.7,18.6,0.0,observed
2025-11-07,5,24.7,32.6,17.5,0.0,observed
2025-11-08,5,25.3,32.4,18.7,0.0,observed
2025-11-09,5,23.7,30.7,16.8,0.0,observed
2025-11-10,5,23.5,30.0,17.2,0.0,observed
2025-11-11,5,23.6,30.1,17.8,0.0,observed
2025-11-12,5,23.9,30.8,17.6,0.0,observed
2025-11-13,5,23.3,30.8,16.0,0.0,observed
2025-11-14,5,22.7,30.5,15.2,0.0,observed
2025-11-15,5,22.8,30.4,15.0,0.0,observed
2025-11-16,5,22.8,30.5,15.7,0.0,observed
2025-11-17,5,22.1,30.4,14.0,0.0,observed
2025-11-18,5,21.4,29.8,12.7,0.0,observed
2025-11-19,5,21.7,30.0,13.0,0.0,observed
2025-11-20,5,21.5,29.5,14.1,0.0,observed
2025-11-21,5,21.8,29.6,14.5,0.0,observed
2025-11-22,5,22.0,29.2,15.5,0.0,observed
2025-11-23,5,21.4,28.6,14.4,0.0,observed
2025-11-24,5,20.9,28.3,14.7,0.0,observed
2025-11-25,5,20.8,26.9,15.7,0.0,observed
2025-11-26,5,20.8,27.6,14.8,0.0,observed
2025-11-27,5,20.4,25.9,15.9,0.0,observed
2025-11-28,5,19.8,26.1,14.8,0.0,observed
2025-11-29,5,19.6,26.4,14.1,0.0,observed
2025-11-30,5,19.9,26.9,13.9,0.0,observed
2025-12-01,5,19.5,28.2,11.9,0.0,observed
2025-12-02,5,18.7,26.4,12.0,0.0,observed
2025-12-03,5,18.5,26.2,12.3,0.0,observed
2025-12-04,5,19.0,26.4,13.1,0.0,observed
2025-12-05,5,19.2,27.6,11.9,0.0,observed
2025-12-06,5,19.3,25.3,14.4,0.0,observed
2025-12-07,5,19.8,27.7,13.9,0.0,observed
2025-12-08,5,20.2,29.0,13.3,0.0,observed
2025-12-09,5,20.7,29.5,13.2,0.0,observed
2025-12-10,5,20.6,29.8,11.6,0.0,observed
2025-12-11,5,20.5,28.7,12.0,0.0,observed
2025-12-12,5,20.0,28.1,12.1,0.0,observed
2025-12-13,5,20.5,28.2,14.3,0.0,observed
2025-12-14,5,19.1,25.6,14.2,0.0,observed
2025-12-15,5,19.1,25.9,13.9,0.0,observed
2025-12-16,5,19.3,26.7,14.0,0.0,observed
2025-12-17,5,19.5,27.1,13.7,0.0,observed
2025-12-18,5,19.7,27.2,13.3,0.0,observed
2025-12-19,5,20.3,27.8,14.3,0.0,observed
2025-12-20,5,22.6,29.7,16.2,0.0,observed
2025-12-21,5,22.6,29.2,16.5,0.0,observed
2025-12-22,5,20.5,25.4,16.8,0.0,observed
2025-12-23,5,19.7,25.7,14.9,0.0,observed
2025-12-24,5,18.6,25.6,12.9,0.0,observed
2025-12-25,5,17.9,25.4,10.2,0.0,observed
2025-12-26,5,18.6,25.3,12.3,0.0,observed
2025-12-27,5,18.7,25.3,13.8,0.0,observed
2025-12-28,5,19.0,25.7,14.0,0.0,observed
2025-12-29,5,18.6,25.5,13.2,0.0,observed
2025-12-30,5,19.5,26.5,12.6,0.0,observed
2025-12-31,5,19.1,24.1,16.0,6.0,observed
2026-01-01,5,17.6,23.4,13.1,0.0,observed
2026-01-02,5,16.7,22.8,11.8,0.0,observed
2026-01-03,5,16.4,23.1,10.4,0.0,observed
2026-01-04,5,17.1,23.9,11.1,0.0,observed
2026-01-05,5,17.5,23.7,12.3,0.0,observed
2026-01-06,5,17.2,23.4,12.0,0.0,observed
2026-01-07,5,16.0,22.2,11.2,0.0,observed
2026-01-08,5,14.4,20.3,9.7,0.0,observed
2026-01-09,5,14.3,21.1,9.0,0.0,observed
2026-01-10,5,13.7,20.3,8.4,0.0,observed
2026-01-11,5,13.4,20.7,7.3,0.0,observed
2026-01-12,5,13.7,21.1,7.7,0.0,observed
2026-01-13,5,14.1,20.8,8.7,0.0,observed
2026-01-14,5,16.3,24.1,9.2,0.0,observed
2026-01-15,5,19.3,26.3,13.1,0.0,observed
2026-01-16,5,19.9,27.0,13.3,0.0,observed
2026-01-17,5,19.8,25.6,14.8,0.0,observed
2026-01-18,5,19.1,24.8,14.6,0.0,observed
2026-01-19,5,18.9,26.1,12.6,0.0,observed
2026-01-20,5,19.3,26.0,13.0,0.0,observed
2026-01-21,5,19.2,25.8,13.2,0.0,observed
2026-01-22,5,18.7,25.5,13.7,0.2,observed
2026-01-23,5,13.8,19.8,8.2,0.0,observed
2026-01-24,5,12.9,19.6,7.3,0.0,observed
2026-01-25,5,13.5,19.6,8.3,0.0,observed
2026-01-26,5,14.1,19.4,10.1,0.5,observed
2026-01-27,5,16.4,22.1,11.8,0.0,observed
2026-01-28,5,16.5,23.6,9.8,0.0,observed
2026-01-29,5,16.8,23.4,10.9,0.0,observed
2026-01-30,5,17.3,23.8,12.1,0.0,observed
2026-01-31,5,18.2,25.0,12.7,0.0,observed
2026-02-01,5,19.5,26.8,13.3,0.0,observed
2026-02-02,5,19.8,26.7,14.0,0.0,observed
2026-02-03,5,20.4,27.9,13.7,0.0,observed
2026-02-04,5,20.6,28.4,14.1,0.0,observed
2026-02-05,5,20.5,27.9,14.6,0.0,observed
2026-02-06,5,20.9,29.0,14.5,0.0,observed
2026-02-07,5,21.4,28.8,15.1,0.0,observed
2026-02-08,5,21.9,29.7,14.2,0.0,observed
2026-02-09,5,22.6,29.4,15.7,0.0,observed
2026-02-10,5,22.7,27.7,18.2,0.0,observed
2026-02-11,5,21.9,28.1,16.5,0.0,observed
2026-02-12,5,21.9,29.1,16.0,0.0,observed
2026-02-13,5,23.1,31.2,14.9,0.0,observed
2026-02-14,5,24.3,32.2,16.0,0.0,observed
2026-02-15,5,24.1,32.5,15.7,0.0,observed
2026-02-16,5,22.9,29.6,18.1,0.0,observed
2026-02-17,5,21.7,27.1,16.7,0.6,observed
2026-02-18,5,22.2,28.3,16.4,0.0,observed
2026-02-19,5,23.6,29.6,17.8,0.0,observed
2026-02-20,5,23.9,30.5,17.8,0.0,observed
2026-02-21,5,24.4,31.3,18.1,0.0,observed
2026-02-22,5,25.4,32.7,19.5,0.0,observed
2026-02-23,5,24.7,32.6,17.9,0.0,observed
2026-02-24,5,25.5,33.5,18.2,0.0,observed
2026-02-25,5,26.5,34.3,19.1,0.0,observed
2026-02-26,5,27.1,34.4,19.5,0.0,observed
2026-02-27,5,27.3,33.5,22.5,0.0,observed
2026-02-28,5,26.2,33.6,19.7,0.0,observed
2026-03-01,5,26.5,33.6,19.5,0.0,observed
2026-03-02,5,26.9,34.4,19.7,0.0,observed
2026-03-03,5,27.6,35.0,20.2,0.0,observed
2026-03-04,5,26.5,34.3,19.1,0.0,observed
2026-03-05,5,26.2,35.3,19.2,0.0,observed
2026-03-06,5,27.2,37.0,20.0,0.0,observed
2026-03-07,5,27.3,36.9,20.8,0.0,observed
2026-03-08,5,27.6,36.9,19.3,0.0,observed
2026-03-09,5,28.4,37.6,19.9,0.0,observed
2026-03-10,5,29.1,37.5,22.3,0.0,observed
2026-03-11,5,28.0,36.8,19.9,0.0,observed
2026-03-12,5,29.2,36.7,21.9,0.0,observed
2026-03-13,5,29.5,36.3,22.2,0.0,observed
2026-03-14,5,29.3,37.1,21.6,0.0,observed
2026-03-15,5,29.9,36.9,23.9,0.0,observed
2026-03-16,5,29.6,37.3,22.1,0.0,observed
2026-03-17,5,28.2,34.4,22.0,0.0,observed
2026-03-18,5,25.8,32.2,21.0,7.2,observed
2026-03-19,5,22.0,26.6,18.2,0.9,observed
2026-03-20,5,23.7,30.4,16.9,0.0,observed
2026-03-21,5,25.6,30.9,21.4,0.4,observed
2026-03-22,5,26.3,31.7,21.2,0.0,observed
2026-03-23,5,27.6,34.1,22.0,0.0,observed
2026-03-24,5,28.3,34.5,23.2,0.0,observed
2026-03-25,5,28.5,34.6,24.5,0.0,observed
2026-03-26,5,27.9,34.3,23.2,0.3,observed
2026-03-27,5,28.1,34.9,22.6,0.0,observed
2026-03-28,5,28.5,35.3,24.1,0.0,observed
2026-03-29,5,27.9,33.5,23.6,0.0,observed
2026-03-30,5,26.9,32.9,22.6,0.0,observed
2026-03-31,5,25.8,31.7,20.5,0.0,observed
2026-04-01,5,27.2,34.0,21.3,0.0,observed
2026-04-02,5,22.8,26.4,18.9,2.1,observed
2026-04-03,5,22.8,29.2,17.2,2.0,observed
2026-04-04,5,25.1,32.6,19.3,0.0,observed
2026-04-05,5,25.9,33.2,20.6,0.0,observed
2026-04-06,5,26.2,31.4,21.4,0.4,observed
2026-04-07,5,28.2,34.5,24.3,0.0,observed
2026-04-08,5,28.1,35.4,21.4,0.0,observed
2026-04-09,5,29.0,36.4,22.0,0.0,observed
2026-04-10,5,30.4,36.7,23.4,0.0,observed
2026-04-11,5,31.2,38.4,24.5,0.0,observed
2026-04-12,5,31.9,39.0,24.6,0.0,observed
2026-04-13,5,32.1,40.0,25.4,0.0,observed
2026-04-14,5,32.6,40.2,25.8,0.0,observed
2026-04-15,5,33.2,41.5,25.2,0.0,observed
2026-04-16,5,31.5,39.1,25.8,0.0,observed
2026-04-17,5,32.0,41.5,24.3,0.0,observed
2026-04-18,5,30.3,37.9,24.1,0.0,observed
2026-04-19,5,30.2,38.8,22.4,0.0,observed
2026-04-20,5,32.2,40.3,25.4,0.0,observed
2026-04-21,5,31.0,38.9,25.4,0.0,observed
2026-04-22,5,30.5,39.0,23.8,0.0,observed
2026-04-23,5,31.2,39.1,25.2,0.0,observed
2026-04-24,5,31.7,39.7,26.3,0.6,observed
2026-04-25,5,33.4,43.1,25.5,0.0,observed
2026-04-26,5,34.9,44.5,26.9,0.0,observed
2026-04-27,5,32.9,40.6,26.9,0.0,observed
2026-04-28,5,32.3,40.4,27.1,0.0,observed
2026-04-29,5,33.7,44.0,26.2,0.0,observed
2026-04-30,5,33.0,41.9,26.4,0.0,observed
2026-05-01,5,35.0,45.2,26.9,0.0,observed
2026-05-02,5,35.5,45.1,28.4,0.0,observed
2026-05-03,5,35.9,44.0,27.5,0.0,observed
2026-05-04,5,35.5,42.4,29.0,0.0,observed
2026-05-05,5,34.5,42.6,27.0,0.0,observed
2026-05-06,5,33.5,42.4,25.1,0.0,observed
2026-05-07,5,31.5,39.2,26.2,0.0,observed
2026-05-08,5,32.0,40.0,26.0,0.0,observed
2026-05-09,5,32.6,41.2,26.1,0.0,observed
2026-05-10,5,32.8,41.3,25.9,0.0,observed
2026-05-11,5,32.7,40.4,25.9,0.0,observed
2026-05-12,5,33.4,41.1,26.7,0.1,observed
2026-05-13,5,34.7,42.9,28.1,0.0,observed
2026-05-14,5,33.6,40.1,28.3,0.0,observed
2026-05-15,5,32.1,38.1,27.3,0.0,observed
2026-05-16,5,32.8,40.7,27.1,0.0,observed
2026-05-17,5,32.9,40.8,26.7,0.0,observed
2026-05-18,5,31.4,39.0,25.6,0.0,observed
2026-05-19,5,32.6,40.4,27.1,0.0,observed
2026-05-20,5,32.7,39.9,27.6,0.0,observed
2026-05-21,5,31.9,38.8,27.2,0.0,observed
2026-05-22,5,32.9,41.1,27.1,0.0,observed
2026-05-23,5,32.6,40.3,27.5,0.0,observed
2026-05-24,5,31.7,39.2,26.5,0.0,observed
2026-05-25,5,33.1,41.7,27.8,0.0,observed
2026-05-26,5,33.5,43.0,27.5,0.0,observed
2026-05-27,5,32.8,41.0,27.4,0.0,observed
2026-05-28,5,33.4,42.3,28.1,0.0,observed
2026-05-29,5,34.4,46.3,28.6,0.0,observed
2026-05-30,5,33.6,40.8,28.4,0.0,observed
2026-05-31,5,32.9,38.9,28.7,0.0,observed
2026-06-01,5,33.0,39.4,28.3,0.0,observed
2026-06-02,5,33.7,39.6,28.3,0.1,observed
2026-06-03,5,32.9,40.1,27.9,0.0,observed
2026-06-04,5,32.7,39.6,28.4,0.0,observed
2026-06-05,5,33.7,41.8,28.3,0.0,observed
2026-06-06,5,32.9,39.9,27.9,0.0,observed
2026-06-07,5,33.4,41.5,28.2,0.0,observed
2026-06-08,5,33.5,41.3,28.4,0.0,observed
2026-06-09,5,33.8,41.9,28.8,0.0,observed
2026-06-10,5,34.4,42.8,28.9,0.0,observed
2026-06-11,5,36.4,46.6,29.0,0.0,observed
2026-06-12,5,35.2,43.7,29.8,0.3,observed
2026-06-13,5,33.4,40.0,28.8,0.0,observed
2026-06-14,5,32.5,38.0,28.6,0.0,observed
2026-06-15,5,32.3,37.9,28.1,0.0,observed
2026-06-16,5,32.4,37.9,28.6,0.0,observed
2026-06-17,5,32.5,37.7,28.7,0.0,observed
2026-06-18,5,32.4,37.6,28.5,0.0,observed
2026-06-19,5,32.4,38.4,28.6,0.0,observed
2026-06-20,5,32.5,38.7,28.6,0.0,observed
2026-06-21,5,32.1,38.0,28.4,0.0,observed
2026-06-22,5,32.3,38.1,28.4,0.0,observed
2026-06-23,5,32.4,38.6,28.5,0.0,observed
2026-06-24,5,32.0,37.7,28.5,0.0,observed
2026-06-25,5,32.6,38.5,28.4,0.0,observed
2026-06-26,5,33.0,39.1,28.6,0.0,observed
2026-06-27,5,33.0,39.0,28.5,0.0,observed
2026-06-28,5,32.3,38.5,28.5,0.0,observed
2026-06-29,5,31.9,37.4,28.2,0.0,observed
2026-06-30,5,31.7,36.7,28.2,0.0,observed
2026-07-01,5,32.4,38.5,28.3,0.0,observed
2026-07-02,5,32.8,39.1,28.8,0.0,observed
2026-07-03,5,33.2,39.6,28.5,0.0,observed
2026-07-04,5,33.3,39.4,29.0,0.0,observed
2026-07-05,5,33.7,40.2,28.6,0.0,observed
2026-07-06,5,33.8,40.7,28.5,0.0,observed
2026-07-07,5,33.5,39.9,28.3,0.0,observed
2026-07-08,5,32.7,38.8,29.2,0.0,observed
2026-07-09,5,32.0,38.2,28.1,0.0,observed
2026-07-10,5,31.8,37.5,28.1,0.0,observed
2026-07-11,5,31.4,37.4,27.9,0.0,observed
2026-07-12,5,31.9,37.2,28.3,0.0,observed
2026-07-13,5,31.9,37.8,28.5,0.0,observed
2026-07-14,5,31.4,36.9,27.6,0.0,observed
2026-07-15,5,31.6,36.8,27.6,0.0,observed
2026-07-16,5,31.7,38.2,27.4,0.0,observed
2026-07-17,5,31.3,37.3,27.6,0.0,observed
2026-07-18,5,31.1,36.9,27.5,0.0,observed
2026-07-19,5,31.2,36.7,27.8,0.0,observed
2026-07-20,5,30.8,34.5,27.5,0.1,observed
2026-07-21,5,31.0,34.5,28.0,0.0,observed
2026-07-22,5,32.4,38.1,27.9,0.0,observed
2026-07-23,5,33.4,38.4,28.8,0.4,observed
2026-07-24,5,32.4,36.6,29.4,0.6,observed
2026-07-25,5,31.0,34.5,28.8,1.1,observed
2026-07-26,5,32.3,37.1,28.2,0.1,observed
2026-07-27,5,32.2,37.8,28.7,0.0,observed
2026-07-28,5,31.3,36.7,27.7,0.0,observed
2026-07-29,5,31.7,37.8,27.7,0.0,observed
2026-07-30,5,32.4,38.0,27.2,0.0,observed
2026-07-31,5,33.6,39.0,28.3,0.0,observed
2026-08-01,5,33.0,38.9,29.5,3.9,observed
2026-08-02,5,27.7,29.2,26.1,17.1,observed
2026-08-03,5,29.6,34.3,27.2,0.0,observed
2026-08-04,5,30.1,35.2,26.1,0.0,observed
2026-08-05,5,30.0,35.2,26.8,0.0,observed
2026-08-06,5,30.2,36.1,26.7,0.0,observed
2026-08-07,5,30.5,36.6,26.2,0.0,observed
2026-08-08,5,30.9,36.5,26.9,0.0,observed
2026-08-09,5,30.9,36.3,26.8,0.0,observed
2026-08-10,5,30.9,36.9,27.3,0.0,observed
2026-08-11,5,30.5,36.3,26.8,0.0,observed
2026-08-12,5,30.1,34.1,26.5,0.0,observed
2026-08-13,5,30.5,36.0,27.1,0.0,observed
2026-08-14,5,29.9,35.2,26.4,0.0,observed
2026-08-15,5,30.4,35.9,26.5,0.0,observed
2026-08-16,5,30.2,36.1,26.7,0.0,observed
2026-08-17,5,29.8,35.3,26.2,0.0,observed
2026-08-18,5,29.9,35.7,26.4,0.0,observed
2026-08-19,5,30.1,36.0,26.3,0.0,observed
2026-08-20,5,30.1,36.2,26.5,0.0,observed
2026-08-21,5,30.2,36.4,26.4,0.0,observed
2026-08-22,5,30.0,35.4,26.3,0.0,observed
2026-08-23,5,30.1,35.9,26.2,0.1,observed
2026-08-24,5,31.2,37.4,26.5,0.0,observed
2026-08-25,5,30.6,36.4,26.6,0.0,observed
2026-08-26,5,30.0,36.4,26.1,0.0,observed
2026-08-27,5,29.6,35.7,25.9,0.0,observed
2026-08-28,5,29.5,36.1,25.6,0.0,observed
2026-08-29,5,29.5,35.1,26.0,0.0,observed
2026-08-30,5,29.4,34.7,25.9,0.0,observed
2026-08-31,5,29.2,35.0,25.6,0.0,observed
2026-09-01,5,29.3,34.8,25.5,0.0,observed
2026-09-02,5,29.5,35.3,25.5,0.0,observed
2026-09-03,5,29.3,35.4,25.5,0.0,observed
2026-09-04,5,29.7,36.1,25.8,0.0,observed
2026-09-05,5,30.2,36.0,26.1,0.0,observed
2026-09-06,5,30.0,36.2,26.2,0.0,observed
2026-09-07,5,29.8,36.0,25.7,0.0,observed
2026-09-08,5,30.0,35.9,25.8,0.0,observed
2026-09-09,5,30.0,35.5,25.3,0.0,observed
2026-09-10,5,30.1,35.5,25.1,0.0,observed
2026-09-11,5,30.6,36.5,24.9,0.0,observed
2026-09-12,5,32.7,40.1,26.6,0.0,observed
2026-09-13,5,35.1,41.0,28.9,0.0,observed
2026-09-14,5,33.7,40.6,29.2,1.3,observed
2026-09-15,5,31.3,36.3,28.4,0.3,observed
2026-09-16,5,31.3,35.5,28.3,0.2,observed
2026-09-17,5,31.2,35.9,27.5,0.0,observed
2026-09-18,5,31.0,36.5,26.4,2.0,observed
2026-09-19,5,31.4,37.2,26.4,0.0,observed
2026-09-20,5,32.8,39.0,26.7,0.0,observed
2026-09-21,5,34.3,40.8,28.3,0.0,observed
2026-09-22,5,35.0,40.8,30.3,0.0,observed
2026-09-23,5,34.0,41.0,29.1,0.0,observed
2026-09-24,5,31.6,38.4,26.9,0.0,observed
2026-09-25,5,30.6,37.2,26.1,0.0,observed
2026-09-26,5,30.3,36.5,26.4,0.0,observed
2026-09-27,5,29.6,36.2,25.8,0.0,observed
2026-09-28,5,29.3,34.9,25.3,0.0,observed
2026-09-29,5,29.7,35.0,25.0,0.0,observed
2026-09-30,5,29.2,35.2,24.4,0.0,observed
2026-10-01,5,29.4,36.1,24.1,0.0,observed
2026-10-02,5,29.9,37.4,24.2,0.0,observed
2026-10-03,5,30.2,37.0,25.0,0.0,observed
2026-10-04,5,30.2,37.3,26.1,0.0,observed
2026-10-05,5,29.2,35.0,25.0,0.0,forecast
2026-10-06,5,29.7,35.6,25.2,0.0,forecast
2026-10-07,5,30.0,35.2,25.7,0.0,forecast
2026-10-08,5,28.8,35.4,23.8,0.0,forecast
2026-10-09,5,28.9,35.0,24.8,0.0,forecast
2026-10-10,5,29.3,35.1,25.5,0.0,forecast
2026-10-11,5,29.8,35.1,24.7,0.0,forecast
2026-10-12,5,31.1,37.0,24.8,0.0,forecast
2026-10-13,5,32.9,38.7,26.0,0.0,forecast
2026-10-14,5,33.8,39.3,27.9,0.0,forecast
2026-10-15,5,34.1,39.8,27.6,0.0,forecast
2026-10-16,5,34.4,39.4,28.3,0.0,forecast
2026-10-17,5,34.4,39.3,28.8,0.0,forecast
2026-10-18,5,33.7,38.8,27.2,0.0,forecast
2026-10-19,5,32.1,38.1,27.2,0.0,forecast
2026-10-20,5,29.9,36.0,26.1,0.0,forecast
2024-01-01,6,17.1,24.4,11.3,0.0,observed
2024-01-02,6,16.6,24.3,10.6,0.0,observed
2024-01-03,6,17.0,23.8,11.3,0.0,observed
2024-01-04,6,16.2,22.4,10.9,0.0,observed
2024-01-05,6,16.2,22.7,10.4,0.0,observed
2024-01-06,6,16.7,23.0,11.8,0.0,observed
2024-01-07,6,16.1,22.8,11.1,0.0,observed
2024-01-08,6,16.2,23.7,10.2,0.0,observed
2024-01-09,6,15.5,22.1,10.5,0.0,observed
2024-01-10,6,15.3,23.1,10.0,0.0,observed
2024-01-11,6,15.4,24.6,7.9,0.0,observed
2024-01-12,6,16.1,25.3,9.6,0.0,observed
2024-01-13,6,17.0,26.6,8.4,0.0,observed
2024-01-14,6,17.9,25.2,12.5,0.0,observed
2024-01-15,6,18.1,25.1,10.7,0.0,observed
2024-01-16,6,19.6,25.3,14.9,0.0,observed
2024-01-17,6,18.2,24.5,13.0,0.0,observed
2024-01-18,6,17.4,24.4,11.7,0.0,observed
2024-01-19,6,17.7,25.3,11.7,0.0,observed
2024-01-20,6,18.5,26.0,11.7,0.0,observed
2024-01-21,6,19.0,26.2,13.2,0.0,observed
2024-01-22,6,19.5,27.2,11.5,0.0,observed
2024-01-23,6,19.0,26.0,13.8,0.0,observed
2024-01-24,6,16.5,25.2,9.8,0.0,observed
2024-01-25,6,17.2,25.1,9.1,0.0,observed
2024-01-26,6,17.3,23.9,11.6,0.0,observed
2024-01-27,6,17.7,24.6,12.4,0.0,observed
2024-01-28,6,18.7,26.3,10.9,0.0,observed
2024-01-29,6,21.2,27.3,16.7,0.0,observed
2024-01-30,6,21.4,27.1,16.0,0.0,observed
2024-01-31,6,23.2,29.0,18.6,0.0,observed
2024-02-01,6,22.8,29.7,15.8,0.0,observed
2024-02-02,6,21.8,29.1,17.4,0.0,observed
2024-02-03,6,20.3,27.8,15.5,0.8,observed
2024-02-04,6,20.5,24.5,16.6,2.0,observed
2024-02-05,6,19.6,25.7,14.4,0.0,observed
2024-02-06,6,19.5,25.1,14.5,0.0,observed
2024-02-07,6,19.7,24.8,16.2,0.0,observed
2024-02-08,6,18.6,25.1,14.4,0.0,observed
2024-02-09,6,19.3,27.6,10.7,0.0,observed
2024-02-10,6,19.7,28.0,12.4,0.0,observed
2024-02-11,6,19.4,27.0,13.3,0.0,observed
2024-02-12,6,19.2,26.3,14.2,0.0,observed
2024-02-13,6,17.7,25.3,12.9,0.0,observed
2024-02-14,6,18.7,27.1,12.4,0.0,observed
2024-02-15,6,18.9,27.5,12.5,0.0,observed
2024-02-16,6,19.4,29.0,12.2,0.0,observed
2024-02-17,6,21.3,30.9,12.2,0.0,observed
2024-02-18,6,23.3,30.4,17.6,0.0,observed
2024-02-19,6,25.3,31.7,21.3,0.0,observed
2024-02-20,6,23.8,30.9,18.8,0.0,observed
2024-02-21,6,23.4,30.0,18.5,0.0,observed
2024-02-22,6,21.2,27.1,15.9,0.0,observed
2024-02-23,6,19.6,28.3,11.9,0.0,observed
2024-02-24,6,19.8,28.5,11.9,0.0,observed
2024-02-25,6,20.3,28.6,11.6,0.2,observed
2024-02-26,6,21.1,28.2,15.7,0.7,observed
2024-02-27,6,19.5,26.1,14.4,0.0,observed
2024-02-28,6,20.7,27.9,14.7,0.0,observed
2024-02-29,6,22.7,31.5,15.6,0.0,observed
2024-03-01,6,21.6,26.2,17.1,0.0,observed
2024-03-02,6,20.1,23.6,16.0,0.0,observed
2024-03-03,6,16.8,23.1,9.7,0.0,observed
2024-03-04,6,17.3,25.0,9.6,0.0,observed
2024-03-05,6,18.2,25.4,11.8,0.0,observed
2024-03-06,6,20.0,27.0,13.1,0.0,observed
2024-03-07,6,21.4,28.0,15.4,0.0,observed
2024-03-08,6,21.6,29.5,15.2,0.0,observed
2024-03-09,6,22.1,29.6,15.6,0.0,observed
2024-03-10,6,21.0,26.7,16.4,1.3,observed
2024-03-11,6,25.0,32.0,18.7,0.0,observed
2024-03-12,6,25.5,32.9,18.4,0.0,observed
2024-03-13,6,25.7,32.7,20.0,0.0,observed
2024-03-14,6,23.4,31.3,16.7,0.0,observed
2024-03-15,6,24.4,31.8,18.0,0.0,observed
2024-03-16,6,25.6,34.5,17.6,0.0,observed
2024-03-17,6,26.6,35.0,19.0,0.0,observed
2024-03-18,6,27.4,35.6,19.2,0.0,observed
2024-03-19,6,30.6,39.0,23.3,0.0,observed
2024-03-20,6,29.4,38.1,21.7,0.0,observed
2024-03-21,6,31.3,38.1,26.1,0.0,observed
2024-03-22,6,30.0,38.4,23.2,0.0,observed
2024-03-23,6,30.2,38.4,22.9,0.0,observed
2024-03-24,6,31.3,40.0,24.1,0.0,observed
2024-03-25,6,32.0,39.9,24.1,0.0,observed
2024-03-26,6,33.3,40.8,27.1,0.0,observed
2024-03-27,6,30.9,39.1,24.3,0.0,observed
2024-03-28,6,30.2,36.7,23.3,0.0,observed
2024-03-29,6,29.1,35.5,24.1,0.0,observed
2024-03-30,6,27.6,35.2,21.0,0.0,observed
2024-03-31,6,29.0,36.3,23.5,0.0,observed
2024-04-01,6,29.0,36.1,21.8,0.0,observed
2024-04-02,6,30.0,37.2,23.7,0.0,observed
2024-04-03,6,29.6,37.5,23.2,0.0,observed
2024-04-04,6,30.2,37.7,23.2,0.0,observed
2024-04-05,6,30.7,37.6,24.6,0.0,observed
2024-04-06,6,30.7,37.8,23.6,0.0,observed
2024-04-07,6,32.0,39.9,24.4,0.0,observed
2024-04-08,6,33.3,41.0,24.8,0.0,observed
2024-04-09,6,33.9,41.3,26.5,0.0,observed
2024-04-10,6,31.9,40.0,26.5,0.0,observed
2024-04-11,6,31.5,40.6,22.8,0.0,observed
2024-04-12,6,32.8,39.8,27.0,0.0,observed
2024-04-13,6,30.2,37.6,24.8,0.2,observed
2024-04-14,6,27.4,30.5,24.3,0.7,observed
2024-04-15,6,27.8,33.7,22.5,0.0,observed
2024-04-16,6,30.5,37.0,23.6,0.0,observed
2024-04-17,6,32.3,38.9,26.7,0.0,observed
2024-04-18,6,29.1,32.8,25.8,0.4,observed
2024-04-19,6,28.2,34.5,22.8,0.0,observed
2024-04-20,6,29.8,36.7,23.7,0.0,observed
2024-04-21,6,30.4,37.4,23.9,0.0,observed
2024-04-22,6,31.5,38.9,24.6,0.0,observed
2024-04-23,6,31.5,40.0,24.2,0.0,observed
2024-04-24,6,31.8,40.2,23.7,0.0,observed
2024-04-25,6,31.5,39.3,25.1,0.0,observed
2024-04-26,6,31.5,38.9,25.5,0.0,observed
2024-04-27,6,31.4,38.2,24.6,0.0,observed
2024-04-28,6,32.6,40.2,25.3,0.0,observed
2024-04-29,6,32.9,39.4,25.9,0.0,observed
2024-04-30,6,31.3,38.5,23.3,0.0,observed
2024-05-01,6,30.4,37.3,22.3,0.0,observed
2024-05-02,6,31.6,40.5,20.6,0.0,observed
2024-05-03,6,32.6,40.0,27.3,0.0,observed
2024-05-04,6,32.6,39.7,27.1,0.0,observed
2024-05-05,6,33.2,40.9,26.4,0.0,observed
2024-05-06,6,34.4,43.0,27.0,0.0,observed
2024-05-07,6,35.8,45.1,27.9,0.0,observed
2024-05-08,6,35.9,45.1,28.1,0.0,observed
2024-05-09,6,35.4,43.8,28.3,0.0,observed
2024-05-10,6,33.0,40.8,26.3,0.0,observed
2024-05-11,6,32.4,39.1,25.9,0.0,observed
2024-05-12,6,33.6,41.1,26.2,0.0,observed
2024-05-13,6,34.5,42.6,27.6,0.0,observed
2024-05-14,6,34.2,41.5,26.9,0.0,observed
2024-05-15,6,36.1,43.2,28.9,0.0,observed
2024-05-16,6,36.2,43.7,28.8,0.0,observed
2024-05-17,6,37.1,45.3,29.1,0.0,observed
2024-05-18,6,36.7,44.4,29.5,0.0,observed
2024-05-19,6,34.9,42.0,28.3,0.0,observed
2024-05-20,6,34.8,43.2,28.0,0.0,observed
2024-05-21,6,37.2,47.3,29.2,0.0,observed
2024-05-22,6,38.0,48.0,30.8,0.0,observed
2024-05-23,6,37.9,48.3,30.7,0.0,observed
2024-05-24,6,37.4,46.8,30.5,0.0,observed
2024-05-25,6,36.9,46.5,29.2,0.0,observed
2024-05-26,6,37.4,49.0,28.8,0.0,observed
2024-05-27,6,37.3,49.1,29.9,0.0,observed
2024-05-28,6,36.9,48.1,29.2,0.0,observed
2024-05-29,6,37.6,48.1,28.1,0.0,observed
2024-05-30,6,36.9,47.4,28.2,0.0,observed
2024-05-31,6,34.6,43.4,28.5,0.0,observed
2024-06-01,6,35.0,44.0,28.0,0.0,observed
2024-06-02,6,34.3,42.0,28.4,0.0,observed
2024-06-03,6,32.7,40.3,27.5,0.0,observed
2024-06-04,6,32.0,38.6,27.2,0.0,observed
2024-06-05,6,32.2,37.8,27.9,0.0,observed
2024-06-06,6,33.4,40.3,28.0,0.0,observed
2024-06-07,6,33.9,41.5,28.0,0.0,observed
2024-06-08,6,33.5,41.5,27.4,0.2,observed
2024-06-09,6,33.7,40.8,27.5,0.0,observed
2024-06-10,6,33.9,41.9,27.7,0.0,observed
2024-06-11,6,33.1,40.4,27.9,0.4,observed
2024-06-12,6,32.7,39.1,27.9,0.0,observed
2024-06-13,6,32.9,39.4,28.5,0.0,observed
2024-06-14,6,33.1,39.5,28.7,0.0,observed
2024-06-15,6,33.6,39.6,28.7,0.1,observed
2024-06-16,6,33.9,41.0,28.9,0.0,observed
2024-06-17,6,33.2,39.8,28.7,0.0,observed
2024-06-18,6,33.2,39.8,28.9,0.0,observed
2024-06-19,6,33.4,40.7,28.7,0.0,observed
2024-06-20,6,33.8,41.4,28.5,0.0,observed
2024-06-21,6,33.9,40.1,28.4,0.1,observed
2024-06-22,6,35.6,41.6,29.9,0.0,observed
2024-06-23,6,37.3,44.7,30.6,0.0,observed
2024-06-24,6,38.9,46.3,31.5,0.0,observed
2024-06-25,6,38.5,46.2,31.3,0.0,observed
2024-06-26,6,35.7,42.4,29.7,0.2,observed
2024-06-27,6,35.1,43.2,31.9,0.5,observed
2024-06-28,6,33.5,37.6,30.0,0.7,observed
2024-06-29,6,34.3,38.7,30.6,0.0,observed
2024-06-30,6,34.8,40.5,30.2,0.0,observed
2024-07-01,6,35.5,42.6,31.0,0.0,observed
2024-07-02,6,34.3,40.7,30.0,0.0,observed
2024-07-03,6,34.5,40.8,30.2,0.0,observed
2024-07-04,6,34.0,40.0,29.5,0.0,observed
2024-07-05,6,33.2,38.7,29.4,0.0,observed
2024-07-06,6,33.4,38.7,29.6,0.0,observed
2024-07-07,6,34.4,43.2,29.6,0.6,observed
2024-07-08,6,33.9,38.5,30.4,4.9,observed
2024-07-09,6,32.5,37.2,30.3,3.1,observed
2024-07-10,6,32.8,37.5,29.6,0.0,observed
2024-07-11,6,32.0,36.9,28.9,0.0,observed
2024-07-12,6,32.0,37.1,28.9,0.0,observed
2024-07-13,6,32.2,37.8,28.6,0.1,observed
2024-07-14,6,33.0,39.3,28.8,0.0,observed
2024-07-15,6,34.4,39.7,29.4,0.0,observed
2024-07-16,6,36.3,43.0,30.4,0.1,observed
2024-07-17,6,35.2,40.2,30.9,0.0,observed
2024-07-18,6,35.3,40.5,31.5,0.0,observed
2024-07-19,6,33.7,39.1,30.2,0.7,observed
2024-07-20,6,32.8,36.7,30.5,23.9,observed
2024-07-21,6,34.2,40.1,29.7,1.9,observed
2024-07-22,6,33.8,39.6,30.7,8.7,observed
2024-07-23,6,33.0,38.1,29.7,0.0,observed
2024-07-24,6,32.1,36.2,29.5,0.0,observed
2024-07-25,6,32.5,38.6,28.2,0.0,observed
2024-07-26,6,33.1,39.5,28.8,0.0,observed
2024-07-27,6,33.0,38.7,29.0,0.0,observed
2024-07-28,6,33.0,38.0,28.8,0.0,observed
2024-07-29,6,31.9,36.3,29.3,8.3,observed
2024-07-30,6,30.5,35.8,27.3,7.4,observed
2024-07-31,6,30.2,32.9,27.9,5.6,observed
2024-08-01,6,30.5,33.8,28.1,0.0,observed
2024-08-02,6,30.2,33.3,28.0,1.0,observed
2024-08-03,6,29.0,32.5,27.4,13.0,observed
2024-08-04,6,29.8,34.0,27.2,0.0,observed
2024-08-05,6,29.7,33.5,27.0,0.6,observed
2024-08-06,6,28.8,31.3,27.1,0.1,observed
2024-08-07,6,29.2,32.3,27.2,0.0,observed
2024-08-08,6,30.0,34.3,26.9,0.0,observed
2024-08-09,6,31.0,36.2,27.0,0.3,observed
2024-08-10,6,31.3,37.1,27.5,0.0,observed
2024-08-11,6,31.1,36.8,27.7,0.0,observed
2024-08-12,6,30.8,35.2,27.2,0.0,observed
2024-08-13,6,31.8,37.2,28.1,0.4,observed
2024-08-14,6,32.0,37.9,27.8,0.2,observed
2024-08-15,6,31.4,36.6,28.2,0.0,observed
2024-08-16,6,30.9,35.8,27.7,0.1,observed
2024-08-17,6,27.7,28.7,26.8,26.2,observed
2024-08-18,6,29.0,32.5,26.6,1.2,observed
2024-08-19,6,29.2,33.0,26.2,1.0,observed
2024-08-20,6,29.6,33.9,26.5,0.4,observed
2024-08-21,6,30.3,34.6,27.0,0.2,observed
2024-08-22,6,30.7,35.8,26.9,0.2,observed
2024-08-23,6,31.4,37.5,27.0,0.0,observed
2024-08-24,6,31.1,38.2,26.9,3.3,observed
2024-08-25,6,32.2,37.6,27.6,0.1,observed
2024-08-26,6,30.6,37.1,28.2,19.4,observed
2024-08-27,6,28.4,32.0,26.5,14.5,observed
2024-08-28,6,26.6,29.8,25.4,49.0,observed
2024-08-29,6,26.8,29.9,26.0,37.4,observed
2024-08-30,6,27.7,31.1,25.6,4.7,observed
2024-08-31,6,27.6,32.1,25.2,2.8,observed
2024-09-01,6,28.5,32.5,24.8,0.2,observed
2024-09-02,6,28.6,32.5,25.2,0.0,observed
2024-09-03,6,29.3,33.6,25.8,5.3,observed
2024-09-04,6,27.9,32.1,25.5,14.1,observed
2024-09-05,6,29.1,33.7,26.0,0.0,observed
2024-09-06,6,29.0,34.4,25.8,0.0,observed
2024-09-07,6,28.6,33.7,25.2,0.0,observed
2024-09-08,6,28.7,33.7,25.1,0.0,observed
2024-09-09,6,28.7,33.7,25.3,0.0,observed
2024-09-10,6,28.6,33.9,24.8,0.0,observed
2024-09-11,6,29.1,34.7,24.4,0.0,observed
2024-09-12,6,29.0,34.7,25.7,0.0,observed
2024-09-13,6,28.4,33.9,24.9,0.0,observed
2024-09-14,6,28.6,34.5,24.9,0.0,observed
2024-09-15,6,28.8,34.8,24.9,0.0,observed
2024-09-16,6,29.1,35.7,24.7,0.0,observed
2024-09-17,6,29.6,35.8,25.1,0.0,observed
2024-09-18,6,29.6,36.2,24.5,0.0,observed
2024-09-19,6,30.8,37.9,24.8,0.0,observed
2024-09-20,6,31.7,38.8,26.6,0.0,observed
2024-09-21,6,30.5,37.4,25.8,0.0,observed
2024-09-22,6,30.8,37.8,25.9,0.0,observed
2024-09-23,6,30.9,37.5,26.3,0.0,observed
2024-09-24,6,31.0,37.5,26.5,0.0,observed
2024-09-25,6,31.1,38.1,26.1,0.0,observed
2024-09-26,6,31.6,38.6,26.1,0.0,observed
2024-09-27,6,32.5,39.5,27.3,0.0,observed
2024-09-28,6,31.7,38.4,26.9,0.0,observed
2024-09-29,6,31.3,37.8,26.8,0.0,observed
2024-09-30,6,31.9,38.7,26.6,0.0,observed
2024-10-01,6,32.0,39.7,26.1,0.0,observed
2024-10-02,6,31.8,39.9,26.4,0.0,observed
2024-10-03,6,31.1,38.9,26.4,0.0,observed
2024-10-04,6,30.5,37.9,26.5,0.0,observed
2024-10-05,6,30.5,37.0,25.7,0.0,observed
2024-10-06,6,30.5,36.1,25.7,0.0,observed
2024-10-07,6,31.4,37.4,26.1,0.0,observed
2024-10-08,6,32.7,38.6,27.2,0.0,observed
2024-10-09,6,32.2,38.1,26.3,0.0,observed
2024-10-10,6,32.6,39.2,26.8,0.0,observed
2024-10-11,6,32.1,39.1,25.3,0.0,observed
2024-10-12,6,31.3,38.4,24.6,0.0,observed
2024-10-13,6,31.3,35.9,26.5,0.0,observed
2024-10-14,6,30.4,33.7,27.4,0.0,observed
2024-10-15,6,32.7,38.3,26.7,0.0,observed
2024-10-16,6,32.5,38.7,26.3,0.0,observed
2024-10-17,6,32.4,38.6,26.5,0.0,observed
2024-10-18,6,32.4,38.9,26.3,0.0,observed
2024-10-19,6,33.2,39.5,27.0,0.0,observed
2024-10-20,6,33.0,39.3,28.0,0.0,observed
2024-10-21,6,32.3,39.9,25.9,0.0,observed
2024-10-22,6,31.9,39.1,24.9,0.0,observed
2024-10-23,6,31.3,38.6,24.7,0.0,observed
2024-10-24,6,31.2,38.4,24.4,0.0,observed
2024-10-25,6,32.2,40.2,25.6,0.0,observed
2024-10-26,6,32.2,41.5,24.3,0.0,observed
2024-10-27,6,32.3,41.2,24.2,0.0,observed
2024-10-28,6,32.8,41.4,25.7,0.0,observed
2024-10-29,6,30.8,38.9,24.5,0.0,observed
2024-10-30,6,30.3,39.0,24.0,0.0,observed
2024-10-31,6,30.1,37.5,22.9,0.0,observed
2024-11-01,6,31.3,38.3,25.5,0.0,observed
2024-11-02,6,30.8,38.3,24.9,0.0,observed
2024-11-03,6,29.1,36.5,22.9,0.0,observed
2024-11-04,6,29.7,36.5,23.2,0.0,observed
2024-11-05,6,30.2,36.6,24.5,0.0,observed
2024-11-06,6,29.8,37.4,22.6,0.0,observed
2024-11-07,6,29.3,36.7,22.8,0.0,observed
2024-11-08,6,28.9,35.7,23.7,0.0,observed
2024-11-09,6,28.5,35.3,22.7,0.0,observed
2024-11-10,6,28.6,35.4,22.1,0.0,observed
2024-11-11,6,28.4,34.7,22.1,0.0,observed
2024-11-12,6,28.1,34.2,22.8,0.0,observed
2024-11-13,6,27.6,33.9,22.3,0.0,observed
2024-11-14,6,27.5,33.7,21.8,0.0,observed
2024-11-15,6,26.9,33.5,20.8,0.0,observed
2024-11-16,6,26.2,32.7,20.3,0.0,observed
2024-11-17,6,26.2,32.7,20.1,0.0,observed
2024-11-18,6,25.7,31.9,20.4,0.0,observed
2024-11-19,6,25.7,33.0,19.1,0.0,observed
2024-11-20,6,25.0,31.4,19.4,0.0,observed
2024-11-21,6,25.2,32.1,18.1,0.0,observed
2024-11-22,6,25.4,31.9,19.3,0.0,observed
2024-11-23,6,25.8,32.2,20.2,0.0,observed
2024-11-24,6,25.0,31.2,19.5,0.0,observed
2024-11-25,6,24.1,30.7,17.8,0.0,observed
2024-11-26,6,25.3,32.8,18.6,0.0,observed
2024-11-27,6,25.3,32.3,19.3,0.0,observed
2024-11-28,6,25.0,31.7,19.4,0.0,observed
2024-11-29,6,24.7,30.9,18.8,0.0,observed
2024-11-30,6,23.3,28.8,19.1,0.0,observed
2024-12-01,6,23.0,29.0,18.1,0.0,observed
2024-12-02,6,23.1,28.8,17.8,0.0,observed
2024-12-03,6,22.8,27.7,18.3,0.0,observed
2024-12-04,6,22.4,28.0,17.9,0.0,observed
2024-12-05,6,22.7,29.7,16.0,0.0,observed
2024-12-06,6,21.4,27.6,16.2,0.0,observed
2024-12-07,6,20.4,27.0,14.4,0.0,observed
2024-12-08,6,19.0,25.8,13.9,0.0,observed
2024-12-09,6,17.6,24.4,12.4,0.0,observed
2024-12-10,6,16.9,23.5,10.7,0.0,observed
2024-12-11,6,17.0,23.9,11.1,0.0,observed
2024-12-12,6,16.9,22.7,11.7,0.0,observed
2024-12-13,6,16.0,22.6,10.1,0.0,observed
2024-12-14,6,16.1,22.9,10.1,0.0,observed
2024-12-15,6,16.8,24.0,10.9,0.0,observed
2024-12-16,6,17.2,24.0,11.5,0.0,observed
2024-12-17,6,17.4,23.5,12.1,0.0,observed
2024-12-18,6,17.0,23.2,12.2,0.0,observed
2024-12-19,6,17.0,23.3,11.4,0.0,observed
2024-12-20,6,16.3,22.2,10.9,0.0,observed
2024-12-21,6,15.5,22.2,9.8,0.0,observed
2024-12-22,6,16.7,23.1,11.4,0.0,observed
2024-12-23,6,16.5,22.7,11.5,0.0,observed
2024-12-24,6,16.0,21.6,11.2,0.0,observed
2024-12-25,6,15.8,21.5,10.5,0.0,observed
2024-12-26,6,16.0,21.9,11.1,0.0,observed
2024-12-27,6,16.3,22.5,11.5,0.0,observed
2024-12-28,6,16.3,25.0,9.6,0.0,observed
2024-12-29,6,15.7,22.7,8.8,0.0,observed
2024-12-30,6,15.8,22.5,10.1,0.0,observed
2024-12-31,6,16.6,23.2,11.0,0.0,observed
2025-01-01,6,16.8,23.4,11.3,0.0,observed
2025-01-02,6,17.0,23.3,12.3,0.0,observed
2025-01-03,6,16.8,23.5,11.7,0.0,observed
2025-01-04,6,17.2,23.0,11.6,0.0,observed
2025-01-05,6,16.6,22.5,11.7,0.0,observed
2025-01-06,6,15.9,22.4,10.5,0.0,observed
2025-01-07,6,15.3,22.5,9.3,0.0,observed
2025-01-08,6,15.5,24.1,7.6,0.0,observed
2025-01-09,6,15.9,24.5,7.8,0.0,observed
2025-01-10,6,16.9,22.3,12.7,0.0,observed
2025-01-11,6,18.1,24.3,13.4,0.0,observed
2025-01-12,6,15.7,22.8,10.1,0.0,observed
2025-01-13,6,14.8,20.9,9.8,0.0,observed
2025-01-14,6,15.2,22.0,9.6,0.0,observed
2025-01-15,6,16.2,22.5,11.0,0.0,observed
2025-01-16,6,16.7,23.1,10.6,0.0,observed
2025-01-17,6,16.4,22.6,11.4,0.0,observed
2025-01-18,6,16.0,22.4,11.0,0.0,observed
2025-01-19,6,16.7,23.0,11.4,0.0,observed
2025-01-20,6,17.2,23.3,12.0,0.0,observed
2025-01-21,6,17.7,24.1,12.9,0.0,observed
2025-01-22,6,18.1,25.0,11.9,0.0,observed
2025-01-23,6,18.3,24.0,13.3,0.0,observed
2025-01-24,6,17.5,24.3,11.6,0.0,observed
2025-01-25,6,17.5,24.5,11.4,0.0,observed
2025-01-26,6,16.9,25.5,9.0,0.0,observed
2025-01-27,6,17.3,26.5,8.8,0.0,observed
2025-01-28,6,19.7,29.2,10.7,0.0,observed
2025-01-29,6,20.9,28.4,14.9,0.0,observed
2025-01-30,6,19.6,25.5,15.0,0.0,observed
2025-01-31,6,18.0,24.5,12.7,0.0,observed
2025-02-01,6,18.0,24.9,11.8,0.0,observed
2025-02-02,6,18.5,25.4,13.0,0.0,observed
2025-02-03,6,18.2,25.2,12.2,0.0,observed
2025-02-04,6,19.4,26.2,13.2,0.0,observed
2025-02-05,6,17.9,25.1,11.0,0.0,observed
2025-02-06,6,18.1,25.6,12.0,0.0,observed
2025-02-07,6,18.6,25.8,12.8,0.0,observed
2025-02-08,6,19.5,27.5,13.5,0.0,observed
2025-02-09,6,19.9,28.3,12.5,0.0,observed
2025-02-10,6,22.2,30.8,13.4,0.0,observed
2025-02-11,6,22.9,29.5,17.4,0.0,observed
2025-02-12,6,22.2,28.6,16.7,0.0,observed
2025-02-13,6,23.2,31.1,15.1,0.0,observed
2025-02-14,6,26.2,36.0,17.9,0.0,observed
2025-02-15,6,27.3,34.5,21.0,0.0,observed
2025-02-16,6,26.2,34.6,18.7,0.0,observed
2025-02-17,6,25.1,31.1,19.8,0.0,observed
2025-02-18,6,25.6,32.7,19.2,0.0,observed
2025-02-19,6,27.2,33.4,23.0,0.0,observed
2025-02-20,6,24.7,31.5,17.8,0.0,observed
2025-02-21,6,23.1,28.3,19.0,0.0,observed
2025-02-22,6,22.3,29.1,16.7,0.0,observed
2025-02-23,6,23.9,31.4,16.7,0.0,observed
2025-02-24,6,24.7,32.1,18.2,0.0,observed
2025-02-25,6,25.1,31.1,19.9,0.0,observed
2025-02-26,6,27.0,34.0,20.5,0.0,observed
2025-02-27,6,25.4,30.0,21.1,0.0,observed
2025-02-28,6,25.2,31.9,20.8,0.0,observed
2025-03-01,6,25.0,31.5,19.1,0.0,observed
2025-03-02,6,24.8,31.4,19.1,0.0,observed
2025-03-03,6,25.8,32.4,20.5,0.0,observed
2025-03-04,6,22.5,28.2,17.3,0.0,observed
2025-03-05,6,20.6,28.8,11.6,0.0,observed
2025-03-06,6,26.4,36.0,17.3,0.0,observed
2025-03-07,6,27.3,36.3,19.2,0.0,observed
2025-03-08,6,27.4,34.7,20.5,0.0,observed
2025-03-09,6,28.2,36.7,19.6,0.0,observed
2025-03-10,6,30.7,39.0,23.1,0.0,observed
2025-03-11,6,29.4,36.5,22.7,0.0,observed
2025-03-12,6,29.0,37.5,20.4,0.0,observed
2025-03-13,6,29.8,37.4,22.7,0.0,observed
2025-03-14,6,29.1,36.1,23.9,0.0,observed
2025-03-15,6,26.7,32.8,22.2,0.0,observed
2025-03-16,6,26.0,32.7,19.7,0.0,observed
2025-03-17,6,25.9,33.7,17.3,0.0,observed
2025-03-18,6,27.1,34.0,19.5,0.0,observed
2025-03-19,6,27.0,34.0,20.2,0.0,observed
2025-03-20,6,27.6,35.0,20.6,0.0,observed
2025-03-21,6,28.3,35.5,21.7,0.0,observed
2025-03-22,6,29.4,37.8,22.4,0.0,observed
2025-03-23,6,29.7,38.4,22.0,0.0,observed
2025-03-24,6,30.2,37.3,23.8,0.0,observed
2025-03-25,6,28.2,35.9,21.8,0.0,observed
2025-03-26,6,27.8,35.1,22.5,0.0,observed
2025-03-27,6,26.3,33.0,20.2,0.0,observed
2025-03-28,6,25.0,31.9,18.9,0.0,observed
2025-03-29,6,25.7,33.0,19.8,0.0,observed
2025-03-30,6,27.1,35.6,19.1,0.0,observed
2025-03-31,6,28.5,37.0,19.9,0.0,observed
2025-04-01,6,29.0,37.4,20.3,0.0,observed
2025-04-02,6,29.5,38.5,20.0,0.0,observed
2025-04-03,6,31.0,40.6,22.7,0.0,observed
2025-04-04,6,30.0,37.6,22.1,0.0,observed
2025-04-05,6,31.5,41.3,22.2,0.0,observed
2025-04-06,6,34.1,43.6,27.2,0.0,observed
2025-04-07,6,32.7,41.5,26.9,0.0,observed
2025-04-08,6,31.0,39.7,24.6,0.0,observed
2025-04-09,6,30.4,38.7,23.6,0.0,observed
2025-04-10,6,30.4,39.7,25.0,0.0,observed
2025-04-11,6,30.6,39.7,23.9,0.0,observed
2025-04-12,6,32.1,41.8,24.0,0.0,observed
2025-04-13,6,32.2,41.2,25.5,0.0,observed
2025-04-14,6,33.2,43.2,27.1,0.0,observed
2025-04-15,6,33.3,44.0,26.3,0.0,observed
2025-04-16,6,33.1,42.6,25.9,0.0,observed
2025-04-17,6,33.5,42.5,27.0,0.0,observed
2025-04-18,6,32.5,40.2,26.7,0.0,observed
2025-04-19,6,32.0,40.8,25.1,0.0,observed
2025-04-20,6,32.0,39.5,22.7,0.0,observed
2025-04-21,6,31.6,38.7,24.3,0.0,observed
2025-04-22,6,32.0,40.1,22.6,0.0,observed
2025-04-23,6,32.9,41.8,23.6,0.0,observed
2025-04-24,6,32.8,42.0,25.4,0.0,observed
2025-04-25,6,32.8,43.2,25.3,0.0,observed
2025-04-26,6,34.1,43.2,26.4,0.0,observed
2025-04-27,6,34.2,43.4,27.6,0.0,observed
2025-04-28,6,34.2,43.0,27.0,0.0,observed
2025-04-29,6,34.7,43.1,27.1,0.0,observed
2025-04-30,6,34.8,42.9,28.4,0.0,observed
2025-05-01,6,34.1,41.6,28.6,0.0,observed
2025-05-02,6,33.3,41.6,27.5,0.0,observed
2025-05-03,6,32.6,42.1,26.4,0.1,observed
2025-05-04,6,31.8,40.0,25.9,0.2,observed
2025-05-05,6,30.1,37.4,24.3,0.0,observed
2025-05-06,6,32.5,38.9,25.7,0.0,observed
2025-05-07,6,33.7,40.4,27.0,0.0,observed
2025-05-08,6,32.8,38.1,27.0,0.0,observed
2025-05-09,6,32.0,39.4,25.8,0.0,observed
2025-05-10,6,33.6,40.5,27.1,0.0,observed
2025-05-11,6,33.0,40.9,27.0,0.0,observed
2025-05-12,6,31.8,38.7,26.5,0.0,observed
2025-05-13,6,31.4,38.6,25.5,0.0,observed
2025-05-14,6,33.0,41.0,26.3,0.0,observed
2025-05-15,6,33.5,42.0,26.3,0.0,observed
2025-05-16,6,33.0,41.7,25.8,0.0,observed
2025-05-17,6,32.7,40.8,26.3,0.0,observed
2025-05-18,6,32.9,40.9,27.1,0.0,observed
2025-05-19,6,32.2,39.7,26.6,0.0,observed
2025-05-20,6,32.7,40.1,26.8,0.0,observed
2025-05-21,6,32.9,40.8,27.1,0.0,observed
2025-05-22,6,32.9,40.7,26.9,0.0,observed
2025-05-23,6,33.2,42.5,26.6,0.0,observed
2025-05-24,6,33.7,41.4,27.2,0.0,observed
2025-05-25,6,35.4,44.4,27.8,0.0,observed
2025-05-26,6,36.8,45.5,29.1,0.0,observed
2025-05-27,6,35.5,44.1,30.1,0.0,observed
2025-05-28,6,34.7,43.0,27.8,0.0,observed
2025-05-29,6,35.7,46.2,28.1,0.0,observed
2025-05-30,6,36.1,43.9,29.2,0.0,observed
2025-05-31,6,34.1,43.3,28.2,0.0,observed
2025-06-01,6,34.4,42.9,27.7,0.0,observed
2025-06-02,6,33.2,40.6,27.6,0.1,observed
2025-06-03,6,32.4,38.4,27.5,0.0,observed
2025-06-04,6,31.9,38.1,26.9,0.0,observed
2025-06-05,6,32.2,38.6,27.1,0.0,observed
2025-06-06,6,32.5,40.0,27.2,0.0,observed
2025-06-07,6,32.5,40.4,26.9,0.0,observed
2025-06-08,6,32.2,39.9,26.6,0.0,observed
2025-06-09,6,31.7,39.1,26.8,0.0,observed
2025-06-10,6,31.8,38.7,26.9,0.0,observed
2025-06-11,6,32.8,39.6,27.6,0.0,observed
2025-06-12,6,33.6,42.6,27.6,0.0,observed
2025-06-13,6,34.3,42.8,27.7,0.0,observed
2025-06-14,6,34.8,42.4,28.1,0.0,observed
2025-06-15,6,33.5,40.8,28.2,3.7,observed
2025-06-16,6,34.6,39.3,30.6,0.0,observed
2025-06-17,6,36.0,42.0,31.9,0.0,observed
2025-06-18,6,35.4,43.6,30.2,0.0,observed
2025-06-19,6,32.9,38.8,28.7,0.0,observed
2025-06-20,6,32.8,38.2,28.5,0.0,observed
2025-06-21,6,33.1,38.8,29.1,0.0,observed
2025-06-22,6,32.7,37.8,29.2,0.0,observed
2025-06-23,6,32.9,38.6,28.4,0.0,observed
2025-06-24,6,33.1,39.1,28.8,0.0,observed
2025-06-25,6,33.2,39.2,28.2,0.0,observed
2025-06-26,6,32.9,37.7,29.0,1.6,observed
2025-06-27,6,30.3,36.9,28.1,15.4,observed
2025-06-28,6,30.2,35.2,27.4,10.0,observed
2025-06-29,6,31.2,35.8,27.4,0.3,observed
2025-06-30,6,31.8,36.8,28.0,0.0,observed
2025-07-01,6,32.0,37.3,28.2,0.0,observed
2025-07-02,6,32.1,38.1,27.9,0.0,observed
2025-07-03,6,31.8,36.2,28.1,0.0,observed
2025-07-04,6,32.2,36.4,29.1,0.6,observed
2025-07-05,6,32.7,37.8,28.7,0.0,observed
2025-07-06,6,32.1,36.6,28.6,0.0,observed
2025-07-07,6,31.8,35.6,28.4,0.2,observed
2025-07-08,6,32.4,37.4,28.0,0.0,observed
2025-07-09,6,32.3,37.1,28.5,0.0,observed
2025-07-10,6,32.2,36.9,28.0,0.0,observed
2025-07-11,6,32.3,37.7,28.0,0.0,observed
2025-07-12,6,32.3,37.3,28.2,0.0,observed
2025-07-13,6,32.3,39.0,28.1,0.0,observed
2025-07-14,6,32.8,39.2,28.4,0.2,observed
2025-07-15,6,32.6,38.6,28.1,0.0,observed
2025-07-16,6,31.8,37.5,27.6,0.0,observed
2025-07-17,6,32.0,37.2,27.1,0.0,observed
2025-07-18,6,32.5,37.4,28.3,0.0,observed
2025-07-19,6,32.2,38.7,28.8,0.1,observed
2025-07-20,6,31.3,36.1,28.5,0.4,observed
2025-07-21,6,32.3,37.2,28.3,0.1,observed
2025-07-22,6,32.1,37.8,28.5,0.0,observed
2025-07-23,6,31.2,35.8,28.0,0.0,observed
2025-07-24,6,31.6,36.0,27.6,0.1,observed
2025-07-25,6,32.0,38.5,27.4,0.0,observed
2025-07-26,6,31.8,37.8,27.7,0.0,observed
2025-07-27,6,31.0,37.4,27.9,0.0,observed
2025-07-28,6,31.0,36.5,28.0,0.0,observed
2025-07-29,6,31.0,36.9,27.4,0.0,observed
2025-07-30,6,30.9,36.5,27.0,0.0,observed
2025-07-31,6,31.4,37.3,26.7,0.0,observed
2025-08-01,6,30.8,35.9,27.1,0.0,observed
2025-08-02,6,30.0,33.9,27.0,0.0,observed
2025-08-03,6,30.6,35.8,27.1,0.0,observed
2025-08-04,6,30.4,36.0,26.6,0.0,observed
2025-08-05,6,30.0,34.9,26.6,0.0,observed
2025-08-06,6,30.2,35.8,26.3,0.0,observed
2025-08-07,6,30.2,35.9,26.0,0.0,observed
2025-08-08,6,30.2,36.1,26.1,0.0,observed
2025-08-09,6,30.6,36.7,26.2,0.0,observed
2025-08-10,6,30.5,36.8,26.3,0.0,observed
2025-08-11,6,30.1,36.3,26.2,0.0,observed
2025-08-12,6,30.1,36.1,26.3,0.0,observed
2025-08-13,6,30.6,36.6,26.5,0.0,observed
2025-08-14,6,31.1,35.5,27.1,0.0,observed
2025-08-15,6,32.7,37.4,28.6,0.0,observed
2025-08-16,6,32.8,37.7,28.9,0.0,observed
2025-08-17,6,33.0,37.0,28.8,0.1,observed
2025-08-18,6,33.3,38.9,29.3,0.3,observed
2025-08-19,6,30.8,35.0,27.5,10.3,observed
2025-08-20,6,30.3,36.0,26.6,62.9,observed
2025-08-21,6,29.1,34.0,27.0,18.7,observed
2025-08-22,6,30.1,34.9,27.0,0.0,observed
2025-08-23,6,29.8,33.9,27.0,0.0,observed
2025-08-24,6,30.2,35.5,26.7,0.0,observed
2025-08-25,6,30.6,35.8,26.8,0.0,observed
2025-08-26,6,30.0,34.9,26.3,0.0,observed
2025-08-27,6,29.9,35.2,25.8,0.0,observed
2025-08-28,6,30.1,35.8,26.0,0.0,observed
2025-08-29,6,30.0,34.9,26.0,0.0,observed
2025-08-30,6,30.3,35.2,26.1,0.0,observed
2025-08-31,6,30.0,35.3,26.6,0.0,observed
2025-09-01,6,29.8,35.4,25.8,0.0,observed
2025-09-02,6,29.8,35.7,25.4,0.0,observed
2025-09-03,6,29.8,35.4,25.2,0.0,observed
2025-09-04,6,31.2,37.6,25.3,0.2,observed
2025-09-05,6,32.5,38.4,27.4,0.0,observed
2025-09-06,6,33.2,39.2,28.4,0.0,observed
2025-09-07,6,29.5,33.5,26.4,6.5,observed
2025-09-08,6,26.9,31.6,25.2,36.2,observed
2025-09-09,6,26.1,28.6,24.8,33.5,observed
2025-09-10,6,27.2,31.0,24.8,2.4,observed
2025-09-11,6,27.3,30.5,24.4,0.3,observed
2025-09-12,6,28.4,32.9,25.3,0.4,observed
2025-09-13,6,28.7,33.7,25.2,0.0,observed
2025-09-14,6,28.9,34.1,25.3,0.0,observed
2025-09-15,6,28.7,32.9,25.5,0.0,observed
2025-09-16,6,29.1,34.7,25.9,0.0,observed
2025-09-17,6,29.2,34.3,25.2,0.0,observed
2025-09-18,6,29.1,34.3,24.8,0.0,observed
2025-09-19,6,28.5,33.5,24.7,0.0,observed
2025-09-20,6,28.8,34.5,24.1,0.0,observed
2025-09-21,6,28.6,34.5,24.2,0.0,observed
2025-09-22,6,28.9,34.8,24.3,0.0,observed
2025-09-23,6,28.9,34.6,25.0,0.0,observed
2025-09-24,6,29.1,34.6,25.1,0.2,observed
2025-09-25,6,29.3,34.7,24.6,0.0,observed
2025-09-26,6,29.4,34.7,24.6,0.0,observed
2025-09-27,6,30.7,37.2,25.4,0.0,observed
2025-09-28,6,32.1,39.4,25.4,0.0,observed
2025-09-29,6,33.2,39.2,28.2,0.2,observed
2025-09-30,6,30.4,35.5,27.6,12.0,observed
2025-10-01,6,29.8,34.0,26.3,0.1,observed
2025-10-02,6,29.6,33.2,26.7,0.0,observed
2025-10-03,6,28.8,31.0,26.8,0.1,observed
2025-10-04,6,29.7,34.1,26.2,0.0,observed
2025-10-05,6,29.3,34.7,25.9,0.0,observed
2025-10-06,6,29.5,35.9,25.9,0.0,observed
2025-10-07,6,28.0,33.6,23.5,0.0,observed
2025-10-08,6,28.0,34.1,22.3,0.0,observed
2025-10-09,6,28.2,33.8,23.2,0.0,observed
2025-10-10,6,28.6,34.1,24.1,0.0,observed
2025-10-11,6,28.5,34.0,24.1,0.0,observed
2025-10-12,6,28.9,34.5,24.2,0.0,observed
2025-10-13,6,29.0,34.8,24.5,0.0,observed
2025-10-14,6,29.1,34.9,24.2,0.0,observed
2025-10-15,6,29.2,35.7,24.2,0.0,observed
2025-10-16,6,28.7,35.5,21.8,0.0,observed
2025-10-17,6,29.3,36.3,23.7,0.0,observed
2025-10-18,6,29.5,36.5,23.6,0.0,observed
2025-10-19,6,29.8,36.9,24.8,0.0,observed
2025-10-20,6,28.7,36.1,22.2,0.0,observed
2025-10-21,6,29.1,36.1,22.7,0.0,observed
2025-10-22,6,29.2,36.3,23.5,0.0,observed
2025-10-23,6,29.1,37.1,22.6,0.0,observed
2025-10-24,6,28.8,36.8,21.7,0.0,observed
2025-10-25,6,29.0,37.1,21.5,0.0,observed
2025-10-26,6,28.6,36.1,21.7,0.0,observed
2025-10-27,6,28.2,35.1,21.2,0.0,observed
2025-10-28,6,27.7,33.6,22.1,0.0,observed
2025-10-29,6,27.4,32.7,21.9,0.0,observed
2025-10-30,6,28.2,33.8,22.9,0.0,observed
2025-10-31,6,27.7,34.6,22.0,0.0,observed
2025-11-01,6,27.7,34.8,21.2,0.0,observed
2025-11-02,6,27.5,35.3,20.4,0.0,observed
2025-11-03,6,27.5,35.7,21.4,0.0,observed
2025-11-04,6,26.9,36.0,19.9,0.0,observed
2025-11-05,6,25.0,32.4,20.0,0.0,observed
2025-11-06,6,24.7,32.7,18.6,0.0,observed
2025-11-07,6,24.7,32.6,17.5,0.0,observed
2025-11-08,6,25.3,32.4,18.7,0.0,observed
2025-11-09,6,23.7,30.7,16.8,0.0,observed
2025-11-10,6,23.5,30.0,17.2,0.0,observed
2025-11-11,6,23.6,30.1,17.8,0.0,observed
2025-11-12,6,23.9,30.8,17.6,0.0,observed
2025-11-13,6,23.3,30.8,16.0,0.0,observed
2025-11-14,6,22.7,30.5,15.2,0.0,observed
2025-11-15,6,22.8,30.4,15.0,0.0,observed
2025-11-16,6,22.8,30.5,15.7,0.0,observed
2025-11-17,6,22.1,30.4,14.0,0.0,observed
2025-11-18,6,21.4,29.8,12.7,0.0,observed
2025-11-19,6,21.7,30.0,13.0,0.0,observed
2025-11-20,6,21.5,29.5,14.1,0.0,observed
2025-11-21,6,21.8,29.6,14.5,0.0,observed
2025-11-22,6,22.0,29.2,15.5,0.0,observed
2025-11-23,6,21.4,28.6,14.4,0.0,observed
2025-11-24,6,20.9,28.3,14.7,0.0,observed
2025-11-25,6,20.8,26.9,15.7,0.0,observed
2025-11-26,6,20.8,27.6,14.8,0.0,observed
2025-11-27,6,20.4,25.9,15.9,0.0,observed
2025-11-28,6,19.8,26.1,14.8,0.0,observed
2025-11-29,6,19.6,26.4,14.1,0.0,observed
2025-11-30,6,19.9,26.9,13.9,0.0,observed
2025-12-01,6,19.5,28.2,11.9,0.0,observed
2025-12-02,6,18.7,26.4,12.0,0.0,observed
2025-12-03,6,18.5,26.2,12.3,0.0,observed
2025-12-04,6,19.0,26.4,13.1,0.0,observed
2025-12-05,6,19.2,27.6,11.9,0.0,observed
2025-12-06,6,19.3,25.3,14.4,0.0,observed
2025-12-07,6,19.8,27.7,13.9,0.0,observed
2025-12-08,6,20.2,29.0,13.3,0.0,observed
2025-12-09,6,20.7,29.5,13.2,0.0,observed
2025-12-10,6,20.6,29.8,11.6,0.0,observed
2025-12-11,6,20.5,28.7,12.0,0.0,observed
2025-12-12,6,20.0,28.1,12.1,0.0,observed
2025-12-13,6,20.5,28.2,14.3,0.0,observed
2025-12-14,6,19.1,25.6,14.2,0.0,observed
2025-12-15,6,19.1,25.9,13.9,0.0,observed
2025-12-16,6,19.3,26.7,14.0,0.0,observed
2025-12-17,6,19.5,27.1,13.7,0.0,observed
2025-12-18,6,19.7,27.2,13.3,0.0,observed
2025-12-19,6,20.3,27.8,14.3,0.0,observed
2025-12-20,6,22.6,29.7,16.2,0.0,observed
2025-12-21,6,22.6,29.2,16.5,0.0,observed
2025-12-22,6,20.5,25.4,16.8,0.0,observed
2025-12-23,6,19.7,25.7,14.9,0.0,observed
2025-12-24,6,18.6,25.6,12.9,0.0,observed
2025-12-25,6,17.9,25.4,10.2,0.0,observed
2025-12-26,6,18.6,25.3,12.3,0.0,observed
2025-12-27,6,18.7,25.3,13.8,0.0,observed
2025-12-28,6,19.0,25.7,14.0,0.0,observed
2025-12-29,6,18.6,25.5,13.2,0.0,observed
2025-12-30,6,19.5,26.5,12.6,0.0,observed
2025-12-31,6,19.1,24.1,16.0,6.0,observed
2026-01-01,6,17.6,23.4,13.1,0.0,observed
2026-01-02,6,16.7,22.8,11.8,0.0,observed
2026-01-03,6,16.4,23.1,10.4,0.0,observed
2026-01-04,6,17.1,23.9,11.1,0.0,observed
2026-01-05,6,17.5,23.7,12.3,0.0,observed
2026-01-06,6,17.2,23.4,12.0,0.0,observed
2026-01-07,6,16.0,22.2,11.2,0.0,observed
2026-01-08,6,14.4,20.3,9.7,0.0,observed
2026-01-09,6,14.3,21.1,9.0,0.0,observed
2026-01-10,6,13.7,20.3,8.4,0.0,observed
2026-01-11,6,13.4,20.7,7.3,0.0,observed
2026-01-12,6,13.7,21.1,7.7,0.0,observed
2026-01-13,6,14.1,20.8,8.7,0.0,observed
2026-01-14,6,16.3,24.1,9.2,0.0,observed
2026-01-15,6,19.3,26.3,13.1,0.0,observed
2026-01-16,6,19.9,27.0,13.3,0.0,observed
2026-01-17,6,19.8,25.6,14.8,0.0,observed
2026-01-18,6,19.1,24.8,14.6,0.0,observed
2026-01-19,6,18.9,26.1,12.6,0.0,observed
2026-01-20,6,19.3,26.0,13.0,0.0,observed
2026-01-21,6,19.2,25.8,13.2,0.0,observed
2026-01-22,6,18.7,25.5,13.7,0.2,observed
2026-01-23,6,13.8,19.8,8.2,0.0,observed
2026-01-24,6,12.9,19.6,7.3,0.0,observed
2026-01-25,6,13.5,19.6,8.3,0.0,observed
2026-01-26,6,14.1,19.4,10.1,0.5,observed
2026-01-27,6,16.4,22.1,11.8,0.0,observed
2026-01-28,6,16.5,23.6,9.8,0.0,observed
2026-01-29,6,16.8,23.4,10.9,0.0,observed
2026-01-30,6,17.3,23.8,12.1,0.0,observed
2026-01-31,6,18.2,25.0,12.7,0.0,observed
2026-02-01,6,19.5,26.8,13.3,0.0,observed
2026-02-02,6,19.8,26.7,14.0,0.0,observed
2026-02-03,6,20.4,27.9,13.7,0.0,observed
2026-02-04,6,20.6,28.4,14.1,0.0,observed
2026-02-05,6,20.5,27.9,14.6,0.0,observed
2026-02-06,6,20.9,29.0,14.5,0.0,observed
2026-02-07,6,21.4,28.8,15.1,0.0,observed
2026-02-08,6,21.9,29.7,14.2,0.0,observed
2026-02-09,6,22.6,29.4,15.7,0.0,observed
2026-02-10,6,22.7,27.7,18.2,0.0,observed
2026-02-11,6,21.9,28.1,16.5,0.0,observed
2026-02-12,6,21.9,29.1,16.0,0.0,observed
2026-02-13,6,23.1,31.2,14.9,0.0,observed
2026-02-14,6,24.3,32.2,16.0,0.0,observed
2026-02-15,6,24.1,32.5,15.7,0.0,observed
2026-02-16,6,22.9,29.6,18.1,0.0,observed
2026-02-17,6,21.7,27.1,16.7,0.6,observed
2026-02-18,6,22.2,28.3,16.4,0.0,observed
2026-02-19,6,23.6,29.6,17.8,0.0,observed
2026-02-20,6,23.9,30.5,17.8,0.0,observed
2026-02-21,6,24.4,31.3,18.1,0.0,observed
2026-02-22,6,25.4,32.7,19.5,0.0,observed
2026-02-23,6,24.7,32.6,17.9,0.0,observed
2026-02-24,6,25.5,33.5,18.2,0.0,observed
2026-02-25,6,26.5,34.3,19.1,0.0,observed
2026-02-26,6,27.1,34.4,19.5,0.0,observed
2026-02-27,6,27.3,33.5,22.5,0.0,observed
2026-02-28,6,26.2,33.6,19.7,0.0,observed
2026-03-01,6,26.5,33.6,19.5,0.0,observed
2026-03-02,6,26.9,34.4,19.7,0.0,observed
2026-03-03,6,27.6,35.0,20.2,0.0,observed
2026-03-04,6,26.5,34.3,19.1,0.0,observed
2026-03-05,6,26.2,35.3,19.2,0.0,observed
2026-03-06,6,27.2,37.0,20.0,0.0,observed
2026-03-07,6,27.3,36.9,20.8,0.0,observed
2026-03-08,6,27.6,36.9,19.3,0.0,observed
2026-03-09,6,28.4,37.6,19.9,0.0,observed
2026-03-10,6,29.1,37.5,22.3,0.0,observed
2026-03-11,6,28.0,36.8,19.9,0.0,observed
2026-03-12,6,29.2,36.7,21.9,0.0,observed
2026-03-13,6,29.5,36.3,22.2,0.0,observed
2026-03-14,6,29.3,37.1,21.6,0.0,observed
2026-03-15,6,29.9,36.9,23.9,0.0,observed
2026-03-16,6,29.6,37.3,22.1,0.0,observed
2026-03-17,6,28.2,34.4,22.0,0.0,observed
2026-03-18,6,25.8,32.2,21.0,7.2,observed
2026-03-19,6,22.0,26.6,18.2,0.9,observed
2026-03-20,6,23.7,30.4,16.9,0.0,observed
2026-03-21,6,25.6,30.9,21.4,0.4,observed
2026-03-22,6,26.3,31.7,21.2,0.0,observed
2026-03-23,6,27.6,34.1,22.0,0.0,observed
2026-03-24,6,28.3,34.5,23.2,0.0,observed
2026-03-25,6,28.5,34.6,24.5,0.0,observed
2026-03-26,6,27.9,34.3,23.2,0.3,observed
2026-03-27,6,28.1,34.9,22.6,0.0,observed
2026-03-28,6,28.5,35.3,24.1,0.0,observed
2026-03-29,6,27.9,33.5,23.6,0.0,observed
2026-03-30,6,26.9,32.9,22.6,0.0,observed
2026-03-31,6,25.8,31.7,20.5,0.0,observed
2026-04-01,6,27.2,34.0,21.3,0.0,observed
2026-04-02,6,22.8,26.4,18.9,2.1,observed
2026-04-03,6,22.8,29.2,17.2,2.0,observed
2026-04-04,6,25.1,32.6,19.3,0.0,observed
2026-04-05,6,25.9,33.2,20.6,0.0,observed
2026-04-06,6,26.2,31.4,21.4,0.4,observed
2026-04-07,6,28.2,34.5,24.3,0.0,observed
2026-04-08,6,28.1,35.4,21.4,0.0,observed
2026-04-09,6,29.0,36.4,22.0,0.0,observed
2026-04-10,6,30.4,36.7,23.4,0.0,observed
2026-04-11,6,31.2,38.4,24.5,0.0,observed
2026-04-12,6,31.9,39.0,24.6,0.0,observed
2026-04-13,6,32.1,40.0,25.4,0.0,observed
2026-04-14,6,32.6,40.2,25.8,0.0,observed
2026-04-15,6,33.2,41.5,25.2,0.0,observed
2026-04-16,6,31.5,39.1,25.8,0.0,observed
2026-04-17,6,32.0,41.5,24.3,0.0,observed
2026-04-18,6,30.3,37.9,24.1,0.0,observed
2026-04-19,6,30.2,38.8,22.4,0.0,observed
2026-04-20,6,32.2,40.3,25.4,0.0,observed
2026-04-21,6,31.0,38.9,25.4,0.0,observed
2026-04-22,6,30.5,39.0,23.8,0.0,observed
2026-04-23,6,31.2,39.1,25.2,0.0,observed
2026-04-24,6,31.7,39.7,26.3,0.6,observed
2026-04-25,6,33.4,43.1,25.5,0.0,observed
2026-04-26,6,34.9,44.5,26.9,0.0,observed
2026-04-27,6,32.9,40.6,26.9,0.0,observed
2026-04-28,6,32.3,40.4,27.1,0.0,observed
2026-04-29,6,33.7,44.0,26.2,0.0,observed
2026-04-30,6,33.0,41.9,26.4,0.0,observed
2026-05-01,6,35.0,45.2,26.9,0.0,observed
2026-05-02,6,35.5,45.1,28.4,0.0,observed
2026-05-03,6,35.9,44.0,27.5,0.0,observed
2026-05-04,6,35.5,42.4,29.0,0.0,observed
2026-05-05,6,34.5,42.6,27.0,0.0,observed
2026-05-06,6,33.5,42.4,25.1,0.0,observed
2026-05-07,6,31.5,39.2,26.2,0.0,observed
2026-05-08,6,32.0,40.0,26.0,0.0,observed
2026-05-09,6,32.6,41.2,26.1,0.0,observed
2026-05-10,6,32.8,41.3,25.9,0.0,observed
2026-05-11,6,32.7,40.4,25.9,0.0,observed
2026-05-12,6,33.4,41.1,26.7,0.1,observed
2026-05-13,6,34.7,42.9,28.1,0.0,observed
2026-05-14,6,33.6,40.1,28.3,0.0,observed
2026-05-15,6,32.1,38.1,27.3,0.0,observed
2026-05-16,6,32.8,40.7,27.1,0.0,observed
2026-05-17,6,32.9,40.8,26.7,0.0,observed
2026-05-18,6,31.4,39.0,25.6,0.0,observed
2026-05-19,6,32.6,40.4,27.1,0.0,observed
2026-05-20,6,32.7,39.9,27.6,0.0,observed
2026-05-21,6,31.9,38.8,27.2,0.0,observed
2026-05-22,6,32.9,41.1,27.1,0.0,observed
2026-05-23,6,32.6,40.3,27.5,0.0,observed
2026-05-24,6,31.7,39.2,26.5,0.0,observed
2026-05-25,6,33.1,41.7,27.8,0.0,observed
2026-05-26,6,33.5,43.0,27.5,0.0,observed
2026-05-27,6,32.8,41.0,27.4,0.0,observed
2026-05-28,6,33.4,42.3,28.1,0.0,observed
2026-05-29,6,34.4,46.3,28.6,0.0,observed
2026-05-30,6,33.6,40.8,28.4,0.0,observed
2026-05-31,6,32.9,38.9,28.7,0.0,observed
2026-06-01,6,33.0,39.4,28.3,0.0,observed
2026-06-02,6,33.7,39.6,28.3,0.1,observed
2026-06-03,6,32.9,40.1,27.9,0.0,observed
2026-06-04,6,32.7,39.6,28.4,0.0,observed
2026-06-05,6,33.7,41.8,28.3,0.0,observed
2026-06-06,6,32.9,39.9,27.9,0.0,observed
2026-06-07,6,33.4,41.5,28.2,0.0,observed
2026-06-08,6,33.5,41.3,28.4,0.0,observed
2026-06-09,6,33.8,41.9,28.8,0.0,observed
2026-06-10,6,34.4,42.8,28.9,0.0,observed
2026-06-11,6,36.4,46.6,29.0,0.0,observed
2026-06-12,6,35.2,43.7,29.8,0.3,observed
2026-06-13,6,33.4,40.0,28.8,0.0,observed
2026-06-14,6,32.5,38.0,28.6,0.0,observed
2026-06-15,6,32.3,37.9,28.1,0.0,observed
2026-06-16,6,32.4,37.9,28.6,0.0,observed
2026-06-17,6,32.5,37.7,28.7,0.0,observed
2026-06-18,6,32.4,37.6,28.5,0.0,observed
2026-06-19,6,32.4,38.4,28.6,0.0,observed
2026-06-20,6,32.5,38.7,28.6,0.0,observed
2026-06-21,6,32.1,38.0,28.4,0.0,observed
2026-06-22,6,32.3,38.1,28.4,0.0,observed
2026-06-23,6,32.4,38.6,28.5,0.0,observed
2026-06-24,6,32.0,37.7,28.5,0.0,observed
2026-06-25,6,32.6,38.5,28.4,0.0,observed
2026-06-26,6,33.0,39.1,28.6,0.0,observed
2026-06-27,6,33.0,39.0,28.5,0.0,observed
2026-06-28,6,32.3,38.5,28.5,0.0,observed
2026-06-29,6,31.9,37.4,28.2,0.0,observed
2026-06-30,6,31.7,36.7,28.2,0.0,observed
2026-07-01,6,32.4,38.5,28.3,0.0,observed
2026-07-02,6,32.8,39.1,28.8,0.0,observed
2026-07-03,6,33.2,39.6,28.5,0.0,observed
2026-07-04,6,33.3,39.4,29.0,0.0,observed
2026-07-05,6,33.7,40.2,28.6,0.0,observed
2026-07-06,6,33.8,40.7,28.5,0.0,observed
2026-07-07,6,33.5,39.9,28.3,0.0,observed
2026-07-08,6,32.7,38.8,29.2,0.0,observed
2026-07-09,6,32.0,38.2,28.1,0.0,observed
2026-07-10,6,31.8,37.5,28.1,0.0,observed
2026-07-11,6,31.4,37.4,27.9,0.0,observed
2026-07-12,6,31.9,37.2,28.3,0.0,observed
2026-07-13,6,31.9,37.8,28.5,0.0,observed
2026-07-14,6,31.4,36.9,27.6,0.0,observed
2026-07-15,6,31.6,36.8,27.6,0.0,observed
2026-07-16,6,31.7,38.2,27.4,0.0,observed
2026-07-17,6,31.3,37.3,27.6,0.0,observed
2026-07-18,6,31.1,36.9,27.5,0.0,observed
2026-07-19,6,31.2,36.7,27.8,0.0,observed
2026-07-20,6,30.8,34.5,27.5,0.1,observed
2026-07-21,6,31.0,34.5,28.0,0.0,observed
2026-07-22,6,32.4,38.1,27.9,0.0,observed
2026-07-23,6,33.4,38.4,28.8,0.4,observed
2026-07-24,6,32.4,36.6,29.4,0.6,observed
2026-07-25,6,31.0,34.5,28.8,1.1,observed
2026-07-26,6,32.3,37.1,28.2,0.1,observed
2026-07-27,6,32.2,37.8,28.7,0.0,observed
2026-07-28,6,31.3,36.7,27.7,0.0,observed
2026-07-29,6,31.7,37.8,27.7,0.0,observed
2026-07-30,6,32.4,38.0,27.2,0.0,observed
2026-07-31,6,33.6,39.0,28.3,0.0,observed
2026-08-01,6,33.0,38.9,29.5,3.9,observed
2026-08-02,6,27.7,29.2,26.1,17.1,observed
2026-08-03,6,29.6,34.3,27.2,0.0,observed
2026-08-04,6,30.1,35.2,26.1,0.0,observed
2026-08-05,6,30.0,35.2,26.8,0.0,observed
2026-08-06,6,30.2,36.1,26.7,0.0,observed
2026-08-07,6,30.5,36.6,26.2,0.0,observed
2026-08-08,6,30.9,36.5,26.9,0.0,observed
2026-08-09,6,30.9,36.3,26.8,0.0,observed
2026-08-10,6,30.9,36.9,27.3,0.0,observed
2026-08-11,6,30.5,36.3,26.8,0.0,observed
2026-08-12,6,30.1,34.1,26.5,0.0,observed
2026-08-13,6,30.5,36.0,27.1,0.0,observed
2026-08-14,6,29.9,35.2,26.4,0.0,observed
2026-08-15,6,30.4,35.9,26.5,0.0,observed
2026-08-16,6,30.2,36.1,26.7,0.0,observed
2026-08-17,6,29.8,35.3,26.2,0.0,observed
2026-08-18,6,29.9,35.7,26.4,0.0,observed
2026-08-19,6,30.1,36.0,26.3,0.0,observed
2026-08-20,6,30.1,36.2,26.5,0.0,observed
2026-08-21,6,30.2,36.4,26.4,0.0,observed
2026-08-22,6,30.0,35.4,26.3,0.0,observed
2026-08-23,6,30.1,35.9,26.2,0.1,observed
2026-08-24,6,31.2,37.4,26.5,0.0,observed
2026-08-25,6,30.6,36.4,26.6,0.0,observed
2026-08-26,6,30.0,36.4,26.1,0.0,observed
2026-08-27,6,29.6,35.7,25.9,0.0,observed
2026-08-28,6,29.5,36.1,25.6,0.0,observed
2026-08-29,6,29.5,35.1,26.0,0.0,observed
2026-08-30,6,29.4,34.7,25.9,0.0,observed
2026-08-31,6,29.2,35.0,25.6,0.0,observed
2026-09-01,6,29.3,34.8,25.5,0.0,observed
2026-09-02,6,29.5,35.3,25.5,0.0,observed
2026-09-03,6,29.3,35.4,25.5,0.0,observed
2026-09-04,6,29.7,36.1,25.8,0.0,observed
2026-09-05,6,30.2,36.0,26.1,0.0,observed
2026-09-06,6,30.0,36.2,26.2,0.0,observed
2026-09-07,6,29.8,36.0,25.7,0.0,observed
2026-09-08,6,30.0,35.9,25.8,0.0,observed
2026-09-09,6,30.0,35.5,25.3,0.0,observed
2026-09-10,6,30.1,35.5,25.1,0.0,observed
2026-09-11,6,30.6,36.5,24.9,0.0,observed
2026-09-12,6,32.7,40.1,26.6,0.0,observed
2026-09-13,6,35.1,41.0,28.9,0.0,observed
2026-09-14,6,33.7,40.6,29.2,1.3,observed
2026-09-15,6,31.3,36.3,28.4,0.3,observed
2026-09-16,6,31.3,35.5,28.3,0.2,observed
2026-09-17,6,31.2,35.9,27.5,0.0,observed
2026-09-18,6,31.0,36.5,26.4,2.0,observed
2026-09-19,6,31.4,37.2,26.4,0.0,observed
2026-09-20,6,32.8,39.0,26.7,0.0,observed
2026-09-21,6,34.3,40.8,28.3,0.0,observed
2026-09-22,6,35.0,40.8,30.3,0.0,observed
2026-09-23,6,34.0,41.0,29.1,0.0,observed
2026-09-24,6,31.6,38.4,26.9,0.0,observed
2026-09-25,6,30.6,37.2,26.1,0.0,observed
2026-09-26,6,30.3,36.5,26.4,0.0,observed
2026-09-27,6,29.6,36.2,25.8,0.0,observed
2026-09-28,6,29.3,34.9,25.3,0.0,observed
2026-09-29,6,29.7,35.0,25.0,0.0,observed
2026-09-30,6,29.2,35.2,24.4,0.0,observed
2026-10-01,6,29.4,36.1,24.1,0.0,observed
2026-10-02,6,29.9,37.4,24.2,0.0,observed
2026-10-03,6,30.2,37.0,25.0,0.0,observed
2026-10-04,6,30.2,37.3,26.1,0.0,observed
2026-10-05,6,29.2,35.0,25.0,0.0,forecast
2026-10-06,6,29.7,35.6,25.2,0.0,forecast
2026-10-07,6,30.0,35.2,25.7,0.0,forecast
2026-10-08,6,28.8,35.4,23.8,0.0,forecast
2026-10-09,6,28.9,35.0,24.8,0.0,forecast
2026-10-10,6,29.3,35.1,25.5,0.0,forecast
2026-10-11,6,29.8,35.1,24.7,0.0,forecast
2026-10-12,6,31.1,37.0,24.8,0.0,forecast
2026-10-13,6,32.9,38.7,26.0,0.0,forecast
2026-10-14,6,33.8,39.3,27.9,0.0,forecast
2026-10-15,6,34.1,39.8,27.6,0.0,forecast
2026-10-16,6,34.4,39.4,28.3,0.0,forecast
2026-10-17,6,34.4,39.3,28.8,0.0,forecast
2026-10-18,6,33.7,38.8,27.2,0.0,forecast
2026-10-19,6,31.9,38.1,26.7,0.0,forecast
2026-10-20,6,29.6,36.1,25.5,0.0,forecast
2024-01-01,7,17.1,24.4,11.3,0.0,observed
2024-01-02,7,16.6,24.3,10.6,0.0,observed
2024-01-03,7,17.0,23.8,11.3,0.0,observed
2024-01-04,7,16.2,22.4,10.9,0.0,observed
2024-01-05,7,16.2,22.7,10.4,0.0,observed
2024-01-06,7,16.7,23.0,11.8,0.0,observed
2024-01-07,7,16.1,22.8,11.1,0.0,observed
2024-01-08,7,16.2,23.7,10.2,0.0,observed
2024-01-09,7,15.5,22.1,10.5,0.0,observed
2024-01-10,7,15.3,23.1,10.0,0.0,observed
2024-01-11,7,15.4,24.6,7.9,0.0,observed
2024-01-12,7,16.1,25.3,9.6,0.0,observed
2024-01-13,7,17.0,26.6,8.4,0.0,observed
2024-01-14,7,17.9,25.2,12.5,0.0,observed
2024-01-15,7,18.1,25.1,10.7,0.0,observed
2024-01-16,7,19.6,25.3,14.9,0.0,observed
2024-01-17,7,18.2,24.5,13.0,0.0,observed
2024-01-18,7,17.4,24.4,11.7,0.0,observed
2024-01-19,7,17.7,25.3,11.7,0.0,observed
2024-01-20,7,18.5,26.0,11.7,0.0,observed
2024-01-21,7,19.0,26.2,13.2,0.0,observed
2024-01-22,7,19.5,27.2,11.5,0.0,observed
2024-01-23,7,19.0,26.0,13.8,0.0,observed
2024-01-24,7,16.5,25.2,9.8,0.0,observed
2024-01-25,7,17.2,25.1,9.1,0.0,observed
2024-01-26,7,17.3,23.9,11.6,0.0,observed
2024-01-27,7,17.7,24.6,12.4,0.0,observed
2024-01-28,7,18.7,26.3,10.9,0.0,observed
2024-01-29,7,21.2,27.3,16.7,0.0,observed
2024-01-30,7,21.4,27.1,16.0,0.0,observed
2024-01-31,7,23.2,29.0,18.6,0.0,observed
2024-02-01,7,22.8,29.7,15.8,0.0,observed
2024-02-02,7,21.8,29.1,17.4,0.0,observed
2024-02-03,7,20.3,27.8,15.5,0.8,observed
2024-02-04,7,20.5,24.5,16.6,2.0,observed
2024-02-05,7,19.6,25.7,14.4,0.0,observed
2024-02-06,7,19.5,25.1,14.5,0.0,observed
2024-02-07,7,19.7,24.8,16.2,0.0,observed
2024-02-08,7,18.6,25.1,14.4,0.0,observed
2024-02-09,7,19.3,27.6,10.7,0.0,observed
2024-02-10,7,19.7,28.0,12.4,0.0,observed
2024-02-11,7,19.4,27.0,13.3,0.0,observed
2024-02-12,7,19.2,26.3,14.2,0.0,observed
2024-02-13,7,17.7,25.3,12.9,0.0,observed
2024-02-14,7,18.7,27.1,12.4,0.0,observed
2024-02-15,7,18.9,27.5,12.5,0.0,observed
2024-02-16,7,19.4,29.0,12.2,0.0,observed
2024-02-17,7,21.3,30.9,12.2,0.0,observed
2024-02-18,7,23.3,30.4,17.6,0.0,observed
2024-02-19,7,25.3,31.7,21.3,0.0,observed
2024-02-20,7,23.8,30.9,18.8,0.0,observed
2024-02-21,7,23.4,30.0,18.5,0.0,observed
2024-02-22,7,21.2,27.1,15.9,0.0,observed
2024-02-23,7,19.6,28.3,11.9,0.0,observed
2024-02-24,7,19.8,28.5,11.9,0.0,observed
2024-02-25,7,20.3,28.6,11.6,0.2,observed
2024-02-26,7,21.1,28.2,15.7,0.7,observed
2024-02-27,7,19.5,26.1,14.4,0.0,observed
2024-02-28,7,20.7,27.9,14.7,0.0,observed
2024-02-29,7,22.7,31.5,15.6,0.0,observed
2024-03-01,7,21.6,26.2,17.1,0.0,observed
2024-03-02,7,20.1,23.6,16.0,0.0,observed
2024-03-03,7,16.8,23.1,9.7,0.0,observed
2024-03-04,7,17.3,25.0,9.6,0.0,observed
2024-03-05,7,18.2,25.4,11.8,0.0,observed
2024-03-06,7,20.0,27.0,13.1,0.0,observed
2024-03-07,7,21.4,28.0,15.4,0.0,observed
2024-03-08,7,21.6,29.5,15.2,0.0,observed
2024-03-09,7,22.1,29.6,15.6,0.0,observed
2024-03-10,7,21.0,26.7,16.4,1.3,observed
2024-03-11,7,25.0,32.0,18.7,0.0,observed
2024-03-12,7,25.5,32.9,18.4,0.0,observed
2024-03-13,7,25.7,32.7,20.0,0.0,observed
2024-03-14,7,23.4,31.3,16.7,0.0,observed
2024-03-15,7,24.4,31.8,18.0,0.0,observed
2024-03-16,7,25.6,34.5,17.6,0.0,observed
2024-03-17,7,26.6,35.0,19.0,0.0,observed
2024-03-18,7,27.4,35.6,19.2,0.0,observed
2024-03-19,7,30.6,39.0,23.3,0.0,observed
2024-03-20,7,29.4,38.1,21.7,0.0,observed
2024-03-21,7,31.3,38.1,26.1,0.0,observed
2024-03-22,7,30.0,38.4,23.2,0.0,observed
2024-03-23,7,30.2,38.4,22.9,0.0,observed
2024-03-24,7,31.3,40.0,24.1,0.0,observed
2024-03-25,7,32.0,39.9,24.1,0.0,observed
2024-03-26,7,33.3,40.8,27.1,0.0,observed
2024-03-27,7,30.9,39.1,24.3,0.0,observed
2024-03-28,7,30.2,36.7,23.3,0.0,observed
2024-03-29,7,29.1,35.5,24.1,0.0,observed
2024-03-30,7,27.6,35.2,21.0,0.0,observed
2024-03-31,7,29.0,36.3,23.5,0.0,observed
2024-04-01,7,29.0,36.1,21.8,0.0,observed
2024-04-02,7,30.0,37.2,23.7,0.0,observed
2024-04-03,7,29.6,37.5,23.2,0.0,observed
2024-04-04,7,30.2,37.7,23.2,0.0,observed
2024-04-05,7,30.7,37.6,24.6,0.0,observed
2024-04-06,7,30.7,37.8,23.6,0.0,observed
2024-04-07,7,32.0,39.9,24.4,0.0,observed
2024-04-08,7,33.3,41.0,24.8,0.0,observed
2024-04-09,7,33.9,41.3,26.5,0.0,observed
2024-04-10,7,31.9,40.0,26.5,0.0,observed
2024-04-11,7,31.5,40.6,22.8,0.0,observed
2024-04-12,7,32.8,39.8,27.0,0.0,observed
2024-04-13,7,30.2,37.6,24.8,0.2,observed
2024-04-14,7,27.4,30.5,24.3,0.7,observed
2024-04-15,7,27.8,33.7,22.5,0.0,observed
2024-04-16,7,30.5,37.0,23.6,0.0,observed
2024-04-17,7,32.3,38.9,26.7,0.0,observed
2024-04-18,7,29.1,32.8,25.8,0.4,observed
2024-04-19,7,28.2,34.5,22.8,0.0,observed
2024-04-20,7,29.8,36.7,23.7,0.0,observed
2024-04-21,7,30.4,37.4,23.9,0.0,observed
2024-04-22,7,31.5,38.9,24.6,0.0,observed
2024-04-23,7,31.5,40.0,24.2,0.0,observed
2024-04-24,7,31.8,40.2,23.7,0.0,observed
2024-04-25,7,31.5,39.3,25.1,0.0,observed
2024-04-26,7,31.5,38.9,25.5,0.0,observed
2024-04-27,7,31.4,38.2,24.6,0.0,observed
2024-04-28,7,32.6,40.2,25.3,0.0,observed
2024-04-29,7,32.9,39.4,25.9,0.0,observed
2024-04-30,7,31.3,38.5,23.3,0.0,observed
2024-05-01,7,30.4,37.3,22.3,0.0,observed
2024-05-02,7,31.6,40.5,20.6,0.0,observed
2024-05-03,7,32.6,40.0,27.3,0.0,observed
2024-05-04,7,32.6,39.7,27.1,0.0,observed
2024-05-05,7,33.2,40.9,26.4,0.0,observed
2024-05-06,7,34.4,43.0,27.0,0.0,observed
2024-05-07,7,35.8,45.1,27.9,0.0,observed
2024-05-08,7,35.9,45.1,28.1,0.0,observed
2024-05-09,7,35.4,43.8,28.3,0.0,observed
2024-05-10,7,33.0,40.8,26.3,0.0,observed
2024-05-11,7,32.4,39.1,25.9,0.0,observed
2024-05-12,7,33.6,41.1,26.2,0.0,observed
2024-05-13,7,34.5,42.6,27.6,0.0,observed
2024-05-14,7,34.2,41.5,26.9,0.0,observed
2024-05-15,7,36.1,43.2,28.9,0.0,observed
2024-05-16,7,36.2,43.7,28.8,0.0,observed
2024-05-17,7,37.1,45.3,29.1,0.0,observed
2024-05-18,7,36.7,44.4,29.5,0.0,observed
2024-05-19,7,34.9,42.0,28.3,0.0,observed
2024-05-20,7,34.8,43.2,28.0,0.0,observed
2024-05-21,7,37.2,47.3,29.2,0.0,observed
2024-05-22,7,38.0,48.0,30.8,0.0,observed
2024-05-23,7,37.9,48.3,30.7,0.0,observed
2024-05-24,7,37.4,46.8,30.5,0.0,observed
2024-05-25,7,36.9,46.5,29.2,0.0,observed
2024-05-26,7,37.4,49.0,28.8,0.0,observed
2024-05-27,7,37.3,49.1,29.9,0.0,observed
2024-05-28,7,36.9,48.1,29.2,0.0,observed
2024-05-29,7,37.6,48.1,28.1,0.0,observed
2024-05-30,7,36.9,47.4,28.2,0.0,observed
2024-05-31,7,34.6,43.4,28.5,0.0,observed
2024-06-01,7,35.0,44.0,28.0,0.0,observed
2024-06-02,7,34.3,42.0,28.4,0.0,observed
2024-06-03,7,32.7,40.3,27.5,0.0,observed
2024-06-04,7,32.0,38.6,27.2,0.0,observed
2024-06-05,7,32.2,37.8,27.9,0.0,observed
2024-06-06,7,33.4,40.3,28.0,0.0,observed
2024-06-07,7,33.9,41.5,28.0,0.0,observed
2024-06-08,7,33.5,41.5,27.4,0.2,observed
2024-06-09,7,33.7,40.8,27.5,0.0,observed
2024-06-10,7,33.9,41.9,27.7,0.0,observed
2024-06-11,7,33.1,40.4,27.9,0.4,observed
2024-06-12,7,32.7,39.1,27.9,0.0,observed
2024-06-13,7,32.9,39.4,28.5,0.0,observed
2024-06-14,7,33.1,39.5,28.7,0.0,observed
2024-06-15,7,33.6,39.6,28.7,0.1,observed
2024-06-16,7,33.9,41.0,28.9,0.0,observed
2024-06-17,7,33.2,39.8,28.7,0.0,observed
2024-06-18,7,33.2,39.8,28.9,0.0,observed
2024-06-19,7,33.4,40.7,28.7,0.0,observed
2024-06-20,7,33.8,41.4,28.5,0.0,observed
2024-06-21,7,33.9,40.1,28.4,0.1,observed
2024-06-22,7,35.6,41.6,29.9,0.0,observed
2024-06-23,7,37.3,44.7,30.6,0.0,observed
2024-06-24,7,38.9,46.3,31.5,0.0,observed
2024-06-25,7,38.5,46.2,31.3,0.0,observed
2024-06-26,7,35.7,42.4,29.7,0.2,observed
2024-06-27,7,35.1,43.2,31.9,0.5,observed
2024-06-28,7,33.5,37.6,30.0,0.7,observed
2024-06-29,7,34.3,38.7,30.6,0.0,observed
2024-06-30,7,34.8,40.5,30.2,0.0,observed
2024-07-01,7,35.5,42.6,31.0,0.0,observed
2024-07-02,7,34.3,40.7,30.0,0.0,observed
2024-07-03,7,34.5,40.8,30.2,0.0,observed
2024-07-04,7,34.0,40.0,29.5,0.0,observed
2024-07-05,7,33.2,38.7,29.4,0.0,observed
2024-07-06,7,33.4,38.7,29.6,0.0,observed
2024-07-07,7,34.4,43.2,29.6,0.6,observed
2024-07-08,7,33.9,38.5,30.4,4.9,observed
2024-07-09,7,32.5,37.2,30.3,3.1,observed
2024-07-10,7,32.8,37.5,29.6,0.0,observed
2024-07-11,7,32.0,36.9,28.9,0.0,observed
2024-07-12,7,32.0,37.1,28.9,0.0,observed
2024-07-13,7,32.2,37.8,28.6,0.1,observed
2024-07-14,7,33.0,39.3,28.8,0.0,observed
2024-07-15,7,34.4,39.7,29.4,0.0,observed
2024-07-16,7,36.3,43.0,30.4,0.1,observed
2024-07-17,7,35.2,40.2,30.9,0.0,observed
2024-07-18,7,35.3,40.5,31.5,0.0,observed
2024-07-19,7,33.7,39.1,30.2,0.7,observed
2024-07-20,7,32.8,36.7,30.5,23.9,observed
2024-07-21,7,34.2,40.1,29.7,1.9,observed
2024-07-22,7,33.8,39.6,30.7,8.7,observed
2024-07-23,7,33.0,38.1,29.7,0.0,observed
2024-07-24,7,32.1,36.2,29.5,0.0,observed
2024-07-25,7,32.5,38.6,28.2,0.0,observed
2024-07-26,7,33.1,39.5,28.8,0.0,observed
2024-07-27,7,33.0,38.7,29.0,0.0,observed
2024-07-28,7,33.0,38.0,28.8,0.0,observed
2024-07-29,7,31.9,36.3,29.3,8.3,observed
2024-07-30,7,30.5,35.8,27.3,7.4,observed
2024-07-31,7,30.2,32.9,27.9,5.6,observed
2024-08-01,7,30.5,33.8,28.1,0.0,observed
2024-08-02,7,30.2,33.3,28.0,1.0,observed
2024-08-03,7,29.0,32.5,27.4,13.0,observed
2024-08-04,7,29.8,34.0,27.2,0.0,observed
2024-08-05,7,29.7,33.5,27.0,0.6,observed
2024-08-06,7,28.8,31.3,27.1,0.1,observed
2024-08-07,7,29.2,32.3,27.2,0.0,observed
2024-08-08,7,30.0,34.3,26.9,0.0,observed
2024-08-09,7,31.0,36.2,27.0,0.3,observed
2024-08-10,7,31.3,37.1,27.5,0.0,observed
2024-08-11,7,31.1,36.8,27.7,0.0,observed
2024-08-12,7,30.8,35.2,27.2,0.0,observed
2024-08-13,7,31.8,37.2,28.1,0.4,observed
2024-08-14,7,32.0,37.9,27.8,0.2,observed
2024-08-15,7,31.4,36.6,28.2,0.0,observed
2024-08-16,7,30.9,35.8,27.7,0.1,observed
2024-08-17,7,27.7,28.7,26.8,26.2,observed
2024-08-18,7,29.0,32.5,26.6,1.2,observed
2024-08-19,7,29.2,33.0,26.2,1.0,observed
2024-08-20,7,29.6,33.9,26.5,0.4,observed
2024-08-21,7,30.3,34.6,27.0,0.2,observed
2024-08-22,7,30.7,35.8,26.9,0.2,observed
2024-08-23,7,31.4,37.5,27.0,0.0,observed
2024-08-24,7,31.1,38.2,26.9,3.3,observed
2024-08-25,7,32.2,37.6,27.6,0.1,observed
2024-08-26,7,30.6,37.1,28.2,19.4,observed
2024-08-27,7,28.4,32.0,26.5,14.5,observed
2024-08-28,7,26.6,29.8,25.4,49.0,observed
2024-08-29,7,26.8,29.9,26.0,37.4,observed
2024-08-30,7,27.7,31.1,25.6,4.7,observed
2024-08-31,7,27.6,32.1,25.2,2.8,observed
2024-09-01,7,28.5,32.5,24.8,0.2,observed
2024-09-02,7,28.6,32.5,25.2,0.0,observed
2024-09-03,7,29.3,33.6,25.8,5.3,observed
2024-09-04,7,27.9,32.1,25.5,14.1,observed
2024-09-05,7,29.1,33.7,26.0,0.0,observed
2024-09-06,7,29.0,34.4,25.8,0.0,observed
2024-09-07,7,28.6,33.7,25.2,0.0,observed
2024-09-08,7,28.7,33.7,25.1,0.0,observed
2024-09-09,7,28.7,33.7,25.3,0.0,observed
2024-09-10,7,28.6,33.9,24.8,0.0,observed
2024-09-11,7,29.1,34.7,24.4,0.0,observed
2024-09-12,7,29.0,34.7,25.7,0.0,observed
2024-09-13,7,28.4,33.9,24.9,0.0,observed
2024-09-14,7,28.6,34.5,24.9,0.0,observed
2024-09-15,7,28.8,34.8,24.9,0.0,observed
2024-09-16,7,29.1,35.7,24.7,0.0,observed
2024-09-17,7,29.6,35.8,25.1,0.0,observed
2024-09-18,7,29.6,36.2,24.5,0.0,observed
2024-09-19,7,30.8,37.9,24.8,0.0,observed
2024-09-20,7,31.7,38.8,26.6,0.0,observed
2024-09-21,7,30.5,37.4,25.8,0.0,observed
2024-09-22,7,30.8,37.8,25.9,0.0,observed
2024-09-23,7,30.9,37.5,26.3,0.0,observed
2024-09-24,7,31.0,37.5,26.5,0.0,observed
2024-09-25,7,31.1,38.1,26.1,0.0,observed
2024-09-26,7,31.6,38.6,26.1,0.0,observed
2024-09-27,7,32.5,39.5,27.3,0.0,observed
2024-09-28,7,31.7,38.4,26.9,0.0,observed
2024-09-29,7,31.3,37.8,26.8,0.0,observed
2024-09-30,7,31.9,38.7,26.6,0.0,observed
2024-10-01,7,32.0,39.7,26.1,0.0,observed
2024-10-02,7,31.8,39.9,26.4,0.0,observed
2024-10-03,7,31.1,38.9,26.4,0.0,observed
2024-10-04,7,30.5,37.9,26.5,0.0,observed
2024-10-05,7,30.5,37.0,25.7,0.0,observed
2024-10-06,7,30.5,36.1,25.7,0.0,observed
2024-10-07,7,31.4,37.4,26.1,0.0,observed
2024-10-08,7,32.7,38.6,27.2,0.0,observed
2024-10-09,7,32.2,38.1,26.3,0.0,observed
2024-10-10,7,32.6,39.2,26.8,0.0,observed
2024-10-11,7,32.1,39.1,25.3,0.0,observed
2024-10-12,7,31.3,38.4,24.6,0.0,observed
2024-10-13,7,31.3,35.9,26.5,0.0,observed
2024-10-14,7,30.4,33.7,27.4,0.0,observed
2024-10-15,7,32.7,38.3,26.7,0.0,observed
2024-10-16,7,32.5,38.7,26.3,0.0,observed
2024-10-17,7,32.4,38.6,26.5,0.0,observed
2024-10-18,7,32.4,38.9,26.3,0.0,observed
2024-10-19,7,33.2,39.5,27.0,0.0,observed
2024-10-20,7,33.0,39.3,28.0,0.0,observed
2024-10-21,7,32.3,39.9,25.9,0.0,observed
2024-10-22,7,31.9,39.1,24.9,0.0,observed
2024-10-23,7,31.3,38.6,24.7,0.0,observed
2024-10-24,7,31.2,38.4,24.4,0.0,observed
2024-10-25,7,32.2,40.2,25.6,0.0,observed
2024-10-26,7,32.2,41.5,24.3,0.0,observed
2024-10-27,7,32.3,41.2,24.2,0.0,observed
2024-10-28,7,32.8,41.4,25.7,0.0,observed
2024-10-29,7,30.8,38.9,24.5,0.0,observed
2024-10-30,7,30.3,39.0,24.0,0.0,observed
2024-10-31,7,30.1,37.5,22.9,0.0,observed
2024-11-01,7,31.3,38.3,25.5,0.0,observed
2024-11-02,7,30.8,38.3,24.9,0.0,observed
2024-11-03,7,29.1,36.5,22.9,0.0,observed
2024-11-04,7,29.7,36.5,23.2,0.0,observed
2024-11-05,7,30.2,36.6,24.5,0.0,observed
2024-11-06,7,29.8,37.4,22.6,0.0,observed
2024-11-07,7,29.3,36.7,22.8,0.0,observed
2024-11-08,7,28.9,35.7,23.7,0.0,observed
2024-11-09,7,28.5,35.3,22.7,0.0,observed
2024-11-10,7,28.6,35.4,22.1,0.0,observed
2024-11-11,7,28.4,34.7,22.1,0.0,observed
2024-11-12,7,28.1,34.2,22.8,0.0,observed
2024-11-13,7,27.6,33.9,22.3,0.0,observed
2024-11-14,7,27.5,33.7,21.8,0.0,observed
2024-11-15,7,26.9,33.5,20.8,0.0,observed
2024-11-16,7,26.2,32.7,20.3,0.0,observed
2024-11-17,7,26.2,32.7,20.1,0.0,observed
2024-11-18,7,25.7,31.9,20.4,0.0,observed
2024-11-19,7,25.7,33.0,19.1,0.0,observed
2024-11-20,7,25.0,31.4,19.4,0.0,observed
2024-11-21,7,25.2,32.1,18.1,0.0,observed
2024-11-22,7,25.4,31.9,19.3,0.0,observed
2024-11-23,7,25.8,32.2,20.2,0.0,observed
2024-11-24,7,25.0,31.2,19.5,0.0,observed
2024-11-25,7,24.1,30.7,17.8,0.0,observed
2024-11-26,7,25.3,32.8,18.6,0.0,observed
2024-11-27,7,25.3,32.3,19.3,0.0,observed
2024-11-28,7,25.0,31.7,19.4,0.0,observed
2024-11-29,7,24.7,30.9,18.8,0.0,observed
2024-11-30,7,23.3,28.8,19.1,0.0,observed
2024-12-01,7,23.0,29.0,18.1,0.0,observed
2024-12-02,7,23.1,28.8,17.8,0.0,observed
2024-12-03,7,22.8,27.7,18.3,0.0,observed
2024-12-04,7,22.4,28.0,17.9,0.0,observed
2024-12-05,7,22.7,29.7,16.0,0.0,observed
2024-12-06,7,21.4,27.6,16.2,0.0,observed
2024-12-07,7,20.4,27.0,14.4,0.0,observed
2024-12-08,7,19.0,25.8,13.9,0.0,observed
2024-12-09,7,17.6,24.4,12.4,0.0,observed
2024-12-10,7,16.9,23.5,10.7,0.0,observed
2024-12-11,7,17.0,23.9,11.1,0.0,observed
2024-12-12,7,16.9,22.7,11.7,0.0,observed
2024-12-13,7,16.0,22.6,10.1,0.0,observed
2024-12-14,7,16.1,22.9,10.1,0.0,observed
2024-12-15,7,16.8,24.0,10.9,0.0,observed
2024-12-16,7,17.2,24.0,11.5,0.0,observed
2024-12-17,7,17.4,23.5,12.1,0.0,observed
2024-12-18,7,17.0,23.2,12.2,0.0,observed
2024-12-19,7,17.0,23.3,11.4,0.0,observed
2024-12-20,7,16.3,22.2,10.9,0.0,observed
2024-12-21,7,15.5,22.2,9.8,0.0,observed
2024-12-22,7,16.7,23.1,11.4,0.0,observed
2024-12-23,7,16.5,22.7,11.5,0.0,observed
2024-12-24,7,16.0,21.6,11.2,0.0,observed
2024-12-25,7,15.8,21.5,10.5,0.0,observed
2024-12-26,7,16.0,21.9,11.1,0.0,observed
2024-12-27,7,16.3,22.5,11.5,0.0,observed
2024-12-28,7,16.3,25.0,9.6,0.0,observed
2024-12-29,7,15.7,22.7,8.8,0.0,observed
2024-12-30,7,15.8,22.5,10.1,0.0,observed
2024-12-31,7,16.6,23.2,11.0,0.0,observed
2025-01-01,7,16.8,23.4,11.3,0.0,observed
2025-01-02,7,17.0,23.3,12.3,0.0,observed
2025-01-03,7,16.8,23.5,11.7,0.0,observed
2025-01-04,7,17.2,23.0,11.6,0.0,observed
2025-01-05,7,16.6,22.5,11.7,0.0,observed
2025-01-06,7,15.9,22.4,10.5,0.0,observed
2025-01-07,7,15.3,22.5,9.3,0.0,observed
2025-01-08,7,15.5,24.1,7.6,0.0,observed
2025-01-09,7,15.9,24.5,7.8,0.0,observed
2025-01-10,7,16.9,22.3,12.7,0.0,observed
2025-01-11,7,18.1,24.3,13.4,0.0,observed
2025-01-12,7,15.7,22.8,10.1,0.0,observed
2025-01-13,7,14.8,20.9,9.8,0.0,observed
2025-01-14,7,15.2,22.0,9.6,0.0,observed
2025-01-15,7,16.2,22.5,11.0,0.0,observed
2025-01-16,7,16.7,23.1,10.6,0.0,observed
2025-01-17,7,16.4,22.6,11.4,0.0,observed
2025-01-18,7,16.0,22.4,11.0,0.0,observed
2025-01-19,7,16.7,23.0,11.4,0.0,observed
2025-01-20,7,17.2,23.3,12.0,0.0,observed
2025-01-21,7,17.7,24.1,12.9,0.0,observed
2025-01-22,7,18.1,25.0,11.9,0.0,observed
2025-01-23,7,18.3,24.0,13.3,0.0,observed
2025-01-24,7,17.5,24.3,11.6,0.0,observed
2025-01-25,7,17.5,24.5,11.4,0.0,observed
2025-01-26,7,16.9,25.5,9.0,0.0,observed
2025-01-27,7,17.3,26.5,8.8,0.0,observed
2025-01-28,7,19.7,29.2,10.7,0.0,observed
2025-01-29,7,20.9,28.4,14.9,0.0,observed
2025-01-30,7,19.6,25.5,15.0,0.0,observed
2025-01-31,7,18.0,24.5,12.7,0.0,observed
2025-02-01,7,18.0,24.9,11.8,0.0,observed
2025-02-02,7,18.5,25.4,13.0,0.0,observed
2025-02-03,7,18.2,25.2,12.2,0.0,observed
2025-02-04,7,19.4,26.2,13.2,0.0,observed
2025-02-05,7,17.9,25.1,11.0,0.0,observed
2025-02-06,7,18.1,25.6,12.0,0.0,observed
2025-02-07,7,18.6,25.8,12.8,0.0,observed
2025-02-08,7,19.5,27.5,13.5,0.0,observed
2025-02-09,7,19.9,28.3,12.5,0.0,observed
2025-02-10,7,22.2,30.8,13.4,0.0,observed
2025-02-11,7,22.9,29.5,17.4,0.0,observed
2025-02-12,7,22.2,28.6,16.7,0.0,observed
2025-02-13,7,23.2,31.1,15.1,0.0,observed
2025-02-14,7,26.2,36.0,17.9,0.0,observed
2025-02-15,7,27.3,34.5,21.0,0.0,observed
2025-02-16,7,26.2,34.6,18.7,0.0,observed
2025-02-17,7,25.1,31.1,19.8,0.0,observed
2025-02-18,7,25.6,32.7,19.2,0.0,observed
2025-02-19,7,27.2,33.4,23.0,0.0,observed
2025-02-20,7,24.7,31.5,17.8,0.0,observed
2025-02-21,7,23.1,28.3,19.0,0.0,observed
2025-02-22,7,22.3,29.1,16.7,0.0,observed
2025-02-23,7,23.9,31.4,16.7,0.0,observed
2025-02-24,7,24.7,32.1,18.2,0.0,observed
2025-02-25,7,25.1,31.1,19.9,0.0,observed
2025-02-26,7,27.0,34.0,20.5,0.0,observed
2025-02-27,7,25.4,30.0,21.1,0.0,observed
2025-02-28,7,25.2,31.9,20.8,0.0,observed
2025-03-01,7,25.0,31.5,19.1,0.0,observed
2025-03-02,7,24.8,31.4,19.1,0.0,observed
2025-03-03,7,25.8,32.4,20.5,0.0,observed
2025-03-04,7,22.5,28.2,17.3,0.0,observed
2025-03-05,7,20.6,28.8,11.6,0.0,observed
2025-03-06,7,26.4,36.0,17.3,0.0,observed
2025-03-07,7,27.3,36.3,19.2,0.0,observed
2025-03-08,7,27.4,34.7,20.5,0.0,observed
2025-03-09,7,28.2,36.7,19.6,0.0,observed
2025-03-10,7,30.7,39.0,23.1,0.0,observed
2025-03-11,7,29.4,36.5,22.7,0.0,observed
2025-03-12,7,29.0,37.5,20.4,0.0,observed
2025-03-13,7,29.8,37.4,22.7,0.0,observed
2025-03-14,7,29.1,36.1,23.9,0.0,observed
2025-03-15,7,26.7,32.8,22.2,0.0,observed
2025-03-16,7,26.0,32.7,19.7,0.0,observed
2025-03-17,7,25.9,33.7,17.3,0.0,observed
2025-03-18,7,27.1,34.0,19.5,0.0,observed
2025-03-19,7,27.0,34.0,20.2,0.0,observed
2025-03-20,7,27.6,35.0,20.6,0.0,observed
2025-03-21,7,28.3,35.5,21.7,0.0,observed
2025-03-22,7,29.4,37.8,22.4,0.0,observed
2025-03-23,7,29.7,38.4,22.0,0.0,observed
2025-03-24,7,30.2,37.3,23.8,0.0,observed
2025-03-25,7,28.2,35.9,21.8,0.0,observed
2025-03-26,7,27.8,35.1,22.5,0.0,observed
2025-03-27,7,26.3,33.0,20.2,0.0,observed
2025-03-28,7,25.0,31.9,18.9,0.0,observed
2025-03-29,7,25.7,33.0,19.8,0.0,observed
2025-03-30,7,27.1,35.6,19.1,0.0,observed
2025-03-31,7,28.5,37.0,19.9,0.0,observed
2025-04-01,7,29.0,37.4,20.3,0.0,observed
2025-04-02,7,29.5,38.5,20.0,0.0,observed
2025-04-03,7,31.0,40.6,22.7,0.0,observed
2025-04-04,7,30.0,37.6,22.1,0.0,observed
2025-04-05,7,31.5,41.3,22.2,0.0,observed
2025-04-06,7,34.1,43.6,27.2,0.0,observed
2025-04-07,7,32.7,41.5,26.9,0.0,observed
2025-04-08,7,31.0,39.7,24.6,0.0,observed
2025-04-09,7,30.4,38.7,23.6,0.0,observed
2025-04-10,7,30.4,39.7,25.0,0.0,observed
2025-04-11,7,30.6,39.7,23.9,0.0,observed
2025-04-12,7,32.1,41.8,24.0,0.0,observed
2025-04-13,7,32.2,41.2,25.5,0.0,observed
2025-04-14,7,33.2,43.2,27.1,0.0,observed
2025-04-15,7,33.3,44.0,26.3,0.0,observed
2025-04-16,7,33.1,42.6,25.9,0.0,observed
2025-04-17,7,33.5,42.5,27.0,0.0,observed
2025-04-18,7,32.5,40.2,26.7,0.0,observed
2025-04-19,7,32.0,40.8,25.1,0.0,observed
2025-04-20,7,32.0,39.5,22.7,0.0,observed
2025-04-21,7,31.6,38.7,24.3,0.0,observed
2025-04-22,7,32.0,40.1,22.6,0.0,observed
2025-04-23,7,32.9,41.8,23.6,0.0,observed
2025-04-24,7,32.8,42.0,25.4,0.0,observed
2025-04-25,7,32.8,43.2,25.3,0.0,observed
2025-04-26,7,34.1,43.2,26.4,0.0,observed
2025-04-27,7,34.2,43.4,27.6,0.0,observed
2025-04-28,7,34.2,43.0,27.0,0.0,observed
2025-04-29,7,34.7,43.1,27.1,0.0,observed
2025-04-30,7,34.8,42.9,28.4,0.0,observed
2025-05-01,7,34.1,41.6,28.6,0.0,observed
2025-05-02,7,33.3,41.6,27.5,0.0,observed
2025-05-03,7,32.6,42.1,26.4,0.1,observed
2025-05-04,7,31.8,40.0,25.9,0.2,observed
2025-05-05,7,30.1,37.4,24.3,0.0,observed
2025-05-06,7,32.5,38.9,25.7,0.0,observed
2025-05-07,7,33.7,40.4,27.0,0.0,observed
2025-05-08,7,32.8,38.1,27.0,0.0,observed
2025-05-09,7,32.0,39.4,25.8,0.0,observed
2025-05-10,7,33.6,40.5,27.1,0.0,observed
2025-05-11,7,33.0,40.9,27.0,0.0,observed
2025-05-12,7,31.8,38.7,26.5,0.0,observed
2025-05-13,7,31.4,38.6,25.5,0.0,observed
2025-05-14,7,33.0,41.0,26.3,0.0,observed
2025-05-15,7,33.5,42.0,26.3,0.0,observed
2025-05-16,7,33.0,41.7,25.8,0.0,observed
2025-05-17,7,32.7,40.8,26.3,0.0,observed
2025-05-18,7,32.9,40.9,27.1,0.0,observed
2025-05-19,7,32.2,39.7,26.6,0.0,observed
2025-05-20,7,32.7,40.1,26.8,0.0,observed
2025-05-21,7,32.9,40.8,27.1,0.0,observed
2025-05-22,7,32.9,40.7,26.9,0.0,observed
2025-05-23,7,33.2,42.5,26.6,0.0,observed
2025-05-24,7,33.7,41.4,27.2,0.0,observed
2025-05-25,7,35.4,44.4,27.8,0.0,observed
2025-05-26,7,36.8,45.5,29.1,0.0,observed
2025-05-27,7,35.5,44.1,30.1,0.0,observed
2025-05-28,7,34.7,43.0,27.8,0.0,observed
2025-05-29,7,35.7,46.2,28.1,0.0,observed
2025-05-30,7,36.1,43.9,29.2,0.0,observed
2025-05-31,7,34.1,43.3,28.2,0.0,observed
2025-06-01,7,34.4,42.9,27.7,0.0,observed
2025-06-02,7,33.2,40.6,27.6,0.1,observed
2025-06-03,7,32.4,38.4,27.5,0.0,observed
2025-06-04,7,31.9,38.1,26.9,0.0,observed
2025-06-05,7,32.2,38.6,27.1,0.0,observed
2025-06-06,7,32.5,40.0,27.2,0.0,observed
2025-06-07,7,32.5,40.4,26.9,0.0,observed
2025-06-08,7,32.2,39.9,26.6,0.0,observed
2025-06-09,7,31.7,39.1,26.8,0.0,observed
2025-06-10,7,31.8,38.7,26.9,0.0,observed
2025-06-11,7,32.8,39.6,27.6,0.0,observed
2025-06-12,7,33.6,42.6,27.6,0.0,observed
2025-06-13,7,34.3,42.8,27.7,0.0,observed
2025-06-14,7,34.8,42.4,28.1,0.0,observed
2025-06-15,7,33.5,40.8,28.2,3.7,observed
2025-06-16,7,34.6,39.3,30.6,0.0,observed
2025-06-17,7,36.0,42.0,31.9,0.0,observed
2025-06-18,7,35.4,43.6,30.2,0.0,observed
2025-06-19,7,32.9,38.8,28.7,0.0,observed
2025-06-20,7,32.8,38.2,28.5,0.0,observed
2025-06-21,7,33.1,38.8,29.1,0.0,observed
2025-06-22,7,32.7,37.8,29.2,0.0,observed
2025-06-23,7,32.9,38.6,28.4,0.0,observed
2025-06-24,7,33.1,39.1,28.8,0.0,observed
2025-06-25,7,33.2,39.2,28.2,0.0,observed
2025-06-26,7,32.9,37.7,29.0,1.6,observed
2025-06-27,7,30.3,36.9,28.1,15.4,observed
2025-06-28,7,30.2,35.2,27.4,10.0,observed
2025-06-29,7,31.2,35.8,27.4,0.3,observed
2025-06-30,7,31.8,36.8,28.0,0.0,observed
2025-07-01,7,32.0,37.3,28.2,0.0,observed
2025-07-02,7,32.1,38.1,27.9,0.0,observed
2025-07-03,7,31.8,36.2,28.1,0.0,observed
2025-07-04,7,32.2,36.4,29.1,0.6,observed
2025-07-05,7,32.7,37.8,28.7,0.0,observed
2025-07-06,7,32.1,36.6,28.6,0.0,observed
2025-07-07,7,31.8,35.6,28.4,0.2,observed
2025-07-08,7,32.4,37.4,28.0,0.0,observed
2025-07-09,7,32.3,37.1,28.5,0.0,observed
2025-07-10,7,32.2,36.9,28.0,0.0,observed
2025-07-11,7,32.3,37.7,28.0,0.0,observed
2025-07-12,7,32.3,37.3,28.2,0.0,observed
2025-07-13,7,32.3,39.0,28.1,0.0,observed
2025-07-14,7,32.8,39.2,28.4,0.2,observed
2025-07-15,7,32.6,38.6,28.1,0.0,observed
2025-07-16,7,31.8,37.5,27.6,0.0,observed
2025-07-17,7,32.0,37.2,27.1,0.0,observed
2025-07-18,7,32.5,37.4,28.3,0.0,observed
2025-07-19,7,32.2,38.7,28.8,0.1,observed
2025-07-20,7,31.3,36.1,28.5,0.4,observed
2025-07-21,7,32.3,37.2,28.3,0.1,observed
2025-07-22,7,32.1,37.8,28.5,0.0,observed
2025-07-23,7,31.2,35.8,28.0,0.0,observed
2025-07-24,7,31.6,36.0,27.6,0.1,observed
2025-07-25,7,32.0,38.5,27.4,0.0,observed
2025-07-26,7,31.8,37.8,27.7,0.0,observed
2025-07-27,7,31.0,37.4,27.9,0.0,observed
2025-07-28,7,31.0,36.5,28.0,0.0,observed
2025-07-29,7,31.0,36.9,27.4,0.0,observed
2025-07-30,7,30.9,36.5,27.0,0.0,observed
2025-07-31,7,31.4,37.3,26.7,0.0,observed
2025-08-01,7,30.8,35.9,27.1,0.0,observed
2025-08-02,7,30.0,33.9,27.0,0.0,observed
2025-08-03,7,30.6,35.8,27.1,0.0,observed
2025-08-04,7,30.4,36.0,26.6,0.0,observed
2025-08-05,7,30.0,34.9,26.6,0.0,observed
2025-08-06,7,30.2,35.8,26.3,0.0,observed
2025-08-07,7,30.2,35.9,26.0,0.0,observed
2025-08-08,7,30.2,36.1,26.1,0.0,observed
2025-08-09,7,30.6,36.7,26.2,0.0,observed
2025-08-10,7,30.5,36.8,26.3,0.0,observed
2025-08-11,7,30.1,36.3,26.2,0.0,observed
2025-08-12,7,30.1,36.1,26.3,0.0,observed
2025-08-13,7,30.6,36.6,26.5,0.0,observed
2025-08-14,7,31.1,35.5,27.1,0.0,observed
2025-08-15,7,32.7,37.4,28.6,0.0,observed
2025-08-16,7,32.8,37.7,28.9,0.0,observed
2025-08-17,7,33.0,37.0,28.8,0.1,observed
2025-08-18,7,33.3,38.9,29.3,0.3,observed
2025-08-19,7,30.8,35.0,27.5,10.3,observed
2025-08-20,7,30.3,36.0,26.6,62.9,observed
2025-08-21,7,29.1,34.0,27.0,18.7,observed
2025-08-22,7,30.1,34.9,27.0,0.0,observed
2025-08-23,7,29.8,33.9,27.0,0.0,observed
2025-08-24,7,30.2,35.5,26.7,0.0,observed
2025-08-25,7,30.6,35.8,26.8,0.0,observed
2025-08-26,7,30.0,34.9,26.3,0.0,observed
2025-08-27,7,29.9,35.2,25.8,0.0,observed
2025-08-28,7,30.1,35.8,26.0,0.0,observed
2025-08-29,7,30.0,34.9,26.0,0.0,observed
2025-08-30,7,30.3,35.2,26.1,0.0,observed
2025-08-31,7,30.0,35.3,26.6,0.0,observed
2025-09-01,7,29.8,35.4,25.8,0.0,observed
2025-09-02,7,29.8,35.7,25.4,0.0,observed
2025-09-03,7,29.8,35.4,25.2,0.0,observed
2025-09-04,7,31.2,37.6,25.3,0.2,observed
2025-09-05,7,32.5,38.4,27.4,0.0,observed
2025-09-06,7,33.2,39.2,28.4,0.0,observed
2025-09-07,7,29.5,33.5,26.4,6.5,observed
2025-09-08,7,26.9,31.6,25.2,36.2,observed
2025-09-09,7,26.1,28.6,24.8,33.5,observed
2025-09-10,7,27.2,31.0,24.8,2.4,observed
2025-09-11,7,27.3,30.5,24.4,0.3,observed
2025-09-12,7,28.4,32.9,25.3,0.4,observed
2025-09-13,7,28.7,33.7,25.2,0.0,observed
2025-09-14,7,28.9,34.1,25.3,0.0,observed
2025-09-15,7,28.7,32.9,25.5,0.0,observed
2025-09-16,7,29.1,34.7,25.9,0.0,observed
2025-09-17,7,29.2,34.3,25.2,0.0,observed
2025-09-18,7,29.1,34.3,24.8,0.0,observed
2025-09-19,7,28.5,33.5,24.7,0.0,observed
2025-09-20,7,28.8,34.5,24.1,0.0,observed
2025-09-21,7,28.6,34.5,24.2,0.0,observed
2025-09-22,7,28.9,34.8,24.3,0.0,observed
2025-09-23,7,28.9,34.6,25.0,0.0,observed
2025-09-24,7,29.1,34.6,25.1,0.2,observed
2025-09-25,7,29.3,34.7,24.6,0.0,observed
2025-09-26,7,29.4,34.7,24.6,0.0,observed
2025-09-27,7,30.7,37.2,25.4,0.0,observed
2025-09-28,7,32.1,39.4,25.4,0.0,observed
2025-09-29,7,33.2,39.2,28.2,0.2,observed
2025-09-30,7,30.4,35.5,27.6,12.0,observed
2025-10-01,7,29.8,34.0,26.3,0.1,observed
2025-10-02,7,29.6,33.2,26.7,0.0,observed
2025-10-03,7,28.8,31.0,26.8,0.1,observed
2025-10-04,7,29.7,34.1,26.2,0.0,observed
2025-10-05,7,29.3,34.7,25.9,0.0,observed
2025-10-06,7,29.5,35.9,25.9,0.0,observed
2025-10-07,7,28.0,33.6,23.5,0.0,observed
2025-10-08,7,28.0,34.1,22.3,0.0,observed
2025-10-09,7,28.2,33.8,23.2,0.0,observed
2025-10-10,7,28.6,34.1,24.1,0.0,observed
2025-10-11,7,28.5,34.0,24.1,0.0,observed
2025-10-12,7,28.9,34.5,24.2,0.0,observed
2025-10-13,7,29.0,34.8,24.5,0.0,observed
2025-10-14,7,29.1,34.9,24.2,0.0,observed
2025-10-15,7,29.2,35.7,24.2,0.0,observed
2025-10-16,7,28.7,35.5,21.8,0.0,observed
2025-10-17,7,29.3,36.3,23.7,0.0,observed
2025-10-18,7,29.5,36.5,23.6,0.0,observed
2025-10-19,7,29.8,36.9,24.8,0.0,observed
2025-10-20,7,28.7,36.1,22.2,0.0,observed
2025-10-21,7,29.1,36.1,22.7,0.0,observed
2025-10-22,7,29.2,36.3,23.5,0.0,observed
2025-10-23,7,29.1,37.1,22.6,0.0,observed
2025-10-24,7,28.8,36.8,21.7,0.0,observed
2025-10-25,7,29.0,37.1,21.5,0.0,observed
2025-10-26,7,28.6,36.1,21.7,0.0,observed
2025-10-27,7,28.2,35.1,21.2,0.0,observed
2025-10-28,7,27.7,33.6,22.1,0.0,observed
2025-10-29,7,27.4,32.7,21.9,0.0,observed
2025-10-30,7,28.2,33.8,22.9,0.0,observed
2025-10-31,7,27.7,34.6,22.0,0.0,observed
2025-11-01,7,27.7,34.8,21.2,0.0,observed
2025-11-02,7,27.5,35.3,20.4,0.0,observed
2025-11-03,7,27.5,35.7,21.4,0.0,observed
2025-11-04,7,26.9,36.0,19.9,0.0,observed
2025-11-05,7,25.0,32.4,20.0,0.0,observed
2025-11-06,7,24.7,32.7,18.6,0.0,observed
2025-11-07,7,24.7,32.6,17.5,0.0,observed
2025-11-08,7,25.3,32.4,18.7,0.0,observed
2025-11-09,7,23.7,30.7,16.8,0.0,observed
2025-11-10,7,23.5,30.0,17.2,0.0,observed
2025-11-11,7,23.6,30.1,17.8,0.0,observed
2025-11-12,7,23.9,30.8,17.6,0.0,observed
2025-11-13,7,23.3,30.8,16.0,0.0,observed
2025-11-14,7,22.7,30.5,15.2,0.0,observed
2025-11-15,7,22.8,30.4,15.0,0.0,observed
2025-11-16,7,22.8,30.5,15.7,0.0,observed
2025-11-17,7,22.1,30.4,14.0,0.0,observed
2025-11-18,7,21.4,29.8,12.7,0.0,observed
2025-11-19,7,21.7,30.0,13.0,0.0,observed
2025-11-20,7,21.5,29.5,14.1,0.0,observed
2025-11-21,7,21.8,29.6,14.5,0.0,observed
2025-11-22,7,22.0,29.2,15.5,0.0,observed
2025-11-23,7,21.4,28.6,14.4,0.0,observed
2025-11-24,7,20.9,28.3,14.7,0.0,observed
2025-11-25,7,20.8,26.9,15.7,0.0,observed
2025-11-26,7,20.8,27.6,14.8,0.0,observed
2025-11-27,7,20.4,25.9,15.9,0.0,observed
2025-11-28,7,19.8,26.1,14.8,0.0,observed
2025-11-29,7,19.6,26.4,14.1,0.0,observed
2025-11-30,7,19.9,26.9,13.9,0.0,observed
2025-12-01,7,19.5,28.2,11.9,0.0,observed
2025-12-02,7,18.7,26.4,12.0,0.0,observed
2025-12-03,7,18.5,26.2,12.3,0.0,observed
2025-12-04,7,19.0,26.4,13.1,0.0,observed
2025-12-05,7,19.2,27.6,11.9,0.0,observed
2025-12-06,7,19.3,25.3,14.4,0.0,observed
2025-12-07,7,19.8,27.7,13.9,0.0,observed
2025-12-08,7,20.2,29.0,13.3,0.0,observed
2025-12-09,7,20.7,29.5,13.2,0.0,observed
2025-12-10,7,20.6,29.8,11.6,0.0,observed
2025-12-11,7,20.5,28.7,12.0,0.0,observed
2025-12-12,7,20.0,28.1,12.1,0.0,observed
2025-12-13,7,20.5,28.2,14.3,0.0,observed
2025-12-14,7,19.1,25.6,14.2,0.0,observed
2025-12-15,7,19.1,25.9,13.9,0.0,observed
2025-12-16,7,19.3,26.7,14.0,0.0,observed
2025-12-17,7,19.5,27.1,13.7,0.0,observed
2025-12-18,7,19.7,27.2,13.3,0.0,observed
2025-12-19,7,20.3,27.8,14.3,0.0,observed
2025-12-20,7,22.6,29.7,16.2,0.0,observed
2025-12-21,7,22.6,29.2,16.5,0.0,observed
2025-12-22,7,20.5,25.4,16.8,0.0,observed
2025-12-23,7,19.7,25.7,14.9,0.0,observed
2025-12-24,7,18.6,25.6,12.9,0.0,observed
2025-12-25,7,17.9,25.4,10.2,0.0,observed
2025-12-26,7,18.6,25.3,12.3,0.0,observed
2025-12-27,7,18.7,25.3,13.8,0.0,observed
2025-12-28,7,19.0,25.7,14.0,0.0,observed
2025-12-29,7,18.6,25.5,13.2,0.0,observed
2025-12-30,7,19.5,26.5,12.6,0.0,observed
2025-12-31,7,19.1,24.1,16.0,6.0,observed
2026-01-01,7,17.6,23.4,13.1,0.0,observed
2026-01-02,7,16.7,22.8,11.8,0.0,observed
2026-01-03,7,16.4,23.1,10.4,0.0,observed
2026-01-04,7,17.1,23.9,11.1,0.0,observed
2026-01-05,7,17.5,23.7,12.3,0.0,observed
2026-01-06,7,17.2,23.4,12.0,0.0,observed
2026-01-07,7,16.0,22.2,11.2,0.0,observed
2026-01-08,7,14.4,20.3,9.7,0.0,observed
2026-01-09,7,14.3,21.1,9.0,0.0,observed
2026-01-10,7,13.7,20.3,8.4,0.0,observed
2026-01-11,7,13.4,20.7,7.3,0.0,observed
2026-01-12,7,13.7,21.1,7.7,0.0,observed
2026-01-13,7,14.1,20.8,8.7,0.0,observed
2026-01-14,7,16.3,24.1,9.2,0.0,observed
2026-01-15,7,19.3,26.3,13.1,0.0,observed
2026-01-16,7,19.9,27.0,13.3,0.0,observed
2026-01-17,7,19.8,25.6,14.8,0.0,observed
2026-01-18,7,19.1,24.8,14.6,0.0,observed
2026-01-19,7,18.9,26.1,12.6,0.0,observed
2026-01-20,7,19.3,26.0,13.0,0.0,observed
2026-01-21,7,19.2,25.8,13.2,0.0,observed
2026-01-22,7,18.7,25.5,13.7,0.2,observed
2026-01-23,7,13.8,19.8,8.2,0.0,observed
2026-01-24,7,12.9,19.6,7.3,0.0,observed
2026-01-25,7,13.5,19.6,8.3,0.0,observed
2026-01-26,7,14.1,19.4,10.1,0.5,observed
2026-01-27,7,16.4,22.1,11.8,0.0,observed
2026-01-28,7,16.5,23.6,9.8,0.0,observed
2026-01-29,7,16.8,23.4,10.9,0.0,observed
2026-01-30,7,17.3,23.8,12.1,0.0,observed
2026-01-31,7,18.2,25.0,12.7,0.0,observed
2026-02-01,7,19.5,26.8,13.3,0.0,observed
2026-02-02,7,19.8,26.7,14.0,0.0,observed
2026-02-03,7,20.4,27.9,13.7,0.0,observed
2026-02-04,7,20.6,28.4,14.1,0.0,observed
2026-02-05,7,20.5,27.9,14.6,0.0,observed
2026-02-06,7,20.9,29.0,14.5,0.0,observed
2026-02-07,7,21.4,28.8,15.1,0.0,observed
2026-02-08,7,21.9,29.7,14.2,0.0,observed
2026-02-09,7,22.6,29.4,15.7,0.0,observed
2026-02-10,7,22.7,27.7,18.2,0.0,observed
2026-02-11,7,21.9,28.1,16.5,0.0,observed
2026-02-12,7,21.9,29.1,16.0,0.0,observed
2026-02-13,7,23.1,31.2,14.9,0.0,observed
2026-02-14,7,24.3,32.2,16.0,0.0,observed
2026-02-15,7,24.1,32.5,15.7,0.0,observed
2026-02-16,7,22.9,29.6,18.1,0.0,observed
2026-02-17,7,21.7,27.1,16.7,0.6,observed
2026-02-18,7,22.2,28.3,16.4,0.0,observed
2026-02-19,7,23.6,29.6,17.8,0.0,observed
2026-02-20,7,23.9,30.5,17.8,0.0,observed
2026-02-21,7,24.4,31.3,18.1,0.0,observed
2026-02-22,7,25.4,32.7,19.5,0.0,observed
2026-02-23,7,24.7,32.6,17.9,0.0,observed
2026-02-24,7,25.5,33.5,18.2,0.0,observed
2026-02-25,7,26.5,34.3,19.1,0.0,observed
2026-02-26,7,27.1,34.4,19.5,0.0,observed
2026-02-27,7,27.3,33.5,22.5,0.0,observed
2026-02-28,7,26.2,33.6,19.7,0.0,observed
2026-03-01,7,26.5,33.6,19.5,0.0,observed
2026-03-02,7,26.9,34.4,19.7,0.0,observed
2026-03-03,7,27.6,35.0,20.2,0.0,observed
2026-03-04,7,26.5,34.3,19.1,0.0,observed
2026-03-05,7,26.2,35.3,19.2,0.0,observed
2026-03-06,7,27.2,37.0,20.0,0.0,observed
2026-03-07,7,27.3,36.9,20.8,0.0,observed
2026-03-08,7,27.6,36.9,19.3,0.0,observed
2026-03-09,7,28.4,37.6,19.9,0.0,observed
2026-03-10,7,29.1,37.5,22.3,0.0,observed
2026-03-11,7,28.0,36.8,19.9,0.0,observed
2026-03-12,7,29.2,36.7,21.9,0.0,observed
2026-03-13,7,29.5,36.3,22.2,0.0,observed
2026-03-14,7,29.3,37.1,21.6,0.0,observed
2026-03-15,7,29.9,36.9,23.9,0.0,observed
2026-03-16,7,29.6,37.3,22.1,0.0,observed
2026-03-17,7,28.2,34.4,22.0,0.0,observed
2026-03-18,7,25.8,32.2,21.0,7.2,observed
2026-03-19,7,22.0,26.6,18.2,0.9,observed
2026-03-20,7,23.7,30.4,16.9,0.0,observed
2026-03-21,7,25.6,30.9,21.4,0.4,observed
2026-03-22,7,26.3,31.7,21.2,0.0,observed
2026-03-23,7,27.6,34.1,22.0,0.0,observed
2026-03-24,7,28.3,34.5,23.2,0.0,observed
2026-03-25,7,28.5,34.6,24.5,0.0,observed
2026-03-26,7,27.9,34.3,23.2,0.3,observed
2026-03-27,7,28.1,34.9,22.6,0.0,observed
2026-03-28,7,28.5,35.3,24.1,0.0,observed
2026-03-29,7,27.9,33.5,23.6,0.0,observed
2026-03-30,7,26.9,32.9,22.6,0.0,observed
2026-03-31,7,25.8,31.7,20.5,0.0,observed
2026-04-01,7,27.2,34.0,21.3,0.0,observed
2026-04-02,7,22.8,26.4,18.9,2.1,observed
2026-04-03,7,22.8,29.2,17.2,2.0,observed
2026-04-04,7,25.1,32.6,19.3,0.0,observed
2026-04-05,7,25.9,33.2,20.6,0.0,observed
2026-04-06,7,26.2,31.4,21.4,0.4,observed
2026-04-07,7,28.2,34.5,24.3,0.0,observed
2026-04-08,7,28.1,35.4,21.4,0.0,observed
2026-04-09,7,29.0,36.4,22.0,0.0,observed
2026-04-10,7,30.4,36.7,23.4,0.0,observed
2026-04-11,7,31.2,38.4,24.5,0.0,observed
2026-04-12,7,31.9,39.0,24.6,0.0,observed
2026-04-13,7,32.1,40.0,25.4,0.0,observed
2026-04-14,7,32.6,40.2,25.8,0.0,observed
2026-04-15,7,33.2,41.5,25.2,0.0,observed
2026-04-16,7,31.5,39.1,25.8,0.0,observed
2026-04-17,7,32.0,41.5,24.3,0.0,observed
2026-04-18,7,30.3,37.9,24.1,0.0,observed
2026-04-19,7,30.2,38.8,22.4,0.0,observed
2026-04-20,7,32.2,40.3,25.4,0.0,observed
2026-04-21,7,31.0,38.9,25.4,0.0,observed
2026-04-22,7,30.5,39.0,23.8,0.0,observed
2026-04-23,7,31.2,39.1,25.2,0.0,observed
2026-04-24,7,31.7,39.7,26.3,0.6,observed
2026-04-25,7,33.4,43.1,25.5,0.0,observed
2026-04-26,7,34.9,44.5,26.9,0.0,observed
2026-04-27,7,32.9,40.6,26.9,0.0,observed
2026-04-28,7,32.3,40.4,27.1,0.0,observed
2026-04-29,7,33.7,44.0,26.2,0.0,observed
2026-04-30,7,33.0,41.9,26.4,0.0,observed
2026-05-01,7,35.0,45.2,26.9,0.0,observed
2026-05-02,7,35.5,45.1,28.4,0.0,observed
2026-05-03,7,35.9,44.0,27.5,0.0,observed
2026-05-04,7,35.5,42.4,29.0,0.0,observed
2026-05-05,7,34.5,42.6,27.0,0.0,observed
2026-05-06,7,33.5,42.4,25.1,0.0,observed
2026-05-07,7,31.5,39.2,26.2,0.0,observed
2026-05-08,7,32.0,40.0,26.0,0.0,observed
2026-05-09,7,32.6,41.2,26.1,0.0,observed
2026-05-10,7,32.8,41.3,25.9,0.0,observed
2026-05-11,7,32.7,40.4,25.9,0.0,observed
2026-05-12,7,33.4,41.1,26.7,0.1,observed
2026-05-13,7,34.7,42.9,28.1,0.0,observed
2026-05-14,7,33.6,40.1,28.3,0.0,observed
2026-05-15,7,32.1,38.1,27.3,0.0,observed
2026-05-16,7,32.8,40.7,27.1,0.0,observed
2026-05-17,7,32.9,40.8,26.7,0.0,observed
2026-05-18,7,31.4,39.0,25.6,0.0,observed
2026-05-19,7,32.6,40.4,27.1,0.0,observed
2026-05-20,7,32.7,39.9,27.6,0.0,observed
2026-05-21,7,31.9,38.8,27.2,0.0,observed
2026-05-22,7,32.9,41.1,27.1,0.0,observed
2026-05-23,7,32.6,40.3,27.5,0.0,observed
2026-05-24,7,31.7,39.2,26.5,0.0,observed
2026-05-25,7,33.1,41.7,27.8,0.0,observed
2026-05-26,7,33.5,43.0,27.5,0.0,observed
2026-05-27,7,32.8,41.0,27.4,0.0,observed
2026-05-28,7,33.4,42.3,28.1,0.0,observed
2026-05-29,7,34.4,46.3,28.6,0.0,observed
2026-05-30,7,33.6,40.8,28.4,0.0,observed
2026-05-31,7,32.9,38.9,28.7,0.0,observed
2026-06-01,7,33.0,39.4,28.3,0.0,observed
2026-06-02,7,33.7,39.6,28.3,0.1,observed
2026-06-03,7,32.9,40.1,27.9,0.0,observed
2026-06-04,7,32.7,39.6,28.4,0.0,observed
2026-06-05,7,33.7,41.8,28.3,0.0,observed
2026-06-06,7,32.9,39.9,27.9,0.0,observed
2026-06-07,7,33.4,41.5,28.2,0.0,observed
2026-06-08,7,33.5,41.3,28.4,0.0,observed
2026-06-09,7,33.8,41.9,28.8,0.0,observed
2026-06-10,7,34.4,42.8,28.9,0.0,observed
2026-06-11,7,36.4,46.6,29.0,0.0,observed
2026-06-12,7,35.2,43.7,29.8,0.3,observed
2026-06-13,7,33.4,40.0,28.8,0.0,observed
2026-06-14,7,32.5,38.0,28.6,0.0,observed
2026-06-15,7,32.3,37.9,28.1,0.0,observed
2026-06-16,7,32.4,37.9,28.6,0.0,observed
2026-06-17,7,32.5,37.7,28.7,0.0,observed
2026-06-18,7,32.4,37.6,28.5,0.0,observed
2026-06-19,7,32.4,38.4,28.6,0.0,observed
2026-06-20,7,32.5,38.7,28.6,0.0,observed
2026-06-21,7,32.1,38.0,28.4,0.0,observed
2026-06-22,7,32.3,38.1,28.4,0.0,observed
2026-06-23,7,32.4,38.6,28.5,0.0,observed
2026-06-24,7,32.0,37.7,28.5,0.0,observed
2026-06-25,7,32.6,38.5,28.4,0.0,observed
2026-06-26,7,33.0,39.1,28.6,0.0,observed
2026-06-27,7,33.0,39.0,28.5,0.0,observed
2026-06-28,7,32.3,38.5,28.5,0.0,observed
2026-06-29,7,31.9,37.4,28.2,0.0,observed
2026-06-30,7,31.7,36.7,28.2,0.0,observed
2026-07-01,7,32.4,38.5,28.3,0.0,observed
2026-07-02,7,32.8,39.1,28.8,0.0,observed
2026-07-03,7,33.2,39.6,28.5,0.0,observed
2026-07-04,7,33.3,39.4,29.0,0.0,observed
2026-07-05,7,33.7,40.2,28.6,0.0,observed
2026-07-06,7,33.8,40.7,28.5,0.0,observed
2026-07-07,7,33.5,39.9,28.3,0.0,observed
2026-07-08,7,32.7,38.8,29.2,0.0,observed
2026-07-09,7,32.0,38.2,28.1,0.0,observed
2026-07-10,7,31.8,37.5,28.1,0.0,observed
2026-07-11,7,31.4,37.4,27.9,0.0,observed
2026-07-12,7,31.9,37.2,28.3,0.0,observed
2026-07-13,7,31.9,37.8,28.5,0.0,observed
2026-07-14,7,31.4,36.9,27.6,0.0,observed
2026-07-15,7,31.6,36.8,27.6,0.0,observed
2026-07-16,7,31.7,38.2,27.4,0.0,observed
2026-07-17,7,31.3,37.3,27.6,0.0,observed
2026-07-18,7,31.1,36.9,27.5,0.0,observed
2026-07-19,7,31.2,36.7,27.8,0.0,observed
2026-07-20,7,30.8,34.5,27.5,0.1,observed
2026-07-21,7,31.0,34.5,28.0,0.0,observed
2026-07-22,7,32.4,38.1,27.9,0.0,observed
2026-07-23,7,33.4,38.4,28.8,0.4,observed
2026-07-24,7,32.4,36.6,29.4,0.6,observed
2026-07-25,7,31.0,34.5,28.8,1.1,observed
2026-07-26,7,32.3,37.1,28.2,0.1,observed
2026-07-27,7,32.2,37.8,28.7,0.0,observed
2026-07-28,7,31.3,36.7,27.7,0.0,observed
2026-07-29,7,31.7,37.8,27.7,0.0,observed
2026-07-30,7,32.4,38.0,27.2,0.0,observed
2026-07-31,7,33.6,39.0,28.3,0.0,observed
2026-08-01,7,33.0,38.9,29.5,3.9,observed
2026-08-02,7,27.7,29.2,26.1,17.1,observed
2026-08-03,7,29.6,34.3,27.2,0.0,observed
2026-08-04,7,30.1,35.2,26.1,0.0,observed
2026-08-05,7,30.0,35.2,26.8,0.0,observed
2026-08-06,7,30.2,36.1,26.7,0.0,observed
2026-08-07,7,30.5,36.6,26.2,0.0,observed
2026-08-08,7,30.9,36.5,26.9,0.0,observed
2026-08-09,7,30.9,36.3,26.8,0.0,observed
2026-08-10,7,30.9,36.9,27.3,0.0,observed
2026-08-11,7,30.5,36.3,26.8,0.0,observed
2026-08-12,7,30.1,34.1,26.5,0.0,observed
2026-08-13,7,30.5,36.0,27.1,0.0,observed
2026-08-14,7,29.9,35.2,26.4,0.0,observed
2026-08-15,7,30.4,35.9,26.5,0.0,observed
2026-08-16,7,30.2,36.1,26.7,0.0,observed
2026-08-17,7,29.8,35.3,26.2,0.0,observed
2026-08-18,7,29.9,35.7,26.4,0.0,observed
2026-08-19,7,30.1,36.0,26.3,0.0,observed
2026-08-20,7,30.1,36.2,26.5,0.0,observed
2026-08-21,7,30.2,36.4,26.4,0.0,observed
2026-08-22,7,30.0,35.4,26.3,0.0,observed
2026-08-23,7,30.1,35.9,26.2,0.1,observed
2026-08-24,7,31.2,37.4,26.5,0.0,observed
2026-08-25,7,30.6,36.4,26.6,0.0,observed
2026-08-26,7,30.0,36.4,26.1,0.0,observed
2026-08-27,7,29.6,35.7,25.9,0.0,observed
2026-08-28,7,29.5,36.1,25.6,0.0,observed
2026-08-29,7,29.5,35.1,26.0,0.0,observed
2026-08-30,7,29.4,34.7,25.9,0.0,observed
2026-08-31,7,29.2,35.0,25.6,0.0,observed
2026-09-01,7,29.3,34.8,25.5,0.0,observed
2026-09-02,7,29.5,35.3,25.5,0.0,observed
2026-09-03,7,29.3,35.4,25.5,0.0,observed
2026-09-04,7,29.7,36.1,25.8,0.0,observed
2026-09-05,7,30.2,36.0,26.1,0.0,observed
2026-09-06,7,30.0,36.2,26.2,0.0,observed
2026-09-07,7,29.8,36.0,25.7,0.0,observed
2026-09-08,7,30.0,35.9,25.8,0.0,observed
2026-09-09,7,30.0,35.5,25.3,0.0,observed
2026-09-10,7,30.1,35.5,25.1,0.0,observed
2026-09-11,7,30.6,36.5,24.9,0.0,observed
2026-09-12,7,32.7,40.1,26.6,0.0,observed
2026-09-13,7,35.1,41.0,28.9,0.0,observed
2026-09-14,7,33.7,40.6,29.2,1.3,observed
2026-09-15,7,31.3,36.3,28.4,0.3,observed
2026-09-16,7,31.3,35.5,28.3,0.2,observed
2026-09-17,7,31.2,35.9,27.5,0.0,observed
2026-09-18,7,31.0,36.5,26.4,2.0,observed
2026-09-19,7,31.4,37.2,26.4,0.0,observed
2026-09-20,7,32.8,39.0,26.7,0.0,observed
2026-09-21,7,34.3,40.8,28.3,0.0,observed
2026-09-22,7,35.0,40.8,30.3,0.0,observed
2026-09-23,7,34.0,41.0,29.1,0.0,observed
2026-09-24,7,31.6,38.4,26.9,0.0,observed
2026-09-25,7,30.6,37.2,26.1,0.0,observed
2026-09-26,7,30.3,36.5,26.4,0.0,observed
2026-09-27,7,29.6,36.2,25.8,0.0,observed
2026-09-28,7,29.3,34.9,25.3,0.0,observed
2026-09-29,7,29.7,35.0,25.0,0.0,observed
2026-09-30,7,29.2,35.2,24.4,0.0,observed
2026-10-01,7,29.4,36.1,24.1,0.0,observed
2026-10-02,7,29.9,37.4,24.2,0.0,observed
2026-10-03,7,30.2,37.0,25.0,0.0,observed
2026-10-04,7,30.2,37.3,26.1,0.0,observed
2026-10-05,7,29.2,35.0,25.0,0.0,forecast
2026-10-06,7,29.7,35.6,25.2,0.0,forecast
2026-10-07,7,30.0,35.2,25.7,0.0,forecast
2026-10-08,7,28.8,35.4,23.8,0.0,forecast
2026-10-09,7,28.9,35.0,24.8,0.0,forecast
2026-10-10,7,29.3,35.1,25.5,0.0,forecast
2026-10-11,7,29.8,35.1,24.7,0.0,forecast
2026-10-12,7,31.1,37.0,24.8,0.0,forecast
2026-10-13,7,32.9,38.7,26.0,0.0,forecast
2026-10-14,7,33.8,39.3,27.9,0.0,forecast
2026-10-15,7,34.1,39.8,27.6,0.0,forecast
2026-10-16,7,34.4,39.4,28.3,0.0,forecast
2026-10-17,7,34.4,39.3,28.8,0.0,forecast
2026-10-18,7,33.7,38.8,27.2,0.0,forecast
2026-10-19,7,32.1,38.1,27.2,0.0,forecast
2026-10-20,7,29.9,36.0,26.1,0.0,forecast
2024-01-01,8,17.1,24.4,11.3,0.0,observed
2024-01-02,8,16.6,24.3,10.6,0.0,observed
2024-01-03,8,17.0,23.8,11.3,0.0,observed
2024-01-04,8,16.2,22.4,10.9,0.0,observed
2024-01-05,8,16.2,22.7,10.4,0.0,observed
2024-01-06,8,16.7,23.0,11.8,0.0,observed
2024-01-07,8,16.1,22.8,11.1,0.0,observed
2024-01-08,8,16.2,23.7,10.2,0.0,observed
2024-01-09,8,15.5,22.1,10.5,0.0,observed
2024-01-10,8,15.3,23.1,10.0,0.0,observed
2024-01-11,8,15.4,24.6,7.9,0.0,observed
2024-01-12,8,16.1,25.3,9.6,0.0,observed
2024-01-13,8,17.0,26.6,8.4,0.0,observed
2024-01-14,8,17.9,25.2,12.5,0.0,observed
2024-01-15,8,18.1,25.1,10.7,0.0,observed
2024-01-16,8,19.6,25.3,14.9,0.0,observed
2024-01-17,8,18.2,24.5,13.0,0.0,observed
2024-01-18,8,17.4,24.4,11.7,0.0,observed
2024-01-19,8,17.7,25.3,11.7,0.0,observed
2024-01-20,8,18.5,26.0,11.7,0.0,observed
2024-01-21,8,19.0,26.2,13.2,0.0,observed
2024-01-22,8,19.5,27.2,11.5,0.0,observed
2024-01-23,8,19.0,26.0,13.8,0.0,observed
2024-01-24,8,16.5,25.2,9.8,0.0,observed
2024-01-25,8,17.2,25.1,9.1,0.0,observed
2024-01-26,8,17.3,23.9,11.6,0.0,observed
2024-01-27,8,17.7,24.6,12.4,0.0,observed
2024-01-28,8,18.7,26.3,10.9,0.0,observed
2024-01-29,8,21.2,27.3,16.7,0.0,observed
2024-01-30,8,21.4,27.1,16.0,0.0,observed
2024-01-31,8,23.2,29.0,18.6,0.0,observed
2024-02-01,8,22.8,29.7,15.8,0.0,observed
2024-02-02,8,21.8,29.1,17.4,0.0,observed
2024-02-03,8,20.3,27.8,15.5,0.8,observed
2024-02-04,8,20.5,24.5,16.6,2.0,observed
2024-02-05,8,19.6,25.7,14.4,0.0,observed
2024-02-06,8,19.5,25.1,14.5,0.0,observed
2024-02-07,8,19.7,24.8,16.2,0.0,observed
2024-02-08,8,18.6,25.1,14.4,0.0,observed
2024-02-09,8,19.3,27.6,10.7,0.0,observed
2024-02-10,8,19.7,28.0,12.4,0.0,observed
2024-02-11,8,19.4,27.0,13.3,0.0,observed
2024-02-12,8,19.2,26.3,14.2,0.0,observed
2024-02-13,8,17.7,25.3,12.9,0.0,observed
2024-02-14,8,18.7,27.1,12.4,0.0,observed
2024-02-15,8,18.9,27.5,12.5,0.0,observed
2024-02-16,8,19.4,29.0,12.2,0.0,observed
2024-02-17,8,21.3,30.9,12.2,0.0,observed
2024-02-18,8,23.3,30.4,17.6,0.0,observed
2024-02-19,8,25.3,31.7,21.3,0.0,observed
2024-02-20,8,23.8,30.9,18.8,0.0,observed
2024-02-21,8,23.4,30.0,18.5,0.0,observed
2024-02-22,8,21.2,27.1,15.9,0.0,observed
2024-02-23,8,19.6,28.3,11.9,0.0,observed
2024-02-24,8,19.8,28.5,11.9,0.0,observed
2024-02-25,8,20.3,28.6,11.6,0.2,observed
2024-02-26,8,21.1,28.2,15.7,0.7,observed
2024-02-27,8,19.5,26.1,14.4,0.0,observed
2024-02-28,8,20.7,27.9,14.7,0.0,observed
2024-02-29,8,22.7,31.5,15.6,0.0,observed
2024-03-01,8,21.6,26.2,17.1,0.0,observed
2024-03-02,8,20.1,23.6,16.0,0.0,observed
2024-03-03,8,16.8,23.1,9.7,0.0,observed
2024-03-04,8,17.3,25.0,9.6,0.0,observed
2024-03-05,8,18.2,25.4,11.8,0.0,observed
2024-03-06,8,20.0,27.0,13.1,0.0,observed
2024-03-07,8,21.4,28.0,15.4,0.0,observed
2024-03-08,8,21.6,29.5,15.2,0.0,observed
2024-03-09,8,22.1,29.6,15.6,0.0,observed
2024-03-10,8,21.0,26.7,16.4,1.3,observed
2024-03-11,8,25.0,32.0,18.7,0.0,observed
2024-03-12,8,25.5,32.9,18.4,0.0,observed
2024-03-13,8,25.7,32.7,20.0,0.0,observed
2024-03-14,8,23.4,31.3,16.7,0.0,observed
2024-03-15,8,24.4,31.8,18.0,0.0,observed
2024-03-16,8,25.6,34.5,17.6,0.0,observed
2024-03-17,8,26.6,35.0,19.0,0.0,observed
2024-03-18,8,27.4,35.6,19.2,0.0,observed
2024-03-19,8,30.6,39.0,23.3,0.0,observed
2024-03-20,8,29.4,38.1,21.7,0.0,observed
2024-03-21,8,31.3,38.1,26.1,0.0,observed
2024-03-22,8,30.0,38.4,23.2,0.0,observed
2024-03-23,8,30.2,38.4,22.9,0.0,observed
2024-03-24,8,31.3,40.0,24.1,0.0,observed
2024-03-25,8,32.0,39.9,24.1,0.0,observed
2024-03-26,8,33.3,40.8,27.1,0.0,observed
2024-03-27,8,30.9,39.1,24.3,0.0,observed
2024-03-28,8,30.2,36.7,23.3,0.0,observed
2024-03-29,8,29.1,35.5,24.1,0.0,observed
2024-03-30,8,27.6,35.2,21.0,0.0,observed
2024-03-31,8,29.0,36.3,23.5,0.0,observed
2024-04-01,8,29.0,36.1,21.8,0.0,observed
2024-04-02,8,30.0,37.2,23.7,0.0,observed
2024-04-03,8,29.6,37.5,23.2,0.0,observed
2024-04-04,8,30.2,37.7,23.2,0.0,observed
2024-04-05,8,30.7,37.6,24.6,0.0,observed
2024-04-06,8,30.7,37.8,23.6,0.0,observed
2024-04-07,8,32.0,39.9,24.4,0.0,observed
2024-04-08,8,33.3,41.0,24.8,0.0,observed
2024-04-09,8,33.9,41.3,26.5,0.0,observed
2024-04-10,8,31.9,40.0,26.5,0.0,observed
2024-04-11,8,31.5,40.6,22.8,0.0,observed
2024-04-12,8,32.8,39.8,27.0,0.0,observed
2024-04-13,8,30.2,37.6,24.8,0.2,observed
2024-04-14,8,27.4,30.5,24.3,0.7,observed
2024-04-15,8,27.8,33.7,22.5,0.0,observed
2024-04-16,8,30.5,37.0,23.6,0.0,observed
2024-04-17,8,32.3,38.9,26.7,0.0,observed
2024-04-18,8,29.1,32.8,25.8,0.4,observed
2024-04-19,8,28.2,34.5,22.8,0.0,observed
2024-04-20,8,29.8,36.7,23.7,0.0,observed
2024-04-21,8,30.4,37.4,23.9,0.0,observed
2024-04-22,8,31.5,38.9,24.6,0.0,observed
2024-04-23,8,31.5,40.0,24.2,0.0,observed
2024-04-24,8,31.8,40.2,23.7,0.0,observed
2024-04-25,8,31.5,39.3,25.1,0.0,observed
2024-04-26,8,31.5,38.9,25.5,0.0,observed
2024-04-27,8,31.4,38.2,24.6,0.0,observed
2024-04-28,8,32.6,40.2,25.3,0.0,observed
2024-04-29,8,32.9,39.4,25.9,0.0,observed
2024-04-30,8,31.3,38.5,23.3,0.0,observed
2024-05-01,8,30.4,37.3,22.3,0.0,observed
2024-05-02,8,31.6,40.5,20.6,0.0,observed
2024-05-03,8,32.6,40.0,27.3,0.0,observed
2024-05-04,8,32.6,39.7,27.1,0.0,observed
2024-05-05,8,33.2,40.9,26.4,0.0,observed
2024-05-06,8,34.4,43.0,27.0,0.0,observed
2024-05-07,8,35.8,45.1,27.9,0.0,observed
2024-05-08,8,35.9,45.1,28.1,0.0,observed
2024-05-09,8,35.4,43.8,28.3,0.0,observed
2024-05-10,8,33.0,40.8,26.3,0.0,observed
2024-05-11,8,32.4,39.1,25.9,0.0,observed
2024-05-12,8,33.6,41.1,26.2,0.0,observed
2024-05-13,8,34.5,42.6,27.6,0.0,observed
2024-05-14,8,34.2,41.5,26.9,0.0,observed
2024-05-15,8,36.1,43.2,28.9,0.0,observed
2024-05-16,8,36.2,43.7,28.8,0.0,observed
2024-05-17,8,37.1,45.3,29.1,0.0,observed
2024-05-18,8,36.7,44.4,29.5,0.0,observed
2024-05-19,8,34.9,42.0,28.3,0.0,observed
2024-05-20,8,34.8,43.2,28.0,0.0,observed
2024-05-21,8,37.2,47.3,29.2,0.0,observed
2024-05-22,8,38.0,48.0,30.8,0.0,observed
2024-05-23,8,37.9,48.3,30.7,0.0,observed
2024-05-24,8,37.4,46.8,30.5,0.0,observed
2024-05-25,8,36.9,46.5,29.2,0.0,observed
2024-05-26,8,37.4,49.0,28.8,0.0,observed
2024-05-27,8,37.3,49.1,29.9,0.0,observed
2024-05-28,8,36.9,48.1,29.2,0.0,observed
2024-05-29,8,37.6,48.1,28.1,0.0,observed
2024-05-30,8,36.9,47.4,28.2,0.0,observed
2024-05-31,8,34.6,43.4,28.5,0.0,observed
2024-06-01,8,35.0,44.0,28.0,0.0,observed
2024-06-02,8,34.3,42.0,28.4,0.0,observed
2024-06-03,8,32.7,40.3,27.5,0.0,observed
2024-06-04,8,32.0,38.6,27.2,0.0,observed
2024-06-05,8,32.2,37.8,27.9,0.0,observed
2024-06-06,8,33.4,40.3,28.0,0.0,observed
2024-06-07,8,33.9,41.5,28.0,0.0,observed
2024-06-08,8,33.5,41.5,27.4,0.2,observed
2024-06-09,8,33.7,40.8,27.5,0.0,observed
2024-06-10,8,33.9,41.9,27.7,0.0,observed
2024-06-11,8,33.1,40.4,27.9,0.4,observed
2024-06-12,8,32.7,39.1,27.9,0.0,observed
2024-06-13,8,32.9,39.4,28.5,0.0,observed
2024-06-14,8,33.1,39.5,28.7,0.0,observed
2024-06-15,8,33.6,39.6,28.7,0.1,observed
2024-06-16,8,33.9,41.0,28.9,0.0,observed
2024-06-17,8,33.2,39.8,28.7,0.0,observed
2024-06-18,8,33.2,39.8,28.9,0.0,observed
2024-06-19,8,33.4,40.7,28.7,0.0,observed
2024-06-20,8,33.8,41.4,28.5,0.0,observed
2024-06-21,8,33.9,40.1,28.4,0.1,observed
2024-06-22,8,35.6,41.6,29.9,0.0,observed
2024-06-23,8,37.3,44.7,30.6,0.0,observed
2024-06-24,8,38.9,46.3,31.5,0.0,observed
2024-06-25,8,38.5,46.2,31.3,0.0,observed
2024-06-26,8,35.7,42.4,29.7,0.2,observed
2024-06-27,8,35.1,43.2,31.9,0.5,observed
2024-06-28,8,33.5,37.6,30.0,0.7,observed
2024-06-29,8,34.3,38.7,30.6,0.0,observed
2024-06-30,8,34.8,40.5,30.2,0.0,observed
2024-07-01,8,35.5,42.6,31.0,0.0,observed
2024-07-02,8,34.3,40.7,30.0,0.0,observed
2024-07-03,8,34.5,40.8,30.2,0.0,observed
2024-07-04,8,34.0,40.0,29.5,0.0,observed
2024-07-05,8,33.2,38.7,29.4,0.0,observed
2024-07-06,8,33.4,38.7,29.6,0.0,observed
2024-07-07,8,34.4,43.2,29.6,0.6,observed
2024-07-08,8,33.9,38.5,30.4,4.9,observed
2024-07-09,8,32.5,37.2,30.3,3.1,observed
2024-07-10,8,32.8,37.5,29.6,0.0,observed
2024-07-11,8,32.0,36.9,28.9,0.0,observed
2024-07-12,8,32.0,37.1,28.9,0.0,observed
2024-07-13,8,32.2,37.8,28.6,0.1,observed
2024-07-14,8,33.0,39.3,28.8,0.0,observed
2024-07-15,8,34.4,39.7,29.4,0.0,observed
2024-07-16,8,36.3,43.0,30.4,0.1,observed
2024-07-17,8,35.2,40.2,30.9,0.0,observed
2024-07-18,8,35.3,40.5,31.5,0.0,observed
2024-07-19,8,33.7,39.1,30.2,0.7,observed
2024-07-20,8,32.8,36.7,30.5,23.9,observed
2024-07-21,8,34.2,40.1,29.7,1.9,observed
2024-07-22,8,33.8,39.6,30.7,8.7,observed
2024-07-23,8,33.0,38.1,29.7,0.0,observed
2024-07-24,8,32.1,36.2,29.5,0.0,observed
2024-07-25,8,32.5,38.6,28.2,0.0,observed
2024-07-26,8,33.1,39.5,28.8,0.0,observed
2024-07-27,8,33.0,38.7,29.0,0.0,observed
2024-07-28,8,33.0,38.0,28.8,0.0,observed
2024-07-29,8,31.9,36.3,29.3,8.3,observed
2024-07-30,8,30.5,35.8,27.3,7.4,observed
2024-07-31,8,30.2,32.9,27.9,5.6,observed
2024-08-01,8,30.5,33.8,28.1,0.0,observed
2024-08-02,8,30.2,33.3,28.0,1.0,observed
2024-08-03,8,29.0,32.5,27.4,13.0,observed
2024-08-04,8,29.8,34.0,27.2,0.0,observed
2024-08-05,8,29.7,33.5,27.0,0.6,observed
2024-08-06,8,28.8,31.3,27.1,0.1,observed
2024-08-07,8,29.2,32.3,27.2,0.0,observed
2024-08-08,8,30.0,34.3,26.9,0.0,observed
2024-08-09,8,31.0,36.2,27.0,0.3,observed
2024-08-10,8,31.3,37.1,27.5,0.0,observed
2024-08-11,8,31.1,36.8,27.7,0.0,observed
2024-08-12,8,30.8,35.2,27.2,0.0,observed
2024-08-13,8,31.8,37.2,28.1,0.4,observed
2024-08-14,8,32.0,37.9,27.8,0.2,observed
2024-08-15,8,31.4,36.6,28.2,0.0,observed
2024-08-16,8,30.9,35.8,27.7,0.1,observed
2024-08-17,8,27.7,28.7,26.8,26.2,observed
2024-08-18,8,29.0,32.5,26.6,1.2,observed
2024-08-19,8,29.2,33.0,26.2,1.0,observed
2024-08-20,8,29.6,33.9,26.5,0.4,observed
2024-08-21,8,30.3,34.6,27.0,0.2,observed
2024-08-22,8,30.7,35.8,26.9,0.2,observed
2024-08-23,8,31.4,37.5,27.0,0.0,observed
2024-08-24,8,31.1,38.2,26.9,3.3,observed
2024-08-25,8,32.2,37.6,27.6,0.1,observed
2024-08-26,8,30.6,37.1,28.2,19.4,observed
2024-08-27,8,28.4,32.0,26.5,14.5,observed
2024-08-28,8,26.6,29.8,25.4,49.0,observed
2024-08-29,8,26.8,29.9,26.0,37.4,observed
2024-08-30,8,27.7,31.1,25.6,4.7,observed
2024-08-31,8,27.6,32.1,25.2,2.8,observed
2024-09-01,8,28.5,32.5,24.8,0.2,observed
2024-09-02,8,28.6,32.5,25.2,0.0,observed
2024-09-03,8,29.3,33.6,25.8,5.3,observed
2024-09-04,8,27.9,32.1,25.5,14.1,observed
2024-09-05,8,29.1,33.7,26.0,0.0,observed
2024-09-06,8,29.0,34.4,25.8,0.0,observed
2024-09-07,8,28.6,33.7,25.2,0.0,observed
2024-09-08,8,28.7,33.7,25.1,0.0,observed
2024-09-09,8,28.7,33.7,25.3,0.0,observed
2024-09-10,8,28.6,33.9,24.8,0.0,observed
2024-09-11,8,29.1,34.7,24.4,0.0,observed
2024-09-12,8,29.0,34.7,25.7,0.0,observed
2024-09-13,8,28.4,33.9,24.9,0.0,observed
2024-09-14,8,28.6,34.5,24.9,0.0,observed
2024-09-15,8,28.8,34.8,24.9,0.0,observed
2024-09-16,8,29.1,35.7,24.7,0.0,observed
2024-09-17,8,29.6,35.8,25.1,0.0,observed
2024-09-18,8,29.6,36.2,24.5,0.0,observed
2024-09-19,8,30.8,37.9,24.8,0.0,observed
2024-09-20,8,31.7,38.8,26.6,0.0,observed
2024-09-21,8,30.5,37.4,25.8,0.0,observed
2024-09-22,8,30.8,37.8,25.9,0.0,observed
2024-09-23,8,30.9,37.5,26.3,0.0,observed
2024-09-24,8,31.0,37.5,26.5,0.0,observed
2024-09-25,8,31.1,38.1,26.1,0.0,observed
2024-09-26,8,31.6,38.6,26.1,0.0,observed
2024-09-27,8,32.5,39.5,27.3,0.0,observed
2024-09-28,8,31.7,38.4,26.9,0.0,observed
2024-09-29,8,31.3,37.8,26.8,0.0,observed
2024-09-30,8,31.9,38.7,26.6,0.0,observed
2024-10-01,8,32.0,39.7,26.1,0.0,observed
2024-10-02,8,31.8,39.9,26.4,0.0,observed
2024-10-03,8,31.1,38.9,26.4,0.0,observed
2024-10-04,8,30.5,37.9,26.5,0.0,observed
2024-10-05,8,30.5,37.0,25.7,0.0,observed
2024-10-06,8,30.5,36.1,25.7,0.0,observed
2024-10-07,8,31.4,37.4,26.1,0.0,observed
2024-10-08,8,32.7,38.6,27.2,0.0,observed
2024-10-09,8,32.2,38.1,26.3,0.0,observed
2024-10-10,8,32.6,39.2,26.8,0.0,observed
2024-10-11,8,32.1,39.1,25.3,0.0,observed
2024-10-12,8,31.3,38.4,24.6,0.0,observed
2024-10-13,8,31.3,35.9,26.5,0.0,observed
2024-10-14,8,30.4,33.7,27.4,0.0,observed
2024-10-15,8,32.7,38.3,26.7,0.0,observed
2024-10-16,8,32.5,38.7,26.3,0.0,observed
2024-10-17,8,32.4,38.6,26.5,0.0,observed
2024-10-18,8,32.4,38.9,26.3,0.0,observed
2024-10-19,8,33.2,39.5,27.0,0.0,observed
2024-10-20,8,33.0,39.3,28.0,0.0,observed
2024-10-21,8,32.3,39.9,25.9,0.0,observed
2024-10-22,8,31.9,39.1,24.9,0.0,observed
2024-10-23,8,31.3,38.6,24.7,0.0,observed
2024-10-24,8,31.2,38.4,24.4,0.0,observed
2024-10-25,8,32.2,40.2,25.6,0.0,observed
2024-10-26,8,32.2,41.5,24.3,0.0,observed
2024-10-27,8,32.3,41.2,24.2,0.0,observed
2024-10-28,8,32.8,41.4,25.7,0.0,observed
2024-10-29,8,30.8,38.9,24.5,0.0,observed
2024-10-30,8,30.3,39.0,24.0,0.0,observed
2024-10-31,8,30.1,37.5,22.9,0.0,observed
2024-11-01,8,31.3,38.3,25.5,0.0,observed
2024-11-02,8,30.8,38.3,24.9,0.0,observed
2024-11-03,8,29.1,36.5,22.9,0.0,observed
2024-11-04,8,29.7,36.5,23.2,0.0,observed
2024-11-05,8,30.2,36.6,24.5,0.0,observed
2024-11-06,8,29.8,37.4,22.6,0.0,observed
2024-11-07,8,29.3,36.7,22.8,0.0,observed
2024-11-08,8,28.9,35.7,23.7,0.0,observed
2024-11-09,8,28.5,35.3,22.7,0.0,observed
2024-11-10,8,28.6,35.4,22.1,0.0,observed
2024-11-11,8,28.4,34.7,22.1,0.0,observed
2024-11-12,8,28.1,34.2,22.8,0.0,observed
2024-11-13,8,27.6,33.9,22.3,0.0,observed
2024-11-14,8,27.5,33.7,21.8,0.0,observed
2024-11-15,8,26.9,33.5,20.8,0.0,observed
2024-11-16,8,26.2,32.7,20.3,0.0,observed
2024-11-17,8,26.2,32.7,20.1,0.0,observed
2024-11-18,8,25.7,31.9,20.4,0.0,observed
2024-11-19,8,25.7,33.0,19.1,0.0,observed
2024-11-20,8,25.0,31.4,19.4,0.0,observed
2024-11-21,8,25.2,32.1,18.1,0.0,observed
2024-11-22,8,25.4,31.9,19.3,0.0,observed
2024-11-23,8,25.8,32.2,20.2,0.0,observed
2024-11-24,8,25.0,31.2,19.5,0.0,observed
2024-11-25,8,24.1,30.7,17.8,0.0,observed
2024-11-26,8,25.3,32.8,18.6,0.0,observed
2024-11-27,8,25.3,32.3,19.3,0.0,observed
2024-11-28,8,25.0,31.7,19.4,0.0,observed
2024-11-29,8,24.7,30.9,18.8,0.0,observed
2024-11-30,8,23.3,28.8,19.1,0.0,observed
2024-12-01,8,23.0,29.0,18.1,0.0,observed
2024-12-02,8,23.1,28.8,17.8,0.0,observed
2024-12-03,8,22.8,27.7,18.3,0.0,observed
2024-12-04,8,22.4,28.0,17.9,0.0,observed
2024-12-05,8,22.7,29.7,16.0,0.0,observed
2024-12-06,8,21.4,27.6,16.2,0.0,observed
2024-12-07,8,20.4,27.0,14.4,0.0,observed
2024-12-08,8,19.0,25.8,13.9,0.0,observed
2024-12-09,8,17.6,24.4,12.4,0.0,observed
2024-12-10,8,16.9,23.5,10.7,0.0,observed
2024-12-11,8,17.0,23.9,11.1,0.0,observed
2024-12-12,8,16.9,22.7,11.7,0.0,observed
2024-12-13,8,16.0,22.6,10.1,0.0,observed
2024-12-14,8,16.1,22.9,10.1,0.0,observed
2024-12-15,8,16.8,24.0,10.9,0.0,observed
2024-12-16,8,17.2,24.0,11.5,0.0,observed
2024-12-17,8,17.4,23.5,12.1,0.0,observed
2024-12-18,8,17.0,23.2,12.2,0.0,observed
2024-12-19,8,17.0,23.3,11.4,0.0,observed
2024-12-20,8,16.3,22.2,10.9,0.0,observed
2024-12-21,8,15.5,22.2,9.8,0.0,observed
2024-12-22,8,16.7,23.1,11.4,0.0,observed
2024-12-23,8,16.5,22.7,11.5,0.0,observed
2024-12-24,8,16.0,21.6,11.2,0.0,observed
2024-12-25,8,15.8,21.5,10.5,0.0,observed
2024-12-26,8,16.0,21.9,11.1,0.0,observed
2024-12-27,8,16.3,22.5,11.5,0.0,observed
2024-12-28,8,16.3,25.0,9.6,0.0,observed
2024-12-29,8,15.7,22.7,8.8,0.0,observed
2024-12-30,8,15.8,22.5,10.1,0.0,observed
2024-12-31,8,16.6,23.2,11.0,0.0,observed
2025-01-01,8,16.8,23.4,11.3,0.0,observed
2025-01-02,8,17.0,23.3,12.3,0.0,observed
2025-01-03,8,16.8,23.5,11.7,0.0,observed
2025-01-04,8,17.2,23.0,11.6,0.0,observed
2025-01-05,8,16.6,22.5,11.7,0.0,observed
2025-01-06,8,15.9,22.4,10.5,0.0,observed
2025-01-07,8,15.3,22.5,9.3,0.0,observed
2025-01-08,8,15.5,24.1,7.6,0.0,observed
2025-01-09,8,15.9,24.5,7.8,0.0,observed
2025-01-10,8,16.9,22.3,12.7,0.0,observed
2025-01-11,8,18.1,24.3,13.4,0.0,observed
2025-01-12,8,15.7,22.8,10.1,0.0,observed
2025-01-13,8,14.8,20.9,9.8,0.0,observed
2025-01-14,8,15.2,22.0,9.6,0.0,observed
2025-01-15,8,16.2,22.5,11.0,0.0,observed
2025-01-16,8,16.7,23.1,10.6,0.0,observed
2025-01-17,8,16.4,22.6,11.4,0.0,observed
2025-01-18,8,16.0,22.4,11.0,0.0,observed
2025-01-19,8,16.7,23.0,11.4,0.0,observed
2025-01-20,8,17.2,23.3,12.0,0.0,observed
2025-01-21,8,17.7,24.1,12.9,0.0,observed
2025-01-22,8,18.1,25.0,11.9,0.0,observed
2025-01-23,8,18.3,24.0,13.3,0.0,observed
2025-01-24,8,17.5,24.3,11.6,0.0,observed
2025-01-25,8,17.5,24.5,11.4,0.0,observed
2025-01-26,8,16.9,25.5,9.0,0.0,observed
2025-01-27,8,17.3,26.5,8.8,0.0,observed
2025-01-28,8,19.7,29.2,10.7,0.0,observed
2025-01-29,8,20.9,28.4,14.9,0.0,observed
2025-01-30,8,19.6,25.5,15.0,0.0,observed
2025-01-31,8,18.0,24.5,12.7,0.0,observed
2025-02-01,8,18.0,24.9,11.8,0.0,observed
2025-02-02,8,18.5,25.4,13.0,0.0,observed
2025-02-03,8,18.2,25.2,12.2,0.0,observed
2025-02-04,8,19.4,26.2,13.2,0.0,observed
2025-02-05,8,17.9,25.1,11.0,0.0,observed
2025-02-06,8,18.1,25.6,12.0,0.0,observed
2025-02-07,8,18.6,25.8,12.8,0.0,observed
2025-02-08,8,19.5,27.5,13.5,0.0,observed
2025-02-09,8,19.9,28.3,12.5,0.0,observed
2025-02-10,8,22.2,30.8,13.4,0.0,observed
2025-02-11,8,22.9,29.5,17.4,0.0,observed
2025-02-12,8,22.2,28.6,16.7,0.0,observed
2025-02-13,8,23.2,31.1,15.1,0.0,observed
2025-02-14,8,26.2,36.0,17.9,0.0,observed
2025-02-15,8,27.3,34.5,21.0,0.0,observed
2025-02-16,8,26.2,34.6,18.7,0.0,observed
2025-02-17,8,25.1,31.1,19.8,0.0,observed
2025-02-18,8,25.6,32.7,19.2,0.0,observed
2025-02-19,8,27.2,33.4,23.0,0.0,observed
2025-02-20,8,24.7,31.5,17.8,0.0,observed
2025-02-21,8,23.1,28.3,19.0,0.0,observed
2025-02-22,8,22.3,29.1,16.7,0.0,observed
2025-02-23,8,23.9,31.4,16.7,0.0,observed
2025-02-24,8,24.7,32.1,18.2,0.0,observed
2025-02-25,8,25.1,31.1,19.9,0.0,observed
2025-02-26,8,27.0,34.0,20.5,0.0,observed
2025-02-27,8,25.4,30.0,21.1,0.0,observed
2025-02-28,8,25.2,31.9,20.8,0.0,observed
2025-03-01,8,25.0,31.5,19.1,0.0,observed
2025-03-02,8,24.8,31.4,19.1,0.0,observed
2025-03-03,8,25.8,32.4,20.5,0.0,observed
2025-03-04,8,22.5,28.2,17.3,0.0,observed
2025-03-05,8,20.6,28.8,11.6,0.0,observed
2025-03-06,8,26.4,36.0,17.3,0.0,observed
2025-03-07,8,27.3,36.3,19.2,0.0,observed
2025-03-08,8,27.4,34.7,20.5,0.0,observed
2025-03-09,8,28.2,36.7,19.6,0.0,observed
2025-03-10,8,30.7,39.0,23.1,0.0,observed
2025-03-11,8,29.4,36.5,22.7,0.0,observed
2025-03-12,8,29.0,37.5,20.4,0.0,observed
2025-03-13,8,29.8,37.4,22.7,0.0,observed
2025-03-14,8,29.1,36.1,23.9,0.0,observed
2025-03-15,8,26.7,32.8,22.2,0.0,observed
2025-03-16,8,26.0,32.7,19.7,0.0,observed
2025-03-17,8,25.9,33.7,17.3,0.0,observed
2025-03-18,8,27.1,34.0,19.5,0.0,observed
2025-03-19,8,27.0,34.0,20.2,0.0,observed
2025-03-20,8,27.6,35.0,20.6,0.0,observed
2025-03-21,8,28.3,35.5,21.7,0.0,observed
2025-03-22,8,29.4,37.8,22.4,0.0,observed
2025-03-23,8,29.7,38.4,22.0,0.0,observed
2025-03-24,8,30.2,37.3,23.8,0.0,observed
2025-03-25,8,28.2,35.9,21.8,0.0,observed
2025-03-26,8,27.8,35.1,22.5,0.0,observed
2025-03-27,8,26.3,33.0,20.2,0.0,observed
2025-03-28,8,25.0,31.9,18.9,0.0,observed
2025-03-29,8,25.7,33.0,19.8,0.0,observed
2025-03-30,8,27.1,35.6,19.1,0.0,observed
2025-03-31,8,28.5,37.0,19.9,0.0,observed
2025-04-01,8,29.0,37.4,20.3,0.0,observed
2025-04-02,8,29.5,38.5,20.0,0.0,observed
2025-04-03,8,31.0,40.6,22.7,0.0,observed
2025-04-04,8,30.0,37.6,22.1,0.0,observed
2025-04-05,8,31.5,41.3,22.2,0.0,observed
2025-04-06,8,34.1,43.6,27.2,0.0,observed
2025-04-07,8,32.7,41.5,26.9,0.0,observed
2025-04-08,8,31.0,39.7,24.6,0.0,observed
2025-04-09,8,30.4,38.7,23.6,0.0,observed
2025-04-10,8,30.4,39.7,25.0,0.0,observed
2025-04-11,8,30.6,39.7,23.9,0.0,observed
2025-04-12,8,32.1,41.8,24.0,0.0,observed
2025-04-13,8,32.2,41.2,25.5,0.0,observed
2025-04-14,8,33.2,43.2,27.1,0.0,observed
2025-04-15,8,33.3,44.0,26.3,0.0,observed
2025-04-16,8,33.1,42.6,25.9,0.0,observed
2025-04-17,8,33.5,42.5,27.0,0.0,observed
2025-04-18,8,32.5,40.2,26.7,0.0,observed
2025-04-19,8,32.0,40.8,25.1,0.0,observed
2025-04-20,8,32.0,39.5,22.7,0.0,observed
2025-04-21,8,31.6,38.7,24.3,0.0,observed
2025-04-22,8,32.0,40.1,22.6,0.0,observed
2025-04-23,8,32.9,41.8,23.6,0.0,observed
2025-04-24,8,32.8,42.0,25.4,0.0,observed
2025-04-25,8,32.8,43.2,25.3,0.0,observed
2025-04-26,8,34.1,43.2,26.4,0.0,observed
2025-04-27,8,34.2,43.4,27.6,0.0,observed
2025-04-28,8,34.2,43.0,27.0,0.0,observed
2025-04-29,8,34.7,43.1,27.1,0.0,observed
2025-04-30,8,34.8,42.9,28.4,0.0,observed
2025-05-01,8,34.1,41.6,28.6,0.0,observed
2025-05-02,8,33.3,41.6,27.5,0.0,observed
2025-05-03,8,32.6,42.1,26.4,0.1,observed
2025-05-04,8,31.8,40.0,25.9,0.2,observed
2025-05-05,8,30.1,37.4,24.3,0.0,observed
2025-05-06,8,32.5,38.9,25.7,0.0,observed
2025-05-07,8,33.7,40.4,27.0,0.0,observed
2025-05-08,8,32.8,38.1,27.0,0.0,observed
2025-05-09,8,32.0,39.4,25.8,0.0,observed
2025-05-10,8,33.6,40.5,27.1,0.0,observed
2025-05-11,8,33.0,40.9,27.0,0.0,observed
2025-05-12,8,31.8,38.7,26.5,0.0,observed
2025-05-13,8,31.4,38.6,25.5,0.0,observed
2025-05-14,8,33.0,41.0,26.3,0.0,observed
2025-05-15,8,33.5,42.0,26.3,0.0,observed
2025-05-16,8,33.0,41.7,25.8,0.0,observed
2025-05-17,8,32.7,40.8,26.3,0.0,observed
2025-05-18,8,32.9,40.9,27.1,0.0,observed
2025-05-19,8,32.2,39.7,26.6,0.0,observed
2025-05-20,8,32.7,40.1,26.8,0.0,observed
2025-05-21,8,32.9,40.8,27.1,0.0,observed
2025-05-22,8,32.9,40.7,26.9,0.0,observed
2025-05-23,8,33.2,42.5,26.6,0.0,observed
2025-05-24,8,33.7,41.4,27.2,0.0,observed
2025-05-25,8,35.4,44.4,27.8,0.0,observed
2025-05-26,8,36.8,45.5,29.1,0.0,observed
2025-05-27,8,35.5,44.1,30.1,0.0,observed
2025-05-28,8,34.7,43.0,27.8,0.0,observed
2025-05-29,8,35.7,46.2,28.1,0.0,observed
2025-05-30,8,36.1,43.9,29.2,0.0,observed
2025-05-31,8,34.1,43.3,28.2,0.0,observed
2025-06-01,8,34.4,42.9,27.7,0.0,observed
2025-06-02,8,33.2,40.6,27.6,0.1,observed
2025-06-03,8,32.4,38.4,27.5,0.0,observed
2025-06-04,8,31.9,38.1,26.9,0.0,observed
2025-06-05,8,32.2,38.6,27.1,0.0,observed
2025-06-06,8,32.5,40.0,27.2,0.0,observed
2025-06-07,8,32.5,40.4,26.9,0.0,observed
2025-06-08,8,32.2,39.9,26.6,0.0,observed
2025-06-09,8,31.7,39.1,26.8,0.0,observed
2025-06-10,8,31.8,38.7,26.9,0.0,observed
2025-06-11,8,32.8,39.6,27.6,0.0,observed
2025-06-12,8,33.6,42.6,27.6,0.0,observed
2025-06-13,8,34.3,42.8,27.7,0.0,observed
2025-06-14,8,34.8,42.4,28.1,0.0,observed
2025-06-15,8,33.5,40.8,28.2,3.7,observed
2025-06-16,8,34.6,39.3,30.6,0.0,observed
2025-06-17,8,36.0,42.0,31.9,0.0,observed
2025-06-18,8,35.4,43.6,30.2,0.0,observed
2025-06-19,8,32.9,38.8,28.7,0.0,observed
2025-06-20,8,32.8,38.2,28.5,0.0,observed
2025-06-21,8,33.1,38.8,29.1,0.0,observed
2025-06-22,8,32.7,37.8,29.2,0.0,observed
2025-06-23,8,32.9,38.6,28.4,0.0,observed
2025-06-24,8,33.1,39.1,28.8,0.0,observed
2025-06-25,8,33.2,39.2,28.2,0.0,observed
2025-06-26,8,32.9,37.7,29.0,1.6,observed
2025-06-27,8,30.3,36.9,28.1,15.4,observed
2025-06-28,8,30.2,35.2,27.4,10.0,observed
2025-06-29,8,31.2,35.8,27.4,0.3,observed
2025-06-30,8,31.8,36.8,28.0,0.0,observed
2025-07-01,8,32.0,37.3,28.2,0.0,observed
2025-07-02,8,32.1,38.1,27.9,0.0,observed
2025-07-03,8,31.8,36.2,28.1,0.0,observed
2025-07-04,8,32.2,36.4,29.1,0.6,observed
2025-07-05,8,32.7,37.8,28.7,0.0,observed
2025-07-06,8,32.1,36.6,28.6,0.0,observed
2025-07-07,8,31.8,35.6,28.4,0.2,observed
2025-07-08,8,32.4,37.4,28.0,0.0,observed
2025-07-09,8,32.3,37.1,28.5,0.0,observed
2025-07-10,8,32.2,36.9,28.0,0.0,observed
2025-07-11,8,32.3,37.7,28.0,0.0,observed
2025-07-12,8,32.3,37.3,28.2,0.0,observed
2025-07-13,8,32.3,39.0,28.1,0.0,observed
2025-07-14,8,32.8,39.2,28.4,0.2,observed
2025-07-15,8,32.6,38.6,28.1,0.0,observed
2025-07-16,8,31.8,37.5,27.6,0.0,observed
2025-07-17,8,32.0,37.2,27.1,0.0,observed
2025-07-18,8,32.5,37.4,28.3,0.0,observed
2025-07-19,8,32.2,38.7,28.8,0.1,observed
2025-07-20,8,31.3,36.1,28.5,0.4,observed
2025-07-21,8,32.3,37.2,28.3,0.1,observed
2025-07-22,8,32.1,37.8,28.5,0.0,observed
2025-07-23,8,31.2,35.8,28.0,0.0,observed
2025-07-24,8,31.6,36.0,27.6,0.1,observed
2025-07-25,8,32.0,38.5,27.4,0.0,observed
2025-07-26,8,31.8,37.8,27.7,0.0,observed
2025-07-27,8,31.0,37.4,27.9,0.0,observed
2025-07-28,8,31.0,36.5,28.0,0.0,observed
2025-07-29,8,31.0,36.9,27.4,0.0,observed
2025-07-30,8,30.9,36.5,27.0,0.0,observed
2025-07-31,8,31.4,37.3,26.7,0.0,observed
2025-08-01,8,30.8,35.9,27.1,0.0,observed
2025-08-02,8,30.0,33.9,27.0,0.0,observed
2025-08-03,8,30.6,35.8,27.1,0.0,observed
2025-08-04,8,30.4,36.0,26.6,0.0,observed
2025-08-05,8,30.0,34.9,26.6,0.0,observed
2025-08-06,8,30.2,35.8,26.3,0.0,observed
2025-08-07,8,30.2,35.9,26.0,0.0,observed
2025-08-08,8,30.2,36.1,26.1,0.0,observed
2025-08-09,8,30.6,36.7,26.2,0.0,observed
2025-08-10,8,30.5,36.8,26.3,0.0,observed
2025-08-11,8,30.1,36.3,26.2,0.0,observed
2025-08-12,8,30.1,36.1,26.3,0.0,observed
2025-08-13,8,30.6,36.6,26.5,0.0,observed
2025-08-14,8,31.1,35.5,27.1,0.0,observed
2025-08-15,8,32.7,37.4,28.6,0.0,observed
2025-08-16,8,32.8,37.7,28.9,0.0,observed
2025-08-17,8,33.0,37.0,28.8,0.1,observed
2025-08-18,8,33.3,38.9,29.3,0.3,observed
2025-08-19,8,30.8,35.0,27.5,10.3,observed
2025-08-20,8,30.3,36.0,26.6,62.9,observed
2025-08-21,8,29.1,34.0,27.0,18.7,observed
2025-08-22,8,30.1,34.9,27.0,0.0,observed
2025-08-23,8,29.8,33.9,27.0,0.0,observed
2025-08-24,8,30.2,35.5,26.7,0.0,observed
2025-08-25,8,30.6,35.8,26.8,0.0,observed
2025-08-26,8,30.0,34.9,26.3,0.0,observed
2025-08-27,8,29.9,35.2,25.8,0.0,observed
2025-08-28,8,30.1,35.8,26.0,0.0,observed
2025-08-29,8,30.0,34.9,26.0,0.0,observed
2025-08-30,8,30.3,35.2,26.1,0.0,observed
2025-08-31,8,30.0,35.3,26.6,0.0,observed
2025-09-01,8,29.8,35.4,25.8,0.0,observed
2025-09-02,8,29.8,35.7,25.4,0.0,observed
2025-09-03,8,29.8,35.4,25.2,0.0,observed
2025-09-04,8,31.2,37.6,25.3,0.2,observed
2025-09-05,8,32.5,38.4,27.4,0.0,observed
2025-09-06,8,33.2,39.2,28.4,0.0,observed
2025-09-07,8,29.5,33.5,26.4,6.5,observed
2025-09-08,8,26.9,31.6,25.2,36.2,observed
2025-09-09,8,26.1,28.6,24.8,33.5,observed
2025-09-10,8,27.2,31.0,24.8,2.4,observed
2025-09-11,8,27.3,30.5,24.4,0.3,observed
2025-09-12,8,28.4,32.9,25.3,0.4,observed
2025-09-13,8,28.7,33.7,25.2,0.0,observed
2025-09-14,8,28.9,34.1,25.3,0.0,observed
2025-09-15,8,28.7,32.9,25.5,0.0,observed
2025-09-16,8,29.1,34.7,25.9,0.0,observed
2025-09-17,8,29.2,34.3,25.2,0.0,observed
2025-09-18,8,29.1,34.3,24.8,0.0,observed
2025-09-19,8,28.5,33.5,24.7,0.0,observed
2025-09-20,8,28.8,34.5,24.1,0.0,observed
2025-09-21,8,28.6,34.5,24.2,0.0,observed
2025-09-22,8,28.9,34.8,24.3,0.0,observed
2025-09-23,8,28.9,34.6,25.0,0.0,observed
2025-09-24,8,29.1,34.6,25.1,0.2,observed
2025-09-25,8,29.3,34.7,24.6,0.0,observed
2025-09-26,8,29.4,34.7,24.6,0.0,observed
2025-09-27,8,30.7,37.2,25.4,0.0,observed
2025-09-28,8,32.1,39.4,25.4,0.0,observed
2025-09-29,8,33.2,39.2,28.2,0.2,observed
2025-09-30,8,30.4,35.5,27.6,12.0,observed
2025-10-01,8,29.8,34.0,26.3,0.1,observed
2025-10-02,8,29.6,33.2,26.7,0.0,observed
2025-10-03,8,28.8,31.0,26.8,0.1,observed
2025-10-04,8,29.7,34.1,26.2,0.0,observed
2025-10-05,8,29.3,34.7,25.9,0.0,observed
2025-10-06,8,29.5,35.9,25.9,0.0,observed
2025-10-07,8,28.0,33.6,23.5,0.0,observed
2025-10-08,8,28.0,34.1,22.3,0.0,observed
2025-10-09,8,28.2,33.8,23.2,0.0,observed
2025-10-10,8,28.6,34.1,24.1,0.0,observed
2025-10-11,8,28.5,34.0,24.1,0.0,observed
2025-10-12,8,28.9,34.5,24.2,0.0,observed
2025-10-13,8,29.0,34.8,24.5,0.0,observed
2025-10-14,8,29.1,34.9,24.2,0.0,observed
2025-10-15,8,29.2,35.7,24.2,0.0,observed
2025-10-16,8,28.7,35.5,21.8,0.0,observed
2025-10-17,8,29.3,36.3,23.7,0.0,observed
2025-10-18,8,29.5,36.5,23.6,0.0,observed
2025-10-19,8,29.8,36.9,24.8,0.0,observed
2025-10-20,8,28.7,36.1,22.2,0.0,observed
2025-10-21,8,29.1,36.1,22.7,0.0,observed
2025-10-22,8,29.2,36.3,23.5,0.0,observed
2025-10-23,8,29.1,37.1,22.6,0.0,observed
2025-10-24,8,28.8,36.8,21.7,0.0,observed
2025-10-25,8,29.0,37.1,21.5,0.0,observed
2025-10-26,8,28.6,36.1,21.7,0.0,observed
2025-10-27,8,28.2,35.1,21.2,0.0,observed
2025-10-28,8,27.7,33.6,22.1,0.0,observed
2025-10-29,8,27.4,32.7,21.9,0.0,observed
2025-10-30,8,28.2,33.8,22.9,0.0,observed
2025-10-31,8,27.7,34.6,22.0,0.0,observed
2025-11-01,8,27.7,34.8,21.2,0.0,observed
2025-11-02,8,27.5,35.3,20.4,0.0,observed
2025-11-03,8,27.5,35.7,21.4,0.0,observed
2025-11-04,8,26.9,36.0,19.9,0.0,observed
2025-11-05,8,25.0,32.4,20.0,0.0,observed
2025-11-06,8,24.7,32.7,18.6,0.0,observed
2025-11-07,8,24.7,32.6,17.5,0.0,observed
2025-11-08,8,25.3,32.4,18.7,0.0,observed
2025-11-09,8,23.7,30.7,16.8,0.0,observed
2025-11-10,8,23.5,30.0,17.2,0.0,observed
2025-11-11,8,23.6,30.1,17.8,0.0,observed
2025-11-12,8,23.9,30.8,17.6,0.0,observed
2025-11-13,8,23.3,30.8,16.0,0.0,observed
2025-11-14,8,22.7,30.5,15.2,0.0,observed
2025-11-15,8,22.8,30.4,15.0,0.0,observed
2025-11-16,8,22.8,30.5,15.7,0.0,observed
2025-11-17,8,22.1,30.4,14.0,0.0,observed
2025-11-18,8,21.4,29.8,12.7,0.0,observed
2025-11-19,8,21.7,30.0,13.0,0.0,observed
2025-11-20,8,21.5,29.5,14.1,0.0,observed
2025-11-21,8,21.8,29.6,14.5,0.0,observed
2025-11-22,8,22.0,29.2,15.5,0.0,observed
2025-11-23,8,21.4,28.6,14.4,0.0,observed
2025-11-24,8,20.9,28.3,14.7,0.0,observed
2025-11-25,8,20.8,26.9,15.7,0.0,observed
2025-11-26,8,20.8,27.6,14.8,0.0,observed
2025-11-27,8,20.4,25.9,15.9,0.0,observed
2025-11-28,8,19.8,26.1,14.8,0.0,observed
2025-11-29,8,19.6,26.4,14.1,0.0,observed
2025-11-30,8,19.9,26.9,13.9,0.0,observed
2025-12-01,8,19.5,28.2,11.9,0.0,observed
2025-12-02,8,18.7,26.4,12.0,0.0,observed
2025-12-03,8,18.5,26.2,12.3,0.0,observed
2025-12-04,8,19.0,26.4,13.1,0.0,observed
2025-12-05,8,19.2,27.6,11.9,0.0,observed
2025-12-06,8,19.3,25.3,14.4,0.0,observed
2025-12-07,8,19.8,27.7,13.9,0.0,observed
2025-12-08,8,20.2,29.0,13.3,0.0,observed
2025-12-09,8,20.7,29.5,13.2,0.0,observed
2025-12-10,8,20.6,29.8,11.6,0.0,observed
2025-12-11,8,20.5,28.7,12.0,0.0,observed
2025-12-12,8,20.0,28.1,12.1,0.0,observed
2025-12-13,8,20.5,28.2,14.3,0.0,observed
2025-12-14,8,19.1,25.6,14.2,0.0,observed
2025-12-15,8,19.1,25.9,13.9,0.0,observed
2025-12-16,8,19.3,26.7,14.0,0.0,observed
2025-12-17,8,19.5,27.1,13.7,0.0,observed
2025-12-18,8,19.7,27.2,13.3,0.0,observed
2025-12-19,8,20.3,27.8,14.3,0.0,observed
2025-12-20,8,22.6,29.7,16.2,0.0,observed
2025-12-21,8,22.6,29.2,16.5,0.0,observed
2025-12-22,8,20.5,25.4,16.8,0.0,observed
2025-12-23,8,19.7,25.7,14.9,0.0,observed
2025-12-24,8,18.6,25.6,12.9,0.0,observed
2025-12-25,8,17.9,25.4,10.2,0.0,observed
2025-12-26,8,18.6,25.3,12.3,0.0,observed
2025-12-27,8,18.7,25.3,13.8,0.0,observed
2025-12-28,8,19.0,25.7,14.0,0.0,observed
2025-12-29,8,18.6,25.5,13.2,0.0,observed
2025-12-30,8,19.5,26.5,12.6,0.0,observed
2025-12-31,8,19.1,24.1,16.0,6.0,observed
2026-01-01,8,17.6,23.4,13.1,0.0,observed
2026-01-02,8,16.7,22.8,11.8,0.0,observed
2026-01-03,8,16.4,23.1,10.4,0.0,observed
2026-01-04,8,17.1,23.9,11.1,0.0,observed
2026-01-05,8,17.5,23.7,12.3,0.0,observed
2026-01-06,8,17.2,23.4,12.0,0.0,observed
2026-01-07,8,16.0,22.2,11.2,0.0,observed
2026-01-08,8,14.4,20.3,9.7,0.0,observed
2026-01-09,8,14.3,21.1,9.0,0.0,observed
2026-01-10,8,13.7,20.3,8.4,0.0,observed
2026-01-11,8,13.4,20.7,7.3,0.0,observed
2026-01-12,8,13.7,21.1,7.7,0.0,observed
2026-01-13,8,14.1,20.8,8.7,0.0,observed
2026-01-14,8,16.3,24.1,9.2,0.0,observed
2026-01-15,8,19.3,26.3,13.1,0.0,observed
2026-01-16,8,19.9,27.0,13.3,0.0,observed
2026-01-17,8,19.8,25.6,14.8,0.0,observed
2026-01-18,8,19.1,24.8,14.6,0.0,observed
2026-01-19,8,18.9,26.1,12.6,0.0,observed
2026-01-20,8,19.3,26.0,13.0,0.0,observed
2026-01-21,8,19.2,25.8,13.2,0.0,observed
2026-01-22,8,18.7,25.5,13.7,0.2,observed
2026-01-23,8,13.8,19.8,8.2,0.0,observed
2026-01-24,8,12.9,19.6,7.3,0.0,observed
2026-01-25,8,13.5,19.6,8.3,0.0,observed
2026-01-26,8,14.1,19.4,10.1,0.5,observed
2026-01-27,8,16.4,22.1,11.8,0.0,observed
2026-01-28,8,16.5,23.6,9.8,0.0,observed
2026-01-29,8,16.8,23.4,10.9,0.0,observed
2026-01-30,8,17.3,23.8,12.1,0.0,observed
2026-01-31,8,18.2,25.0,12.7,0.0,observed
2026-02-01,8,19.5,26.8,13.3,0.0,observed
2026-02-02,8,19.8,26.7,14.0,0.0,observed
2026-02-03,8,20.4,27.9,13.7,0.0,observed
2026-02-04,8,20.6,28.4,14.1,0.0,observed
2026-02-05,8,20.5,27.9,14.6,0.0,observed
2026-02-06,8,20.9,29.0,14.5,0.0,observed
2026-02-07,8,21.4,28.8,15.1,0.0,observed
2026-02-08,8,21.9,29.7,14.2,0.0,observed
2026-02-09,8,22.6,29.4,15.7,0.0,observed
2026-02-10,8,22.7,27.7,18.2,0.0,observed
2026-02-11,8,21.9,28.1,16.5,0.0,observed
2026-02-12,8,21.9,29.1,16.0,0.0,observed
2026-02-13,8,23.1,31.2,14.9,0.0,observed
2026-02-14,8,24.3,32.2,16.0,0.0,observed
2026-02-15,8,24.1,32.5,15.7,0.0,observed
2026-02-16,8,22.9,29.6,18.1,0.0,observed
2026-02-17,8,21.7,27.1,16.7,0.6,observed
2026-02-18,8,22.2,28.3,16.4,0.0,observed
2026-02-19,8,23.6,29.6,17.8,0.0,observed
2026-02-20,8,23.9,30.5,17.8,0.0,observed
2026-02-21,8,24.4,31.3,18.1,0.0,observed
2026-02-22,8,25.4,32.7,19.5,0.0,observed
2026-02-23,8,24.7,32.6,17.9,0.0,observed
2026-02-24,8,25.5,33.5,18.2,0.0,observed
2026-02-25,8,26.5,34.3,19.1,0.0,observed
2026-02-26,8,27.1,34.4,19.5,0.0,observed
2026-02-27,8,27.3,33.5,22.5,0.0,observed
2026-02-28,8,26.2,33.6,19.7,0.0,observed
2026-03-01,8,26.5,33.6,19.5,0.0,observed
2026-03-02,8,26.9,34.4,19.7,0.0,observed
2026-03-03,8,27.6,35.0,20.2,0.0,observed
2026-03-04,8,26.5,34.3,19.1,0.0,observed
2026-03-05,8,26.2,35.3,19.2,0.0,observed
2026-03-06,8,27.2,37.0,20.0,0.0,observed
2026-03-07,8,27.3,36.9,20.8,0.0,observed
2026-03-08,8,27.6,36.9,19.3,0.0,observed
2026-03-09,8,28.4,37.6,19.9,0.0,observed
2026-03-10,8,29.1,37.5,22.3,0.0,observed
2026-03-11,8,28.0,36.8,19.9,0.0,observed
2026-03-12,8,29.2,36.7,21.9,0.0,observed
2026-03-13,8,29.5,36.3,22.2,0.0,observed
2026-03-14,8,29.3,37.1,21.6,0.0,observed
2026-03-15,8,29.9,36.9,23.9,0.0,observed
2026-03-16,8,29.6,37.3,22.1,0.0,observed
2026-03-17,8,28.2,34.4,22.0,0.0,observed
2026-03-18,8,25.8,32.2,21.0,7.2,observed
2026-03-19,8,22.0,26.6,18.2,0.9,observed
2026-03-20,8,23.7,30.4,16.9,0.0,observed
2026-03-21,8,25.6,30.9,21.4,0.4,observed
2026-03-22,8,26.3,31.7,21.2,0.0,observed
2026-03-23,8,27.6,34.1,22.0,0.0,observed
2026-03-24,8,28.3,34.5,23.2,0.0,observed
2026-03-25,8,28.5,34.6,24.5,0.0,observed
2026-03-26,8,27.9,34.3,23.2,0.3,observed
2026-03-27,8,28.1,34.9,22.6,0.0,observed
2026-03-28,8,28.5,35.3,24.1,0.0,observed
2026-03-29,8,27.9,33.5,23.6,0.0,observed
2026-03-30,8,26.9,32.9,22.6,0.0,observed
2026-03-31,8,25.8,31.7,20.5,0.0,observed
2026-04-01,8,27.2,34.0,21.3,0.0,observed
2026-04-02,8,22.8,26.4,18.9,2.1,observed
2026-04-03,8,22.8,29.2,17.2,2.0,observed
2026-04-04,8,25.1,32.6,19.3,0.0,observed
2026-04-05,8,25.9,33.2,20.6,0.0,observed
2026-04-06,8,26.2,31.4,21.4,0.4,observed
2026-04-07,8,28.2,34.5,24.3,0.0,observed
2026-04-08,8,28.1,35.4,21.4,0.0,observed
2026-04-09,8,29.0,36.4,22.0,0.0,observed
2026-04-10,8,30.4,36.7,23.4,0.0,observed
2026-04-11,8,31.2,38.4,24.5,0.0,observed
2026-04-12,8,31.9,39.0,24.6,0.0,observed
2026-04-13,8,32.1,40.0,25.4,0.0,observed
2026-04-14,8,32.6,40.2,25.8,0.0,observed
2026-04-15,8,33.2,41.5,25.2,0.0,observed
2026-04-16,8,31.5,39.1,25.8,0.0,observed
2026-04-17,8,32.0,41.5,24.3,0.0,observed
2026-04-18,8,30.3,37.9,24.1,0.0,observed
2026-04-19,8,30.2,38.8,22.4,0.0,observed
2026-04-20,8,32.2,40.3,25.4,0.0,observed
2026-04-21,8,31.0,38.9,25.4,0.0,observed
2026-04-22,8,30.5,39.0,23.8,0.0,observed
2026-04-23,8,31.2,39.1,25.2,0.0,observed
2026-04-24,8,31.7,39.7,26.3,0.6,observed
2026-04-25,8,33.4,43.1,25.5,0.0,observed
2026-04-26,8,34.9,44.5,26.9,0.0,observed
2026-04-27,8,32.9,40.6,26.9,0.0,observed
2026-04-28,8,32.3,40.4,27.1,0.0,observed
2026-04-29,8,33.7,44.0,26.2,0.0,observed
2026-04-30,8,33.0,41.9,26.4,0.0,observed
2026-05-01,8,35.0,45.2,26.9,0.0,observed
2026-05-02,8,35.5,45.1,28.4,0.0,observed
2026-05-03,8,35.9,44.0,27.5,0.0,observed
2026-05-04,8,35.5,42.4,29.0,0.0,observed
2026-05-05,8,34.5,42.6,27.0,0.0,observed
2026-05-06,8,33.5,42.4,25.1,0.0,observed
2026-05-07,8,31.5,39.2,26.2,0.0,observed
2026-05-08,8,32.0,40.0,26.0,0.0,observed
2026-05-09,8,32.6,41.2,26.1,0.0,observed
2026-05-10,8,32.8,41.3,25.9,0.0,observed
2026-05-11,8,32.7,40.4,25.9,0.0,observed
2026-05-12,8,33.4,41.1,26.7,0.1,observed
2026-05-13,8,34.7,42.9,28.1,0.0,observed
2026-05-14,8,33.6,40.1,28.3,0.0,observed
2026-05-15,8,32.1,38.1,27.3,0.0,observed
2026-05-16,8,32.8,40.7,27.1,0.0,observed
2026-05-17,8,32.9,40.8,26.7,0.0,observed
2026-05-18,8,31.4,39.0,25.6,0.0,observed
2026-05-19,8,32.6,40.4,27.1,0.0,observed
2026-05-20,8,32.7,39.9,27.6,0.0,observed
2026-05-21,8,31.9,38.8,27.2,0.0,observed
2026-05-22,8,32.9,41.1,27.1,0.0,observed
2026-05-23,8,32.6,40.3,27.5,0.0,observed
2026-05-24,8,31.7,39.2,26.5,0.0,observed
2026-05-25,8,33.1,41.7,27.8,0.0,observed
2026-05-26,8,33.5,43.0,27.5,0.0,observed
2026-05-27,8,32.8,41.0,27.4,0.0,observed
2026-05-28,8,33.4,42.3,28.1,0.0,observed
2026-05-29,8,34.4,46.3,28.6,0.0,observed
2026-05-30,8,33.6,40.8,28.4,0.0,observed
2026-05-31,8,32.9,38.9,28.7,0.0,observed
2026-06-01,8,33.0,39.4,28.3,0.0,observed
2026-06-02,8,33.7,39.6,28.3,0.1,observed
2026-06-03,8,32.9,40.1,27.9,0.0,observed
2026-06-04,8,32.7,39.6,28.4,0.0,observed
2026-06-05,8,33.7,41.8,28.3,0.0,observed
2026-06-06,8,32.9,39.9,27.9,0.0,observed
2026-06-07,8,33.4,41.5,28.2,0.0,observed
2026-06-08,8,33.5,41.3,28.4,0.0,observed
2026-06-09,8,33.8,41.9,28.8,0.0,observed
2026-06-10,8,34.4,42.8,28.9,0.0,observed
2026-06-11,8,36.4,46.6,29.0,0.0,observed
2026-06-12,8,35.2,43.7,29.8,0.3,observed
2026-06-13,8,33.4,40.0,28.8,0.0,observed
2026-06-14,8,32.5,38.0,28.6,0.0,observed
2026-06-15,8,32.3,37.9,28.1,0.0,observed
2026-06-16,8,32.4,37.9,28.6,0.0,observed
2026-06-17,8,32.5,37.7,28.7,0.0,observed
2026-06-18,8,32.4,37.6,28.5,0.0,observed
2026-06-19,8,32.4,38.4,28.6,0.0,observed
2026-06-20,8,32.5,38.7,28.6,0.0,observed
2026-06-21,8,32.1,38.0,28.4,0.0,observed
2026-06-22,8,32.3,38.1,28.4,0.0,observed
2026-06-23,8,32.4,38.6,28.5,0.0,observed
2026-06-24,8,32.0,37.7,28.5,0.0,observed
2026-06-25,8,32.6,38.5,28.4,0.0,observed
2026-06-26,8,33.0,39.1,28.6,0.0,observed
2026-06-27,8,33.0,39.0,28.5,0.0,observed
2026-06-28,8,32.3,38.5,28.5,0.0,observed
2026-06-29,8,31.9,37.4,28.2,0.0,observed
2026-06-30,8,31.7,36.7,28.2,0.0,observed
2026-07-01,8,32.4,38.5,28.3,0.0,observed
2026-07-02,8,32.8,39.1,28.8,0.0,observed
2026-07-03,8,33.2,39.6,28.5,0.0,observed
2026-07-04,8,33.3,39.4,29.0,0.0,observed
2026-07-05,8,33.7,40.2,28.6,0.0,observed
2026-07-06,8,33.8,40.7,28.5,0.0,observed
2026-07-07,8,33.5,39.9,28.3,0.0,observed
2026-07-08,8,32.7,38.8,29.2,0.0,observed
2026-07-09,8,32.0,38.2,28.1,0.0,observed
2026-07-10,8,31.8,37.5,28.1,0.0,observed
2026-07-11,8,31.4,37.4,27.9,0.0,observed
2026-07-12,8,31.9,37.2,28.3,0.0,observed
2026-07-13,8,31.9,37.8,28.5,0.0,observed
2026-07-14,8,31.4,36.9,27.6,0.0,observed
2026-07-15,8,31.6,36.8,27.6,0.0,observed
2026-07-16,8,31.7,38.2,27.4,0.0,observed
2026-07-17,8,31.3,37.3,27.6,0.0,observed
2026-07-18,8,31.1,36.9,27.5,0.0,observed
2026-07-19,8,31.2,36.7,27.8,0.0,observed
2026-07-20,8,30.8,34.5,27.5,0.1,observed
2026-07-21,8,31.0,34.5,28.0,0.0,observed
2026-07-22,8,32.4,38.1,27.9,0.0,observed
2026-07-23,8,33.4,38.4,28.8,0.4,observed
2026-07-24,8,32.4,36.6,29.4,0.6,observed
2026-07-25,8,31.0,34.5,28.8,1.1,observed
2026-07-26,8,32.3,37.1,28.2,0.1,observed
2026-07-27,8,32.2,37.8,28.7,0.0,observed
2026-07-28,8,31.3,36.7,27.7,0.0,observed
2026-07-29,8,31.7,37.8,27.7,0.0,observed
2026-07-30,8,32.4,38.0,27.2,0.0,observed
2026-07-31,8,33.6,39.0,28.3,0.0,observed
2026-08-01,8,33.0,38.9,29.5,3.9,observed
2026-08-02,8,27.7,29.2,26.1,17.1,observed
2026-08-03,8,29.6,34.3,27.2,0.0,observed
2026-08-04,8,30.1,35.2,26.1,0.0,observed
2026-08-05,8,30.0,35.2,26.8,0.0,observed
2026-08-06,8,30.2,36.1,26.7,0.0,observed
2026-08-07,8,30.5,36.6,26.2,0.0,observed
2026-08-08,8,30.9,36.5,26.9,0.0,observed
2026-08-09,8,30.9,36.3,26.8,0.0,observed
2026-08-10,8,30.9,36.9,27.3,0.0,observed
2026-08-11,8,30.5,36.3,26.8,0.0,observed
2026-08-12,8,30.1,34.1,26.5,0.0,observed
2026-08-13,8,30.5,36.0,27.1,0.0,observed
2026-08-14,8,29.9,35.2,26.4,0.0,observed
2026-08-15,8,30.4,35.9,26.5,0.0,observed
2026-08-16,8,30.2,36.1,26.7,0.0,observed
2026-08-17,8,29.8,35.3,26.2,0.0,observed
2026-08-18,8,29.9,35.7,26.4,0.0,observed
2026-08-19,8,30.1,36.0,26.3,0.0,observed
2026-08-20,8,30.1,36.2,26.5,0.0,observed
2026-08-21,8,30.2,36.4,26.4,0.0,observed
2026-08-22,8,30.0,35.4,26.3,0.0,observed
2026-08-23,8,30.1,35.9,26.2,0.1,observed
2026-08-24,8,31.2,37.4,26.5,0.0,observed
2026-08-25,8,30.6,36.4,26.6,0.0,observed
2026-08-26,8,30.0,36.4,26.1,0.0,observed
2026-08-27,8,29.6,35.7,25.9,0.0,observed
2026-08-28,8,29.5,36.1,25.6,0.0,observed
2026-08-29,8,29.5,35.1,26.0,0.0,observed
2026-08-30,8,29.4,34.7,25.9,0.0,observed
2026-08-31,8,29.2,35.0,25.6,0.0,observed
2026-09-01,8,29.3,34.8,25.5,0.0,observed
2026-09-02,8,29.5,35.3,25.5,0.0,observed
2026-09-03,8,29.3,35.4,25.5,0.0,observed
2026-09-04,8,29.7,36.1,25.8,0.0,observed
2026-09-05,8,30.2,36.0,26.1,0.0,observed
2026-09-06,8,30.0,36.2,26.2,0.0,observed
2026-09-07,8,29.8,36.0,25.7,0.0,observed
2026-09-08,8,30.0,35.9,25.8,0.0,observed
2026-09-09,8,30.0,35.5,25.3,0.0,observed
2026-09-10,8,30.1,35.5,25.1,0.0,observed
2026-09-11,8,30.6,36.5,24.9,0.0,observed
2026-09-12,8,32.7,40.1,26.6,0.0,observed
2026-09-13,8,35.1,41.0,28.9,0.0,observed
2026-09-14,8,33.7,40.6,29.2,1.3,observed
2026-09-15,8,31.3,36.3,28.4,0.3,observed
2026-09-16,8,31.3,35.5,28.3,0.2,observed
2026-09-17,8,31.2,35.9,27.5,0.0,observed
2026-09-18,8,31.0,36.5,26.4,2.0,observed
2026-09-19,8,31.4,37.2,26.4,0.0,observed
2026-09-20,8,32.8,39.0,26.7,0.0,observed
2026-09-21,8,34.3,40.8,28.3,0.0,observed
2026-09-22,8,35.0,40.8,30.3,0.0,observed
2026-09-23,8,34.0,41.0,29.1,0.0,observed
2026-09-24,8,31.6,38.4,26.9,0.0,observed
2026-09-25,8,30.6,37.2,26.1,0.0,observed
2026-09-26,8,30.3,36.5,26.4,0.0,observed
2026-09-27,8,29.6,36.2,25.8,0.0,observed
2026-09-28,8,29.3,34.9,25.3,0.0,observed
2026-09-29,8,29.7,35.0,25.0,0.0,observed
2026-09-30,8,29.2,35.2,24.4,0.0,observed
2026-10-01,8,29.4,36.1,24.1,0.0,observed
2026-10-02,8,29.9,37.4,24.2,0.0,observed
2026-10-03,8,30.2,37.0,25.0,0.0,observed
2026-10-04,8,30.2,37.3,26.1,0.0,observed
2026-10-05,8,29.2,35.0,25.0,0.0,forecast
2026-10-06,8,29.7,35.6,25.2,0.0,forecast
2026-10-07,8,30.0,35.2,25.7,0.0,forecast
2026-10-08,8,28.8,35.4,23.8,0.0,forecast
2026-10-09,8,28.9,35.0,24.8,0.0,forecast
2026-10-10,8,29.3,35.1,25.5,0.0,forecast
2026-10-11,8,29.8,35.1,24.7,0.0,forecast
2026-10-12,8,31.1,37.0,24.8,0.0,forecast
2026-10-13,8,32.9,38.7,26.0,0.0,forecast
2026-10-14,8,33.8,39.3,27.9,0.0,forecast
2026-10-15,8,34.1,39.8,27.6,0.0,forecast
2026-10-16,8,34.4,39.4,28.3,0.0,forecast
2026-10-17,8,34.4,39.3,28.8,0.0,forecast
2026-10-18,8,33.7,38.8,27.2,0.0,forecast
2026-10-19,8,32.1,38.1,27.2,0.0,forecast
2026-10-20,8,29.9,36.0,26.1,0.0,forecast
