date,cell,tmean,tmax,tmin,precip,kind
2025-01-01,0,12.8,18.0,8.1,0.0,observed
2025-01-02,0,12.8,18.9,7.7,0.0,observed
2025-01-03,0,11.3,17.1,6.0,0.0,observed
2025-01-04,0,10.8,16.0,5.5,0.0,observed
2025-01-05,0,12.0,16.3,7.4,0.2,observed
2025-01-06,0,13.4,17.8,10.2,0.3,observed
2025-01-07,0,12.0,14.7,10.0,2.9,observed
2025-01-08,0,12.4,17.3,8.6,0.0,observed
2025-01-09,0,12.7,18.7,8.1,0.0,observed
2025-01-10,0,13.1,19.1,8.0,0.0,observed
2025-01-11,0,11.9,15.4,9.5,0.5,observed
2025-01-12,0,11.2,15.0,8.6,0.0,observed
2025-01-13,0,11.4,16.8,6.5,0.0,observed
2025-01-14,0,12.1,17.4,8.2,0.0,observed
2025-01-15,0,12.7,17.7,8.1,0.0,observed
2025-01-16,0,14.4,19.4,11.2,0.0,observed
2025-01-17,0,13.3,18.3,9.1,0.0,observed
2025-01-18,0,12.5,17.9,8.3,0.0,observed
2025-01-19,0,11.7,16.1,7.8,0.0,observed
2025-01-20,0,12.0,17.8,7.2,0.0,observed
2025-01-21,0,11.2,16.9,6.2,0.0,observed
2025-01-22,0,10.8,16.1,5.4,0.0,observed
2025-01-23,0,12.8,17.7,8.8,0.0,observed
2025-01-24,0,14.4,19.2,10.8,0.0,observed
2025-01-25,0,14.2,19.5,9.2,0.0,observed
2025-01-26,0,14.2,19.3,9.4,0.0,observed
2025-01-27,0,14.2,18.8,9.6,0.0,observed
2025-01-28,0,13.3,19.0,7.8,0.0,observed
2025-01-29,0,13.5,19.0,8.1,0.0,observed
2025-01-30,0,13.8,19.7,8.4,0.0,observed
2025-01-31,0,13.4,19.3,8.1,0.0,observed
2025-02-01,0,13.1,19.2,6.5,0.0,observed
2025-02-02,0,13.3,19.6,7.5,0.0,observed
2025-02-03,0,13.2,18.9,6.8,0.0,observed
2025-02-04,0,15.4,21.9,9.4,0.0,observed
2025-02-05,0,17.7,22.8,13.9,0.0,observed
2025-02-06,0,13.2,16.6,10.3,3.4,observed
2025-02-07,0,11.0,14.2,8.0,0.0,observed
2025-02-08,0,9.3,12.8,7.4,0.1,observed
2025-02-09,0,8.6,13.5,3.7,0.0,observed
2025-02-10,0,10.1,14.9,5.6,0.0,observed
2025-02-11,0,12.0,18.2,6.4,0.0,observed
2025-02-12,0,13.9,21.1,7.5,0.0,observed
2025-02-13,0,14.7,20.0,9.6,0.0,observed
2025-02-14,0,13.8,16.5,10.5,0.0,observed
2025-02-15,0,12.7,17.3,7.6,0.0,observed
2025-02-16,0,10.7,14.0,6.6,0.2,observed
2025-02-17,0,12.6,17.9,7.4,0.0,observed
2025-02-18,0,14.0,19.4,8.0,0.0,observed
2025-02-19,0,15.9,21.0,9.6,0.0,observed
2025-02-20,0,14.9,17.9,12.3,0.1,observed
2025-02-21,0,14.1,17.7,10.4,0.0,observed
2025-02-22,0,11.0,13.0,8.8,0.2,observed
2025-02-23,0,7.7,10.7,5.4,0.0,observed
2025-02-24,0,6.3,9.7,3.7,0.0,observed
2025-02-25,0,6.4,10.9,1.6,0.0,observed
2025-02-26,0,8.0,13.7,2.0,0.0,observed
2025-02-27,0,9.7,15.1,4.2,0.0,observed
2025-02-28,0,10.4,15.7,4.3,0.0,observed
2025-03-01,0,12.3,17.7,5.9,0.0,observed
2025-03-02,0,14.0,18.6,8.5,0.0,observed
2025-03-03,0,14.9,20.0,8.9,0.0,observed
2025-03-04,0,17.1,22.3,11.5,0.0,observed
2025-03-05,0,14.6,17.7,12.3,5.5,observed
2025-03-06,0,16.9,22.9,11.6,0.2,observed
2025-03-07,0,17.5,21.5,15.1,28.8,observed
2025-03-08,0,16.3,18.9,14.8,1.1,observed
2025-03-09,0,15.0,18.0,12.9,5.4,observed
2025-03-10,0,15.7,20.2,11.7,3.3,observed
2025-03-11,0,16.8,21.1,11.8,0.5,observed
2025-03-12,0,18.1,23.5,13.6,0.0,observed
2025-03-13,0,19.4,26.0,14.5,0.0,observed
2025-03-14,0,19.7,26.4,14.8,0.0,observed
2025-03-15,0,20.9,27.4,15.5,0.0,observed
2025-03-16,0,23.9,31.3,16.7,0.0,observed
2025-03-17,0,25.1,31.5,17.8,0.0,observed
2025-03-18,0,24.9,31.1,18.5,0.0,observed
2025-03-19,0,25.5,32.6,19.9,0.0,observed
2025-03-20,0,22.5,26.3,19.9,0.0,observed
2025-03-21,0,17.8,20.8,15.7,4.4,observed
2025-03-22,0,16.5,21.0,11.8,0.0,observed
2025-03-23,0,16.2,20.6,11.6,0.0,observed
2025-03-24,0,16.8,21.0,11.7,0.0,observed
2025-03-25,0,19.1,25.3,12.3,0.0,observed
2025-03-26,0,21.4,27.8,14.3,0.0,observed
2025-03-27,0,23.7,29.6,16.6,0.0,observed
2025-03-28,0,25.3,30.8,19.2,0.0,observed
2025-03-29,0,26.4,31.9,20.0,0.0,observed
2025-03-30,0,26.2,31.3,22.4,0.5,observed
2025-03-31,0,24.5,29.2,19.6,1.9,observed
2025-04-01,0,26.2,32.0,19.7,0.0,observed
2025-04-02,0,29.4,35.3,24.0,0.1,observed
2025-04-03,0,26.4,31.6,21.0,0.0,observed
2025-04-04,0,24.3,30.3,21.2,6.5,observed
2025-04-05,0,24.5,29.9,19.9,2.2,observed
2025-04-06,0,25.2,31.0,19.0,0.0,observed
2025-04-07,0,27.2,32.9,21.0,0.0,observed
2025-04-08,0,29.6,36.5,22.9,0.0,observed
2025-04-09,0,32.2,39.3,24.4,0.0,observed
2025-04-10,0,27.1,32.3,21.4,0.1,observed
2025-04-11,0,21.6,26.1,17.0,0.0,observed
2025-04-12,0,21.1,25.6,18.1,0.0,observed
2025-04-13,0,23.1,28.1,16.6,0.0,observed
2025-04-14,0,22.0,27.4,18.1,2.2,observed
2025-04-15,0,18.3,21.6,15.6,0.2,observed
2025-04-16,0,16.8,21.8,11.5,0.0,observed
2025-04-17,0,19.3,25.1,13.3,0.0,observed
2025-04-18,0,22.3,28.5,15.5,0.0,observed
2025-04-19,0,24.2,31.1,17.4,0.0,observed
2025-04-20,0,26.6,32.8,19.5,0.0,observed
2025-04-21,0,29.3,34.7,22.8,0.0,observed
2025-04-22,0,31.1,36.7,24.8,0.0,observed
2025-04-23,0,33.1,39.2,26.0,0.0,observed
2025-04-24,0,34.5,40.2,28.3,0.0,observed
2025-04-25,0,33.7,38.7,29.5,0.0,observed
2025-04-26,0,31.8,35.7,26.9,0.4,observed
2025-04-27,0,30.1,35.1,24.7,0.0,observed
2025-04-28,0,28.7,33.6,23.9,0.0,observed
2025-04-29,0,31.8,37.8,25.6,0.0,observed
2025-04-30,0,33.8,39.4,27.3,0.0,observed
2025-05-01,0,33.7,40.8,26.6,0.0,observed
2025-05-02,0,34.9,41.0,28.0,0.0,observed
2025-05-03,0,33.6,40.2,27.9,0.0,observed
2025-05-04,0,34.1,41.4,27.7,0.0,observed
2025-05-05,0,28.8,33.1,24.8,0.0,observed
2025-05-06,0,26.2,30.3,20.5,0.0,observed
2025-05-07,0,29.0,33.9,22.9,0.0,observed
2025-05-08,0,30.4,35.8,23.9,0.0,observed
2025-05-09,0,32.8,38.5,25.7,0.0,observed
2025-05-10,0,33.5,38.7,26.6,0.0,observed
2025-05-11,0,35.3,41.3,27.4,0.0,observed
2025-05-12,0,36.3,43.0,30.7,0.0,observed
2025-05-13,0,33.2,38.6,30.0,0.0,observed
2025-05-14,0,32.5,36.4,27.0,0.0,observed
2025-05-15,0,29.6,32.3,26.3,0.1,observed
2025-05-16,0,30.2,35.6,24.3,0.0,observed
2025-05-17,0,31.6,37.6,24.1,0.0,observed
2025-05-18,0,36.1,43.2,28.5,0.0,observed
2025-05-19,0,36.3,42.1,29.0,0.0,observed
2025-05-20,0,35.1,41.5,27.7,0.0,observed
2025-05-21,0,36.0,43.2,27.5,0.0,observed
2025-05-22,0,36.9,43.6,29.6,0.0,observed
2025-05-23,0,38.2,45.5,29.3,0.0,observed
2025-05-24,0,38.8,43.8,34.7,0.0,observed
2025-05-25,0,35.8,40.5,29.5,0.0,observed
2025-05-26,0,36.9,43.6,28.9,0.0,observed
2025-05-27,0,38.4,44.3,31.3,0.0,observed
2025-05-28,0,36.5,41.6,31.6,0.0,observed
2025-05-29,0,32.9,37.3,28.0,0.0,observed
2025-05-30,0,31.9,36.6,26.9,0.0,observed
2025-05-31,0,32.9,39.1,25.2,0.0,observed
2025-06-01,0,35.4,42.7,26.8,0.0,observed
2025-06-02,0,33.6,38.5,28.0,0.0,observed
2025-06-03,0,31.1,34.8,26.8,0.0,observed
2025-06-04,0,31.7,35.9,26.4,0.0,observed
2025-06-05,0,33.1,38.7,26.5,0.0,observed
2025-06-06,0,34.6,40.3,27.5,0.0,observed
2025-06-07,0,35.8,41.0,28.4,0.0,observed
2025-06-08,0,36.3,42.2,28.4,0.0,observed
2025-06-09,0,37.3,43.8,28.8,0.0,observed
2025-06-10,0,39.3,44.3,32.4,0.0,observed
2025-06-11,0,38.9,44.6,31.5,0.0,observed
2025-06-12,0,39.9,46.1,32.4,0.0,observed
2025-06-13,0,41.0,47.6,32.9,0.0,observed
2025-06-14,0,41.0,47.7,32.8,0.0,observed
2025-06-15,0,41.2,48.0,33.6,0.0,observed
2025-06-16,0,38.0,42.8,32.9,0.0,observed
2025-06-17,0,35.6,40.7,29.7,0.0,observed
2025-06-18,0,34.4,39.6,27.5,0.0,observed
2025-06-19,0,35.2,41.6,27.3,0.0,observed
2025-06-20,0,37.5,43.8,30.9,0.0,observed
2025-06-21,0,36.8,42.4,29.3,0.0,observed
2025-06-22,0,37.2,42.9,29.9,0.0,observed
2025-06-23,0,37.6,43.5,30.0,0.0,observed
2025-06-24,0,37.5,43.1,31.9,0.0,observed
2025-06-25,0,38.1,44.7,31.3,0.0,observed
2025-06-26,0,39.1,45.9,31.8,0.0,observed
2025-06-27,0,40.1,45.7,33.4,0.0,observed
2025-06-28,0,40.4,46.4,32.9,0.0,observed
2025-06-29,0,40.4,46.5,33.1,0.0,observed
2025-06-30,0,39.0,44.9,33.0,0.0,observed
2025-07-01,0,34.8,38.8,30.0,0.0,observed
2025-07-02,0,35.6,40.8,28.9,0.0,observed
2025-07-03,0,36.2,41.3,29.4,0.0,observed
2025-07-04,0,34.8,40.0,29.4,0.0,observed
2025-07-05,0,33.6,38.6,28.5,0.0,observed
2025-07-06,0,34.1,40.0,27.3,0.0,observed
2025-07-07,0,37.3,43.6,30.3,0.0,observed
2025-07-08,0,38.4,44.5,31.8,0.0,observed
2025-07-09,0,38.8,44.7,32.2,0.0,observed
2025-07-10,0,39.9,45.7,33.5,0.0,observed
2025-07-11,0,41.5,47.5,34.7,0.0,observed
2025-07-12,0,41.9,47.6,35.6,0.0,observed
2025-07-13,0,43.1,49.7,36.9,0.0,observed
2025-07-14,0,42.0,47.8,37.2,0.0,observed
2025-07-15,0,41.4,45.7,36.7,0.0,observed
2025-07-16,0,41.3,47.4,33.5,0.0,observed
2025-07-17,0,39.9,45.7,32.9,0.0,observed
2025-07-18,0,39.3,44.4,32.7,0.0,observed
2025-07-19,0,39.8,44.7,34.4,0.0,observed
2025-07-20,0,38.6,44.1,31.6,0.0,observed
2025-07-21,0,38.8,44.2,32.2,0.0,observed
2025-07-22,0,39.5,44.8,32.9,0.0,observed
2025-07-23,0,41.0,47.2,34.4,0.0,observed
2025-07-24,0,40.1,45.5,33.9,0.0,observed
2025-07-25,0,41.7,48.0,34.4,0.0,observed
2025-07-26,0,43.6,50.0,35.4,0.0,observed
2025-07-27,0,43.8,50.7,35.3,0.0,observed
2025-07-28,0,44.2,51.1,36.2,0.0,observed
2025-07-29,0,42.2,48.4,34.2,0.0,observed
2025-07-30,0,41.1,46.0,35.0,0.0,observed
2025-07-31,0,41.4,47.0,35.2,0.0,observed
2025-08-01,0,39.6,44.3,34.2,0.0,observed
2025-08-02,0,40.1,45.4,34.6,0.0,observed
2025-08-03,0,40.0,45.2,34.3,0.0,observed
2025-08-04,0,40.6,45.8,34.8,0.0,observed
2025-08-05,0,40.3,45.2,35.0,0.0,observed
2025-08-06,0,39.8,45.0,33.9,0.0,observed
2025-08-07,0,40.3,46.4,33.4,0.0,observed
2025-08-08,0,40.5,46.4,33.0,0.0,observed
2025-08-09,0,41.1,47.3,33.3,0.0,observed
2025-08-10,0,41.9,48.0,33.5,0.0,observed
2025-08-11,0,42.1,47.7,35.6,0.0,observed
2025-08-12,0,41.8,47.4,35.4,0.0,observed
2025-08-13,0,40.5,45.9,34.2,0.0,observed
2025-08-14,0,40.0,47.3,31.5,0.0,observed
2025-08-15,0,41.1,46.8,35.0,0.0,observed
2025-08-16,0,39.2,45.3,32.5,0.0,observed
2025-08-17,0,38.7,45.2,33.2,0.0,observed
2025-08-18,0,37.2,42.2,31.5,0.0,observed
2025-08-19,0,36.8,41.9,31.8,0.0,observed
2025-08-20,0,36.1,41.1,30.3,0.0,observed
2025-08-21,0,36.6,41.7,30.2,0.0,observed
2025-08-22,0,37.8,43.8,31.1,0.0,observed
2025-08-23,0,38.7,44.1,32.5,0.0,observed
2025-08-24,0,38.5,44.9,31.2,0.0,observed
2025-08-25,0,38.4,44.6,31.3,0.0,observed
2025-08-26,0,37.6,42.6,32.2,0.0,observed
2025-08-27,0,36.2,41.2,30.7,0.0,observed
2025-08-28,0,36.4,41.9,30.7,0.0,observed
2025-08-29,0,37.3,42.5,32.0,0.0,observed
2025-08-30,0,38.0,44.0,32.1,0.0,observed
2025-08-31,0,36.7,42.2,31.8,0.0,observed
2025-09-01,0,34.8,39.1,29.5,0.0,observed
2025-09-02,0,35.8,40.9,29.6,0.0,observed
2025-09-03,0,36.8,43.2,30.4,0.0,observed
2025-09-04,0,37.7,43.7,31.0,0.0,observed
2025-09-05,0,37.6,43.4,30.8,0.0,observed
2025-09-06,0,37.2,42.5,30.7,0.0,observed
2025-09-07,0,37.4,43.3,30.8,0.0,observed
2025-09-08,0,38.1,44.2,31.1,0.0,observed
2025-09-09,0,37.2,43.0,31.7,0.0,observed
2025-09-10,0,36.0,41.2,30.6,0.0,observed
2025-09-11,0,34.7,39.1,29.5,0.0,observed
2025-09-12,0,34.1,38.9,28.8,0.0,observed
2025-09-13,0,33.2,38.4,27.2,0.0,observed
2025-09-14,0,34.0,39.9,26.9,0.0,observed
2025-09-15,0,34.8,40.3,28.0,0.0,observed
2025-09-16,0,35.9,42.0,28.0,0.0,observed
2025-09-17,0,36.9,43.3,29.7,0.0,observed
2025-09-18,0,37.5,45.0,30.5,0.0,observed
2025-09-19,0,34.0,38.2,30.0,0.0,observed
2025-09-20,0,29.6,34.2,24.3,0.0,observed
2025-09-21,0,29.8,35.6,23.6,0.0,observed
2025-09-22,0,28.6,34.0,22.5,0.0,observed
2025-09-23,0,28.6,35.1,21.4,0.0,observed
2025-09-24,0,29.7,35.3,23.0,0.0,observed
2025-09-25,0,30.5,37.7,23.0,0.0,observed
2025-09-26,0,31.6,37.9,24.6,0.0,observed
2025-09-27,0,31.7,37.7,25.3,0.0,observed
2025-09-28,0,32.3,38.0,25.7,0.0,observed
2025-09-29,0,32.3,38.2,25.7,0.0,observed
2025-09-30,0,31.7,38.3,25.0,0.0,observed
2025-10-01,0,30.7,35.4,26.1,0.0,observed
2025-10-02,0,29.7,34.7,24.6,0.0,observed
2025-10-03,0,29.5,34.6,24.3,0.0,observed
2025-10-04,0,30.3,37.1,23.7,0.0,observed
2025-10-05,0,31.1,38.3,24.1,0.0,observed
2025-10-06,0,31.9,38.9,25.3,0.0,observed
2025-10-07,0,32.3,38.9,26.1,0.0,observed
2025-10-08,0,32.1,38.7,25.8,0.0,observed
2025-10-09,0,29.9,35.5,23.7,0.0,observed
2025-10-10,0,27.9,32.8,23.2,0.0,observed
2025-10-11,0,25.6,30.4,20.7,0.0,observed
2025-10-12,0,27.1,33.2,20.1,0.0,observed
2025-10-13,0,26.6,30.1,23.1,0.0,observed
2025-10-14,0,24.2,30.1,18.7,0.0,observed
2025-10-15,0,26.1,33.0,19.3,0.0,observed
2025-10-16,0,28.1,35.0,21.3,0.0,observed
2025-10-17,0,29.1,35.6,22.7,0.0,observed
2025-10-18,0,29.4,35.6,23.3,0.0,observed
2025-10-19,0,28.6,35.2,22.7,0.0,observed
2025-10-20,0,25.6,29.9,20.9,0.0,observed
2025-10-21,0,26.6,31.7,21.3,0.0,observed
2025-10-22,0,27.7,33.3,21.9,0.0,observed
2025-10-23,0,28.0,34.2,21.7,0.0,observed
2025-10-24,0,28.0,34.1,21.6,0.0,observed
2025-10-25,0,27.9,34.3,23.1,0.0,observed
2025-10-26,0,26.2,30.9,21.6,0.0,observed
2025-10-27,0,26.4,31.6,21.5,0.0,observed
2025-10-28,0,26.0,32.1,20.2,0.0,observed
2025-10-29,0,26.5,32.9,20.2,0.0,observed
2025-10-30,0,25.9,32.2,20.2,0.0,observed
2025-10-31,0,23.1,29.7,16.9,0.0,observed
2025-11-01,0,21.5,28.0,15.6,0.0,observed
2025-11-02,0,21.5,28.7,15.2,0.0,observed
2025-11-03,0,21.8,29.3,14.9,0.0,observed
2025-11-04,0,22.4,29.7,15.8,0.0,observed
2025-11-05,0,24.0,31.3,17.8,0.0,observed
2025-11-06,0,24.8,31.9,18.5,0.0,observed
2025-11-07,0,25.0,32.1,19.2,0.0,observed
2025-11-08,0,24.0,31.0,18.4,0.0,observed
2025-11-09,0,23.8,31.1,17.5,0.0,observed
2025-11-10,0,24.1,30.7,18.4,0.0,observed
2025-11-11,0,22.8,29.5,17.3,0.0,observed
2025-11-12,0,21.9,28.7,15.6,0.0,observed
2025-11-13,0,22.0,28.7,16.0,0.0,observed
2025-11-14,0,23.2,28.9,17.7,0.0,observed
2025-11-15,0,19.3,24.4,17.1,9.7,observed
2025-11-16,0,19.4,25.1,15.5,0.0,observed
2025-11-17,0,17.8,22.1,14.8,0.0,observed
2025-11-18,0,16.1,21.8,11.3,0.0,observed
2025-11-19,0,16.8,22.9,11.6,0.0,observed
2025-11-20,0,17.1,23.8,11.1,0.0,observed
2025-11-21,0,18.0,25.3,11.7,0.0,observed
2025-11-22,0,18.1,26.2,11.3,0.0,observed
2025-11-23,0,18.2,26.4,11.2,0.0,observed
2025-11-24,0,18.5,26.3,11.6,0.0,observed
2025-11-25,0,18.2,24.7,12.1,0.0,observed
2025-11-26,0,19.1,25.0,14.5,0.0,observed
2025-11-27,0,17.6,23.3,12.5,0.0,observed
2025-11-28,0,17.0,23.2,12.0,0.0,observed
2025-11-29,0,18.0,24.1,12.6,0.0,observed
2025-11-30,0,20.2,25.9,14.3,0.1,observed
2025-12-01,0,20.4,24.8,17.1,0.0,observed
2025-12-02,0,18.4,23.5,14.8,0.0,observed
2025-12-03,0,17.6,22.9,13.4,0.0,observed
2025-12-04,0,16.0,21.2,11.4,0.0,observed
2025-12-05,0,16.9,22.0,12.1,0.0,observed
2025-12-06,0,19.7,26.6,13.9,0.0,observed
2025-12-07,0,22.2,25.9,18.2,0.1,observed
2025-12-08,0,19.2,24.3,16.7,12.0,observed
2025-12-09,0,18.2,21.8,15.7,16.4,observed
2025-12-10,0,15.8,17.9,13.5,3.0,observed
2025-12-11,0,13.7,17.1,10.5,0.3,observed
2025-12-12,0,13.2,14.5,11.6,4.1,observed
2025-12-13,0,12.7,15.8,10.6,0.1,observed
2025-12-14,0,12.6,16.4,10.1,0.0,observed
2025-12-15,0,10.9,13.3,8.3,0.0,observed
2025-12-16,0,11.3,14.8,8.7,0.0,observed
2025-12-17,0,11.2,14.8,9.3,8.0,observed
2025-12-18,0,12.7,17.1,10.1,1.1,observed
2025-12-19,0,12.9,17.8,9.9,0.0,observed
2025-12-20,0,12.0,17.3,7.5,0.0,observed
2025-12-21,0,12.5,18.1,7.2,0.0,observed
2025-12-22,0,13.5,18.0,10.8,0.0,observed
2025-12-23,0,14.2,19.4,10.7,4.2,observed
2025-12-24,0,13.6,17.0,12.2,3.2,observed
2025-12-25,0,12.6,17.2,9.5,0.0,observed
2025-12-26,0,11.2,15.9,7.6,0.0,observed
2025-12-27,0,12.3,16.5,8.3,0.0,observed
2025-12-28,0,12.7,17.3,8.4,0.5,observed
2025-12-29,0,9.9,14.3,6.5,2.6,observed
2025-12-30,0,7.9,11.8,3.9,0.0,observed
2025-12-31,0,8.2,13.1,3.4,0.0,observed
2026-01-01,0,12.0,17.1,8.3,0.0,observed
2026-01-02,0,13.3,18.5,9.9,0.0,observed
2026-01-03,0,10.9,14.7,7.6,0.0,observed
2026-01-04,0,7.6,12.6,3.2,0.0,observed
2026-01-05,0,8.7,14.4,4.5,0.0,observed
2026-01-06,0,9.3,16.0,3.7,0.0,observed
2026-01-07,0,10.4,17.5,4.4,0.0,observed
2026-01-08,0,12.1,19.2,5.8,0.0,observed
2026-01-09,0,14.1,19.3,9.0,7.1,observed
2026-01-10,0,11.9,15.1,9.6,9.5,observed
2026-01-11,0,10.5,15.3,6.1,0.0,observed
2026-01-12,0,12.3,17.1,7.5,0.0,observed
2026-01-13,0,14.0,16.5,11.8,1.7,observed
2026-01-14,0,11.2,13.8,8.8,0.0,observed
2026-01-15,0,8.7,12.0,6.6,0.4,observed
2026-01-16,0,7.5,12.0,3.6,0.0,observed
2026-01-17,0,8.0,12.4,3.5,0.0,observed
2026-01-18,0,9.8,15.5,4.9,0.0,observed
2026-01-19,0,10.6,15.9,7.2,0.2,observed
2026-01-20,0,7.5,9.5,5.2,1.1,observed
2026-01-21,0,6.5,11.7,2.2,0.0,observed
2026-01-22,0,7.5,12.7,2.9,0.0,observed
2026-01-23,0,9.5,12.6,6.7,2.0,observed
2026-01-24,0,12.0,18.1,7.7,0.2,observed
2026-01-25,0,12.0,16.5,8.2,0.0,observed
2026-01-26,0,11.4,17.1,6.8,0.0,observed
2026-01-27,0,12.7,19.5,6.0,0.0,observed
2026-01-28,0,15.4,20.0,12.4,2.0,observed
2026-01-29,0,13.9,18.8,10.1,0.0,observed
2026-01-30,0,12.7,16.0,8.1,0.0,observed
2026-01-31,0,17.2,22.6,12.5,0.0,observed
2026-02-01,0,18.4,24.8,12.7,0.0,observed
2026-02-02,0,20.1,26.4,14.7,0.0,observed
2026-02-03,0,18.4,21.3,13.4,5.6,observed
2026-02-04,0,14.7,17.9,12.1,0.5,observed
2026-02-05,0,13.6,18.1,9.0,0.0,observed
2026-02-06,0,14.5,19.2,9.0,0.0,observed
2026-02-07,0,14.7,18.4,11.8,4.4,observed
2026-02-08,0,16.3,20.5,13.0,13.8,observed
2026-02-09,0,18.1,24.4,13.7,0.0,observed
2026-02-10,0,20.3,26.3,16.2,0.0,observed
2026-02-11,0,18.9,22.6,15.9,0.0,observed
2026-02-12,0,18.3,23.9,14.0,0.0,observed
2026-02-13,0,20.1,26.3,14.5,0.0,observed
2026-02-14,0,21.2,25.5,18.4,0.0,observed
2026-02-15,0,18.3,22.5,13.8,0.0,observed
2026-02-16,0,18.3,24.4,12.2,0.0,observed
2026-02-17,0,19.0,25.6,11.3,0.0,observed
2026-02-18,0,22.5,28.9,15.7,0.0,observed
2026-02-19,0,20.1,24.3,15.7,0.0,observed
2026-02-20,0,18.2,24.1,12.4,0.0,observed
2026-02-21,0,17.7,24.7,10.1,0.0,observed
2026-02-22,0,21.3,29.5,12.5,0.0,observed
2026-02-23,0,20.9,26.7,14.9,0.0,observed
2026-02-24,0,18.8,23.6,14.8,0.3,observed
2026-02-25,0,17.2,21.5,12.5,0.0,observed
2026-02-26,0,19.0,24.5,12.6,0.0,observed
2026-02-27,0,16.3,19.2,11.5,0.0,observed
2026-02-28,0,13.6,17.8,8.7,0.0,observed
2026-03-01,0,13.5,17.6,8.9,0.0,observed
2026-03-02,0,13.1,17.3,8.4,0.0,observed
2026-03-03,0,13.8,19.2,8.0,0.0,observed
2026-03-04,0,14.5,19.4,8.4,0.0,observed
2026-03-05,0,13.4,16.5,7.8,3.7,observed
2026-03-06,0,13.9,18.4,8.1,0.0,observed
2026-03-07,0,16.2,21.4,10.1,0.0,observed
2026-03-08,0,15.0,18.9,12.4,0.0,observed
2026-03-09,0,13.4,17.7,8.0,0.0,observed
2026-03-10,0,14.9,20.5,8.9,0.0,observed
2026-03-11,0,16.8,21.3,9.9,0.0,observed
2026-03-12,0,18.0,22.7,15.0,1.1,observed
2026-03-13,0,19.1,24.1,13.3,0.0,observed
2026-03-14,0,19.6,23.2,15.7,0.5,observed
2026-03-15,0,19.9,23.1,16.8,13.5,observed
2026-03-16,0,18.1,21.7,16.0,6.1,observed
2026-03-17,0,17.4,22.3,12.5,0.0,observed
2026-03-18,0,18.4,23.8,13.3,0.0,observed
2026-03-19,0,15.9,20.2,14.2,25.6,observed
2026-03-20,0,17.1,21.0,13.1,0.8,observed
2026-03-21,0,16.5,21.3,13.2,6.4,observed
2026-03-22,0,17.7,23.1,14.8,6.3,observed
2026-03-23,0,17.2,21.5,13.5,1.5,observed
2026-03-24,0,16.3,20.7,13.9,11.9,observed
2026-03-25,0,16.2,20.1,13.9,9.1,observed
2026-03-26,0,15.3,19.9,13.3,37.3,observed
2026-03-27,0,14.2,16.7,11.6,3.2,observed
2026-03-28,0,16.7,20.7,12.4,0.0,observed
2026-03-29,0,17.5,22.0,13.4,3.0,observed
2026-03-30,0,17.8,22.2,14.8,1.2,observed
2026-03-31,0,16.6,20.8,12.9,2.2,observed
2026-04-01,0,16.8,21.4,12.3,0.0,observed
2026-04-02,0,17.5,20.4,14.1,0.0,observed
2026-04-03,0,20.4,25.8,15.6,1.4,observed
2026-04-04,0,19.1,22.4,16.9,0.0,observed
2026-04-05,0,18.4,23.0,14.1,0.0,observed
2026-04-06,0,18.9,23.2,14.1,0.0,observed
2026-04-07,0,20.3,25.9,15.2,0.0,observed
2026-04-08,0,18.9,23.4,14.1,0.0,observed
2026-04-09,0,21.3,26.7,15.9,0.0,observed
2026-04-10,0,24.2,29.6,18.4,0.0,observed
2026-04-11,0,23.4,30.7,18.3,2.8,observed
2026-04-12,0,21.3,27.9,17.3,0.0,observed
2026-04-13,0,19.5,23.7,15.0,0.0,observed
2026-04-14,0,19.1,24.4,14.4,0.0,observed
2026-04-15,0,19.8,25.8,13.7,0.0,observed
2026-04-16,0,21.6,27.2,15.3,0.0,observed
2026-04-17,0,24.1,30.8,16.1,0.0,observed
2026-04-18,0,25.7,34.1,18.9,0.2,observed
2026-04-19,0,24.6,28.9,19.7,1.6,observed
2026-04-20,0,23.6,29.7,19.9,6.5,observed
2026-04-21,0,22.1,26.9,16.5,0.9,observed
2026-04-22,0,22.5,27.0,17.7,0.0,observed
2026-04-23,0,24.3,30.3,16.7,0.0,observed
2026-04-24,0,28.3,34.1,21.5,0.0,observed
2026-04-25,0,27.6,33.6,22.8,0.0,observed
2026-04-26,0,26.1,31.3,20.3,2.3,observed
2026-04-27,0,25.8,30.7,20.8,2.3,observed
2026-04-28,0,21.9,25.8,19.2,8.6,observed
2026-04-29,0,23.8,28.4,18.2,0.0,observed
2026-04-30,0,26.6,30.8,21.2,0.0,observed
2026-05-01,0,27.6,32.7,20.9,0.0,observed
2026-05-02,0,28.0,33.6,21.5,0.0,observed
2026-05-03,0,32.1,38.3,24.5,0.3,observed
2026-05-04,0,28.8,34.0,25.2,0.0,observed
2026-05-05,0,25.2,29.1,21.6,0.0,observed
2026-05-06,0,23.2,27.6,17.7,0.0,observed
2026-05-07,0,24.0,29.3,17.7,0.0,observed
2026-05-08,0,25.8,31.0,19.3,0.0,observed
2026-05-09,0,27.2,32.8,20.4,0.0,observed
2026-05-10,0,29.5,35.7,22.0,0.0,observed
2026-05-11,0,32.8,39.5,25.3,0.0,observed
2026-05-12,0,34.2,40.4,29.0,0.0,observed
2026-05-13,0,33.1,39.3,27.0,0.0,observed
2026-05-14,0,30.7,35.1,26.1,0.0,observed
2026-05-15,0,31.8,38.7,25.4,0.0,observed
2026-05-16,0,27.1,29.3,24.4,0.0,observed
2026-05-17,0,27.2,31.1,22.4,0.0,observed
2026-05-18,0,31.2,38.8,24.1,0.0,observed
2026-05-19,0,29.1,33.4,26.0,0.0,observed
2026-05-20,0,27.9,32.9,22.0,0.0,observed
2026-05-21,0,27.8,31.2,24.8,0.0,observed
2026-05-22,0,27.8,32.3,22.6,0.0,observed
2026-05-23,0,30.4,35.5,23.8,0.0,observed
2026-05-24,0,30.9,35.1,26.4,0.0,observed
2026-05-25,0,29.4,34.3,24.1,0.0,observed
2026-05-26,0,31.1,36.5,24.4,0.0,observed
2026-05-27,0,33.2,39.2,26.3,0.0,observed
2026-05-28,0,36.9,44.5,28.9,0.0,observed
2026-05-29,0,31.8,37.8,28.4,0.0,observed
2026-05-30,0,30.2,34.9,25.0,0.0,observed
2026-05-31,0,31.5,36.4,25.8,0.0,observed
2026-06-01,0,32.8,38.6,25.9,0.0,observed
2026-06-02,0,35.6,41.6,28.5,0.0,observed
2026-06-03,0,36.6,42.8,29.7,0.0,observed
2026-06-04,0,35.4,40.8,29.2,0.0,observed
2026-06-05,0,34.5,40.1,28.1,0.0,observed
2026-06-06,0,35.7,41.7,28.7,0.0,observed
2026-06-07,0,34.6,39.3,28.9,0.0,observed
2026-06-08,0,35.0,40.7,28.5,0.0,observed
2026-06-09,0,36.5,42.9,28.9,0.0,observed
2026-06-10,0,38.6,44.6,30.9,0.0,observed
2026-06-11,0,38.0,43.8,31.9,0.0,observed
2026-06-12,0,36.1,41.8,29.4,0.0,observed
2026-06-13,0,35.8,40.9,30.2,0.0,observed
2026-06-14,0,35.3,40.1,29.6,0.0,observed
2026-06-15,0,34.0,38.6,28.5,0.0,observed
2026-06-16,0,34.8,39.8,28.6,0.0,observed
2026-06-17,0,37.3,43.3,30.7,0.0,observed
2026-06-18,0,38.8,44.3,32.4,0.0,observed
2026-06-19,0,39.3,45.4,31.9,0.0,observed
2026-06-20,0,40.4,46.9,32.9,0.0,observed
2026-06-21,0,40.1,45.9,33.7,0.0,observed
2026-06-22,0,40.4,46.6,33.6,0.0,observed
2026-06-23,0,41.8,48.2,34.3,0.0,observed
2026-06-24,0,36.1,39.0,32.1,0.0,observed
2026-06-25,0,36.6,41.2,31.0,0.0,observed
2026-06-26,0,37.9,42.5,32.7,0.0,observed
2026-06-27,0,37.7,42.3,32.4,0.0,observed
2026-06-28,0,37.8,42.5,31.4,0.0,observed
2026-06-29,0,37.6,41.9,32.2,0.0,observed
2026-06-30,0,38.0,43.8,31.6,0.0,observed
2026-07-01,0,38.7,43.3,33.0,0.0,observed
2026-07-02,0,39.5,45.3,32.5,0.0,observed
2026-07-03,0,38.6,43.1,33.6,0.0,observed
2026-07-04,0,37.9,42.6,32.4,0.0,observed
2026-07-05,0,39.2,44.0,34.1,0.0,observed
2026-07-06,0,39.7,44.5,33.9,0.0,observed
2026-07-07,0,39.6,44.2,34.1,0.0,observed
2026-07-08,0,37.8,41.7,33.8,0.0,observed
2026-07-09,0,37.1,41.5,32.6,0.0,observed
2026-07-10,0,37.6,42.5,32.0,0.0,observed
2026-07-11,0,37.7,42.7,32.2,0.0,observed
2026-07-12,0,38.2,44.3,31.0,0.0,observed
2026-07-13,0,40.2,46.5,33.4,0.0,observed
2026-07-14,0,40.6,46.4,34.4,0.0,observed
2026-07-15,0,40.3,45.5,34.0,0.0,observed
2026-07-16,0,39.9,45.2,33.9,0.0,observed
2026-07-17,0,40.2,45.3,34.8,0.0,observed
2026-07-18,0,41.1,47.0,33.9,0.0,observed
2026-07-19,0,40.7,46.4,34.6,0.0,observed
2026-07-20,0,39.4,43.7,34.1,0.0,observed
2026-07-21,0,40.2,45.7,34.1,0.0,observed
2026-07-22,0,40.8,46.2,35.2,0.0,observed
2026-07-23,0,40.1,45.8,34.2,0.0,observed
2026-07-24,0,39.3,44.5,34.3,0.0,observed
2026-07-25,0,38.9,44.2,32.7,0.0,observed
2026-07-26,0,37.5,42.3,32.2,0.0,observed
2026-07-27,0,36.5,41.2,31.0,0.0,observed
2026-07-28,0,37.5,42.8,31.6,0.0,observed
2026-07-29,0,38.6,44.5,32.1,0.0,observed
2026-07-30,0,40.4,46.9,33.4,0.0,observed
2026-07-31,0,41.8,48.1,34.4,0.0,observed
2026-08-01,0,42.5,48.4,36.4,0.0,observed
2026-08-02,0,43.2,48.2,38.3,0.0,observed
2026-08-03,0,42.8,48.2,37.3,0.0,observed
2026-08-04,0,42.4,48.4,35.9,0.0,observed
2026-08-05,0,42.4,48.0,36.5,0.0,observed
2026-08-06,0,41.7,47.9,34.8,0.0,observed
2026-08-07,0,41.0,46.6,34.9,0.0,observed
2026-08-08,0,40.5,46.5,34.1,0.0,observed
2026-08-09,0,41.0,46.6,35.0,0.0,observed
2026-08-10,0,41.2,47.0,34.6,0.0,observed
2026-08-11,0,42.5,48.1,35.2,0.0,observed
2026-08-12,0,42.4,49.0,35.8,0.0,observed
2026-08-13,0,41.1,47.8,33.7,0.0,observed
2026-08-14,0,41.3,47.2,34.6,0.0,observed
2026-08-15,0,40.1,45.4,34.0,0.0,observed
2026-08-16,0,40.0,45.9,33.9,0.0,observed
2026-08-17,0,40.1,45.6,34.2,0.0,observed
2026-08-18,0,39.5,44.7,34.1,0.0,observed
2026-08-19,0,36.6,40.8,31.6,0.0,observed
2026-08-20,0,37.3,42.5,31.4,0.0,observed
2026-08-21,0,37.4,42.4,31.8,0.0,observed
2026-08-22,0,38.0,43.9,31.4,0.0,observed
2026-08-23,0,38.4,44.2,31.0,0.0,observed
2026-08-24,0,39.7,46.1,32.7,0.0,observed
2026-08-25,0,40.8,48.2,34.2,0.0,observed
2026-08-26,0,41.4,48.4,34.3,0.0,observed
2026-08-27,0,40.5,46.5,35.1,0.0,observed
2026-08-28,0,39.6,45.3,33.0,0.0,observed
2026-08-29,0,40.6,47.0,35.4,0.0,observed
2026-08-30,0,37.9,41.3,33.7,0.0,observed
2026-08-31,0,34.2,38.5,29.4,0.0,observed
2026-09-01,0,34.6,39.2,29.1,0.0,observed
2026-09-02,0,36.0,41.1,30.4,0.0,observed
2026-09-03,0,37.2,43.4,30.4,0.0,observed
2026-09-04,0,37.8,43.5,31.5,0.0,observed
2026-09-05,0,38.4,44.8,31.4,0.0,observed
2026-09-06,0,39.0,45.4,32.1,0.0,observed
2026-09-07,0,38.1,42.8,32.5,0.0,observed
2026-09-08,0,36.4,41.6,31.5,0.0,observed
2026-09-09,0,35.0,40.7,28.8,0.0,observed
2026-09-10,0,35.8,42.1,27.5,0.0,observed
2026-09-11,0,37.4,43.9,30.4,0.0,observed
2026-09-12,0,37.5,43.5,31.2,0.0,observed
2026-09-13,0,36.9,43.6,29.8,0.0,observed
2026-09-14,0,36.9,44.1,30.0,0.0,observed
2026-09-15,0,36.1,41.9,30.3,0.0,observed
2026-09-16,0,36.1,42.4,29.2,0.0,observed
2026-09-17,0,36.6,43.1,28.9,0.0,observed
2026-09-18,0,36.0,41.6,31.8,0.0,observed
2026-09-19,0,33.4,39.1,28.8,0.0,observed
2026-09-20,0,31.8,36.7,26.5,0.0,observed
2026-09-21,0,33.9,39.6,27.3,0.0,observed
2026-09-22,0,36.7,43.7,28.8,0.0,observed
2026-09-23,0,36.6,42.9,31.3,0.0,observed
2026-09-24,0,35.3,41.3,29.7,0.0,observed
2026-09-25,0,35.5,41.7,29.0,0.0,observed
2026-09-26,0,36.9,43.4,30.3,0.0,observed
2026-09-27,0,37.1,43.5,30.4,0.0,observed
2026-09-28,0,34.0,38.1,30.3,0.0,observed
2026-09-29,0,31.3,35.9,26.9,0.0,forecast
2026-09-30,0,29.3,33.7,24.4,0.0,forecast
2026-10-01,0,31.2,37.3,25.0,0.0,forecast
2026-10-02,0,29.9,33.8,26.6,0.0,forecast
2026-10-03,0,28.8,33.0,25.5,0.0,forecast
2026-10-04,0,29.0,34.6,22.7,0.2,forecast
2026-10-05,0,29.3,34.7,24.9,0.4,forecast
2026-10-06,0,31.4,36.7,27.0,0.0,forecast
2026-10-07,0,31.0,34.5,28.8,0.0,forecast
2026-10-08,0,31.1,36.9,26.5,0.0,forecast
2026-10-09,0,30.7,36.5,26.3,2.4,forecast
2026-10-10,0,31.5,38.8,26.2,0.6,forecast
2026-10-11,0,33.6,39.9,29.3,0.0,forecast
2026-10-12,0,31.9,36.9,29.0,0.0,forecast
2026-10-13,0,31.5,36.1,27.1,0.0,forecast
2025-01-01,1,12.4,18.1,7.4,0.0,observed
2025-01-02,1,12.2,18.7,7.3,0.0,observed
2025-01-03,1,10.7,17.0,5.5,0.0,observed
2025-01-04,1,10.2,16.2,4.5,0.0,observed
2025-01-05,1,11.8,16.5,6.9,0.0,observed
2025-01-06,1,13.4,18.5,10.2,0.2,observed
2025-01-07,1,11.7,14.1,9.9,4.7,observed
2025-01-08,1,11.8,17.0,8.0,0.0,observed
2025-01-09,1,11.9,18.0,7.6,0.0,observed
2025-01-10,1,12.3,18.9,6.9,0.0,observed
2025-01-11,1,11.3,15.4,8.7,2.4,observed
2025-01-12,1,10.9,15.1,8.5,0.0,observed
2025-01-13,1,10.9,16.3,6.0,0.0,observed
2025-01-14,1,11.6,17.0,7.5,0.0,observed
2025-01-15,1,11.9,17.5,6.9,0.0,observed
2025-01-16,1,13.9,19.3,10.4,0.0,observed
2025-01-17,1,12.8,17.8,8.4,0.0,observed
2025-01-18,1,12.0,18.0,7.7,0.0,observed
2025-01-19,1,10.7,16.3,5.8,0.0,observed
2025-01-20,1,11.1,18.2,5.0,0.0,observed
2025-01-21,1,10.7,16.8,6.0,0.0,observed
2025-01-22,1,10.3,16.1,4.7,0.0,observed
2025-01-23,1,12.7,18.0,8.4,0.0,observed
2025-01-24,1,14.2,19.4,10.8,0.0,observed
2025-01-25,1,13.7,19.5,8.9,0.0,observed
2025-01-26,1,13.8,19.4,8.9,0.0,observed
2025-01-27,1,13.8,19.0,8.9,0.0,observed
2025-01-28,1,12.8,18.9,7.6,0.0,observed
2025-01-29,1,13.3,19.1,7.9,0.0,observed
2025-01-30,1,13.5,19.7,8.1,0.0,observed
2025-01-31,1,12.8,19.3,7.2,0.0,observed
2025-02-01,1,12.8,19.3,5.5,0.0,observed
2025-02-02,1,13.0,19.8,7.0,0.0,observed
2025-02-03,1,12.6,19.1,5.4,0.0,observed
2025-02-04,1,15.1,22.0,8.2,0.0,observed
2025-02-05,1,17.4,22.9,13.6,0.0,observed
2025-02-06,1,12.6,16.7,9.6,2.4,observed
2025-02-07,1,10.3,14.0,6.5,0.0,observed
2025-02-08,1,8.8,12.1,6.7,0.5,observed
2025-02-09,1,8.4,13.1,4.2,0.0,observed
2025-02-10,1,9.6,14.6,5.1,0.0,observed
2025-02-11,1,11.2,17.8,5.5,0.0,observed
2025-02-12,1,13.1,20.9,6.5,0.0,observed
2025-02-13,1,13.7,20.3,8.1,0.0,observed
2025-02-14,1,13.2,16.5,10.3,0.0,observed
2025-02-15,1,12.4,17.3,6.9,0.0,observed
2025-02-16,1,10.4,13.8,6.0,0.3,observed
2025-02-17,1,12.3,18.1,6.5,0.0,observed
2025-02-18,1,13.5,19.6,7.2,0.0,observed
2025-02-19,1,15.6,21.3,9.4,0.0,observed
2025-02-20,1,14.7,18.4,11.5,0.3,observed
2025-02-21,1,13.8,17.7,9.8,0.0,observed
2025-02-22,1,11.1,13.2,8.4,0.1,observed
2025-02-23,1,7.5,10.8,5.0,0.0,observed
2025-02-24,1,6.3,10.0,3.8,0.0,observed
2025-02-25,1,6.0,11.0,0.5,0.0,observed
2025-02-26,1,7.8,13.8,1.7,0.0,observed
2025-02-27,1,9.5,15.4,3.6,0.0,observed
2025-02-28,1,10.1,15.9,4.2,0.0,observed
2025-03-01,1,12.2,18.0,5.9,0.0,observed
2025-03-02,1,13.4,18.6,7.7,0.0,observed
2025-03-03,1,14.5,20.2,7.7,0.0,observed
2025-03-04,1,17.0,22.5,11.9,0.0,observed
2025-03-05,1,14.4,17.5,11.8,5.8,observed
2025-03-06,1,16.5,22.5,11.5,0.0,observed
2025-03-07,1,17.3,21.2,14.9,22.4,observed
2025-03-08,1,16.4,19.4,14.6,1.8,observed
2025-03-09,1,14.9,17.9,12.9,8.4,observed
2025-03-10,1,15.7,20.4,11.9,2.4,observed
2025-03-11,1,16.7,21.4,12.2,0.4,observed
2025-03-12,1,17.8,23.4,13.1,0.0,observed
2025-03-13,1,19.0,25.8,14.1,0.0,observed
2025-03-14,1,19.7,26.7,14.3,0.0,observed
2025-03-15,1,21.3,28.0,15.9,0.0,observed
2025-03-16,1,23.9,32.0,16.2,0.0,observed
2025-03-17,1,24.8,31.8,17.8,0.0,observed
2025-03-18,1,24.6,31.5,17.6,0.0,observed
2025-03-19,1,25.4,32.6,19.7,0.0,observed
2025-03-20,1,22.3,26.3,19.4,0.0,observed
2025-03-21,1,17.5,20.5,15.2,8.7,observed
2025-03-22,1,16.2,21.4,10.8,0.0,observed
2025-03-23,1,16.0,20.8,10.9,0.0,observed
2025-03-24,1,16.5,21.3,11.4,0.0,observed
2025-03-25,1,18.7,25.5,11.5,0.0,observed
2025-03-26,1,20.9,28.1,12.9,0.0,observed
2025-03-27,1,23.3,30.1,15.9,0.0,observed
2025-03-28,1,25.0,31.5,17.4,0.0,observed
2025-03-29,1,26.3,32.2,19.5,0.0,observed
2025-03-30,1,26.2,31.8,22.2,0.3,observed
2025-03-31,1,24.4,29.7,19.2,0.6,observed
2025-04-01,1,26.0,32.2,19.3,0.0,observed
2025-04-02,1,29.2,35.3,23.8,0.0,observed
2025-04-03,1,26.3,31.9,20.9,0.0,observed
2025-04-04,1,24.2,30.8,20.9,5.0,observed
2025-04-05,1,24.6,30.7,19.9,0.9,observed
2025-04-06,1,25.2,31.5,18.5,0.0,observed
2025-04-07,1,27.1,33.4,20.8,0.0,observed
2025-04-08,1,29.3,36.8,22.4,0.0,observed
2025-04-09,1,32.1,39.8,24.2,0.0,observed
2025-04-10,1,27.0,32.4,21.1,0.0,observed
2025-04-11,1,21.5,26.4,16.7,0.0,observed
2025-04-12,1,21.0,26.1,17.3,0.0,observed
2025-04-13,1,22.9,28.4,15.6,0.0,observed
2025-04-14,1,21.9,27.8,17.7,2.4,observed
2025-04-15,1,18.2,22.3,14.7,0.4,observed
2025-04-16,1,17.1,22.1,11.8,0.0,observed
2025-04-17,1,19.4,25.4,13.4,0.0,observed
2025-04-18,1,22.3,28.9,15.4,0.0,observed
2025-04-19,1,24.2,31.3,17.1,0.0,observed
2025-04-20,1,26.3,32.9,18.5,0.0,observed
2025-04-21,1,28.6,35.1,21.3,0.0,observed
2025-04-22,1,30.9,37.1,24.0,0.0,observed
2025-04-23,1,32.7,39.9,24.8,0.0,observed
2025-04-24,1,34.5,40.3,27.7,0.0,observed
2025-04-25,1,33.7,39.3,29.2,0.0,observed
2025-04-26,1,31.8,35.8,27.0,0.9,observed
2025-04-27,1,30.1,35.3,24.7,0.0,observed
2025-04-28,1,28.8,34.1,23.6,0.0,observed
2025-04-29,1,31.8,38.3,25.6,0.0,observed
2025-04-30,1,33.4,40.4,26.9,0.0,observed
2025-05-01,1,33.6,41.3,26.1,0.0,observed
2025-05-02,1,34.7,41.3,28.0,0.0,observed
2025-05-03,1,33.6,41.1,27.9,0.0,observed
2025-05-04,1,34.1,41.8,27.6,0.0,observed
2025-05-05,1,28.6,33.3,24.6,0.0,observed
2025-05-06,1,26.1,30.8,19.5,0.0,observed
2025-05-07,1,28.7,34.1,22.1,0.0,observed
2025-05-08,1,30.3,36.0,23.3,0.0,observed
2025-05-09,1,32.6,38.6,25.4,0.0,observed
2025-05-10,1,33.4,39.2,26.1,0.0,observed
2025-05-11,1,35.1,42.0,26.9,0.0,observed
2025-05-12,1,36.3,43.2,30.4,0.0,observed
2025-05-13,1,33.0,39.2,28.2,0.0,observed
2025-05-14,1,32.1,36.8,26.2,0.0,observed
2025-05-15,1,29.6,32.6,26.1,0.0,observed
2025-05-16,1,30.1,35.8,23.7,0.0,observed
2025-05-17,1,31.5,37.6,24.0,0.0,observed
2025-05-18,1,36.1,43.6,28.4,0.0,observed
2025-05-19,1,36.4,42.7,29.2,0.0,observed
2025-05-20,1,34.9,41.7,27.4,0.0,observed
2025-05-21,1,35.6,43.3,26.3,0.0,observed
2025-05-22,1,36.6,43.7,29.1,0.0,observed
2025-05-23,1,38.2,46.1,27.9,0.0,observed
2025-05-24,1,38.9,44.1,34.3,0.0,observed
2025-05-25,1,35.7,40.8,29.4,0.0,observed
2025-05-26,1,36.7,43.9,28.1,0.0,observed
2025-05-27,1,38.2,44.9,30.7,0.0,observed
2025-05-28,1,36.0,41.6,29.6,0.0,observed
2025-05-29,1,32.8,37.6,27.8,0.0,observed
2025-05-30,1,31.9,37.0,26.2,0.0,observed
2025-05-31,1,32.9,39.4,25.3,0.0,observed
2025-06-01,1,35.3,42.8,26.0,0.0,observed
2025-06-02,1,33.4,38.5,27.7,0.0,observed
2025-06-03,1,31.1,35.1,26.6,0.0,observed
2025-06-04,1,31.7,36.5,26.0,0.0,observed
2025-06-05,1,32.9,38.8,25.5,0.0,observed
2025-06-06,1,34.2,40.6,25.9,0.0,observed
2025-06-07,1,35.4,41.5,27.2,0.0,observed
2025-06-08,1,35.7,42.5,27.0,0.0,observed
2025-06-09,1,37.1,44.1,27.3,0.0,observed
2025-06-10,1,39.1,44.4,33.1,0.0,observed
2025-06-11,1,38.7,45.5,31.0,0.0,observed
2025-06-12,1,39.6,46.4,30.7,0.0,observed
2025-06-13,1,40.4,48.0,31.3,0.0,observed
2025-06-14,1,40.5,48.0,30.9,0.0,observed
2025-06-15,1,41.1,48.4,32.7,0.0,observed
2025-06-16,1,37.9,43.1,32.3,0.0,observed
2025-06-17,1,35.7,41.0,29.4,0.0,observed
2025-06-18,1,34.4,39.8,27.9,0.0,observed
2025-06-19,1,35.2,41.7,26.8,0.0,observed
2025-06-20,1,37.5,43.8,30.6,0.0,observed
2025-06-21,1,36.6,42.8,28.6,0.0,observed
2025-06-22,1,37.0,43.1,29.1,0.0,observed
2025-06-23,1,37.6,43.9,29.8,0.0,observed
2025-06-24,1,37.4,43.4,31.5,0.0,observed
2025-06-25,1,38.0,44.7,31.1,0.0,observed
2025-06-26,1,39.0,45.8,31.5,0.0,observed
2025-06-27,1,40.0,46.3,33.0,0.0,observed
2025-06-28,1,40.3,46.9,32.3,0.0,observed
2025-06-29,1,40.2,47.0,31.6,0.0,observed
2025-06-30,1,38.7,45.2,31.5,0.0,observed
2025-07-01,1,34.7,39.3,29.8,0.0,observed
2025-07-02,1,35.3,41.1,28.1,0.0,observed
2025-07-03,1,36.0,41.6,28.7,0.0,observed
2025-07-04,1,34.8,40.4,29.3,0.0,observed
2025-07-05,1,33.5,38.8,27.8,0.0,observed
2025-07-06,1,33.9,40.0,26.7,0.0,observed
2025-07-07,1,37.2,43.7,29.9,0.0,observed
2025-07-08,1,38.2,44.7,31.5,0.0,observed
2025-07-09,1,38.6,44.7,31.9,0.0,observed
2025-07-10,1,39.7,46.2,33.1,0.0,observed
2025-07-11,1,41.2,47.8,33.6,0.0,observed
2025-07-12,1,41.6,48.1,34.6,0.0,observed
2025-07-13,1,42.8,50.0,36.4,0.0,observed
2025-07-14,1,41.9,47.7,36.7,0.0,observed
2025-07-15,1,41.4,45.7,36.8,0.0,observed
2025-07-16,1,41.3,47.8,33.2,0.0,observed
2025-07-17,1,39.9,46.0,32.4,0.0,observed
2025-07-18,1,39.0,44.9,31.8,0.0,observed
2025-07-19,1,39.6,45.0,33.9,0.0,observed
2025-07-20,1,38.2,44.6,30.5,0.0,observed
2025-07-21,1,38.4,44.7,29.9,0.0,observed
2025-07-22,1,39.0,45.0,30.8,0.0,observed
2025-07-23,1,40.6,47.0,33.4,0.0,observed
2025-07-24,1,39.7,46.0,32.1,0.0,observed
2025-07-25,1,40.9,48.4,32.0,0.0,observed
2025-07-26,1,43.0,50.7,34.5,0.0,observed
2025-07-27,1,43.2,51.2,33.5,0.0,observed
2025-07-28,1,43.6,51.8,35.1,0.0,observed
2025-07-29,1,42.0,48.7,34.2,0.0,observed
2025-07-30,1,40.9,46.5,33.7,0.0,observed
2025-07-31,1,40.9,47.4,34.0,0.0,observed
2025-08-01,1,39.6,44.7,33.5,0.0,observed
2025-08-02,1,40.0,45.9,34.2,0.0,observed
2025-08-03,1,40.0,45.5,34.3,0.0,observed
2025-08-04,1,40.6,46.1,34.7,0.0,observed
2025-08-05,1,40.2,45.3,34.9,0.0,observed
2025-08-06,1,39.7,45.2,33.6,0.0,observed
2025-08-07,1,40.4,46.7,33.6,0.0,observed
2025-08-08,1,40.4,46.6,33.4,0.0,observed
2025-08-09,1,41.1,47.8,33.0,0.0,observed
2025-08-10,1,42.1,48.5,34.0,0.0,observed
2025-08-11,1,42.1,48.4,35.8,0.0,observed
2025-08-12,1,41.5,47.8,34.3,0.0,observed
2025-08-13,1,40.5,46.4,33.5,0.0,observed
2025-08-14,1,39.8,47.3,31.3,0.0,observed
2025-08-15,1,40.9,46.9,34.6,0.0,observed
2025-08-16,1,38.9,45.5,32.2,0.0,observed
2025-08-17,1,38.6,45.4,32.7,0.0,observed
2025-08-18,1,37.1,42.5,31.1,0.0,observed
2025-08-19,1,36.8,42.3,31.6,0.0,observed
2025-08-20,1,36.1,41.5,30.0,0.0,observed
2025-08-21,1,36.4,42.2,29.6,0.0,observed
2025-08-22,1,37.6,44.2,29.7,0.0,observed
2025-08-23,1,38.5,44.4,32.0,0.0,observed
2025-08-24,1,38.4,45.2,30.9,0.0,observed
2025-08-25,1,38.3,44.7,30.7,0.0,observed
2025-08-26,1,37.5,42.8,31.8,0.0,observed
2025-08-27,1,36.3,41.4,30.6,0.0,observed
2025-08-28,1,36.4,42.3,30.4,0.0,observed
2025-08-29,1,37.3,42.8,31.7,0.0,observed
2025-08-30,1,37.9,44.0,32.0,0.0,observed
2025-08-31,1,36.6,42.3,31.7,0.0,observed
2025-09-01,1,34.8,39.3,29.2,0.0,observed
2025-09-02,1,35.6,41.3,29.0,0.0,observed
2025-09-03,1,36.7,43.7,29.3,0.0,observed
2025-09-04,1,37.6,44.2,30.2,0.0,observed
2025-09-05,1,37.5,43.9,30.7,0.0,observed
2025-09-06,1,37.2,43.0,30.4,0.0,observed
2025-09-07,1,37.4,43.7,30.6,0.0,observed
2025-09-08,1,38.2,44.6,30.7,0.0,observed
2025-09-09,1,37.2,43.4,31.6,0.0,observed
2025-09-10,1,36.1,41.6,30.7,0.0,observed
2025-09-11,1,34.8,39.6,29.7,0.0,observed
2025-09-12,1,33.8,39.3,27.7,0.0,observed
2025-09-13,1,33.1,38.7,26.5,0.0,observed
2025-09-14,1,33.9,40.3,26.5,0.0,observed
2025-09-15,1,34.5,40.8,27.3,0.0,observed
2025-09-16,1,35.5,42.5,26.9,0.0,observed
2025-09-17,1,36.7,43.2,28.9,0.0,observed
2025-09-18,1,37.4,45.6,29.7,0.0,observed
2025-09-19,1,34.0,38.5,29.5,0.0,observed
2025-09-20,1,29.4,34.5,24.0,0.0,observed
2025-09-21,1,29.4,36.0,22.4,0.0,observed
2025-09-22,1,28.4,34.5,21.7,0.0,observed
2025-09-23,1,28.4,35.3,20.7,0.0,observed
2025-09-24,1,29.3,35.5,22.3,0.0,observed
2025-09-25,1,30.2,37.9,22.6,0.0,observed
2025-09-26,1,31.3,38.1,24.4,0.0,observed
2025-09-27,1,31.4,38.1,24.2,0.0,observed
2025-09-28,1,31.9,38.4,24.6,0.0,observed
2025-09-29,1,32.0,38.7,24.8,0.0,observed
2025-09-30,1,31.7,38.6,25.1,0.0,observed
2025-10-01,1,30.7,35.7,25.8,0.0,observed
2025-10-02,1,29.6,34.9,24.2,0.0,observed
2025-10-03,1,29.4,35.0,23.6,0.0,observed
2025-10-04,1,30.2,37.1,23.3,0.0,observed
2025-10-05,1,30.8,38.3,23.6,0.0,observed
2025-10-06,1,31.6,39.2,24.6,0.0,observed
2025-10-07,1,32.0,39.2,25.6,0.0,observed
2025-10-08,1,31.9,39.0,25.3,0.0,observed
2025-10-09,1,29.8,36.0,23.6,0.0,observed
2025-10-10,1,27.9,33.2,23.1,0.0,observed
2025-10-11,1,25.5,30.6,20.6,0.0,observed
2025-10-12,1,27.0,33.5,20.2,0.0,observed
2025-10-13,1,26.4,30.5,22.7,0.0,observed
2025-10-14,1,24.1,30.3,17.8,0.0,observed
2025-10-15,1,25.9,33.1,18.6,0.0,observed
2025-10-16,1,28.1,35.1,20.9,0.0,observed
2025-10-17,1,29.2,36.0,22.2,0.0,observed
2025-10-18,1,29.5,35.9,22.8,0.0,observed
2025-10-19,1,28.6,35.6,22.2,0.0,observed
2025-10-20,1,25.6,30.5,20.3,0.0,observed
2025-10-21,1,26.7,32.1,21.0,0.0,observed
2025-10-22,1,27.8,33.7,21.4,0.0,observed
2025-10-23,1,28.2,34.9,21.8,0.0,observed
2025-10-24,1,28.0,34.4,21.3,0.0,observed
2025-10-25,1,27.9,34.9,22.3,0.0,observed
2025-10-26,1,26.1,31.5,21.3,0.0,observed
2025-10-27,1,26.3,32.0,21.0,0.0,observed
2025-10-28,1,25.9,32.3,19.9,0.0,observed
2025-10-29,1,26.4,33.4,19.7,0.0,observed
2025-10-30,1,25.7,32.2,20.0,0.0,observed
2025-10-31,1,23.0,29.8,16.7,0.0,observed
2025-11-01,1,21.3,28.4,15.3,0.0,observed
2025-11-02,1,21.2,28.9,14.5,0.0,observed
2025-11-03,1,21.5,29.5,14.4,0.0,observed
2025-11-04,1,22.0,29.8,15.4,0.0,observed
2025-11-05,1,23.6,31.3,16.8,0.0,observed
2025-11-06,1,24.4,31.9,17.7,0.0,observed
2025-11-07,1,24.6,32.2,18.2,0.0,observed
2025-11-08,1,23.7,31.2,17.4,0.0,observed
2025-11-09,1,23.4,31.1,16.5,0.0,observed
2025-11-10,1,23.8,30.6,18.1,0.0,observed
2025-11-11,1,22.5,29.6,16.9,0.0,observed
2025-11-12,1,22.0,29.1,15.2,0.0,observed
2025-11-13,1,21.8,29.1,15.5,0.0,observed
2025-11-14,1,23.2,29.3,17.1,0.0,observed
2025-11-15,1,19.7,24.3,17.4,3.9,observed
2025-11-16,1,19.9,26.0,15.4,0.0,observed
2025-11-17,1,18.2,22.7,15.1,0.0,observed
2025-11-18,1,16.2,22.1,11.1,0.0,observed
2025-11-19,1,16.9,23.0,11.5,0.0,observed
2025-11-20,1,17.1,23.8,11.2,0.0,observed
2025-11-21,1,17.8,25.3,11.5,0.0,observed
2025-11-22,1,17.6,26.2,10.9,0.0,observed
2025-11-23,1,17.6,26.4,10.5,0.0,observed
2025-11-24,1,17.7,26.2,10.4,0.0,observed
2025-11-25,1,17.9,24.8,11.4,0.0,observed
2025-11-26,1,19.1,25.2,14.2,0.0,observed
2025-11-27,1,17.2,23.3,11.9,0.0,observed
2025-11-28,1,16.5,23.2,11.4,0.0,observed
2025-11-29,1,17.6,24.1,11.6,0.0,observed
2025-11-30,1,20.2,26.1,13.6,0.1,observed
2025-12-01,1,20.0,25.1,15.6,0.0,observed
2025-12-02,1,18.1,23.5,14.5,0.0,observed
2025-12-03,1,17.3,23.0,12.8,0.0,observed
2025-12-04,1,15.6,21.1,10.1,0.0,observed
2025-12-05,1,16.8,22.0,11.9,0.0,observed
2025-12-06,1,20.0,26.8,13.9,0.0,observed
2025-12-07,1,22.4,26.0,18.3,0.0,observed
2025-12-08,1,19.4,24.1,16.6,12.7,observed
2025-12-09,1,18.3,22.3,15.7,10.8,observed
2025-12-10,1,15.5,18.0,12.5,2.6,observed
2025-12-11,1,13.5,17.0,10.3,0.1,observed
2025-12-12,1,13.1,14.7,11.5,5.3,observed
2025-12-13,1,12.5,16.1,10.5,0.0,observed
2025-12-14,1,12.3,16.6,9.2,0.0,observed
2025-12-15,1,10.7,13.3,8.3,0.0,observed
2025-12-16,1,10.9,14.4,8.7,0.0,observed
2025-12-17,1,11.2,14.8,9.1,5.8,observed
2025-12-18,1,12.3,16.7,9.2,0.9,observed
2025-12-19,1,12.5,17.4,9.7,0.0,observed
2025-12-20,1,11.4,17.1,6.5,0.0,observed
2025-12-21,1,12.0,18.1,7.2,0.0,observed
2025-12-22,1,13.0,18.1,9.7,0.0,observed
2025-12-23,1,14.2,19.3,10.6,5.4,observed
2025-12-24,1,13.5,17.4,11.7,1.1,observed
2025-12-25,1,12.4,17.2,9.2,0.0,observed
2025-12-26,1,10.9,16.0,6.7,0.0,observed
2025-12-27,1,11.8,16.9,6.3,0.0,observed
2025-12-28,1,12.8,17.9,8.0,0.3,observed
2025-12-29,1,9.9,14.6,5.6,1.7,observed
2025-12-30,1,7.9,12.2,3.6,0.0,observed
2025-12-31,1,8.3,13.6,3.0,0.0,observed
2026-01-01,1,12.1,17.6,8.0,0.0,observed
2026-01-02,1,13.5,19.1,9.4,0.0,observed
2026-01-03,1,11.1,15.0,7.6,0.0,observed
2026-01-04,1,7.6,12.9,2.9,0.0,observed
2026-01-05,1,8.7,14.7,4.2,0.0,observed
2026-01-06,1,8.9,16.3,2.9,0.0,observed
2026-01-07,1,10.2,17.8,4.3,0.0,observed
2026-01-08,1,11.8,19.5,5.3,0.0,observed
2026-01-09,1,13.9,19.5,8.2,8.5,observed
2026-01-10,1,11.8,15.5,8.5,5.8,observed
2026-01-11,1,10.0,15.2,5.2,0.0,observed
2026-01-12,1,11.9,17.1,6.7,0.2,observed
2026-01-13,1,13.8,16.8,11.7,1.2,observed
2026-01-14,1,10.9,14.2,8.4,0.0,observed
2026-01-15,1,8.6,12.3,6.1,0.7,observed
2026-01-16,1,7.4,12.3,3.2,0.0,observed
2026-01-17,1,7.8,12.8,3.0,0.0,observed
2026-01-18,1,9.8,15.9,4.5,0.0,observed
2026-01-19,1,10.7,16.4,7.1,0.1,observed
2026-01-20,1,7.7,9.9,5.2,1.1,observed
2026-01-21,1,6.5,11.9,1.9,0.0,observed
2026-01-22,1,7.7,12.8,3.0,0.1,observed
2026-01-23,1,9.7,12.6,7.0,3.1,observed
2026-01-24,1,12.0,18.4,7.2,0.0,observed
2026-01-25,1,11.9,16.5,7.9,0.0,observed
2026-01-26,1,11.3,17.2,6.6,0.0,observed
2026-01-27,1,12.8,19.8,5.7,0.0,observed
2026-01-28,1,15.3,20.4,12.3,2.2,observed
2026-01-29,1,13.9,19.4,9.6,0.2,observed
2026-01-30,1,12.9,16.6,8.8,0.0,observed
2026-01-31,1,17.2,23.0,12.2,0.0,observed
2026-02-01,1,18.2,25.1,12.2,0.0,observed
2026-02-02,1,20.1,26.6,14.6,0.1,observed
2026-02-03,1,18.5,21.5,13.9,5.1,observed
2026-02-04,1,14.4,18.2,11.7,0.3,observed
2026-02-05,1,13.1,18.5,7.6,0.0,observed
2026-02-06,1,14.4,19.6,8.8,0.4,observed
2026-02-07,1,14.7,18.6,11.8,9.4,observed
2026-02-08,1,16.5,21.3,12.9,3.1,observed
2026-02-09,1,18.3,25.0,13.6,0.0,observed
2026-02-10,1,20.7,27.6,16.1,0.0,observed
2026-02-11,1,18.7,23.2,15.2,0.0,observed
2026-02-12,1,18.1,24.3,13.2,0.0,observed
2026-02-13,1,20.3,26.7,14.6,0.0,observed
2026-02-14,1,21.3,25.9,18.2,0.0,observed
2026-02-15,1,18.2,22.5,13.5,0.0,observed
2026-02-16,1,18.0,24.6,11.8,0.0,observed
2026-02-17,1,18.7,26.0,11.1,0.0,observed
2026-02-18,1,22.5,29.4,15.7,0.0,observed
2026-02-19,1,19.8,24.3,14.7,0.0,observed
2026-02-20,1,18.2,24.2,12.2,0.0,observed
2026-02-21,1,17.3,24.7,9.7,0.0,observed
2026-02-22,1,21.0,29.7,12.4,0.0,observed
2026-02-23,1,20.8,27.0,14.9,0.0,observed
2026-02-24,1,18.9,23.8,14.8,0.0,observed
2026-02-25,1,17.1,21.8,12.2,0.0,observed
2026-02-26,1,18.8,25.0,12.0,0.0,observed
2026-02-27,1,16.1,19.2,11.2,0.0,observed
2026-02-28,1,13.5,18.2,8.4,0.0,observed
2026-03-01,1,13.3,18.0,8.6,0.0,observed
2026-03-02,1,12.9,17.5,7.8,0.0,observed
2026-03-03,1,13.7,19.3,8.0,0.0,observed
2026-03-04,1,14.2,19.8,7.3,0.0,observed
2026-03-05,1,13.4,16.8,7.8,4.6,observed
2026-03-06,1,13.7,19.0,7.5,0.0,observed
2026-03-07,1,16.1,21.8,9.3,0.0,observed
2026-03-08,1,15.0,19.1,12.3,0.0,observed
2026-03-09,1,13.2,18.2,7.6,0.0,observed
2026-03-10,1,14.6,20.9,8.2,0.0,observed
2026-03-11,1,16.3,21.6,8.7,0.0,observed
2026-03-12,1,18.2,23.4,15.1,0.9,observed
2026-03-13,1,19.0,24.3,12.9,0.0,observed
2026-03-14,1,19.6,23.6,15.6,1.0,observed
2026-03-15,1,19.8,22.9,16.6,19.2,observed
2026-03-16,1,17.8,21.7,15.1,1.1,observed
2026-03-17,1,16.9,22.2,11.7,0.0,observed
2026-03-18,1,17.8,23.6,12.9,0.0,observed
2026-03-19,1,15.7,20.2,14.0,28.1,observed
2026-03-20,1,16.9,21.1,13.0,0.5,observed
2026-03-21,1,16.4,21.1,13.1,6.5,observed
2026-03-22,1,17.6,23.7,14.6,2.5,observed
2026-03-23,1,17.2,21.8,13.0,1.0,observed
2026-03-24,1,16.4,20.6,14.2,9.3,observed
2026-03-25,1,16.2,20.3,13.9,7.7,observed
2026-03-26,1,15.2,19.8,13.2,30.6,observed
2026-03-27,1,14.0,16.5,11.5,4.1,observed
2026-03-28,1,16.4,21.0,12.2,0.0,observed
2026-03-29,1,17.3,22.2,12.4,3.6,observed
2026-03-30,1,17.6,22.4,14.6,0.4,observed
2026-03-31,1,16.5,21.0,12.7,2.2,observed
2026-04-01,1,16.5,21.5,11.8,0.0,observed
2026-04-02,1,17.2,20.5,13.5,0.0,observed
2026-04-03,1,20.3,26.1,15.6,0.4,observed
2026-04-04,1,18.8,22.4,16.2,0.0,observed
2026-04-05,1,17.8,23.1,12.9,0.0,observed
2026-04-06,1,18.3,23.3,13.1,0.0,observed
2026-04-07,1,20.4,26.4,14.2,1.2,observed
2026-04-08,1,19.1,24.0,14.1,0.0,observed
2026-04-09,1,21.4,27.4,15.4,0.0,observed
2026-04-10,1,23.9,30.0,17.9,0.0,observed
2026-04-11,1,23.2,31.4,18.3,1.5,observed
2026-04-12,1,21.6,28.0,17.4,0.1,observed
2026-04-13,1,19.8,24.4,14.9,0.0,observed
2026-04-14,1,19.4,25.0,14.2,0.0,observed
2026-04-15,1,19.9,26.3,13.3,0.0,observed
2026-04-16,1,21.8,27.5,15.2,0.0,observed
2026-04-17,1,24.1,31.3,15.9,0.0,observed
2026-04-18,1,25.8,34.7,19.1,0.1,observed
2026-04-19,1,24.6,29.1,19.4,0.5,observed
2026-04-20,1,23.8,30.2,19.7,6.2,observed
2026-04-21,1,22.3,27.3,17.0,0.1,observed
2026-04-22,1,22.5,27.4,17.3,0.0,observed
2026-04-23,1,24.6,30.7,17.2,0.0,observed
2026-04-24,1,28.2,34.6,20.5,0.0,observed
2026-04-25,1,27.4,34.1,22.5,0.1,observed
2026-04-26,1,26.0,31.6,20.0,0.1,observed
2026-04-27,1,25.8,31.2,21.2,1.5,observed
2026-04-28,1,21.7,25.6,19.1,4.4,observed
2026-04-29,1,23.3,28.3,17.6,0.0,observed
2026-04-30,1,26.3,31.2,20.8,0.0,observed
2026-05-01,1,27.7,33.3,20.9,0.0,observed
2026-05-02,1,28.4,34.2,21.7,0.0,observed
2026-05-03,1,32.1,38.7,24.3,0.5,observed
2026-05-04,1,29.0,34.2,25.7,0.0,observed
2026-05-05,1,25.4,29.4,21.8,0.0,observed
2026-05-06,1,23.2,28.0,17.9,0.0,observed
2026-05-07,1,24.1,29.6,17.8,0.0,observed
2026-05-08,1,26.0,31.6,19.9,0.0,observed
2026-05-09,1,27.1,33.2,19.9,0.0,observed
2026-05-10,1,29.7,36.5,21.3,0.0,observed
2026-05-11,1,33.3,40.3,25.3,0.0,observed
2026-05-12,1,34.1,39.9,28.5,0.0,observed
2026-05-13,1,33.0,39.5,26.5,0.0,observed
2026-05-14,1,30.7,35.3,26.0,0.0,observed
2026-05-15,1,31.9,38.8,25.3,0.0,observed
2026-05-16,1,27.3,29.9,24.3,0.0,observed
2026-05-17,1,27.4,31.5,22.3,0.0,observed
2026-05-18,1,31.1,38.8,23.5,0.0,observed
2026-05-19,1,29.1,33.4,26.0,0.0,observed
2026-05-20,1,28.0,33.1,21.7,0.0,observed
2026-05-21,1,27.8,31.3,24.5,0.0,observed
2026-05-22,1,27.9,32.5,22.4,0.0,observed
2026-05-23,1,30.7,35.8,24.3,0.0,observed
2026-05-24,1,31.0,35.2,26.5,0.0,observed
2026-05-25,1,29.4,34.3,24.3,0.0,observed
2026-05-26,1,31.1,36.6,24.5,0.0,observed
2026-05-27,1,33.5,39.3,26.6,0.0,observed
2026-05-28,1,36.9,44.6,29.1,0.0,observed
2026-05-29,1,31.6,36.6,28.2,0.0,observed
2026-05-30,1,30.2,35.1,24.9,0.0,observed
2026-05-31,1,31.4,36.5,25.7,0.0,observed
2026-06-01,1,33.0,38.6,26.3,0.0,observed
2026-06-02,1,35.8,41.9,28.7,0.0,observed
2026-06-03,1,36.7,43.0,30.2,0.0,observed
2026-06-04,1,35.5,40.9,29.0,0.0,observed
2026-06-05,1,34.6,40.3,28.0,0.0,observed
2026-06-06,1,36.1,41.9,29.3,0.0,observed
2026-06-07,1,34.4,39.3,28.7,0.0,observed
2026-06-08,1,34.8,40.9,28.2,0.0,observed
2026-06-09,1,36.5,42.9,29.0,0.0,observed
2026-06-10,1,38.7,44.4,31.1,0.0,observed
2026-06-11,1,38.4,43.9,32.7,0.0,observed
2026-06-12,1,36.5,42.0,30.4,0.0,observed
2026-06-13,1,35.9,41.0,30.0,0.0,observed
2026-06-14,1,35.3,40.4,29.9,0.0,observed
2026-06-15,1,34.0,38.6,28.6,0.0,observed
2026-06-16,1,34.6,39.8,28.1,0.0,observed
2026-06-17,1,37.0,43.1,30.6,0.0,observed
2026-06-18,1,38.6,44.3,31.7,0.0,observed
2026-06-19,1,39.7,45.9,32.8,0.0,observed
2026-06-20,1,40.5,47.2,33.0,0.0,observed
2026-06-21,1,40.0,46.0,33.6,0.0,observed
2026-06-22,1,40.5,46.7,33.7,0.0,observed
2026-06-23,1,41.7,48.2,34.3,0.0,observed
2026-06-24,1,36.0,39.2,31.9,0.0,observed
2026-06-25,1,36.2,41.2,30.8,0.0,observed
2026-06-26,1,37.6,42.4,32.2,0.0,observed
2026-06-27,1,37.9,42.6,32.5,0.0,observed
2026-06-28,1,37.6,42.6,31.1,0.0,observed
2026-06-29,1,37.6,42.0,32.4,0.0,observed
2026-06-30,1,37.9,43.7,31.5,0.0,observed
2026-07-01,1,38.5,43.4,32.8,0.0,observed
2026-07-02,1,39.2,45.1,32.3,0.0,observed
2026-07-03,1,38.6,43.2,33.4,0.0,observed
2026-07-04,1,37.6,42.8,30.9,0.0,observed
2026-07-05,1,38.9,44.1,33.0,0.0,observed
2026-07-06,1,39.6,44.5,34.0,0.0,observed
2026-07-07,1,39.5,44.2,34.3,0.0,observed
2026-07-08,1,37.7,41.7,33.7,0.0,observed
2026-07-09,1,36.9,41.4,32.3,0.0,observed
2026-07-10,1,37.4,42.4,31.3,0.0,observed
2026-07-11,1,37.5,42.6,32.0,0.0,observed
2026-07-12,1,37.9,44.0,30.7,0.0,observed
2026-07-13,1,39.9,46.4,33.1,0.0,observed
2026-07-14,1,40.5,46.3,34.4,0.0,observed
2026-07-15,1,40.0,45.5,33.9,0.0,observed
2026-07-16,1,39.7,45.2,33.7,0.0,observed
2026-07-17,1,40.1,45.3,34.1,0.0,observed
2026-07-18,1,41.0,47.0,33.8,0.0,observed
2026-07-19,1,40.6,46.4,34.7,0.0,observed
2026-07-20,1,39.2,43.7,34.1,0.0,observed
2026-07-21,1,39.9,45.4,33.7,0.0,observed
2026-07-22,1,40.6,46.0,35.0,0.0,observed
2026-07-23,1,39.8,45.6,33.5,0.0,observed
2026-07-24,1,38.9,44.4,33.8,0.0,observed
2026-07-25,1,38.7,44.4,32.5,0.0,observed
2026-07-26,1,37.4,42.2,32.3,0.0,observed
2026-07-27,1,36.3,40.8,30.8,0.0,observed
2026-07-28,1,37.3,42.6,31.2,0.0,observed
2026-07-29,1,38.3,44.4,31.9,0.0,observed
2026-07-30,1,40.2,46.7,33.1,0.0,observed
2026-07-31,1,41.4,47.8,33.9,0.0,observed
2026-08-01,1,42.2,48.3,36.0,0.0,observed
2026-08-02,1,42.9,48.2,37.8,0.0,observed
2026-08-03,1,42.3,47.8,36.9,0.0,observed
2026-08-04,1,42.0,48.2,35.3,0.0,observed
2026-08-05,1,41.9,47.7,35.6,0.0,observed
2026-08-06,1,41.3,47.7,34.5,0.0,observed
2026-08-07,1,40.8,46.4,35.0,0.0,observed
2026-08-08,1,40.5,46.3,34.1,0.0,observed
2026-08-09,1,41.2,46.7,35.5,0.0,observed
2026-08-10,1,41.4,47.0,35.0,0.0,observed
2026-08-11,1,42.5,48.2,35.5,0.0,observed
2026-08-12,1,42.4,49.2,35.9,0.0,observed
2026-08-13,1,41.2,47.8,34.2,0.0,observed
2026-08-14,1,41.0,47.1,34.4,0.0,observed
2026-08-15,1,39.8,45.4,33.7,0.0,observed
2026-08-16,1,40.0,45.8,34.1,0.0,observed
2026-08-17,1,40.0,45.5,34.3,0.0,observed
2026-08-18,1,39.4,44.7,34.3,0.0,observed
2026-08-19,1,36.6,40.8,31.9,0.0,observed
2026-08-20,1,37.0,42.4,31.1,0.0,observed
2026-08-21,1,37.2,42.3,31.4,0.0,observed
2026-08-22,1,37.4,43.9,30.3,0.0,observed
2026-08-23,1,38.0,44.4,30.6,0.0,observed
2026-08-24,1,39.6,45.9,33.1,0.0,observed
2026-08-25,1,40.5,48.1,33.9,0.0,observed
2026-08-26,1,41.0,47.9,34.2,0.0,observed
2026-08-27,1,40.0,46.2,35.0,0.0,observed
2026-08-28,1,39.2,45.5,32.0,0.0,observed
2026-08-29,1,40.1,46.9,34.4,0.0,observed
2026-08-30,1,37.6,41.6,33.7,0.0,observed
2026-08-31,1,34.2,38.6,29.6,0.0,observed
2026-09-01,1,34.5,39.2,29.1,0.0,observed
2026-09-02,1,35.9,41.1,30.4,0.0,observed
2026-09-03,1,37.0,43.2,30.4,0.0,observed
2026-09-04,1,37.5,43.5,31.2,0.0,observed
2026-09-05,1,38.1,44.5,31.6,0.0,observed
2026-09-06,1,38.9,45.3,32.1,0.0,observed
2026-09-07,1,37.6,42.8,31.7,0.0,observed
2026-09-08,1,36.0,41.3,30.7,0.0,observed
2026-09-09,1,35.1,41.0,28.9,0.0,observed
2026-09-10,1,35.9,42.1,28.0,0.0,observed
2026-09-11,1,37.5,43.9,30.4,0.0,observed
2026-09-12,1,37.5,43.5,31.2,0.0,observed
2026-09-13,1,37.2,43.8,30.3,0.0,observed
2026-09-14,1,37.0,44.2,30.1,0.0,observed
2026-09-15,1,36.1,41.9,30.2,0.0,observed
2026-09-16,1,36.4,42.5,29.5,0.0,observed
2026-09-17,1,37.1,43.5,29.8,0.0,observed
2026-09-18,1,36.0,41.9,31.6,0.0,observed
2026-09-19,1,33.5,39.0,28.7,0.0,observed
2026-09-20,1,32.0,37.0,26.7,0.0,observed
2026-09-21,1,34.0,39.7,27.5,0.0,observed
2026-09-22,1,36.7,43.7,29.2,0.0,observed
2026-09-23,1,36.2,43.0,30.3,0.0,observed
2026-09-24,1,35.3,41.2,29.9,0.0,observed
2026-09-25,1,35.6,41.7,29.2,0.0,observed
2026-09-26,1,37.0,43.4,30.5,0.0,observed
2026-09-27,1,37.4,43.6,30.8,0.0,observed
2026-09-28,1,34.1,37.9,30.0,0.0,observed
2026-09-29,1,31.3,35.9,26.8,0.0,forecast
2026-09-30,1,29.3,33.7,24.5,0.0,forecast
2026-10-01,1,31.2,37.4,25.0,0.0,forecast
2026-10-02,1,30.0,33.8,26.6,0.0,forecast
2026-10-03,1,28.9,33.0,25.6,0.0,forecast
2026-10-04,1,29.0,34.7,22.7,0.2,forecast
2026-10-05,1,29.3,34.7,24.9,0.4,forecast
2026-10-06,1,31.5,36.8,27.0,0.0,forecast
2026-10-07,1,31.3,34.8,29.0,0.0,forecast
2026-10-08,1,31.2,37.0,26.4,0.0,forecast
2026-10-09,1,31.0,36.8,26.7,1.8,forecast
2026-10-10,1,32.1,38.8,27.1,0.0,forecast
2026-10-11,1,33.9,40.0,29.6,0.0,forecast
2026-10-12,1,32.2,36.9,29.2,0.0,forecast
2026-10-13,1,31.6,36.2,27.4,0.0,forecast
2025-01-01,2,12.3,17.9,7.2,0.0,observed
2025-01-02,2,12.3,18.7,7.2,0.0,observed
2025-01-03,2,10.7,16.6,5.3,0.0,observed
2025-01-04,2,10.3,15.9,5.0,0.0,observed
2025-01-05,2,11.8,16.2,6.8,0.1,observed
2025-01-06,2,13.4,17.8,10.3,0.3,observed
2025-01-07,2,11.8,14.5,10.0,2.8,observed
2025-01-08,2,11.9,17.0,8.0,0.0,observed
2025-01-09,2,12.1,18.2,7.5,0.0,observed
2025-01-10,2,12.5,19.0,7.1,0.0,observed
2025-01-11,2,11.8,15.2,9.5,2.4,observed
2025-01-12,2,10.9,14.7,8.4,0.0,observed
2025-01-13,2,11.0,16.5,6.5,0.0,observed
2025-01-14,2,11.8,17.0,7.9,0.0,observed
2025-01-15,2,12.3,17.4,7.2,0.0,observed
2025-01-16,2,14.1,19.1,11.4,0.0,observed
2025-01-17,2,12.7,17.8,8.4,0.0,observed
2025-01-18,2,11.9,17.6,7.7,0.0,observed
2025-01-19,2,11.1,15.8,7.0,0.0,observed
2025-01-20,2,11.5,17.8,6.2,0.0,observed
2025-01-21,2,10.7,16.7,5.9,0.0,observed
2025-01-22,2,10.1,15.7,4.3,0.0,observed
2025-01-23,2,12.6,17.6,8.5,0.0,observed
2025-01-24,2,14.0,19.1,10.3,0.0,observed
2025-01-25,2,13.7,19.4,8.5,0.0,observed
2025-01-26,2,13.8,19.1,8.9,0.0,observed
2025-01-27,2,13.7,18.6,8.7,0.0,observed
2025-01-28,2,12.6,18.7,7.2,0.0,observed
2025-01-29,2,13.0,18.8,7.5,0.0,observed
2025-01-30,2,13.3,19.7,7.9,0.0,observed
2025-01-31,2,12.8,19.0,7.0,0.0,observed
2025-02-01,2,12.6,19.2,5.8,0.0,observed
2025-02-02,2,13.0,19.4,6.9,0.0,observed
2025-02-03,2,12.7,18.9,6.0,0.0,observed
2025-02-04,2,15.7,21.9,10.2,0.0,observed
2025-02-05,2,17.6,22.7,14.0,0.0,observed
2025-02-06,2,12.8,16.2,10.0,1.8,observed
2025-02-07,2,10.7,14.1,7.4,0.0,observed
2025-02-08,2,9.0,12.0,7.2,0.9,observed
2025-02-09,2,8.5,13.3,4.4,0.0,observed
2025-02-10,2,9.9,14.9,5.6,0.0,observed
2025-02-11,2,11.8,18.0,6.1,0.0,observed
2025-02-12,2,13.5,20.9,7.0,0.0,observed
2025-02-13,2,14.7,20.1,9.8,0.0,observed
2025-02-14,2,13.6,16.2,9.8,0.0,observed
2025-02-15,2,12.4,17.1,7.4,0.0,observed
2025-02-16,2,10.3,13.9,5.9,0.7,observed
2025-02-17,2,12.3,17.8,6.8,0.0,observed
2025-02-18,2,13.7,19.4,7.6,0.0,observed
2025-02-19,2,15.7,20.9,9.2,0.0,observed
2025-02-20,2,15.0,16.9,12.7,0.6,observed
2025-02-21,2,13.6,17.4,9.7,0.0,observed
2025-02-22,2,11.0,13.2,8.6,0.1,observed
2025-02-23,2,7.4,10.3,5.2,0.0,observed
2025-02-24,2,6.2,9.6,3.5,0.0,observed
2025-02-25,2,6.1,10.7,0.8,0.0,observed
2025-02-26,2,8.3,13.7,3.1,0.0,observed
2025-02-27,2,9.8,15.0,4.3,0.0,observed
2025-02-28,2,10.2,15.5,4.3,0.0,observed
2025-03-01,2,12.4,17.7,6.0,0.0,observed
2025-03-02,2,13.7,18.4,7.7,0.0,observed
2025-03-03,2,14.6,20.0,7.7,0.0,observed
2025-03-04,2,17.2,22.2,12.1,0.0,observed
2025-03-05,2,14.6,17.5,12.2,4.2,observed
2025-03-06,2,16.9,22.9,11.5,0.0,observed
2025-03-07,2,17.5,21.3,15.3,22.7,observed
2025-03-08,2,16.4,19.0,14.8,2.2,observed
2025-03-09,2,14.9,18.0,12.9,7.7,observed
2025-03-10,2,15.8,20.5,12.1,0.8,observed
2025-03-11,2,16.8,21.4,12.8,0.3,observed
2025-03-12,2,17.9,23.4,13.2,0.0,observed
2025-03-13,2,19.1,25.7,14.0,0.0,observed
2025-03-14,2,19.4,26.2,14.2,0.0,observed
2025-03-15,2,20.6,27.2,15.2,0.0,observed
2025-03-16,2,23.6,31.4,15.7,0.0,observed
2025-03-17,2,24.7,31.3,17.5,0.0,observed
2025-03-18,2,25.3,31.0,19.3,0.0,observed
2025-03-19,2,25.4,32.3,20.5,0.0,observed
2025-03-20,2,22.2,25.8,18.9,0.0,observed
2025-03-21,2,17.7,20.5,15.0,10.3,observed
2025-03-22,2,15.8,20.8,10.9,0.0,observed
2025-03-23,2,15.7,20.4,10.8,0.0,observed
2025-03-24,2,16.3,20.8,11.2,0.0,observed
2025-03-25,2,18.2,25.0,11.2,0.0,observed
2025-03-26,2,20.5,27.5,13.1,0.0,observed
2025-03-27,2,23.1,29.5,15.3,0.0,observed
2025-03-28,2,25.6,31.0,19.6,0.0,observed
2025-03-29,2,26.7,32.0,20.9,0.0,observed
2025-03-30,2,26.2,31.5,22.8,0.1,observed
2025-03-31,2,24.2,28.4,19.1,1.5,observed
2025-04-01,2,25.9,31.6,19.5,0.0,observed
2025-04-02,2,29.4,35.2,24.3,0.0,observed
2025-04-03,2,25.9,31.2,20.4,0.0,observed
2025-04-04,2,24.4,30.8,21.5,3.3,observed
2025-04-05,2,24.4,30.0,20.0,1.8,observed
2025-04-06,2,25.1,30.8,18.7,0.0,observed
2025-04-07,2,27.7,33.1,21.9,0.0,observed
2025-04-08,2,29.8,36.4,23.2,0.0,observed
2025-04-09,2,32.6,39.5,25.3,0.0,observed
2025-04-10,2,26.6,31.6,20.7,0.1,observed
2025-04-11,2,21.1,25.8,16.3,0.0,observed
2025-04-12,2,21.0,25.3,17.9,0.0,observed
2025-04-13,2,23.0,28.0,16.7,0.0,observed
2025-04-14,2,21.9,26.8,17.7,2.3,observed
2025-04-15,2,17.9,21.5,15.3,0.5,observed
2025-04-16,2,16.5,21.6,11.0,0.0,observed
2025-04-17,2,19.0,25.1,12.8,0.0,observed
2025-04-18,2,21.9,28.4,15.1,0.0,observed
2025-04-19,2,23.7,30.9,16.7,0.0,observed
2025-04-20,2,26.2,32.4,18.5,0.0,observed
2025-04-21,2,29.5,34.9,23.0,0.0,observed
2025-04-22,2,31.3,36.8,24.8,0.0,observed
2025-04-23,2,33.3,39.3,26.1,0.0,observed
2025-04-24,2,34.6,40.1,28.9,0.0,observed
2025-04-25,2,33.7,38.8,29.8,0.0,observed
2025-04-26,2,31.9,35.9,27.3,0.2,observed
2025-04-27,2,29.8,34.6,24.3,0.0,observed
2025-04-28,2,28.9,33.7,23.4,0.0,observed
2025-04-29,2,31.6,37.7,25.6,0.0,observed
2025-04-30,2,33.7,39.8,28.1,0.0,observed
2025-05-01,2,34.0,40.7,27.1,0.0,observed
2025-05-02,2,35.0,41.0,28.6,0.0,observed
2025-05-03,2,33.3,40.4,27.7,0.0,observed
2025-05-04,2,33.7,41.5,27.8,0.0,observed
2025-05-05,2,28.4,33.0,24.2,0.0,observed
2025-05-06,2,25.8,30.0,19.6,0.0,observed
2025-05-07,2,28.4,33.7,21.9,0.0,observed
2025-05-08,2,30.0,35.6,23.3,0.0,observed
2025-05-09,2,32.4,38.2,25.1,0.0,observed
2025-05-10,2,33.2,38.6,25.9,0.0,observed
2025-05-11,2,35.3,41.6,27.8,0.0,observed
2025-05-12,2,36.3,42.7,31.4,0.0,observed
2025-05-13,2,33.0,37.8,29.6,0.0,observed
2025-05-14,2,32.3,36.5,26.3,0.0,observed
2025-05-15,2,29.3,31.9,25.8,0.1,observed
2025-05-16,2,29.9,35.4,23.9,0.0,observed
2025-05-17,2,31.2,37.4,23.7,0.0,observed
2025-05-18,2,35.9,43.1,28.3,0.0,observed
2025-05-19,2,35.8,41.6,28.0,0.0,observed
2025-05-20,2,34.4,41.0,26.9,0.0,observed
2025-05-21,2,35.5,42.9,26.8,0.0,observed
2025-05-22,2,36.4,43.2,28.9,0.0,observed
2025-05-23,2,38.0,45.5,29.2,0.0,observed
2025-05-24,2,38.6,43.5,34.3,0.0,observed
2025-05-25,2,35.5,40.4,29.0,0.0,observed
2025-05-26,2,36.4,43.4,27.9,0.0,observed
2025-05-27,2,38.2,44.3,30.8,0.0,observed
2025-05-28,2,36.0,41.0,30.7,0.0,observed
2025-05-29,2,32.4,36.8,27.2,0.0,observed
2025-05-30,2,31.5,36.3,26.3,0.0,observed
2025-05-31,2,32.5,39.1,25.0,0.0,observed
2025-06-01,2,35.1,42.5,26.3,0.0,observed
2025-06-02,2,33.1,37.8,27.3,0.0,observed
2025-06-03,2,30.7,34.5,26.3,0.0,observed
2025-06-04,2,31.4,35.8,25.9,0.0,observed
2025-06-05,2,32.7,38.5,25.9,0.0,observed
2025-06-06,2,34.2,40.1,26.8,0.0,observed
2025-06-07,2,35.5,41.0,27.5,0.0,observed
2025-06-08,2,35.8,41.9,27.1,0.0,observed
2025-06-09,2,37.3,43.7,29.5,0.0,observed
2025-06-10,2,39.4,44.3,33.3,0.0,observed
2025-06-11,2,38.8,44.9,31.8,0.0,observed
2025-06-12,2,39.7,45.9,32.3,0.0,observed
2025-06-13,2,40.6,47.3,32.1,0.0,observed
2025-06-14,2,40.5,47.5,32.2,0.0,observed
2025-06-15,2,41.1,48.1,33.7,0.0,observed
2025-06-16,2,37.6,42.4,32.5,0.0,observed
2025-06-17,2,35.4,40.4,29.5,0.0,observed
2025-06-18,2,34.1,39.5,27.2,0.0,observed
2025-06-19,2,35.0,41.5,27.0,0.0,observed
2025-06-20,2,37.2,43.4,30.5,0.0,observed
2025-06-21,2,36.5,42.4,28.9,0.0,observed
2025-06-22,2,36.9,42.6,29.7,0.0,observed
2025-06-23,2,37.4,43.3,29.7,0.0,observed
2025-06-24,2,37.1,42.9,31.5,0.0,observed
2025-06-25,2,37.7,44.4,31.0,0.0,observed
2025-06-26,2,38.7,45.7,31.4,0.0,observed
2025-06-27,2,39.6,45.6,32.7,0.0,observed
2025-06-28,2,40.2,46.2,32.8,0.0,observed
2025-06-29,2,40.2,46.4,33.0,0.0,observed
2025-06-30,2,38.5,44.5,32.5,0.0,observed
2025-07-01,2,34.5,38.6,29.4,0.0,observed
2025-07-02,2,35.4,40.7,28.7,0.0,observed
2025-07-03,2,35.9,41.0,29.0,0.0,observed
2025-07-04,2,34.4,39.7,28.6,0.0,observed
2025-07-05,2,33.2,38.2,28.2,0.0,observed
2025-07-06,2,33.8,39.8,26.9,0.0,observed
2025-07-07,2,37.0,43.2,29.9,0.0,observed
2025-07-08,2,38.0,44.3,31.4,0.0,observed
2025-07-09,2,38.3,44.1,31.6,0.0,observed
2025-07-10,2,39.5,45.7,32.7,0.0,observed
2025-07-11,2,41.1,47.3,34.0,0.0,observed
2025-07-12,2,41.5,47.4,34.9,0.0,observed
2025-07-13,2,42.7,49.5,36.6,0.0,observed
2025-07-14,2,41.5,47.1,36.5,0.0,observed
2025-07-15,2,41.1,45.3,36.6,0.0,observed
2025-07-16,2,40.8,47.2,32.7,0.0,observed
2025-07-17,2,39.6,45.3,32.6,0.0,observed
2025-07-18,2,38.9,44.3,31.6,0.0,observed
2025-07-19,2,39.4,44.4,33.9,0.0,observed
2025-07-20,2,38.2,44.0,30.9,0.0,observed
2025-07-21,2,38.4,44.0,31.1,0.0,observed
2025-07-22,2,39.1,44.6,31.6,0.0,observed
2025-07-23,2,40.5,47.0,33.8,0.0,observed
2025-07-24,2,39.6,45.3,33.0,0.0,observed
2025-07-25,2,40.9,47.6,32.7,0.0,observed
2025-07-26,2,42.7,50.5,33.8,0.0,observed
2025-07-27,2,43.1,50.5,33.6,0.0,observed
2025-07-28,2,43.7,51.0,35.7,0.0,observed
2025-07-29,2,41.8,48.2,33.7,0.0,observed
2025-07-30,2,40.6,45.8,33.5,0.0,observed
2025-07-31,2,41.2,46.7,35.1,0.0,observed
2025-08-01,2,39.1,44.1,33.3,0.0,observed
2025-08-02,2,39.7,45.4,33.9,0.0,observed
2025-08-03,2,39.6,45.1,33.8,0.0,observed
2025-08-04,2,40.2,45.6,34.1,0.0,observed
2025-08-05,2,39.9,44.9,34.5,0.0,observed
2025-08-06,2,39.3,44.8,33.1,0.0,observed
2025-08-07,2,39.8,46.2,32.6,0.0,observed
2025-08-08,2,40.0,46.1,32.3,0.0,observed
2025-08-09,2,41.0,47.4,33.0,0.0,observed
2025-08-10,2,41.9,48.0,33.6,0.0,observed
2025-08-11,2,41.9,47.6,35.4,0.0,observed
2025-08-12,2,41.5,47.2,34.5,0.0,observed
2025-08-13,2,40.1,45.8,33.1,0.0,observed
2025-08-14,2,39.5,47.1,31.1,0.0,observed
2025-08-15,2,40.5,46.5,34.3,0.0,observed
2025-08-16,2,38.7,44.8,31.8,0.0,observed
2025-08-17,2,38.2,44.9,32.4,0.0,observed
2025-08-18,2,36.7,41.9,30.9,0.0,observed
2025-08-19,2,36.4,41.7,31.4,0.0,observed
2025-08-20,2,35.8,41.0,29.7,0.0,observed
2025-08-21,2,36.1,41.4,29.2,0.0,observed
2025-08-22,2,37.4,43.7,30.2,0.0,observed
2025-08-23,2,38.2,43.8,31.7,0.0,observed
2025-08-24,2,38.1,44.6,30.6,0.0,observed
2025-08-25,2,38.0,44.2,30.6,0.0,observed
2025-08-26,2,37.2,42.2,31.4,0.0,observed
2025-08-27,2,35.9,40.8,30.2,0.0,observed
2025-08-28,2,36.1,41.7,30.0,0.0,observed
2025-08-29,2,37.0,42.3,31.5,0.0,observed
2025-08-30,2,37.6,43.6,31.7,0.0,observed
2025-08-31,2,36.3,41.7,31.6,0.0,observed
2025-09-01,2,34.4,38.8,28.8,0.0,observed
2025-09-02,2,35.4,40.8,28.9,0.0,observed
2025-09-03,2,36.5,43.2,29.2,0.0,observed
2025-09-04,2,37.4,43.5,30.9,0.0,observed
2025-09-05,2,37.2,43.2,30.2,0.0,observed
2025-09-06,2,36.9,42.4,29.9,0.0,observed
2025-09-07,2,37.1,43.2,30.7,0.0,observed
2025-09-08,2,37.8,44.3,30.6,0.0,observed
2025-09-09,2,36.8,42.8,31.3,0.0,observed
2025-09-10,2,35.7,41.0,30.3,0.0,observed
2025-09-11,2,34.4,38.9,29.4,0.0,observed
2025-09-12,2,33.7,38.8,27.8,0.0,observed
2025-09-13,2,32.9,38.1,26.3,0.0,observed
2025-09-14,2,33.7,39.8,26.5,0.0,observed
2025-09-15,2,34.4,40.3,27.2,0.0,observed
2025-09-16,2,35.4,42.2,27.3,0.0,observed
2025-09-17,2,36.6,43.0,28.7,0.0,observed
2025-09-18,2,37.3,45.0,30.6,0.0,observed
2025-09-19,2,33.6,37.9,29.4,0.0,observed
2025-09-20,2,29.1,33.9,23.7,0.0,observed
2025-09-21,2,29.3,35.4,23.0,0.0,observed
2025-09-22,2,28.2,33.8,21.8,0.0,observed
2025-09-23,2,28.2,34.9,20.7,0.0,observed
2025-09-24,2,29.2,35.0,22.1,0.0,observed
2025-09-25,2,29.9,37.5,22.2,0.0,observed
2025-09-26,2,31.1,37.7,24.6,0.0,observed
2025-09-27,2,31.3,37.6,24.4,0.0,observed
2025-09-28,2,31.9,37.9,24.9,0.0,observed
2025-09-29,2,32.0,38.0,25.5,0.0,observed
2025-09-30,2,31.3,38.1,24.8,0.0,observed
2025-10-01,2,30.4,35.2,25.7,0.0,observed
2025-10-02,2,29.4,34.5,24.2,0.0,observed
2025-10-03,2,29.2,34.4,23.9,0.0,observed
2025-10-04,2,30.0,36.8,23.4,0.0,observed
2025-10-05,2,30.6,37.9,23.6,0.0,observed
2025-10-06,2,31.4,38.8,24.6,0.0,observed
2025-10-07,2,31.7,38.8,25.5,0.0,observed
2025-10-08,2,32.2,38.8,25.7,0.0,observed
2025-10-09,2,29.7,35.4,22.8,0.0,observed
2025-10-10,2,27.6,32.6,22.8,0.0,observed
2025-10-11,2,25.3,30.1,20.4,0.0,observed
2025-10-12,2,26.9,33.1,20.0,0.0,observed
2025-10-13,2,26.2,29.7,22.5,0.0,observed
2025-10-14,2,23.8,29.9,18.1,0.0,observed
2025-10-15,2,25.7,32.7,18.8,0.0,observed
2025-10-16,2,27.9,34.9,21.2,0.0,observed
2025-10-17,2,29.0,35.5,22.3,0.0,observed
2025-10-18,2,29.3,35.8,22.8,0.0,observed
2025-10-19,2,28.1,35.0,22.2,0.0,observed
2025-10-20,2,25.3,29.9,20.2,0.0,observed
2025-10-21,2,26.4,31.8,21.2,0.0,observed
2025-10-22,2,27.8,33.3,22.0,0.0,observed
2025-10-23,2,27.7,33.9,21.7,0.0,observed
2025-10-24,2,28.0,34.1,21.6,0.0,observed
2025-10-25,2,28.0,34.3,23.7,0.0,observed
2025-10-26,2,25.9,30.8,21.1,0.0,observed
2025-10-27,2,26.1,31.5,21.2,0.0,observed
2025-10-28,2,25.7,31.9,19.7,0.0,observed
2025-10-29,2,26.2,33.2,19.7,0.0,observed
2025-10-30,2,25.3,31.9,19.1,0.0,observed
2025-10-31,2,22.6,29.5,16.3,0.0,observed
2025-11-01,2,21.1,28.0,15.2,0.0,observed
2025-11-02,2,21.1,28.6,14.5,0.0,observed
2025-11-03,2,21.2,29.2,13.8,0.0,observed
2025-11-04,2,21.7,29.4,14.8,0.0,observed
2025-11-05,2,23.4,31.2,16.7,0.0,observed
2025-11-06,2,24.3,31.9,17.5,0.0,observed
2025-11-07,2,24.4,32.0,18.1,0.0,observed
2025-11-08,2,23.6,31.2,17.6,0.0,observed
2025-11-09,2,23.3,30.9,16.9,0.0,observed
2025-11-10,2,23.5,30.5,17.6,0.0,observed
2025-11-11,2,22.1,29.4,16.3,0.0,observed
2025-11-12,2,21.6,28.5,15.6,0.0,observed
2025-11-13,2,22.3,28.5,16.7,0.0,observed
2025-11-14,2,23.3,29.0,18.0,0.0,observed
2025-11-15,2,19.6,24.4,17.5,7.5,observed
2025-11-16,2,19.5,25.2,15.7,0.0,observed
2025-11-17,2,17.8,22.0,14.7,0.0,observed
2025-11-18,2,16.0,21.7,10.9,0.0,observed
2025-11-19,2,16.6,22.6,11.3,0.0,observed
2025-11-20,2,16.7,23.6,10.6,0.0,observed
2025-11-21,2,17.5,25.1,11.1,0.0,observed
2025-11-22,2,17.4,26.0,10.4,0.0,observed
2025-11-23,2,17.3,26.1,9.9,0.0,observed
2025-11-24,2,17.6,26.1,10.2,0.0,observed
2025-11-25,2,18.0,24.6,11.4,0.0,observed
2025-11-26,2,19.1,25.0,14.6,0.0,observed
2025-11-27,2,17.0,23.1,11.6,0.0,observed
2025-11-28,2,16.4,23.0,11.1,0.0,observed
2025-11-29,2,17.5,24.0,11.8,0.0,observed
2025-11-30,2,20.3,25.8,14.5,0.3,observed
2025-12-01,2,20.1,24.6,16.8,0.0,observed
2025-12-02,2,17.9,23.3,14.3,0.0,observed
2025-12-03,2,17.2,22.8,12.8,0.0,observed
2025-12-04,2,15.6,20.9,10.8,0.0,observed
2025-12-05,2,16.9,21.9,11.7,0.0,observed
2025-12-06,2,20.2,26.6,14.4,0.0,observed
2025-12-07,2,22.5,25.9,18.6,0.0,observed
2025-12-08,2,19.5,24.4,16.9,11.0,observed
2025-12-09,2,18.2,21.8,15.7,22.5,observed
2025-12-10,2,15.6,17.9,12.7,3.3,observed
2025-12-11,2,13.7,17.3,10.5,0.1,observed
2025-12-12,2,13.3,14.5,12.0,6.6,observed
2025-12-13,2,12.6,15.8,10.2,0.1,observed
2025-12-14,2,12.5,16.6,9.6,0.0,observed
2025-12-15,2,10.5,13.2,7.8,0.0,observed
2025-12-16,2,10.9,14.4,8.4,0.0,observed
2025-12-17,2,11.1,15.1,9.1,6.7,observed
2025-12-18,2,12.2,16.7,8.8,1.3,observed
2025-12-19,2,12.6,17.4,9.8,0.0,observed
2025-12-20,2,11.6,17.3,7.2,0.0,observed
2025-12-21,2,12.1,17.9,7.0,0.0,observed
2025-12-22,2,13.5,17.9,10.7,0.0,observed
2025-12-23,2,14.3,19.3,11.0,5.2,observed
2025-12-24,2,13.6,17.2,12.1,1.1,observed
2025-12-25,2,12.4,17.1,9.2,0.0,observed
2025-12-26,2,11.0,16.0,7.0,0.0,observed
2025-12-27,2,12.3,16.9,7.7,0.0,observed
2025-12-28,2,12.9,17.8,8.1,0.3,observed
2025-12-29,2,9.9,14.6,6.0,2.3,observed
2025-12-30,2,7.9,12.0,3.7,0.0,observed
2025-12-31,2,8.5,13.2,4.0,0.0,observed
2026-01-01,2,12.3,17.5,8.4,0.0,observed
2026-01-02,2,13.5,18.5,10.1,0.0,observed
2026-01-03,2,10.7,14.4,7.1,0.0,observed
2026-01-04,2,7.3,12.5,2.7,0.0,observed
2026-01-05,2,8.4,14.3,4.0,0.0,observed
2026-01-06,2,8.8,15.9,2.9,0.0,observed
2026-01-07,2,10.0,17.7,3.7,0.0,observed
2026-01-08,2,11.6,19.2,5.2,0.0,observed
2026-01-09,2,13.9,19.3,9.3,10.1,observed
2026-01-10,2,11.8,15.2,9.0,6.8,observed
2026-01-11,2,10.2,15.5,5.7,0.0,observed
2026-01-12,2,12.2,17.0,7.7,0.0,observed
2026-01-13,2,14.0,16.7,12.0,0.8,observed
2026-01-14,2,11.2,13.7,8.7,0.0,observed
2026-01-15,2,8.7,11.8,6.2,0.3,observed
2026-01-16,2,7.3,12.0,3.2,0.0,observed
2026-01-17,2,7.9,12.6,3.3,0.0,observed
2026-01-18,2,10.0,15.5,5.4,0.0,observed
2026-01-19,2,10.4,15.7,7.4,0.1,observed
2026-01-20,2,7.3,9.4,4.7,0.9,observed
2026-01-21,2,6.3,11.5,1.9,0.0,observed
2026-01-22,2,7.4,12.5,3.0,0.1,observed
2026-01-23,2,9.7,12.6,7.0,2.4,observed
2026-01-24,2,12.0,17.9,7.9,0.1,observed
2026-01-25,2,11.5,16.2,7.5,0.0,observed
2026-01-26,2,11.0,16.7,6.5,0.0,observed
2026-01-27,2,12.9,19.5,6.2,0.0,observed
2026-01-28,2,15.2,19.9,12.5,6.2,observed
2026-01-29,2,13.6,18.2,10.0,0.2,observed
2026-01-30,2,12.7,16.3,8.4,0.0,observed
2026-01-31,2,17.4,22.6,12.7,0.0,observed
2026-02-01,2,18.6,24.8,12.9,0.0,observed
2026-02-02,2,20.3,26.5,15.1,0.3,observed
2026-02-03,2,18.4,21.2,14.6,3.2,observed
2026-02-04,2,14.3,17.8,11.6,0.8,observed
2026-02-05,2,13.3,18.2,8.1,0.0,observed
2026-02-06,2,14.9,19.2,9.6,0.0,observed
2026-02-07,2,14.9,18.7,11.8,3.9,observed
2026-02-08,2,16.7,20.9,13.1,4.7,observed
2026-02-09,2,18.8,25.0,14.1,0.0,observed
2026-02-10,2,21.0,27.2,16.5,0.0,observed
2026-02-11,2,19.1,22.8,15.4,0.0,observed
2026-02-12,2,18.6,23.9,14.5,0.0,observed
2026-02-13,2,20.5,26.6,14.9,0.0,observed
2026-02-14,2,21.2,25.4,17.9,0.0,observed
2026-02-15,2,17.9,22.3,13.2,0.0,observed
2026-02-16,2,17.8,24.3,11.6,0.0,observed
2026-02-17,2,18.7,25.7,10.8,0.0,observed
2026-02-18,2,22.9,29.0,16.4,0.0,observed
2026-02-19,2,19.8,23.9,15.2,0.0,observed
2026-02-20,2,17.8,23.9,11.9,0.0,observed
2026-02-21,2,17.0,24.4,9.4,0.0,observed
2026-02-22,2,21.2,29.4,12.5,0.0,observed
2026-02-23,2,20.5,26.5,14.6,0.0,observed
2026-02-24,2,18.4,23.2,14.4,0.1,observed
2026-02-25,2,16.8,21.3,11.9,0.0,observed
2026-02-26,2,19.2,24.5,12.9,0.0,observed
2026-02-27,2,16.0,19.1,11.0,0.0,observed
2026-02-28,2,13.4,17.7,8.7,0.0,observed
2026-03-01,2,13.3,17.5,8.8,0.0,observed
2026-03-02,2,12.8,17.1,7.6,0.0,observed
2026-03-03,2,13.6,19.0,7.6,0.0,observed
2026-03-04,2,14.2,19.3,7.4,0.0,observed
2026-03-05,2,13.3,16.2,7.9,2.1,observed
2026-03-06,2,13.3,18.2,7.2,0.0,observed
2026-03-07,2,16.3,21.5,10.6,0.0,observed
2026-03-08,2,14.8,18.3,11.9,0.0,observed
2026-03-09,2,12.9,17.7,7.4,0.0,observed
2026-03-10,2,14.4,20.3,8.1,0.0,observed
2026-03-11,2,16.1,21.1,8.6,0.0,observed
2026-03-12,2,17.8,22.8,14.8,1.2,observed
2026-03-13,2,18.6,24.1,12.7,0.0,observed
2026-03-14,2,19.6,22.7,16.2,0.5,observed
2026-03-15,2,19.8,22.9,16.7,13.6,observed
2026-03-16,2,17.8,21.3,15.3,0.6,observed
2026-03-17,2,17.1,21.9,12.4,0.0,observed
2026-03-18,2,17.7,23.4,12.8,0.0,observed
2026-03-19,2,15.7,19.5,14.0,25.2,observed
2026-03-20,2,17.0,20.9,13.1,0.3,observed
2026-03-21,2,16.7,20.8,13.6,4.8,observed
2026-03-22,2,17.7,23.1,15.0,3.2,observed
2026-03-23,2,17.2,21.5,12.5,1.4,observed
2026-03-24,2,16.3,20.8,14.1,14.0,observed
2026-03-25,2,16.2,20.2,14.0,6.7,observed
2026-03-26,2,15.2,19.6,13.3,22.6,observed
2026-03-27,2,14.3,17.1,11.5,3.6,observed
2026-03-28,2,16.8,20.9,13.4,0.0,observed
2026-03-29,2,17.5,22.0,13.4,4.3,observed
2026-03-30,2,17.8,22.4,14.8,1.4,observed
2026-03-31,2,16.6,20.8,13.0,2.3,observed
2026-04-01,2,16.7,21.4,12.3,0.0,observed
2026-04-02,2,17.5,20.6,13.8,0.0,observed
2026-04-03,2,20.4,25.8,15.6,2.4,observed
2026-04-04,2,18.9,22.2,16.7,0.1,observed
2026-04-05,2,18.1,22.9,13.5,0.0,observed
2026-04-06,2,18.4,23.0,13.5,0.0,observed
2026-04-07,2,20.0,26.3,14.3,3.1,observed
2026-04-08,2,18.6,23.2,13.9,0.0,observed
2026-04-09,2,21.3,26.8,15.8,0.0,observed
2026-04-10,2,24.1,29.4,18.5,0.0,observed
2026-04-11,2,23.1,30.1,17.9,1.8,observed
2026-04-12,2,21.0,27.3,17.2,0.0,observed
2026-04-13,2,19.3,23.6,14.6,0.0,observed
2026-04-14,2,18.9,24.2,13.7,0.0,observed
2026-04-15,2,19.6,25.7,12.8,0.0,observed
2026-04-16,2,21.4,27.0,14.7,0.0,observed
2026-04-17,2,23.8,30.7,15.5,0.0,observed
2026-04-18,2,26.0,34.3,19.9,0.1,observed
2026-04-19,2,24.5,28.7,19.7,1.2,observed
2026-04-20,2,23.7,29.2,20.3,4.1,observed
2026-04-21,2,21.8,26.8,16.6,1.0,observed
2026-04-22,2,22.1,26.8,17.0,0.0,observed
2026-04-23,2,24.4,30.4,16.6,0.0,observed
2026-04-24,2,28.3,34.2,21.2,0.0,observed
2026-04-25,2,27.6,33.6,23.1,0.0,observed
2026-04-26,2,26.0,31.1,20.4,0.0,observed
2026-04-27,2,25.9,30.8,21.1,1.9,observed
2026-04-28,2,21.6,25.8,19.2,8.7,observed
2026-04-29,2,23.4,28.2,17.5,0.0,observed
2026-04-30,2,26.2,30.6,20.6,0.0,observed
2026-05-01,2,27.3,32.3,20.3,0.0,observed
2026-05-02,2,27.9,33.6,20.8,0.0,observed
2026-05-03,2,32.1,38.2,24.8,0.3,observed
2026-05-04,2,28.5,33.5,24.8,0.0,observed
2026-05-05,2,24.9,28.6,21.3,0.0,observed
2026-05-06,2,22.7,27.3,17.0,0.0,observed
2026-05-07,2,23.7,28.9,17.3,0.0,observed
2026-05-08,2,25.7,31.0,19.0,0.0,observed
2026-05-09,2,26.9,32.8,19.4,0.0,observed
2026-05-10,2,29.6,35.9,21.6,0.0,observed
2026-05-11,2,33.0,39.5,25.5,0.0,observed
2026-05-12,2,34.0,39.7,29.9,0.0,observed
2026-05-13,2,32.7,39.3,26.1,0.0,observed
2026-05-14,2,30.4,35.1,25.5,0.0,observed
2026-05-15,2,31.5,38.6,24.4,0.0,observed
2026-05-16,2,26.8,29.1,23.9,0.0,observed
2026-05-17,2,27.0,31.1,21.7,0.0,observed
2026-05-18,2,31.1,38.7,24.1,0.0,observed
2026-05-19,2,28.7,33.3,25.5,0.0,observed
2026-05-20,2,27.7,32.9,21.3,0.0,observed
2026-05-21,2,27.6,30.7,24.9,0.0,observed
2026-05-22,2,27.5,32.2,21.9,0.0,observed
2026-05-23,2,30.4,35.7,23.8,0.0,observed
2026-05-24,2,30.8,34.7,26.9,0.0,observed
2026-05-25,2,29.1,34.0,23.8,0.0,observed
2026-05-26,2,30.8,36.6,24.2,0.0,observed
2026-05-27,2,33.2,39.2,26.4,0.0,observed
2026-05-28,2,36.8,44.4,28.9,0.4,observed
2026-05-29,2,31.2,36.5,27.5,0.0,observed
2026-05-30,2,29.9,34.7,24.7,0.0,observed
2026-05-31,2,31.1,36.3,25.3,0.0,observed
2026-06-01,2,32.8,38.5,25.9,0.0,observed
2026-06-02,2,35.8,41.7,28.7,0.0,observed
2026-06-03,2,36.5,42.8,29.9,0.0,observed
2026-06-04,2,35.1,40.5,28.3,0.0,observed
2026-06-05,2,34.3,40.0,27.6,0.0,observed
2026-06-06,2,35.7,41.8,28.4,0.0,observed
2026-06-07,2,34.3,39.1,28.5,0.0,observed
2026-06-08,2,34.6,40.6,27.9,0.0,observed
2026-06-09,2,36.6,43.1,29.4,0.0,observed
2026-06-10,2,38.6,44.5,30.9,0.0,observed
2026-06-11,2,37.9,43.5,32.1,0.0,observed
2026-06-12,2,36.2,41.7,30.1,0.0,observed
2026-06-13,2,35.6,40.8,29.7,0.0,observed
2026-06-14,2,35.3,39.7,30.4,0.0,observed
2026-06-15,2,33.7,38.5,28.3,0.0,observed
2026-06-16,2,34.5,39.6,27.9,0.0,observed
2026-06-17,2,37.0,43.0,30.4,0.0,observed
2026-06-18,2,38.5,44.1,31.6,0.0,observed
2026-06-19,2,39.3,45.7,31.9,0.0,observed
2026-06-20,2,40.2,46.9,32.7,0.0,observed
2026-06-21,2,39.9,45.9,33.2,0.0,observed
2026-06-22,2,40.3,46.7,33.4,0.0,observed
2026-06-23,2,41.6,48.1,34.2,0.0,observed
2026-06-24,2,35.7,38.8,31.6,0.0,observed
2026-06-25,2,36.2,41.1,30.6,0.0,observed
2026-06-26,2,37.6,42.3,32.3,0.0,observed
2026-06-27,2,37.4,42.2,31.8,0.0,observed
2026-06-28,2,37.3,42.4,30.7,0.0,observed
2026-06-29,2,37.3,41.8,31.8,0.0,observed
2026-06-30,2,37.8,43.6,31.3,0.0,observed
2026-07-01,2,38.3,43.2,32.6,0.0,observed
2026-07-02,2,39.0,45.1,32.0,0.0,observed
2026-07-03,2,38.3,42.8,33.0,0.0,observed
2026-07-04,2,37.3,42.5,30.8,0.0,observed
2026-07-05,2,38.7,43.9,32.6,0.0,observed
2026-07-06,2,39.3,44.3,33.0,0.0,observed
2026-07-07,2,39.3,44.1,33.6,0.0,observed
2026-07-08,2,37.5,41.5,33.5,0.0,observed
2026-07-09,2,36.7,41.3,32.1,0.0,observed
2026-07-10,2,37.2,42.2,30.8,0.0,observed
2026-07-11,2,37.2,42.4,31.5,0.0,observed
2026-07-12,2,37.8,43.9,30.3,0.0,observed
2026-07-13,2,39.7,46.2,32.9,0.0,observed
2026-07-14,2,40.2,46.2,33.8,0.0,observed
2026-07-15,2,39.8,45.4,33.3,0.0,observed
2026-07-16,2,39.5,45.1,33.1,0.0,observed
2026-07-17,2,39.9,45.2,34.1,0.0,observed
2026-07-18,2,40.9,46.9,34.5,0.0,observed
2026-07-19,2,40.3,46.2,34.4,0.0,observed
2026-07-20,2,38.9,43.6,33.4,0.0,observed
2026-07-21,2,39.7,45.4,33.4,0.0,observed
2026-07-22,2,40.5,46.0,34.8,0.0,observed
2026-07-23,2,39.6,45.6,33.1,0.0,observed
2026-07-24,2,38.8,44.4,33.6,0.0,observed
2026-07-25,2,38.4,44.1,32.0,0.0,observed
2026-07-26,2,37.2,42.0,31.8,0.0,observed
2026-07-27,2,36.2,40.8,30.5,0.0,observed
2026-07-28,2,37.1,42.5,31.0,0.0,observed
2026-07-29,2,38.1,44.3,31.6,0.0,observed
2026-07-30,2,39.9,46.6,32.6,0.0,observed
2026-07-31,2,41.0,47.7,33.1,0.0,observed
2026-08-01,2,42.0,48.2,35.7,0.0,observed
2026-08-02,2,42.8,48.2,37.7,0.0,observed
2026-08-03,2,42.3,47.9,36.9,0.0,observed
2026-08-04,2,42.0,48.2,35.3,0.0,observed
2026-08-05,2,42.0,47.8,35.8,0.0,observed
2026-08-06,2,41.0,47.6,33.6,0.0,observed
2026-08-07,2,40.6,46.4,34.7,0.0,observed
2026-08-08,2,40.2,46.2,33.8,0.0,observed
2026-08-09,2,40.9,46.6,35.1,0.0,observed
2026-08-10,2,41.3,46.9,34.8,0.0,observed
2026-08-11,2,42.6,48.0,35.0,0.0,observed
2026-08-12,2,42.2,49.0,34.8,0.0,observed
2026-08-13,2,41.3,47.9,34.3,0.0,observed
2026-08-14,2,40.9,47.1,33.8,0.0,observed
2026-08-15,2,39.4,45.1,32.9,0.0,observed
2026-08-16,2,39.7,45.6,33.8,0.0,observed
2026-08-17,2,39.8,45.5,33.9,0.0,observed
2026-08-18,2,39.2,44.6,34.1,0.0,observed
2026-08-19,2,36.3,40.6,31.5,0.0,observed
2026-08-20,2,36.9,42.4,30.8,0.0,observed
2026-08-21,2,37.1,42.1,31.2,0.0,observed
2026-08-22,2,37.4,43.8,30.4,0.0,observed
2026-08-23,2,37.7,44.1,29.8,0.0,observed
2026-08-24,2,39.4,45.8,32.7,0.0,observed
2026-08-25,2,40.5,48.1,33.8,0.0,observed
2026-08-26,2,40.9,48.0,33.9,0.0,observed
2026-08-27,2,40.0,46.1,34.6,0.0,observed
2026-08-28,2,39.3,45.2,32.5,0.0,observed
2026-08-29,2,40.5,47.0,35.1,0.0,observed
2026-08-30,2,37.2,41.2,32.9,0.0,observed
2026-08-31,2,33.9,38.4,29.1,0.0,observed
2026-09-01,2,34.1,39.1,28.3,0.0,observed
2026-09-02,2,35.7,41.0,30.1,0.0,observed
2026-09-03,2,36.8,43.1,30.0,0.0,observed
2026-09-04,2,37.3,43.3,30.9,0.0,observed
2026-09-05,2,37.7,44.4,30.7,0.0,observed
2026-09-06,2,39.1,45.3,32.5,0.0,observed
2026-09-07,2,37.9,42.7,32.6,0.0,observed
2026-09-08,2,36.0,41.3,30.7,0.0,observed
2026-09-09,2,34.6,40.7,28.1,0.0,observed
2026-09-10,2,36.0,42.2,27.8,0.0,observed
2026-09-11,2,37.4,43.7,30.4,0.0,observed
2026-09-12,2,37.1,43.5,30.3,0.0,observed
2026-09-13,2,37.0,43.6,30.0,0.0,observed
2026-09-14,2,36.8,44.1,29.7,0.0,observed
2026-09-15,2,35.8,41.9,29.6,0.0,observed
2026-09-16,2,36.1,42.4,29.0,0.0,observed
2026-09-17,2,37.0,43.4,29.5,0.0,observed
2026-09-18,2,36.0,41.5,32.0,0.0,observed
2026-09-19,2,32.8,38.5,27.5,0.0,observed
2026-09-20,2,31.7,36.6,26.3,0.0,observed
2026-09-21,2,33.6,39.6,27.1,0.0,observed
2026-09-22,2,37.2,43.7,29.9,0.0,observed
2026-09-23,2,36.1,42.6,30.3,0.0,observed
2026-09-24,2,34.9,41.2,29.3,0.0,observed
2026-09-25,2,35.2,41.7,28.6,0.0,observed
2026-09-26,2,36.2,43.2,29.5,0.0,observed
2026-09-27,2,36.5,43.5,29.5,0.0,observed
2026-09-28,2,33.3,37.7,28.6,0.0,observed
2026-09-29,2,30.8,35.6,26.2,0.0,forecast
2026-09-30,2,29.3,33.7,24.4,0.0,forecast
2026-10-01,2,31.2,37.3,25.0,0.0,forecast
2026-10-02,2,30.0,33.8,26.6,0.0,forecast
2026-10-03,2,28.8,33.0,25.5,0.0,forecast
2026-10-04,2,29.0,34.6,22.7,0.2,forecast
2026-10-05,2,29.3,34.7,24.9,0.4,forecast
2026-10-06,2,31.3,36.7,27.0,0.0,forecast
2026-10-07,2,30.8,34.2,28.3,1.2,forecast
2026-10-08,2,30.8,36.6,25.8,0.0,forecast
2026-10-09,2,30.6,36.6,26.4,1.8,forecast
2026-10-10,2,31.6,39.0,26.2,0.6,forecast
2026-10-11,2,33.6,39.9,29.2,0.0,forecast
2026-10-12,2,31.8,36.9,28.9,0.0,forecast
2026-10-13,2,31.3,36.1,26.6,0.0,forecast
2025-01-01,3,12.8,18.0,8.1,0.0,observed
2025-01-02,3,12.8,18.9,7.7,0.0,observed
2025-01-03,3,11.3,17.1,6.0,0.0,observed
2025-01-04,3,10.8,16.0,5.5,0.0,observed
2025-01-05,3,12.0,16.3,7.4,0.2,observed
2025-01-06,3,13.4,17.8,10.2,0.3,observed
2025-01-07,3,12.0,14.7,10.0,2.9,observed
2025-01-08,3,12.4,17.3,8.6,0.0,observed
2025-01-09,3,12.7,18.7,8.1,0.0,observed
2025-01-10,3,13.1,19.1,8.0,0.0,observed
2025-01-11,3,11.9,15.4,9.5,0.5,observed
2025-01-12,3,11.2,15.0,8.6,0.0,observed
2025-01-13,3,11.4,16.8,6.5,0.0,observed
2025-01-14,3,12.1,17.4,8.2,0.0,observed
2025-01-15,3,12.7,17.7,8.1,0.0,observed
2025-01-16,3,14.4,19.4,11.2,0.0,observed
2025-01-17,3,13.3,18.3,9.1,0.0,observed
2025-01-18,3,12.5,17.9,8.3,0.0,observed
2025-01-19,3,11.7,16.1,7.8,0.0,observed
2025-01-20,3,12.0,17.8,7.2,0.0,observed
2025-01-21,3,11.2,16.9,6.2,0.0,observed
2025-01-22,3,10.8,16.1,5.4,0.0,observed
2025-01-23,3,12.8,17.7,8.8,0.0,observed
2025-01-24,3,14.4,19.2,10.8,0.0,observed
2025-01-25,3,14.2,19.5,9.2,0.0,observed
2025-01-26,3,14.2,19.3,9.4,0.0,observed
2025-01-27,3,14.2,18.8,9.6,0.0,observed
2025-01-28,3,13.3,19.0,7.8,0.0,observed
2025-01-29,3,13.5,19.0,8.1,0.0,observed
2025-01-30,3,13.8,19.7,8.4,0.0,observed
2025-01-31,3,13.4,19.3,8.1,0.0,observed
2025-02-01,3,13.1,19.2,6.5,0.0,observed
2025-02-02,3,13.3,19.6,7.5,0.0,observed
2025-02-03,3,13.2,18.9,6.8,0.0,observed
2025-02-04,3,15.4,21.9,9.4,0.0,observed
2025-02-05,3,17.7,22.8,13.9,0.0,observed
2025-02-06,3,13.2,16.6,10.3,3.4,observed
2025-02-07,3,11.0,14.2,8.0,0.0,observed
2025-02-08,3,9.3,12.8,7.4,0.1,observed
2025-02-09,3,8.6,13.5,3.7,0.0,observed
2025-02-10,3,10.1,14.9,5.6,0.0,observed
2025-02-11,3,12.0,18.2,6.4,0.0,observed
2025-02-12,3,13.9,21.1,7.5,0.0,observed
2025-02-13,3,14.7,20.0,9.6,0.0,observed
2025-02-14,3,13.8,16.5,10.5,0.0,observed
2025-02-15,3,12.7,17.3,7.6,0.0,observed
2025-02-16,3,10.7,14.0,6.6,0.2,observed
2025-02-17,3,12.6,17.9,7.4,0.0,observed
2025-02-18,3,14.0,19.4,8.0,0.0,observed
2025-02-19,3,15.9,21.0,9.6,0.0,observed
2025-02-20,3,14.9,17.9,12.3,0.1,observed
2025-02-21,3,14.1,17.7,10.4,0.0,observed
2025-02-22,3,11.0,13.0,8.8,0.2,observed
2025-02-23,3,7.7,10.7,5.4,0.0,observed
2025-02-24,3,6.3,9.7,3.7,0.0,observed
2025-02-25,3,6.4,10.9,1.6,0.0,observed
2025-02-26,3,8.0,13.7,2.0,0.0,observed
2025-02-27,3,9.7,15.1,4.2,0.0,observed
2025-02-28,3,10.4,15.7,4.3,0.0,observed
2025-03-01,3,12.3,17.7,5.9,0.0,observed
2025-03-02,3,14.0,18.6,8.5,0.0,observed
2025-03-03,3,14.9,20.0,8.9,0.0,observed
2025-03-04,3,17.1,22.3,11.5,0.0,observed
2025-03-05,3,14.6,17.7,12.3,5.5,observed
2025-03-06,3,16.9,22.9,11.6,0.2,observed
2025-03-07,3,17.5,21.5,15.1,28.8,observed
2025-03-08,3,16.3,18.9,14.8,1.1,observed
2025-03-09,3,15.0,18.0,12.9,5.4,observed
2025-03-10,3,15.7,20.2,11.7,3.3,observed
2025-03-11,3,16.8,21.1,11.8,0.5,observed
2025-03-12,3,18.1,23.5,13.6,0.0,observed
2025-03-13,3,19.4,26.0,14.5,0.0,observed
2025-03-14,3,19.7,26.4,14.8,0.0,observed
2025-03-15,3,20.9,27.4,15.5,0.0,observed
2025-03-16,3,23.9,31.3,16.7,0.0,observed
2025-03-17,3,25.1,31.5,17.8,0.0,observed
2025-03-18,3,24.9,31.1,18.5,0.0,observed
2025-03-19,3,25.5,32.6,19.9,0.0,observed
2025-03-20,3,22.5,26.3,19.9,0.0,observed
2025-03-21,3,17.8,20.8,15.7,4.4,observed
2025-03-22,3,16.5,21.0,11.8,0.0,observed
2025-03-23,3,16.2,20.6,11.6,0.0,observed
2025-03-24,3,16.8,21.0,11.7,0.0,observed
2025-03-25,3,19.1,25.3,12.3,0.0,observed
2025-03-26,3,21.4,27.8,14.3,0.0,observed
2025-03-27,3,23.7,29.6,16.6,0.0,observed
2025-03-28,3,25.3,30.8,19.2,0.0,observed
2025-03-29,3,26.4,31.9,20.0,0.0,observed
2025-03-30,3,26.2,31.3,22.4,0.5,observed
2025-03-31,3,24.5,29.2,19.6,1.9,observed
2025-04-01,3,26.2,32.0,19.7,0.0,observed
2025-04-02,3,29.4,35.3,24.0,0.1,observed
2025-04-03,3,26.4,31.6,21.0,0.0,observed
2025-04-04,3,24.3,30.3,21.2,6.5,observed
2025-04-05,3,24.5,29.9,19.9,2.2,observed
2025-04-06,3,25.2,31.0,19.0,0.0,observed
2025-04-07,3,27.2,32.9,21.0,0.0,observed
2025-04-08,3,29.6,36.5,22.9,0.0,observed
2025-04-09,3,32.2,39.3,24.4,0.0,observed
2025-04-10,3,27.1,32.3,21.4,0.1,observed
2025-04-11,3,21.6,26.1,17.0,0.0,observed
2025-04-12,3,21.1,25.6,18.1,0.0,observed
2025-04-13,3,23.1,28.1,16.6,0.0,observed
2025-04-14,3,22.0,27.4,18.1,2.2,observed
2025-04-15,3,18.3,21.6,15.6,0.2,observed
2025-04-16,3,16.8,21.8,11.5,0.0,observed
2025-04-17,3,19.3,25.1,13.3,0.0,observed
2025-04-18,3,22.3,28.5,15.5,0.0,observed
2025-04-19,3,24.2,31.1,17.4,0.0,observed
2025-04-20,3,26.6,32.8,19.5,0.0,observed
2025-04-21,3,29.3,34.7,22.8,0.0,observed
2025-04-22,3,31.1,36.7,24.8,0.0,observed
2025-04-23,3,33.1,39.2,26.0,0.0,observed
2025-04-24,3,34.5,40.2,28.3,0.0,observed
2025-04-25,3,33.7,38.7,29.5,0.0,observed
2025-04-26,3,31.8,35.7,26.9,0.4,observed
2025-04-27,3,30.1,35.1,24.7,0.0,observed
2025-04-28,3,28.7,33.6,23.9,0.0,observed
2025-04-29,3,31.8,37.8,25.6,0.0,observed
2025-04-30,3,33.8,39.4,27.3,0.0,observed
2025-05-01,3,33.7,40.8,26.6,0.0,observed
2025-05-02,3,34.9,41.0,28.0,0.0,observed
2025-05-03,3,33.6,40.2,27.9,0.0,observed
2025-05-04,3,34.1,41.4,27.7,0.0,observed
2025-05-05,3,28.8,33.1,24.8,0.0,observed
2025-05-06,3,26.2,30.3,20.5,0.0,observed
2025-05-07,3,29.0,33.9,22.9,0.0,observed
2025-05-08,3,30.4,35.8,23.9,0.0,observed
2025-05-09,3,32.8,38.5,25.7,0.0,observed
2025-05-10,3,33.5,38.7,26.6,0.0,observed
2025-05-11,3,35.3,41.3,27.4,0.0,observed
2025-05-12,3,36.3,43.0,30.7,0.0,observed
2025-05-13,3,33.2,38.6,30.0,0.0,observed
2025-05-14,3,32.5,36.4,27.0,0.0,observed
2025-05-15,3,29.6,32.3,26.3,0.1,observed
2025-05-16,3,30.2,35.6,24.3,0.0,observed
2025-05-17,3,31.6,37.6,24.1,0.0,observed
2025-05-18,3,36.1,43.2,28.5,0.0,observed
2025-05-19,3,36.3,42.1,29.0,0.0,observed
2025-05-20,3,35.1,41.5,27.7,0.0,observed
2025-05-21,3,36.0,43.2,27.5,0.0,observed
2025-05-22,3,36.9,43.6,29.6,0.0,observed
2025-05-23,3,38.2,45.5,29.3,0.0,observed
2025-05-24,3,38.8,43.8,34.7,0.0,observed
2025-05-25,3,35.8,40.5,29.5,0.0,observed
2025-05-26,3,36.9,43.6,28.9,0.0,observed
2025-05-27,3,38.4,44.3,31.3,0.0,observed
2025-05-28,3,36.5,41.6,31.6,0.0,observed
2025-05-29,3,32.9,37.3,28.0,0.0,observed
2025-05-30,3,31.9,36.6,26.9,0.0,observed
2025-05-31,3,32.9,39.1,25.2,0.0,observed
2025-06-01,3,35.4,42.7,26.8,0.0,observed
2025-06-02,3,33.6,38.5,28.0,0.0,observed
2025-06-03,3,31.1,34.8,26.8,0.0,observed
2025-06-04,3,31.7,35.9,26.4,0.0,observed
2025-06-05,3,33.1,38.7,26.5,0.0,observed
2025-06-06,3,34.6,40.3,27.5,0.0,observed
2025-06-07,3,35.8,41.0,28.4,0.0,observed
2025-06-08,3,36.3,42.2,28.4,0.0,observed
2025-06-09,3,37.3,43.8,28.8,0.0,observed
2025-06-10,3,39.3,44.3,32.4,0.0,observed
2025-06-11,3,38.9,44.6,31.5,0.0,observed
2025-06-12,3,39.9,46.1,32.4,0.0,observed
2025-06-13,3,41.0,47.6,32.9,0.0,observed
2025-06-14,3,41.0,47.7,32.8,0.0,observed
2025-06-15,3,41.2,48.0,33.6,0.0,observed
2025-06-16,3,38.0,42.8,32.9,0.0,observed
2025-06-17,3,35.6,40.7,29.7,0.0,observed
2025-06-18,3,34.4,39.6,27.5,0.0,observed
2025-06-19,3,35.2,41.6,27.3,0.0,observed
2025-06-20,3,37.5,43.8,30.9,0.0,observed
2025-06-21,3,36.8,42.4,29.3,0.0,observed
2025-06-22,3,37.2,42.9,29.9,0.0,observed
2025-06-23,3,37.6,43.5,30.0,0.0,observed
2025-06-24,3,37.5,43.1,31.9,0.0,observed
2025-06-25,3,38.1,44.7,31.3,0.0,observed
2025-06-26,3,39.1,45.9,31.8,0.0,observed
2025-06-27,3,40.1,45.7,33.4,0.0,observed
2025-06-28,3,40.4,46.4,32.9,0.0,observed
2025-06-29,3,40.4,46.5,33.1,0.0,observed
2025-06-30,3,39.0,44.9,33.0,0.0,observed
2025-07-01,3,34.8,38.8,30.0,0.0,observed
2025-07-02,3,35.6,40.8,28.9,0.0,observed
2025-07-03,3,36.2,41.3,29.4,0.0,observed
2025-07-04,3,34.8,40.0,29.4,0.0,observed
2025-07-05,3,33.6,38.6,28.5,0.0,observed
2025-07-06,3,34.1,40.0,27.3,0.0,observed
2025-07-07,3,37.3,43.6,30.3,0.0,observed
2025-07-08,3,38.4,44.5,31.8,0.0,observed
2025-07-09,3,38.8,44.7,32.2,0.0,observed
2025-07-10,3,39.9,45.7,33.5,0.0,observed
2025-07-11,3,41.5,47.5,34.7,0.0,observed
2025-07-12,3,41.9,47.6,35.6,0.0,observed
2025-07-13,3,43.1,49.7,36.9,0.0,observed
2025-07-14,3,42.0,47.8,37.2,0.0,observed
2025-07-15,3,41.4,45.7,36.7,0.0,observed
2025-07-16,3,41.3,47.4,33.5,0.0,observed
2025-07-17,3,39.9,45.7,32.9,0.0,observed
2025-07-18,3,39.3,44.4,32.7,0.0,observed
2025-07-19,3,39.8,44.7,34.4,0.0,observed
2025-07-20,3,38.6,44.1,31.6,0.0,observed
2025-07-21,3,38.8,44.2,32.2,0.0,observed
2025-07-22,3,39.5,44.8,32.9,0.0,observed
2025-07-23,3,41.0,47.2,34.4,0.0,observed
2025-07-24,3,40.1,45.5,33.9,0.0,observed
2025-07-25,3,41.7,48.0,34.4,0.0,observed
2025-07-26,3,43.6,50.0,35.4,0.0,observed
2025-07-27,3,43.8,50.7,35.3,0.0,observed
2025-07-28,3,44.2,51.1,36.2,0.0,observed
2025-07-29,3,42.2,48.4,34.2,0.0,observed
2025-07-30,3,41.1,46.0,35.0,0.0,observed
2025-07-31,3,41.4,47.0,35.2,0.0,observed
2025-08-01,3,39.6,44.3,34.2,0.0,observed
2025-08-02,3,40.1,45.4,34.6,0.0,observed
2025-08-03,3,40.0,45.2,34.3,0.0,observed
2025-08-04,3,40.6,45.8,34.8,0.0,observed
2025-08-05,3,40.3,45.2,35.0,0.0,observed
2025-08-06,3,39.8,45.0,33.9,0.0,observed
2025-08-07,3,40.3,46.4,33.4,0.0,observed
2025-08-08,3,40.5,46.4,33.0,0.0,observed
2025-08-09,3,41.1,47.3,33.3,0.0,observed
2025-08-10,3,41.9,48.0,33.5,0.0,observed
2025-08-11,3,42.1,47.7,35.6,0.0,observed
2025-08-12,3,41.8,47.4,35.4,0.0,observed
2025-08-13,3,40.5,45.9,34.2,0.0,observed
2025-08-14,3,40.0,47.3,31.5,0.0,observed
2025-08-15,3,41.1,46.8,35.0,0.0,observed
2025-08-16,3,39.2,45.3,32.5,0.0,observed
2025-08-17,3,38.7,45.2,33.2,0.0,observed
2025-08-18,3,37.2,42.2,31.5,0.0,observed
2025-08-19,3,36.8,41.9,31.8,0.0,observed
2025-08-20,3,36.1,41.1,30.3,0.0,observed
2025-08-21,3,36.6,41.7,30.2,0.0,observed
2025-08-22,3,37.8,43.8,31.1,0.0,observed
2025-08-23,3,38.7,44.1,32.5,0.0,observed
2025-08-24,3,38.5,44.9,31.2,0.0,observed
2025-08-25,3,38.4,44.6,31.3,0.0,observed
2025-08-26,3,37.6,42.6,32.2,0.0,observed
2025-08-27,3,36.2,41.2,30.7,0.0,observed
2025-08-28,3,36.4,41.9,30.7,0.0,observed
2025-08-29,3,37.3,42.5,32.0,0.0,observed
2025-08-30,3,38.0,44.0,32.1,0.0,observed
2025-08-31,3,36.7,42.2,31.8,0.0,observed
2025-09-01,3,34.8,39.1,29.5,0.0,observed
2025-09-02,3,35.8,40.9,29.6,0.0,observed
2025-09-03,3,36.8,43.2,30.4,0.0,observed
2025-09-04,3,37.7,43.7,31.0,0.0,observed
2025-09-05,3,37.6,43.4,30.8,0.0,observed
2025-09-06,3,37.2,42.5,30.7,0.0,observed
2025-09-07,3,37.4,43.3,30.8,0.0,observed
2025-09-08,3,38.1,44.2,31.1,0.0,observed
2025-09-09,3,37.2,43.0,31.7,0.0,observed
2025-09-10,3,36.0,41.2,30.6,0.0,observed
2025-09-11,3,34.7,39.1,29.5,0.0,observed
2025-09-12,3,34.1,38.9,28.8,0.0,observed
2025-09-13,3,33.2,38.4,27.2,0.0,observed
2025-09-14,3,34.0,39.9,26.9,0.0,observed
2025-09-15,3,34.8,40.3,28.0,0.0,observed
2025-09-16,3,35.9,42.0,28.0,0.0,observed
2025-09-17,3,36.9,43.3,29.7,0.0,observed
2025-09-18,3,37.5,45.0,30.5,0.0,observed
2025-09-19,3,34.0,38.2,30.0,0.0,observed
2025-09-20,3,29.6,34.2,24.3,0.0,observed
2025-09-21,3,29.8,35.6,23.6,0.0,observed
2025-09-22,3,28.6,34.0,22.5,0.0,observed
2025-09-23,3,28.6,35.1,21.4,0.0,observed
2025-09-24,3,29.7,35.3,23.0,0.0,observed
2025-09-25,3,30.5,37.7,23.0,0.0,observed
2025-09-26,3,31.6,37.9,24.6,0.0,observed
2025-09-27,3,31.7,37.7,25.3,0.0,observed
2025-09-28,3,32.3,38.0,25.7,0.0,observed
2025-09-29,3,32.3,38.2,25.7,0.0,observed
2025-09-30,3,31.7,38.3,25.0,0.0,observed
2025-10-01,3,30.7,35.4,26.1,0.0,observed
2025-10-02,3,29.7,34.7,24.6,0.0,observed
2025-10-03,3,29.5,34.6,24.3,0.0,observed
2025-10-04,3,30.3,37.1,23.7,0.0,observed
2025-10-05,3,31.1,38.3,24.1,0.0,observed
2025-10-06,3,31.9,38.9,25.3,0.0,observed
2025-10-07,3,32.3,38.9,26.1,0.0,observed
2025-10-08,3,32.1,38.7,25.8,0.0,observed
2025-10-09,3,29.9,35.5,23.7,0.0,observed
2025-10-10,3,27.9,32.8,23.2,0.0,observed
2025-10-11,3,25.6,30.4,20.7,0.0,observed
2025-10-12,3,27.1,33.2,20.1,0.0,observed
2025-10-13,3,26.6,30.1,23.1,0.0,observed
2025-10-14,3,24.2,30.1,18.7,0.0,observed
2025-10-15,3,26.1,33.0,19.3,0.0,observed
2025-10-16,3,28.1,35.0,21.3,0.0,observed
2025-10-17,3,29.1,35.6,22.7,0.0,observed
2025-10-18,3,29.4,35.6,23.3,0.0,observed
2025-10-19,3,28.6,35.2,22.7,0.0,observed
2025-10-20,3,25.6,29.9,20.9,0.0,observed
2025-10-21,3,26.6,31.7,21.3,0.0,observed
2025-10-22,3,27.7,33.3,21.9,0.0,observed
2025-10-23,3,28.0,34.2,21.7,0.0,observed
2025-10-24,3,28.0,34.1,21.6,0.0,observed
2025-10-25,3,27.9,34.3,23.1,0.0,observed
2025-10-26,3,26.2,30.9,21.6,0.0,observed
2025-10-27,3,26.4,31.6,21.5,0.0,observed
2025-10-28,3,26.0,32.1,20.2,0.0,observed
2025-10-29,3,26.5,32.9,20.2,0.0,observed
2025-10-30,3,25.9,32.2,20.2,0.0,observed
2025-10-31,3,23.1,29.7,16.9,0.0,observed
2025-11-01,3,21.5,28.0,15.6,0.0,observed
2025-11-02,3,21.5,28.7,15.2,0.0,observed
2025-11-03,3,21.8,29.3,14.9,0.0,observed
2025-11-04,3,22.4,29.7,15.8,0.0,observed
2025-11-05,3,24.0,31.3,17.8,0.0,observed
2025-11-06,3,24.8,31.9,18.5,0.0,observed
2025-11-07,3,25.0,32.1,19.2,0.0,observed
2025-11-08,3,24.0,31.0,18.4,0.0,observed
2025-11-09,3,23.8,31.1,17.5,0.0,observed
2025-11-10,3,24.1,30.7,18.4,0.0,observed
2025-11-11,3,22.8,29.5,17.3,0.0,observed
2025-11-12,3,21.9,28.7,15.6,0.0,observed
2025-11-13,3,22.0,28.7,16.0,0.0,observed
2025-11-14,3,23.2,28.9,17.7,0.0,observed
2025-11-15,3,19.3,24.4,17.1,9.7,observed
2025-11-16,3,19.4,25.1,15.5,0.0,observed
2025-11-17,3,17.8,22.1,14.8,0.0,observed
2025-11-18,3,16.1,21.8,11.3,0.0,observed
2025-11-19,3,16.8,22.9,11.6,0.0,observed
2025-11-20,3,17.1,23.8,11.1,0.0,observed
2025-11-21,3,18.0,25.3,11.7,0.0,observed
2025-11-22,3,18.1,26.2,11.3,0.0,observed
2025-11-23,3,18.2,26.4,11.2,0.0,observed
2025-11-24,3,18.5,26.3,11.6,0.0,observed
2025-11-25,3,18.2,24.7,12.1,0.0,observed
2025-11-26,3,19.1,25.0,14.5,0.0,observed
2025-11-27,3,17.6,23.3,12.5,0.0,observed
2025-11-28,3,17.0,23.2,12.0,0.0,observed
2025-11-29,3,18.0,24.1,12.6,0.0,observed
2025-11-30,3,20.2,25.9,14.3,0.1,observed
2025-12-01,3,20.4,24.8,17.1,0.0,observed
2025-12-02,3,18.4,23.5,14.8,0.0,observed
2025-12-03,3,17.6,22.9,13.4,0.0,observed
2025-12-04,3,16.0,21.2,11.4,0.0,observed
2025-12-05,3,16.9,22.0,12.1,0.0,observed
2025-12-06,3,19.7,26.6,13.9,0.0,observed
2025-12-07,3,22.2,25.9,18.2,0.1,observed
2025-12-08,3,19.2,24.3,16.7,12.0,observed
2025-12-09,3,18.2,21.8,15.7,16.4,observed
2025-12-10,3,15.8,17.9,13.5,3.0,observed
2025-12-11,3,13.7,17.1,10.5,0.3,observed
2025-12-12,3,13.2,14.5,11.6,4.1,observed
2025-12-13,3,12.7,15.8,10.6,0.1,observed
2025-12-14,3,12.6,16.4,10.1,0.0,observed
2025-12-15,3,10.9,13.3,8.3,0.0,observed
2025-12-16,3,11.3,14.8,8.7,0.0,observed
2025-12-17,3,11.2,14.8,9.3,8.0,observed
2025-12-18,3,12.7,17.1,10.1,1.1,observed
2025-12-19,3,12.9,17.8,9.9,0.0,observed
2025-12-20,3,12.0,17.3,7.5,0.0,observed
2025-12-21,3,12.5,18.1,7.2,0.0,observed
2025-12-22,3,13.5,18.0,10.8,0.0,observed
2025-12-23,3,14.2,19.4,10.7,4.2,observed
2025-12-24,3,13.6,17.0,12.2,3.2,observed
2025-12-25,3,12.6,17.2,9.5,0.0,observed
2025-12-26,3,11.2,15.9,7.6,0.0,observed
2025-12-27,3,12.3,16.5,8.3,0.0,observed
2025-12-28,3,12.7,17.3,8.4,0.5,observed
2025-12-29,3,9.9,14.3,6.5,2.6,observed
2025-12-30,3,7.9,11.8,3.9,0.0,observed
2025-12-31,3,8.2,13.1,3.4,0.0,observed
2026-01-01,3,12.0,17.1,8.3,0.0,observed
2026-01-02,3,13.3,18.5,9.9,0.0,observed
2026-01-03,3,10.9,14.7,7.6,0.0,observed
2026-01-04,3,7.6,12.6,3.2,0.0,observed
2026-01-05,3,8.7,14.4,4.5,0.0,observed
2026-01-06,3,9.3,16.0,3.7,0.0,observed
2026-01-07,3,10.4,17.5,4.4,0.0,observed
2026-01-08,3,12.1,19.2,5.8,0.0,observed
2026-01-09,3,14.1,19.3,9.0,7.1,observed
2026-01-10,3,11.9,15.1,9.6,9.5,observed
2026-01-11,3,10.5,15.3,6.1,0.0,observed
2026-01-12,3,12.3,17.1,7.5,0.0,observed
2026-01-13,3,14.0,16.5,11.8,1.7,observed
2026-01-14,3,11.2,13.8,8.8,0.0,observed
2026-01-15,3,8.7,12.0,6.6,0.4,observed
2026-01-16,3,7.5,12.0,3.6,0.0,observed
2026-01-17,3,8.0,12.4,3.5,0.0,observed
2026-01-18,3,9.8,15.5,4.9,0.0,observed
2026-01-19,3,10.6,15.9,7.2,0.2,observed
2026-01-20,3,7.5,9.5,5.2,1.1,observed
2026-01-21,3,6.5,11.7,2.2,0.0,observed
2026-01-22,3,7.5,12.7,2.9,0.0,observed
2026-01-23,3,9.5,12.6,6.7,2.0,observed
2026-01-24,3,12.0,18.1,7.7,0.2,observed
2026-01-25,3,12.0,16.5,8.2,0.0,observed
2026-01-26,3,11.4,17.1,6.8,0.0,observed
2026-01-27,3,12.7,19.5,6.0,0.0,observed
2026-01-28,3,15.4,20.0,12.4,2.0,observed
2026-01-29,3,13.9,18.8,10.1,0.0,observed
2026-01-30,3,12.7,16.0,8.1,0.0,observed
2026-01-31,3,17.2,22.6,12.5,0.0,observed
2026-02-01,3,18.4,24.8,12.7,0.0,observed
2026-02-02,3,20.1,26.4,14.7,0.0,observed
2026-02-03,3,18.4,21.3,13.4,5.6,observed
2026-02-04,3,14.7,17.9,12.1,0.5,observed
2026-02-05,3,13.6,18.1,9.0,0.0,observed
2026-02-06,3,14.5,19.2,9.0,0.0,observed
2026-02-07,3,14.7,18.4,11.8,4.4,observed
2026-02-08,3,16.3,20.5,13.0,13.8,observed
2026-02-09,3,18.1,24.4,13.7,0.0,observed
2026-02-10,3,20.3,26.3,16.2,0.0,observed
2026-02-11,3,18.9,22.6,15.9,0.0,observed
2026-02-12,3,18.3,23.9,14.0,0.0,observed
2026-02-13,3,20.1,26.3,14.5,0.0,observed
2026-02-14,3,21.2,25.5,18.4,0.0,observed
2026-02-15,3,18.3,22.5,13.8,0.0,observed
2026-02-16,3,18.3,24.4,12.2,0.0,observed
2026-02-17,3,19.0,25.6,11.3,0.0,observed
2026-02-18,3,22.5,28.9,15.7,0.0,observed
2026-02-19,3,20.1,24.3,15.7,0.0,observed
2026-02-20,3,18.2,24.1,12.4,0.0,observed
2026-02-21,3,17.7,24.7,10.1,0.0,observed
2026-02-22,3,21.3,29.5,12.5,0.0,observed
2026-02-23,3,20.9,26.7,14.9,0.0,observed
2026-02-24,3,18.8,23.6,14.8,0.3,observed
2026-02-25,3,17.2,21.5,12.5,0.0,observed
2026-02-26,3,19.0,24.5,12.6,0.0,observed
2026-02-27,3,16.3,19.2,11.5,0.0,observed
2026-02-28,3,13.6,17.8,8.7,0.0,observed
2026-03-01,3,13.5,17.6,8.9,0.0,observed
2026-03-02,3,13.1,17.3,8.4,0.0,observed
2026-03-03,3,13.8,19.2,8.0,0.0,observed
2026-03-04,3,14.5,19.4,8.4,0.0,observed
2026-03-05,3,13.4,16.5,7.8,3.7,observed
2026-03-06,3,13.9,18.4,8.1,0.0,observed
2026-03-07,3,16.2,21.4,10.1,0.0,observed
2026-03-08,3,15.0,18.9,12.4,0.0,observed
2026-03-09,3,13.4,17.7,8.0,0.0,observed
2026-03-10,3,14.9,20.5,8.9,0.0,observed
2026-03-11,3,16.8,21.3,9.9,0.0,observed
2026-03-12,3,18.0,22.7,15.0,1.1,observed
2026-03-13,3,19.1,24.1,13.3,0.0,observed
2026-03-14,3,19.6,23.2,15.7,0.5,observed
2026-03-15,3,19.9,23.1,16.8,13.5,observed
2026-03-16,3,18.1,21.7,16.0,6.1,observed
2026-03-17,3,17.4,22.3,12.5,0.0,observed
2026-03-18,3,18.4,23.8,13.3,0.0,observed
2026-03-19,3,15.9,20.2,14.2,25.6,observed
2026-03-20,3,17.1,21.0,13.1,0.8,observed
2026-03-21,3,16.5,21.3,13.2,6.4,observed
2026-03-22,3,17.7,23.1,14.8,6.3,observed
2026-03-23,3,17.2,21.5,13.5,1.5,observed
2026-03-24,3,16.3,20.7,13.9,11.9,observed
2026-03-25,3,16.2,20.1,13.9,9.1,observed
2026-03-26,3,15.3,19.9,13.3,37.3,observed
2026-03-27,3,14.2,16.7,11.6,3.2,observed
2026-03-28,3,16.7,20.7,12.4,0.0,observed
2026-03-29,3,17.5,22.0,13.4,3.0,observed
2026-03-30,3,17.8,22.2,14.8,1.2,observed
2026-03-31,3,16.6,20.8,12.9,2.2,observed
2026-04-01,3,16.8,21.4,12.3,0.0,observed
2026-04-02,3,17.5,20.4,14.1,0.0,observed
2026-04-03,3,20.4,25.8,15.6,1.4,observed
2026-04-04,3,19.1,22.4,16.9,0.0,observed
2026-04-05,3,18.4,23.0,14.1,0.0,observed
2026-04-06,3,18.9,23.2,14.1,0.0,observed
2026-04-07,3,20.3,25.9,15.2,0.0,observed
2026-04-08,3,18.9,23.4,14.1,0.0,observed
2026-04-09,3,21.3,26.7,15.9,0.0,observed
2026-04-10,3,24.2,29.6,18.4,0.0,observed
2026-04-11,3,23.4,30.7,18.3,2.8,observed
2026-04-12,3,21.3,27.9,17.3,0.0,observed
2026-04-13,3,19.5,23.7,15.0,0.0,observed
2026-04-14,3,19.1,24.4,14.4,0.0,observed
2026-04-15,3,19.8,25.8,13.7,0.0,observed
2026-04-16,3,21.6,27.2,15.3,0.0,observed
2026-04-17,3,24.1,30.8,16.1,0.0,observed
2026-04-18,3,25.7,34.1,18.9,0.2,observed
2026-04-19,3,24.6,28.9,19.7,1.6,observed
2026-04-20,3,23.6,29.7,19.9,6.5,observed
2026-04-21,3,22.1,26.9,16.5,0.9,observed
2026-04-22,3,22.5,27.0,17.7,0.0,observed
2026-04-23,3,24.3,30.3,16.7,0.0,observed
2026-04-24,3,28.3,34.1,21.5,0.0,observed
2026-04-25,3,27.6,33.6,22.8,0.0,observed
2026-04-26,3,26.1,31.3,20.3,2.3,observed
2026-04-27,3,25.8,30.7,20.8,2.3,observed
2026-04-28,3,21.9,25.8,19.2,8.6,observed
2026-04-29,3,23.8,28.4,18.2,0.0,observed
2026-04-30,3,26.6,30.8,21.2,0.0,observed
2026-05-01,3,27.6,32.7,20.9,0.0,observed
2026-05-02,3,28.0,33.6,21.5,0.0,observed
2026-05-03,3,32.1,38.3,24.5,0.3,observed
2026-05-04,3,28.8,34.0,25.2,0.0,observed
2026-05-05,3,25.2,29.1,21.6,0.0,observed
2026-05-06,3,23.2,27.6,17.7,0.0,observed
2026-05-07,3,24.0,29.3,17.7,0.0,observed
2026-05-08,3,25.8,31.0,19.3,0.0,observed
2026-05-09,3,27.2,32.8,20.4,0.0,observed
2026-05-10,3,29.5,35.7,22.0,0.0,observed
2026-05-11,3,32.8,39.5,25.3,0.0,observed
2026-05-12,3,34.2,40.4,29.0,0.0,observed
2026-05-13,3,33.1,39.3,27.0,0.0,observed
2026-05-14,3,30.7,35.1,26.1,0.0,observed
2026-05-15,3,31.8,38.7,25.4,0.0,observed
2026-05-16,3,27.1,29.3,24.4,0.0,observed
2026-05-17,3,27.2,31.1,22.4,0.0,observed
2026-05-18,3,31.2,38.8,24.1,0.0,observed
2026-05-19,3,29.1,33.4,26.0,0.0,observed
2026-05-20,3,27.9,32.9,22.0,0.0,observed
2026-05-21,3,27.8,31.2,24.8,0.0,observed
2026-05-22,3,27.8,32.3,22.6,0.0,observed
2026-05-23,3,30.4,35.5,23.8,0.0,observed
2026-05-24,3,30.9,35.1,26.4,0.0,observed
2026-05-25,3,29.4,34.3,24.1,0.0,observed
2026-05-26,3,31.1,36.5,24.4,0.0,observed
2026-05-27,3,33.2,39.2,26.3,0.0,observed
2026-05-28,3,36.9,44.5,28.9,0.0,observed
2026-05-29,3,31.8,37.8,28.4,0.0,observed
2026-05-30,3,30.2,34.9,25.0,0.0,observed
2026-05-31,3,31.5,36.4,25.8,0.0,observed
2026-06-01,3,32.8,38.6,25.9,0.0,observed
2026-06-02,3,35.6,41.6,28.5,0.0,observed
2026-06-03,3,36.6,42.8,29.7,0.0,observed
2026-06-04,3,35.4,40.8,29.2,0.0,observed
2026-06-05,3,34.5,40.1,28.1,0.0,observed
2026-06-06,3,35.7,41.7,28.7,0.0,observed
2026-06-07,3,34.6,39.3,28.9,0.0,observed
2026-06-08,3,35.0,40.7,28.5,0.0,observed
2026-06-09,3,36.5,42.9,28.9,0.0,observed
2026-06-10,3,38.6,44.6,30.9,0.0,observed
2026-06-11,3,38.0,43.8,31.9,0.0,observed
2026-06-12,3,36.1,41.8,29.4,0.0,observed
2026-06-13,3,35.8,40.9,30.2,0.0,observed
2026-06-14,3,35.3,40.1,29.6,0.0,observed
2026-06-15,3,34.0,38.6,28.5,0.0,observed
2026-06-16,3,34.8,39.8,28.6,0.0,observed
2026-06-17,3,37.3,43.3,30.7,0.0,observed
2026-06-18,3,38.8,44.3,32.4,0.0,observed
2026-06-19,3,39.3,45.4,31.9,0.0,observed
2026-06-20,3,40.4,46.9,32.9,0.0,observed
2026-06-21,3,40.1,45.9,33.7,0.0,observed
2026-06-22,3,40.4,46.6,33.6,0.0,observed
2026-06-23,3,41.8,48.2,34.3,0.0,observed
2026-06-24,3,36.1,39.0,32.1,0.0,observed
2026-06-25,3,36.6,41.2,31.0,0.0,observed
2026-06-26,3,37.9,42.5,32.7,0.0,observed
2026-06-27,3,37.7,42.3,32.4,0.0,observed
2026-06-28,3,37.8,42.5,31.4,0.0,observed
2026-06-29,3,37.6,41.9,32.2,0.0,observed
2026-06-30,3,38.0,43.8,31.6,0.0,observed
2026-07-01,3,38.7,43.3,33.0,0.0,observed
2026-07-02,3,39.5,45.3,32.5,0.0,observed
2026-07-03,3,38.6,43.1,33.6,0.0,observed
2026-07-04,3,37.9,42.6,32.4,0.0,observed
2026-07-05,3,39.2,44.0,34.1,0.0,observed
2026-07-06,3,39.7,44.5,33.9,0.0,observed
2026-07-07,3,39.6,44.2,34.1,0.0,observed
2026-07-08,3,37.8,41.7,33.8,0.0,observed
2026-07-09,3,37.1,41.5,32.6,0.0,observed
2026-07-10,3,37.6,42.5,32.0,0.0,observed
2026-07-11,3,37.7,42.7,32.2,0.0,observed
2026-07-12,3,38.2,44.3,31.0,0.0,observed
2026-07-13,3,40.2,46.5,33.4,0.0,observed
2026-07-14,3,40.6,46.4,34.4,0.0,observed
2026-07-15,3,40.3,45.5,34.0,0.0,observed
2026-07-16,3,39.9,45.2,33.9,0.0,observed
2026-07-17,3,40.2,45.3,34.8,0.0,observed
2026-07-18,3,41.1,47.0,33.9,0.0,observed
2026-07-19,3,40.7,46.4,34.6,0.0,observed
2026-07-20,3,39.4,43.7,34.1,0.0,observed
2026-07-21,3,40.2,45.7,34.1,0.0,observed
2026-07-22,3,40.8,46.2,35.2,0.0,observed
2026-07-23,3,40.1,45.8,34.2,0.0,observed
2026-07-24,3,39.3,44.5,34.3,0.0,observed
2026-07-25,3,38.9,44.2,32.7,0.0,observed
2026-07-26,3,37.5,42.3,32.2,0.0,observed
2026-07-27,3,36.5,41.2,31.0,0.0,observed
2026-07-28,3,37.5,42.8,31.6,0.0,observed
2026-07-29,3,38.6,44.5,32.1,0.0,observed
2026-07-30,3,40.4,46.9,33.4,0.0,observed
2026-07-31,3,41.8,48.1,34.4,0.0,observed
2026-08-01,3,42.5,48.4,36.4,0.0,observed
2026-08-02,3,43.2,48.2,38.3,0.0,observed
2026-08-03,3,42.8,48.2,37.3,0.0,observed
2026-08-04,3,42.4,48.4,35.9,0.0,observed
2026-08-05,3,42.4,48.0,36.5,0.0,observed
2026-08-06,3,41.7,47.9,34.8,0.0,observed
2026-08-07,3,41.0,46.6,34.9,0.0,observed
2026-08-08,3,40.5,46.5,34.1,0.0,observed
2026-08-09,3,41.0,46.6,35.0,0.0,observed
2026-08-10,3,41.2,47.0,34.6,0.0,observed
2026-08-11,3,42.5,48.1,35.2,0.0,observed
2026-08-12,3,42.4,49.0,35.8,0.0,observed
2026-08-13,3,41.1,47.8,33.7,0.0,observed
2026-08-14,3,41.3,47.2,34.6,0.0,observed
2026-08-15,3,40.1,45.4,34.0,0.0,observed
2026-08-16,3,40.0,45.9,33.9,0.0,observed
2026-08-17,3,40.1,45.6,34.2,0.0,observed
2026-08-18,3,39.5,44.7,34.1,0.0,observed
2026-08-19,3,36.6,40.8,31.6,0.0,observed
2026-08-20,3,37.3,42.5,31.4,0.0,observed
2026-08-21,3,37.4,42.4,31.8,0.0,observed
2026-08-22,3,38.0,43.9,31.4,0.0,observed
2026-08-23,3,38.4,44.2,31.0,0.0,observed
2026-08-24,3,39.7,46.1,32.7,0.0,observed
2026-08-25,3,40.8,48.2,34.2,0.0,observed
2026-08-26,3,41.4,48.4,34.3,0.0,observed
2026-08-27,3,40.5,46.5,35.1,0.0,observed
2026-08-28,3,39.6,45.3,33.0,0.0,observed
2026-08-29,3,40.6,47.0,35.4,0.0,observed
2026-08-30,3,37.9,41.3,33.7,0.0,observed
2026-08-31,3,34.2,38.5,29.4,0.0,observed
2026-09-01,3,34.6,39.2,29.1,0.0,observed
2026-09-02,3,36.0,41.1,30.4,0.0,observed
2026-09-03,3,37.2,43.4,30.4,0.0,observed
2026-09-04,3,37.8,43.5,31.5,0.0,observed
2026-09-05,3,38.4,44.8,31.4,0.0,observed
2026-09-06,3,39.0,45.4,32.1,0.0,observed
2026-09-07,3,38.1,42.8,32.5,0.0,observed
2026-09-08,3,36.4,41.6,31.5,0.0,observed
2026-09-09,3,35.0,40.7,28.8,0.0,observed
2026-09-10,3,35.8,42.1,27.5,0.0,observed
2026-09-11,3,37.4,43.9,30.4,0.0,observed
2026-09-12,3,37.5,43.5,31.2,0.0,observed
2026-09-13,3,36.9,43.6,29.8,0.0,observed
2026-09-14,3,36.9,44.1,30.0,0.0,observed
2026-09-15,3,36.1,41.9,30.3,0.0,observed
2026-09-16,3,36.1,42.4,29.2,0.0,observed
2026-09-17,3,36.6,43.1,28.9,0.0,observed
2026-09-18,3,36.0,41.6,31.8,0.0,observed
2026-09-19,3,33.4,39.1,28.8,0.0,observed
2026-09-20,3,31.8,36.7,26.5,0.0,observed
2026-09-21,3,33.9,39.6,27.3,0.0,observed
2026-09-22,3,36.7,43.7,28.8,0.0,observed
2026-09-23,3,36.6,42.9,31.3,0.0,observed
2026-09-24,3,35.3,41.3,29.7,0.0,observed
2026-09-25,3,35.5,41.7,29.0,0.0,observed
2026-09-26,3,36.9,43.4,30.3,0.0,observed
2026-09-27,3,37.1,43.5,30.4,0.0,observed
2026-09-28,3,34.0,38.1,30.3,0.0,observed
2026-09-29,3,31.3,35.9,26.9,0.0,forecast
2026-09-30,3,29.3,33.6,24.1,0.0,forecast
2026-10-01,3,31.1,37.6,24.6,0.0,forecast
2026-10-02,3,30.0,33.9,26.7,0.0,forecast
2026-10-03,3,28.8,33.0,25.1,0.0,forecast
2026-10-04,3,29.0,34.7,22.7,0.2,forecast
2026-10-05,3,29.3,34.7,24.9,0.4,forecast
2026-10-06,3,31.4,36.7,27.0,0.0,forecast
2026-10-07,3,31.0,34.5,28.8,0.0,forecast
2026-10-08,3,31.1,36.9,26.5,0.0,forecast
2026-10-09,3,30.7,36.5,26.3,2.4,forecast
2026-10-10,3,31.5,38.8,26.2,0.6,forecast
2026-10-11,3,33.6,39.9,29.3,0.0,forecast
2026-10-12,3,31.9,36.9,29.0,0.0,forecast
2026-10-13,3,31.5,36.2,27.1,0.0,forecast
2025-01-01,4,12.8,18.0,8.1,0.0,observed
2025-01-02,4,12.8,18.9,7.7,0.0,observed
2025-01-03,4,11.3,17.1,6.0,0.0,observed
2025-01-04,4,10.8,16.0,5.5,0.0,observed
2025-01-05,4,12.0,16.3,7.4,0.2,observed
2025-01-06,4,13.4,17.8,10.2,0.3,observed
2025-01-07,4,12.0,14.7,10.0,2.9,observed
2025-01-08,4,12.4,17.3,8.6,0.0,observed
2025-01-09,4,12.7,18.7,8.1,0.0,observed
2025-01-10,4,13.1,19.1,8.0,0.0,observed
2025-01-11,4,11.9,15.4,9.5,0.5,observed
2025-01-12,4,11.2,15.0,8.6,0.0,observed
2025-01-13,4,11.4,16.8,6.5,0.0,observed
2025-01-14,4,12.1,17.4,8.2,0.0,observed
2025-01-15,4,12.7,17.7,8.1,0.0,observed
2025-01-16,4,14.4,19.4,11.2,0.0,observed
2025-01-17,4,13.3,18.3,9.1,0.0,observed
2025-01-18,4,12.5,17.9,8.3,0.0,observed
2025-01-19,4,11.7,16.1,7.8,0.0,observed
2025-01-20,4,12.0,17.8,7.2,0.0,observed
2025-01-21,4,11.2,16.9,6.2,0.0,observed
2025-01-22,4,10.8,16.1,5.4,0.0,observed
2025-01-23,4,12.8,17.7,8.8,0.0,observed
2025-01-24,4,14.4,19.2,10.8,0.0,observed
2025-01-25,4,14.2,19.5,9.2,0.0,observed
2025-01-26,4,14.2,19.3,9.4,0.0,observed
2025-01-27,4,14.2,18.8,9.6,0.0,observed
2025-01-28,4,13.3,19.0,7.8,0.0,observed
2025-01-29,4,13.5,19.0,8.1,0.0,observed
2025-01-30,4,13.8,19.7,8.4,0.0,observed
2025-01-31,4,13.4,19.3,8.1,0.0,observed
2025-02-01,4,13.1,19.2,6.5,0.0,observed
2025-02-02,4,13.3,19.6,7.5,0.0,observed
2025-02-03,4,13.2,18.9,6.8,0.0,observed
2025-02-04,4,15.4,21.9,9.4,0.0,observed
2025-02-05,4,17.7,22.8,13.9,0.0,observed
2025-02-06,4,13.2,16.6,10.3,3.4,observed
2025-02-07,4,11.0,14.2,8.0,0.0,observed
2025-02-08,4,9.3,12.8,7.4,0.1,observed
2025-02-09,4,8.6,13.5,3.7,0.0,observed
2025-02-10,4,10.1,14.9,5.6,0.0,observed
2025-02-11,4,12.0,18.2,6.4,0.0,observed
2025-02-12,4,13.9,21.1,7.5,0.0,observed
2025-02-13,4,14.7,20.0,9.6,0.0,observed
2025-02-14,4,13.8,16.5,10.5,0.0,observed
2025-02-15,4,12.7,17.3,7.6,0.0,observed
2025-02-16,4,10.7,14.0,6.6,0.2,observed
2025-02-17,4,12.6,17.9,7.4,0.0,observed
2025-02-18,4,14.0,19.4,8.0,0.0,observed
2025-02-19,4,15.9,21.0,9.6,0.0,observed
2025-02-20,4,14.9,17.9,12.3,0.1,observed
2025-02-21,4,14.1,17.7,10.4,0.0,observed
2025-02-22,4,11.0,13.0,8.8,0.2,observed
2025-02-23,4,7.7,10.7,5.4,0.0,observed
2025-02-24,4,6.3,9.7,3.7,0.0,observed
2025-02-25,4,6.4,10.9,1.6,0.0,observed
2025-02-26,4,8.0,13.7,2.0,0.0,observed
2025-02-27,4,9.7,15.1,4.2,0.0,observed
2025-02-28,4,10.4,15.7,4.3,0.0,observed
2025-03-01,4,12.3,17.7,5.9,0.0,observed
2025-03-02,4,14.0,18.6,8.5,0.0,observed
2025-03-03,4,14.9,20.0,8.9,0.0,observed
2025-03-04,4,17.1,22.3,11.5,0.0,observed
2025-03-05,4,14.6,17.7,12.3,5.5,observed
2025-03-06,4,16.9,22.9,11.6,0.2,observed
2025-03-07,4,17.5,21.5,15.1,28.8,observed
2025-03-08,4,16.3,18.9,14.8,1.1,observed
2025-03-09,4,15.0,18.0,12.9,5.4,observed
2025-03-10,4,15.7,20.2,11.7,3.3,observed
2025-03-11,4,16.8,21.1,11.8,0.5,observed
2025-03-12,4,18.1,23.5,13.6,0.0,observed
2025-03-13,4,19.4,26.0,14.5,0.0,observed
2025-03-14,4,19.7,26.4,14.8,0.0,observed
2025-03-15,4,20.9,27.4,15.5,0.0,observed
2025-03-16,4,23.9,31.3,16.7,0.0,observed
2025-03-17,4,25.1,31.5,17.8,0.0,observed
2025-03-18,4,24.9,31.1,18.5,0.0,observed
2025-03-19,4,25.5,32.6,19.9,0.0,observed
2025-03-20,4,22.5,26.3,19.9,0.0,observed
2025-03-21,4,17.8,20.8,15.7,4.4,observed
2025-03-22,4,16.5,21.0,11.8,0.0,observed
2025-03-23,4,16.2,20.6,11.6,0.0,observed
2025-03-24,4,16.8,21.0,11.7,0.0,observed
2025-03-25,4,19.1,25.3,12.3,0.0,observed
2025-03-26,4,21.4,27.8,14.3,0.0,observed
2025-03-27,4,23.7,29.6,16.6,0.0,observed
2025-03-28,4,25.3,30.8,19.2,0.0,observed
2025-03-29,4,26.4,31.9,20.0,0.0,observed
2025-03-30,4,26.2,31.3,22.4,0.5,observed
2025-03-31,4,24.5,29.2,19.6,1.9,observed
2025-04-01,4,26.2,32.0,19.7,0.0,observed
2025-04-02,4,29.4,35.3,24.0,0.1,observed
2025-04-03,4,26.4,31.6,21.0,0.0,observed
2025-04-04,4,24.3,30.3,21.2,6.5,observed
2025-04-05,4,24.5,29.9,19.9,2.2,observed
2025-04-06,4,25.2,31.0,19.0,0.0,observed
2025-04-07,4,27.2,32.9,21.0,0.0,observed
2025-04-08,4,29.6,36.5,22.9,0.0,observed
2025-04-09,4,32.2,39.3,24.4,0.0,observed
2025-04-10,4,27.1,32.3,21.4,0.1,observed
2025-04-11,4,21.6,26.1,17.0,0.0,observed
2025-04-12,4,21.1,25.6,18.1,0.0,observed
2025-04-13,4,23.1,28.1,16.6,0.0,observed
2025-04-14,4,22.0,27.4,18.1,2.2,observed
2025-04-15,4,18.3,21.6,15.6,0.2,observed
2025-04-16,4,16.8,21.8,11.5,0.0,observed
2025-04-17,4,19.3,25.1,13.3,0.0,observed
2025-04-18,4,22.3,28.5,15.5,0.0,observed
2025-04-19,4,24.2,31.1,17.4,0.0,observed
2025-04-20,4,26.6,32.8,19.5,0.0,observed
2025-04-21,4,29.3,34.7,22.8,0.0,observed
2025-04-22,4,31.1,36.7,24.8,0.0,observed
2025-04-23,4,33.1,39.2,26.0,0.0,observed
2025-04-24,4,34.5,40.2,28.3,0.0,observed
2025-04-25,4,33.7,38.7,29.5,0.0,observed
2025-04-26,4,31.8,35.7,26.9,0.4,observed
2025-04-27,4,30.1,35.1,24.7,0.0,observed
2025-04-28,4,28.7,33.6,23.9,0.0,observed
2025-04-29,4,31.8,37.8,25.6,0.0,observed
2025-04-30,4,33.8,39.4,27.3,0.0,observed
2025-05-01,4,33.7,40.8,26.6,0.0,observed
2025-05-02,4,34.9,41.0,28.0,0.0,observed
2025-05-03,4,33.6,40.2,27.9,0.0,observed
2025-05-04,4,34.1,41.4,27.7,0.0,observed
2025-05-05,4,28.8,33.1,24.8,0.0,observed
2025-05-06,4,26.2,30.3,20.5,0.0,observed
2025-05-07,4,29.0,33.9,22.9,0.0,observed
2025-05-08,4,30.4,35.8,23.9,0.0,observed
2025-05-09,4,32.8,38.5,25.7,0.0,observed
2025-05-10,4,33.5,38.7,26.6,0.0,observed
2025-05-11,4,35.3,41.3,27.4,0.0,observed
2025-05-12,4,36.3,43.0,30.7,0.0,observed
2025-05-13,4,33.2,38.6,30.0,0.0,observed
2025-05-14,4,32.5,36.4,27.0,0.0,observed
2025-05-15,4,29.6,32.3,26.3,0.1,observed
2025-05-16,4,30.2,35.6,24.3,0.0,observed
2025-05-17,4,31.6,37.6,24.1,0.0,observed
2025-05-18,4,36.1,43.2,28.5,0.0,observed
2025-05-19,4,36.3,42.1,29.0,0.0,observed
2025-05-20,4,35.1,41.5,27.7,0.0,observed
2025-05-21,4,36.0,43.2,27.5,0.0,observed
2025-05-22,4,36.9,43.6,29.6,0.0,observed
2025-05-23,4,38.2,45.5,29.3,0.0,observed
2025-05-24,4,38.8,43.8,34.7,0.0,observed
2025-05-25,4,35.8,40.5,29.5,0.0,observed
2025-05-26,4,36.9,43.6,28.9,0.0,observed
2025-05-27,4,38.4,44.3,31.3,0.0,observed
2025-05-28,4,36.5,41.6,31.6,0.0,observed
2025-05-29,4,32.9,37.3,28.0,0.0,observed
2025-05-30,4,31.9,36.6,26.9,0.0,observed
2025-05-31,4,32.9,39.1,25.2,0.0,observed
2025-06-01,4,35.4,42.7,26.8,0.0,observed
2025-06-02,4,33.6,38.5,28.0,0.0,observed
2025-06-03,4,31.1,34.8,26.8,0.0,observed
2025-06-04,4,31.7,35.9,26.4,0.0,observed
2025-06-05,4,33.1,38.7,26.5,0.0,observed
2025-06-06,4,34.6,40.3,27.5,0.0,observed
2025-06-07,4,35.8,41.0,28.4,0.0,observed
2025-06-08,4,36.3,42.2,28.4,0.0,observed
2025-06-09,4,37.3,43.8,28.8,0.0,observed
2025-06-10,4,39.3,44.3,32.4,0.0,observed
2025-06-11,4,38.9,44.6,31.5,0.0,observed
2025-06-12,4,39.9,46.1,32.4,0.0,observed
2025-06-13,4,41.0,47.6,32.9,0.0,observed
2025-06-14,4,41.0,47.7,32.8,0.0,observed
2025-06-15,4,41.2,48.0,33.6,0.0,observed
2025-06-16,4,38.0,42.8,32.9,0.0,observed
2025-06-17,4,35.6,40.7,29.7,0.0,observed
2025-06-18,4,34.4,39.6,27.5,0.0,observed
2025-06-19,4,35.2,41.6,27.3,0.0,observed
2025-06-20,4,37.5,43.8,30.9,0.0,observed
2025-06-21,4,36.8,42.4,29.3,0.0,observed
2025-06-22,4,37.2,42.9,29.9,0.0,observed
2025-06-23,4,37.6,43.5,30.0,0.0,observed
2025-06-24,4,37.5,43.1,31.9,0.0,observed
2025-06-25,4,38.1,44.7,31.3,0.0,observed
2025-06-26,4,39.1,45.9,31.8,0.0,observed
2025-06-27,4,40.1,45.7,33.4,0.0,observed
2025-06-28,4,40.4,46.4,32.9,0.0,observed
2025-06-29,4,40.4,46.5,33.1,0.0,observed
2025-06-30,4,39.0,44.9,33.0,0.0,observed
2025-07-01,4,34.8,38.8,30.0,0.0,observed
2025-07-02,4,35.6,40.8,28.9,0.0,observed
2025-07-03,4,36.2,41.3,29.4,0.0,observed
2025-07-04,4,34.8,40.0,29.4,0.0,observed
2025-07-05,4,33.6,38.6,28.5,0.0,observed
2025-07-06,4,34.1,40.0,27.3,0.0,observed
2025-07-07,4,37.3,43.6,30.3,0.0,observed
2025-07-08,4,38.4,44.5,31.8,0.0,observed
2025-07-09,4,38.8,44.7,32.2,0.0,observed
2025-07-10,4,39.9,45.7,33.5,0.0,observed
2025-07-11,4,41.5,47.5,34.7,0.0,observed
2025-07-12,4,41.9,47.6,35.6,0.0,observed
2025-07-13,4,43.1,49.7,36.9,0.0,observed
2025-07-14,4,42.0,47.8,37.2,0.0,observed
2025-07-15,4,41.4,45.7,36.7,0.0,observed
2025-07-16,4,41.3,47.4,33.5,0.0,observed
2025-07-17,4,39.9,45.7,32.9,0.0,observed
2025-07-18,4,39.3,44.4,32.7,0.0,observed
2025-07-19,4,39.8,44.7,34.4,0.0,observed
2025-07-20,4,38.6,44.1,31.6,0.0,observed
2025-07-21,4,38.8,44.2,32.2,0.0,observed
2025-07-22,4,39.5,44.8,32.9,0.0,observed
2025-07-23,4,41.0,47.2,34.4,0.0,observed
2025-07-24,4,40.1,45.5,33.9,0.0,observed
2025-07-25,4,41.7,48.0,34.4,0.0,observed
2025-07-26,4,43.6,50.0,35.4,0.0,observed
2025-07-27,4,43.8,50.7,35.3,0.0,observed
2025-07-28,4,44.2,51.1,36.2,0.0,observed
2025-07-29,4,42.2,48.4,34.2,0.0,observed
2025-07-30,4,41.1,46.0,35.0,0.0,observed
2025-07-31,4,41.4,47.0,35.2,0.0,observed
2025-08-01,4,39.6,44.3,34.2,0.0,observed
2025-08-02,4,40.1,45.4,34.6,0.0,observed
2025-08-03,4,40.0,45.2,34.3,0.0,observed
2025-08-04,4,40.6,45.8,34.8,0.0,observed
2025-08-05,4,40.3,45.2,35.0,0.0,observed
2025-08-06,4,39.8,45.0,33.9,0.0,observed
2025-08-07,4,40.3,46.4,33.4,0.0,observed
2025-08-08,4,40.5,46.4,33.0,0.0,observed
2025-08-09,4,41.1,47.3,33.3,0.0,observed
2025-08-10,4,41.9,48.0,33.5,0.0,observed
2025-08-11,4,42.1,47.7,35.6,0.0,observed
2025-08-12,4,41.8,47.4,35.4,0.0,observed
2025-08-13,4,40.5,45.9,34.2,0.0,observed
2025-08-14,4,40.0,47.3,31.5,0.0,observed
2025-08-15,4,41.1,46.8,35.0,0.0,observed
2025-08-16,4,39.2,45.3,32.5,0.0,observed
2025-08-17,4,38.7,45.2,33.2,0.0,observed
2025-08-18,4,37.2,42.2,31.5,0.0,observed
2025-08-19,4,36.8,41.9,31.8,0.0,observed
2025-08-20,4,36.1,41.1,30.3,0.0,observed
2025-08-21,4,36.6,41.7,30.2,0.0,observed
2025-08-22,4,37.8,43.8,31.1,0.0,observed
2025-08-23,4,38.7,44.1,32.5,0.0,observed
2025-08-24,4,38.5,44.9,31.2,0.0,observed
2025-08-25,4,38.4,44.6,31.3,0.0,observed
2025-08-26,4,37.6,42.6,32.2,0.0,observed
2025-08-27,4,36.2,41.2,30.7,0.0,observed
2025-08-28,4,36.4,41.9,30.7,0.0,observed
2025-08-29,4,37.3,42.5,32.0,0.0,observed
2025-08-30,4,38.0,44.0,32.1,0.0,observed
2025-08-31,4,36.7,42.2,31.8,0.0,observed
2025-09-01,4,34.8,39.1,29.5,0.0,observed
2025-09-02,4,35.8,40.9,29.6,0.0,observed
2025-09-03,4,36.8,43.2,30.4,0.0,observed
2025-09-04,4,37.7,43.7,31.0,0.0,observed
2025-09-05,4,37.6,43.4,30.8,0.0,observed
2025-09-06,4,37.2,42.5,30.7,0.0,observed
2025-09-07,4,37.4,43.3,30.8,0.0,observed
2025-09-08,4,38.1,44.2,31.1,0.0,observed
2025-09-09,4,37.2,43.0,31.7,0.0,observed
2025-09-10,4,36.0,41.2,30.6,0.0,observed
2025-09-11,4,34.7,39.1,29.5,0.0,observed
2025-09-12,4,34.1,38.9,28.8,0.0,observed
2025-09-13,4,33.2,38.4,27.2,0.0,observed
2025-09-14,4,34.0,39.9,26.9,0.0,observed
2025-09-15,4,34.8,40.3,28.0,0.0,observed
2025-09-16,4,35.9,42.0,28.0,0.0,observed
2025-09-17,4,36.9,43.3,29.7,0.0,observed
2025-09-18,4,37.5,45.0,30.5,0.0,observed
2025-09-19,4,34.0,38.2,30.0,0.0,observed
2025-09-20,4,29.6,34.2,24.3,0.0,observed
2025-09-21,4,29.8,35.6,23.6,0.0,observed
2025-09-22,4,28.6,34.0,22.5,0.0,observed
2025-09-23,4,28.6,35.1,21.4,0.0,observed
2025-09-24,4,29.7,35.3,23.0,0.0,observed
2025-09-25,4,30.5,37.7,23.0,0.0,observed
2025-09-26,4,31.6,37.9,24.6,0.0,observed
2025-09-27,4,31.7,37.7,25.3,0.0,observed
2025-09-28,4,32.3,38.0,25.7,0.0,observed
2025-09-29,4,32.3,38.2,25.7,0.0,observed
2025-09-30,4,31.7,38.3,25.0,0.0,observed
2025-10-01,4,30.7,35.4,26.1,0.0,observed
2025-10-02,4,29.7,34.7,24.6,0.0,observed
2025-10-03,4,29.5,34.6,24.3,0.0,observed
2025-10-04,4,30.3,37.1,23.7,0.0,observed
2025-10-05,4,31.1,38.3,24.1,0.0,observed
2025-10-06,4,31.9,38.9,25.3,0.0,observed
2025-10-07,4,32.3,38.9,26.1,0.0,observed
2025-10-08,4,32.1,38.7,25.8,0.0,observed
2025-10-09,4,29.9,35.5,23.7,0.0,observed
2025-10-10,4,27.9,32.8,23.2,0.0,observed
2025-10-11,4,25.6,30.4,20.7,0.0,observed
2025-10-12,4,27.1,33.2,20.1,0.0,observed
2025-10-13,4,26.6,30.1,23.1,0.0,observed
2025-10-14,4,24.2,30.1,18.7,0.0,observed
2025-10-15,4,26.1,33.0,19.3,0.0,observed
2025-10-16,4,28.1,35.0,21.3,0.0,observed
2025-10-17,4,29.1,35.6,22.7,0.0,observed
2025-10-18,4,29.4,35.6,23.3,0.0,observed
2025-10-19,4,28.6,35.2,22.7,0.0,observed
2025-10-20,4,25.6,29.9,20.9,0.0,observed
2025-10-21,4,26.6,31.7,21.3,0.0,observed
2025-10-22,4,27.7,33.3,21.9,0.0,observed
2025-10-23,4,28.0,34.2,21.7,0.0,observed
2025-10-24,4,28.0,34.1,21.6,0.0,observed
2025-10-25,4,27.9,34.3,23.1,0.0,observed
2025-10-26,4,26.2,30.9,21.6,0.0,observed
2025-10-27,4,26.4,31.6,21.5,0.0,observed
2025-10-28,4,26.0,32.1,20.2,0.0,observed
2025-10-29,4,26.5,32.9,20.2,0.0,observed
2025-10-30,4,25.9,32.2,20.2,0.0,observed
2025-10-31,4,23.1,29.7,16.9,0.0,observed
2025-11-01,4,21.5,28.0,15.6,0.0,observed
2025-11-02,4,21.5,28.7,15.2,0.0,observed
2025-11-03,4,21.8,29.3,14.9,0.0,observed
2025-11-04,4,22.4,29.7,15.8,0.0,observed
2025-11-05,4,24.0,31.3,17.8,0.0,observed
2025-11-06,4,24.8,31.9,18.5,0.0,observed
2025-11-07,4,25.0,32.1,19.2,0.0,observed
2025-11-08,4,24.0,31.0,18.4,0.0,observed
2025-11-09,4,23.8,31.1,17.5,0.0,observed
2025-11-10,4,24.1,30.7,18.4,0.0,observed
2025-11-11,4,22.8,29.5,17.3,0.0,observed
2025-11-12,4,21.9,28.7,15.6,0.0,observed
2025-11-13,4,22.0,28.7,16.0,0.0,observed
2025-11-14,4,23.2,28.9,17.7,0.0,observed
2025-11-15,4,19.3,24.4,17.1,9.7,observed
2025-11-16,4,19.4,25.1,15.5,0.0,observed
2025-11-17,4,17.8,22.1,14.8,0.0,observed
2025-11-18,4,16.1,21.8,11.3,0.0,observed
2025-11-19,4,16.8,22.9,11.6,0.0,observed
2025-11-20,4,17.1,23.8,11.1,0.0,observed
2025-11-21,4,18.0,25.3,11.7,0.0,observed
2025-11-22,4,18.1,26.2,11.3,0.0,observed
2025-11-23,4,18.2,26.4,11.2,0.0,observed
2025-11-24,4,18.5,26.3,11.6,0.0,observed
2025-11-25,4,18.2,24.7,12.1,0.0,observed
2025-11-26,4,19.1,25.0,14.5,0.0,observed
2025-11-27,4,17.6,23.3,12.5,0.0,observed
2025-11-28,4,17.0,23.2,12.0,0.0,observed
2025-11-29,4,18.0,24.1,12.6,0.0,observed
2025-11-30,4,20.2,25.9,14.3,0.1,observed
2025-12-01,4,20.4,24.8,17.1,0.0,observed
2025-12-02,4,18.4,23.5,14.8,0.0,observed
2025-12-03,4,17.6,22.9,13.4,0.0,observed
2025-12-04,4,16.0,21.2,11.4,0.0,observed
2025-12-05,4,16.9,22.0,12.1,0.0,observed
2025-12-06,4,19.7,26.6,13.9,0.0,observed
2025-12-07,4,22.2,25.9,18.2,0.1,observed
2025-12-08,4,19.2,24.3,16.7,12.0,observed
2025-12-09,4,18.2,21.8,15.7,16.4,observed
2025-12-10,4,15.8,17.9,13.5,3.0,observed
2025-12-11,4,13.7,17.1,10.5,0.3,observed
2025-12-12,4,13.2,14.5,11.6,4.1,observed
2025-12-13,4,12.7,15.8,10.6,0.1,observed
2025-12-14,4,12.6,16.4,10.1,0.0,observed
2025-12-15,4,10.9,13.3,8.3,0.0,observed
2025-12-16,4,11.3,14.8,8.7,0.0,observed
2025-12-17,4,11.2,14.8,9.3,8.0,observed
2025-12-18,4,12.7,17.1,10.1,1.1,observed
2025-12-19,4,12.9,17.8,9.9,0.0,observed
2025-12-20,4,12.0,17.3,7.5,0.0,observed
2025-12-21,4,12.5,18.1,7.2,0.0,observed
2025-12-22,4,13.5,18.0,10.8,0.0,observed
2025-12-23,4,14.2,19.4,10.7,4.2,observed
2025-12-24,4,13.6,17.0,12.2,3.2,observed
2025-12-25,4,12.6,17.2,9.5,0.0,observed
2025-12-26,4,11.2,15.9,7.6,0.0,observed
2025-12-27,4,12.3,16.5,8.3,0.0,observed
2025-12-28,4,12.7,17.3,8.4,0.5,observed
2025-12-29,4,9.9,14.3,6.5,2.6,observed
2025-12-30,4,7.9,11.8,3.9,0.0,observed
2025-12-31,4,8.2,13.1,3.4,0.0,observed
2026-01-01,4,12.0,17.1,8.3,0.0,observed
2026-01-02,4,13.3,18.5,9.9,0.0,observed
2026-01-03,4,10.9,14.7,7.6,0.0,observed
2026-01-04,4,7.6,12.6,3.2,0.0,observed
2026-01-05,4,8.7,14.4,4.5,0.0,observed
2026-01-06,4,9.3,16.0,3.7,0.0,observed
2026-01-07,4,10.4,17.5,4.4,0.0,observed
2026-01-08,4,12.1,19.2,5.8,0.0,observed
2026-01-09,4,14.1,19.3,9.0,7.1,observed
2026-01-10,4,11.9,15.1,9.6,9.5,observed
2026-01-11,4,10.5,15.3,6.1,0.0,observed
2026-01-12,4,12.3,17.1,7.5,0.0,observed
2026-01-13,4,14.0,16.5,11.8,1.7,observed
2026-01-14,4,11.2,13.8,8.8,0.0,observed
2026-01-15,4,8.7,12.0,6.6,0.4,observed
2026-01-16,4,7.5,12.0,3.6,0.0,observed
2026-01-17,4,8.0,12.4,3.5,0.0,observed
2026-01-18,4,9.8,15.5,4.9,0.0,observed
2026-01-19,4,10.6,15.9,7.2,0.2,observed
2026-01-20,4,7.5,9.5,5.2,1.1,observed
2026-01-21,4,6.5,11.7,2.2,0.0,observed
2026-01-22,4,7.5,12.7,2.9,0.0,observed
2026-01-23,4,9.5,12.6,6.7,2.0,observed
2026-01-24,4,12.0,18.1,7.7,0.2,observed
2026-01-25,4,12.0,16.5,8.2,0.0,observed
2026-01-26,4,11.4,17.1,6.8,0.0,observed
2026-01-27,4,12.7,19.5,6.0,0.0,observed
2026-01-28,4,15.4,20.0,12.4,2.0,observed
2026-01-29,4,13.9,18.8,10.1,0.0,observed
2026-01-30,4,12.7,16.0,8.1,0.0,observed
2026-01-31,4,17.2,22.6,12.5,0.0,observed
2026-02-01,4,18.4,24.8,12.7,0.0,observed
2026-02-02,4,20.1,26.4,14.7,0.0,observed
2026-02-03,4,18.4,21.3,13.4,5.6,observed
2026-02-04,4,14.7,17.9,12.1,0.5,observed
2026-02-05,4,13.6,18.1,9.0,0.0,observed
2026-02-06,4,14.5,19.2,9.0,0.0,observed
2026-02-07,4,14.7,18.4,11.8,4.4,observed
2026-02-08,4,16.3,20.5,13.0,13.8,observed
2026-02-09,4,18.1,24.4,13.7,0.0,observed
2026-02-10,4,20.3,26.3,16.2,0.0,observed
2026-02-11,4,18.9,22.6,15.9,0.0,observed
2026-02-12,4,18.3,23.9,14.0,0.0,observed
2026-02-13,4,20.1,26.3,14.5,0.0,observed
2026-02-14,4,21.2,25.5,18.4,0.0,observed
2026-02-15,4,18.3,22.5,13.8,0.0,observed
2026-02-16,4,18.3,24.4,12.2,0.0,observed
2026-02-17,4,19.0,25.6,11.3,0.0,observed
2026-02-18,4,22.5,28.9,15.7,0.0,observed
2026-02-19,4,20.1,24.3,15.7,0.0,observed
2026-02-20,4,18.2,24.1,12.4,0.0,observed
2026-02-21,4,17.7,24.7,10.1,0.0,observed
2026-02-22,4,21.3,29.5,12.5,0.0,observed
2026-02-23,4,20.9,26.7,14.9,0.0,observed
2026-02-24,4,18.8,23.6,14.8,0.3,observed
2026-02-25,4,17.2,21.5,12.5,0.0,observed
2026-02-26,4,19.0,24.5,12.6,0.0,observed
2026-02-27,4,16.3,19.2,11.5,0.0,observed
2026-02-28,4,13.6,17.8,8.7,0.0,observed
2026-03-01,4,13.5,17.6,8.9,0.0,observed
2026-03-02,4,13.1,17.3,8.4,0.0,observed
2026-03-03,4,13.8,19.2,8.0,0.0,observed
2026-03-04,4,14.5,19.4,8.4,0.0,observed
2026-03-05,4,13.4,16.5,7.8,3.7,observed
2026-03-06,4,13.9,18.4,8.1,0.0,observed
2026-03-07,4,16.2,21.4,10.1,0.0,observed
2026-03-08,4,15.0,18.9,12.4,0.0,observed
2026-03-09,4,13.4,17.7,8.0,0.0,observed
2026-03-10,4,14.9,20.5,8.9,0.0,observed
2026-03-11,4,16.8,21.3,9.9,0.0,observed
2026-03-12,4,18.0,22.7,15.0,1.1,observed
2026-03-13,4,19.1,24.1,13.3,0.0,observed
2026-03-14,4,19.6,23.2,15.7,0.5,observed
2026-03-15,4,19.9,23.1,16.8,13.5,observed
2026-03-16,4,18.1,21.7,16.0,6.1,observed
2026-03-17,4,17.4,22.3,12.5,0.0,observed
2026-03-18,4,18.4,23.8,13.3,0.0,observed
2026-03-19,4,15.9,20.2,14.2,25.6,observed
2026-03-20,4,17.1,21.0,13.1,0.8,observed
2026-03-21,4,16.5,21.3,13.2,6.4,observed
2026-03-22,4,17.7,23.1,14.8,6.3,observed
2026-03-23,4,17.2,21.5,13.5,1.5,observed
2026-03-24,4,16.3,20.7,13.9,11.9,observed
2026-03-25,4,16.2,20.1,13.9,9.1,observed
2026-03-26,4,15.3,19.9,13.3,37.3,observed
2026-03-27,4,14.2,16.7,11.6,3.2,observed
2026-03-28,4,16.7,20.7,12.4,0.0,observed
2026-03-29,4,17.5,22.0,13.4,3.0,observed
2026-03-30,4,17.8,22.2,14.8,1.2,observed
2026-03-31,4,16.6,20.8,12.9,2.2,observed
2026-04-01,4,16.8,21.4,12.3,0.0,observed
2026-04-02,4,17.5,20.4,14.1,0.0,observed
2026-04-03,4,20.4,25.8,15.6,1.4,observed
2026-04-04,4,19.1,22.4,16.9,0.0,observed
2026-04-05,4,18.4,23.0,14.1,0.0,observed
2026-04-06,4,18.9,23.2,14.1,0.0,observed
2026-04-07,4,20.3,25.9,15.2,0.0,observed
2026-04-08,4,18.9,23.4,14.1,0.0,observed
2026-04-09,4,21.3,26.7,15.9,0.0,observed
2026-04-10,4,24.2,29.6,18.4,0.0,observed
2026-04-11,4,23.4,30.7,18.3,2.8,observed
2026-04-12,4,21.3,27.9,17.3,0.0,observed
2026-04-13,4,19.5,23.7,15.0,0.0,observed
2026-04-14,4,19.1,24.4,14.4,0.0,observed
2026-04-15,4,19.8,25.8,13.7,0.0,observed
2026-04-16,4,21.6,27.2,15.3,0.0,observed
2026-04-17,4,24.1,30.8,16.1,0.0,observed
2026-04-18,4,25.7,34.1,18.9,0.2,observed
2026-04-19,4,24.6,28.9,19.7,1.6,observed
2026-04-20,4,23.6,29.7,19.9,6.5,observed
2026-04-21,4,22.1,26.9,16.5,0.9,observed
2026-04-22,4,22.5,27.0,17.7,0.0,observed
2026-04-23,4,24.3,30.3,16.7,0.0,observed
2026-04-24,4,28.3,34.1,21.5,0.0,observed
2026-04-25,4,27.6,33.6,22.8,0.0,observed
2026-04-26,4,26.1,31.3,20.3,2.3,observed
2026-04-27,4,25.8,30.7,20.8,2.3,observed
2026-04-28,4,21.9,25.8,19.2,8.6,observed
2026-04-29,4,23.8,28.4,18.2,0.0,observed
2026-04-30,4,26.6,30.8,21.2,0.0,observed
2026-05-01,4,27.6,32.7,20.9,0.0,observed
2026-05-02,4,28.0,33.6,21.5,0.0,observed
2026-05-03,4,32.1,38.3,24.5,0.3,observed
2026-05-04,4,28.8,34.0,25.2,0.0,observed
2026-05-05,4,25.2,29.1,21.6,0.0,observed
2026-05-06,4,23.2,27.6,17.7,0.0,observed
2026-05-07,4,24.0,29.3,17.7,0.0,observed
2026-05-08,4,25.8,31.0,19.3,0.0,observed
2026-05-09,4,27.2,32.8,20.4,0.0,observed
2026-05-10,4,29.5,35.7,22.0,0.0,observed
2026-05-11,4,32.8,39.5,25.3,0.0,observed
2026-05-12,4,34.2,40.4,29.0,0.0,observed
2026-05-13,4,33.1,39.3,27.0,0.0,observed
2026-05-14,4,30.7,35.1,26.1,0.0,observed
2026-05-15,4,31.8,38.7,25.4,0.0,observed
2026-05-16,4,27.1,29.3,24.4,0.0,observed
2026-05-17,4,27.2,31.1,22.4,0.0,observed
2026-05-18,4,31.2,38.8,24.1,0.0,observed
2026-05-19,4,29.1,33.4,26.0,0.0,observed
2026-05-20,4,27.9,32.9,22.0,0.0,observed
2026-05-21,4,27.8,31.2,24.8,0.0,observed
2026-05-22,4,27.8,32.3,22.6,0.0,observed
2026-05-23,4,30.4,35.5,23.8,0.0,observed
2026-05-24,4,30.9,35.1,26.4,0.0,observed
2026-05-25,4,29.4,34.3,24.1,0.0,observed
2026-05-26,4,31.1,36.5,24.4,0.0,observed
2026-05-27,4,33.2,39.2,26.3,0.0,observed
2026-05-28,4,36.9,44.5,28.9,0.0,observed
2026-05-29,4,31.8,37.8,28.4,0.0,observed
2026-05-30,4,30.2,34.9,25.0,0.0,observed
2026-05-31,4,31.5,36.4,25.8,0.0,observed
2026-06-01,4,32.8,38.6,25.9,0.0,observed
2026-06-02,4,35.6,41.6,28.5,0.0,observed
2026-06-03,4,36.6,42.8,29.7,0.0,observed
2026-06-04,4,35.4,40.8,29.2,0.0,observed
2026-06-05,4,34.5,40.1,28.1,0.0,observed
2026-06-06,4,35.7,41.7,28.7,0.0,observed
2026-06-07,4,34.6,39.3,28.9,0.0,observed
2026-06-08,4,35.0,40.7,28.5,0.0,observed
2026-06-09,4,36.5,42.9,28.9,0.0,observed
2026-06-10,4,38.6,44.6,30.9,0.0,observed
2026-06-11,4,38.0,43.8,31.9,0.0,observed
2026-06-12,4,36.1,41.8,29.4,0.0,observed
2026-06-13,4,35.8,40.9,30.2,0.0,observed
2026-06-14,4,35.3,40.1,29.6,0.0,observed
2026-06-15,4,34.0,38.6,28.5,0.0,observed
2026-06-16,4,34.8,39.8,28.6,0.0,observed
2026-06-17,4,37.3,43.3,30.7,0.0,observed
2026-06-18,4,38.8,44.3,32.4,0.0,observed
2026-06-19,4,39.3,45.4,31.9,0.0,observed
2026-06-20,4,40.4,46.9,32.9,0.0,observed
2026-06-21,4,40.1,45.9,33.7,0.0,observed
2026-06-22,4,40.4,46.6,33.6,0.0,observed
2026-06-23,4,41.8,48.2,34.3,0.0,observed
2026-06-24,4,36.1,39.0,32.1,0.0,observed
2026-06-25,4,36.6,41.2,31.0,0.0,observed
2026-06-26,4,37.9,42.5,32.7,0.0,observed
2026-06-27,4,37.7,42.3,32.4,0.0,observed
2026-06-28,4,37.8,42.5,31.4,0.0,observed
2026-06-29,4,37.6,41.9,32.2,0.0,observed
2026-06-30,4,38.0,43.8,31.6,0.0,observed
2026-07-01,4,38.7,43.3,33.0,0.0,observed
2026-07-02,4,39.5,45.3,32.5,0.0,observed
2026-07-03,4,38.6,43.1,33.6,0.0,observed
2026-07-04,4,37.9,42.6,32.4,0.0,observed
2026-07-05,4,39.2,44.0,34.1,0.0,observed
2026-07-06,4,39.7,44.5,33.9,0.0,observed
2026-07-07,4,39.6,44.2,34.1,0.0,observed
2026-07-08,4,37.8,41.7,33.8,0.0,observed
2026-07-09,4,37.1,41.5,32.6,0.0,observed
2026-07-10,4,37.6,42.5,32.0,0.0,observed
2026-07-11,4,37.7,42.7,32.2,0.0,observed
2026-07-12,4,38.2,44.3,31.0,0.0,observed
2026-07-13,4,40.2,46.5,33.4,0.0,observed
2026-07-14,4,40.6,46.4,34.4,0.0,observed
2026-07-15,4,40.3,45.5,34.0,0.0,observed
2026-07-16,4,39.9,45.2,33.9,0.0,observed
2026-07-17,4,40.2,45.3,34.8,0.0,observed
2026-07-18,4,41.1,47.0,33.9,0.0,observed
2026-07-19,4,40.7,46.4,34.6,0.0,observed
2026-07-20,4,39.4,43.7,34.1,0.0,observed
2026-07-21,4,40.2,45.7,34.1,0.0,observed
2026-07-22,4,40.8,46.2,35.2,0.0,observed
2026-07-23,4,40.1,45.8,34.2,0.0,observed
2026-07-24,4,39.3,44.5,34.3,0.0,observed
2026-07-25,4,38.9,44.2,32.7,0.0,observed
2026-07-26,4,37.5,42.3,32.2,0.0,observed
2026-07-27,4,36.5,41.2,31.0,0.0,observed
2026-07-28,4,37.5,42.8,31.6,0.0,observed
2026-07-29,4,38.6,44.5,32.1,0.0,observed
2026-07-30,4,40.4,46.9,33.4,0.0,observed
2026-07-31,4,41.8,48.1,34.4,0.0,observed
2026-08-01,4,42.5,48.4,36.4,0.0,observed
2026-08-02,4,43.2,48.2,38.3,0.0,observed
2026-08-03,4,42.8,48.2,37.3,0.0,observed
2026-08-04,4,42.4,48.4,35.9,0.0,observed
2026-08-05,4,42.4,48.0,36.5,0.0,observed
2026-08-06,4,41.7,47.9,34.8,0.0,observed
2026-08-07,4,41.0,46.6,34.9,0.0,observed
2026-08-08,4,40.5,46.5,34.1,0.0,observed
2026-08-09,4,41.0,46.6,35.0,0.0,observed
2026-08-10,4,41.2,47.0,34.6,0.0,observed
2026-08-11,4,42.5,48.1,35.2,0.0,observed
2026-08-12,4,42.4,49.0,35.8,0.0,observed
2026-08-13,4,41.1,47.8,33.7,0.0,observed
2026-08-14,4,41.3,47.2,34.6,0.0,observed
2026-08-15,4,40.1,45.4,34.0,0.0,observed
2026-08-16,4,40.0,45.9,33.9,0.0,observed
2026-08-17,4,40.1,45.6,34.2,0.0,observed
2026-08-18,4,39.5,44.7,34.1,0.0,observed
2026-08-19,4,36.6,40.8,31.6,0.0,observed
2026-08-20,4,37.3,42.5,31.4,0.0,observed
2026-08-21,4,37.4,42.4,31.8,0.0,observed
2026-08-22,4,38.0,43.9,31.4,0.0,observed
2026-08-23,4,38.4,44.2,31.0,0.0,observed
2026-08-24,4,39.7,46.1,32.7,0.0,observed
2026-08-25,4,40.8,48.2,34.2,0.0,observed
2026-08-26,4,41.4,48.4,34.3,0.0,observed
2026-08-27,4,40.5,46.5,35.1,0.0,observed
2026-08-28,4,39.6,45.3,33.0,0.0,observed
2026-08-29,4,40.6,47.0,35.4,0.0,observed
2026-08-30,4,37.9,41.3,33.7,0.0,observed
2026-08-31,4,34.2,38.5,29.4,0.0,observed
2026-09-01,4,34.6,39.2,29.1,0.0,observed
2026-09-02,4,36.0,41.1,30.4,0.0,observed
2026-09-03,4,37.2,43.4,30.4,0.0,observed
2026-09-04,4,37.8,43.5,31.5,0.0,observed
2026-09-05,4,38.4,44.8,31.4,0.0,observed
2026-09-06,4,39.0,45.4,32.1,0.0,observed
2026-09-07,4,38.1,42.8,32.5,0.0,observed
2026-09-08,4,36.4,41.6,31.5,0.0,observed
2026-09-09,4,35.0,40.7,28.8,0.0,observed
2026-09-10,4,35.8,42.1,27.5,0.0,observed
2026-09-11,4,37.4,43.9,30.4,0.0,observed
2026-09-12,4,37.5,43.5,31.2,0.0,observed
2026-09-13,4,36.9,43.6,29.8,0.0,observed
2026-09-14,4,36.9,44.1,30.0,0.0,observed
2026-09-15,4,36.1,41.9,30.3,0.0,observed
2026-09-16,4,36.1,42.4,29.2,0.0,observed
2026-09-17,4,36.6,43.1,28.9,0.0,observed
2026-09-18,4,36.0,41.6,31.8,0.0,observed
2026-09-19,4,33.4,39.1,28.8,0.0,observed
2026-09-20,4,31.8,36.7,26.5,0.0,observed
2026-09-21,4,33.9,39.6,27.3,0.0,observed
2026-09-22,4,36.7,43.7,28.8,0.0,observed
2026-09-23,4,36.6,42.9,31.3,0.0,observed
2026-09-24,4,35.3,41.3,29.7,0.0,observed
2026-09-25,4,35.5,41.7,29.0,0.0,observed
2026-09-26,4,36.9,43.4,30.3,0.0,observed
2026-09-27,4,37.1,43.5,30.4,0.0,observed
2026-09-28,4,34.0,38.1,30.3,0.0,observed
2026-09-29,4,31.3,35.9,26.9,0.0,forecast
2026-09-30,4,29.1,33.6,24.0,0.0,forecast
2026-10-01,4,30.8,37.0,24.6,0.0,forecast
2026-10-02,4,29.8,33.8,26.4,0.0,forecast
2026-10-03,4,28.6,32.8,25.0,0.0,forecast
2026-10-04,4,29.0,34.7,22.7,0.2,forecast
2026-10-05,4,29.3,34.7,24.9,0.4,forecast
2026-10-06,4,31.4,36.7,27.0,0.0,forecast
2026-10-07,4,31.0,34.5,28.8,0.0,forecast
2026-10-08,4,31.1,36.9,26.5,0.0,forecast
2026-10-09,4,30.7,36.5,26.3,2.4,forecast
2026-10-10,4,31.5,38.8,26.2,0.6,forecast
2026-10-11,4,33.6,39.9,29.3,0.0,forecast
2026-10-12,4,31.9,36.9,29.0,0.0,forecast
2026-10-13,4,31.5,36.2,27.1,0.0,forecast
