date,cell,tmean,tmax,tmin,precip,kind
2025-01-01,0,0.2,3.2,-2.0,0.0,observed
2025-01-02,0,-0.3,3.7,-3.2,0.0,observed
2025-01-03,0,-0.5,3.3,-5.2,0.0,observed
2025-01-04,0,-0.6,3.7,-5.2,0.0,observed
2025-01-05,0,2.8,6.7,-0.6,0.0,observed
2025-01-06,0,1.4,5.1,-1.7,0.0,observed
2025-01-07,0,2.1,5.3,-0.4,0.1,observed
2025-01-08,0,-2.2,0.1,-4.8,0.0,observed
2025-01-09,0,-2.9,1.2,-6.5,0.0,observed
2025-01-10,0,-3.4,0.3,-7.5,0.0,observed
2025-01-11,0,-2.5,1.0,-6.6,0.0,observed
2025-01-12,0,-1.3,1.4,-4.7,0.0,observed
2025-01-13,0,0.2,5.7,-4.7,0.0,observed
2025-01-14,0,-0.7,1.9,-3.9,0.3,observed
2025-01-15,0,-3.0,0.9,-7.5,0.0,observed
2025-01-16,0,1.0,6.1,-2.4,0.0,observed
2025-01-17,0,0.1,4.9,-4.5,0.0,observed
2025-01-18,0,-0.2,4.6,-5.2,0.0,observed
2025-01-19,0,2.6,7.1,0.3,0.0,observed
2025-01-20,0,0.6,5.5,-4.3,0.0,observed
2025-01-21,0,2.1,6.6,-0.7,0.0,observed
2025-01-22,0,0.0,3.7,-4.0,0.0,observed
2025-01-23,0,-0.7,3.5,-5.5,0.0,observed
2025-01-24,0,0.0,4.8,-4.2,0.0,observed
2025-01-25,0,-0.4,2.9,-4.5,0.1,observed
2025-01-26,0,-0.8,0.9,-4.4,0.9,observed
2025-01-27,0,-5.4,-2.6,-8.1,0.0,observed
2025-01-28,0,-5.4,-0.3,-10.0,0.0,observed
2025-01-29,0,-4.3,0.5,-9.2,0.0,observed
2025-01-30,0,-5.3,-3.5,-7.7,0.0,observed
2025-01-31,0,-3.2,-0.1,-5.3,0.0,observed
2025-02-01,0,-2.5,0.3,-4.3,0.0,observed
2025-02-02,0,-1.1,3.1,-5.3,0.0,observed
2025-02-03,0,-2.4,1.0,-5.0,0.0,observed
2025-02-04,0,-3.5,2.1,-8.1,0.0,observed
2025-02-05,0,-3.6,0.7,-7.7,0.0,observed
2025-02-06,0,-3.8,0.9,-10.6,0.0,observed
2025-02-07,0,-9.1,-4.7,-12.7,0.0,observed
2025-02-08,0,-6.6,-0.7,-11.7,0.0,observed
2025-02-09,0,-5.3,-0.2,-11.1,0.0,observed
2025-02-10,0,-3.2,2.7,-9.3,0.0,observed
2025-02-11,0,-0.9,3.8,-6.3,0.0,observed
2025-02-12,0,1.6,5.5,-2.6,0.0,observed
2025-02-13,0,2.2,8.4,-3.0,0.0,observed
2025-02-14,0,3.5,9.8,-1.4,0.0,observed
2025-02-15,0,5.7,12.9,-1.4,0.0,observed
2025-02-16,0,4.6,7.8,0.2,0.0,observed
2025-02-17,0,1.1,4.2,-2.2,0.0,observed
2025-02-18,0,0.7,5.4,-3.2,0.0,observed
2025-02-19,0,0.6,4.7,-3.0,0.0,observed
2025-02-20,0,0.3,4.7,-2.8,0.0,observed
2025-02-21,0,-0.9,2.2,-3.4,0.0,observed
2025-02-22,0,-1.2,3.2,-4.8,0.0,observed
2025-02-23,0,-1.1,4.1,-5.2,0.0,observed
2025-02-24,0,1.5,7.6,-4.6,0.0,observed
2025-02-25,0,4.8,9.2,-0.9,0.0,observed
2025-02-26,0,3.8,9.9,-1.8,0.0,observed
2025-02-27,0,5.9,12.6,-0.4,0.0,observed
2025-02-28,0,8.7,16.5,0.8,0.0,observed
2025-03-01,0,10.2,16.8,4.4,0.2,observed
2025-03-02,0,5.6,9.2,2.5,3.3,observed
2025-03-03,0,4.2,7.6,-0.3,0.0,observed
2025-03-04,0,4.9,8.9,0.7,0.0,observed
2025-03-05,0,5.4,11.5,-1.2,0.0,observed
2025-03-06,0,7.4,12.2,1.0,0.0,observed
2025-03-07,0,6.6,10.5,2.9,0.1,observed
2025-03-08,0,7.4,14.2,0.4,0.0,observed
2025-03-09,0,10.2,16.7,3.0,0.0,observed
2025-03-10,0,12.0,17.4,6.5,0.0,observed
2025-03-11,0,10.6,14.1,5.8,3.8,observed
2025-03-12,0,12.8,18.8,5.3,0.0,observed
2025-03-13,0,12.0,18.9,5.1,0.2,observed
2025-03-14,0,8.6,10.7,6.7,0.0,observed
2025-03-15,0,4.1,6.8,0.1,4.7,observed
2025-03-16,0,2.2,8.4,-6.1,0.0,observed
2025-03-17,0,4.4,7.5,0.6,0.0,observed
2025-03-18,0,6.9,14.8,-1.0,0.0,observed
2025-03-19,0,12.6,21.1,3.1,0.0,observed
2025-03-20,0,15.9,23.3,6.3,0.0,observed
2025-03-21,0,19.6,26.5,10.8,0.0,observed
2025-03-22,0,21.2,28.3,12.4,0.0,observed
2025-03-23,0,21.3,26.0,15.1,0.0,observed
2025-03-24,0,17.0,20.8,11.8,0.0,observed
2025-03-25,0,15.1,20.7,8.3,1.2,observed
2025-03-26,0,12.5,18.6,6.3,0.0,observed
2025-03-27,0,11.1,13.4,7.6,0.0,observed
2025-03-28,0,6.0,9.9,3.3,0.0,observed
2025-03-29,0,5.9,11.3,0.6,0.0,observed
2025-03-30,0,8.3,14.2,1.1,0.0,observed
2025-03-31,0,12.4,20.4,3.9,0.0,observed
2025-04-01,0,14.5,21.1,7.2,0.0,observed
2025-04-02,0,13.3,19.1,7.3,0.0,observed
2025-04-03,0,14.3,19.6,8.1,0.0,observed
2025-04-04,0,14.6,21.2,7.7,0.0,observed
2025-04-05,0,15.3,21.4,9.1,0.0,observed
2025-04-06,0,16.1,23.2,8.6,0.0,observed
2025-04-07,0,17.9,25.0,10.1,0.0,observed
2025-04-08,0,16.9,22.8,11.3,1.7,observed
2025-04-09,0,17.2,22.9,12.2,0.0,observed
2025-04-10,0,18.8,25.8,11.8,0.0,observed
2025-04-11,0,20.2,27.3,13.7,0.0,observed
2025-04-12,0,9.7,12.7,7.0,0.0,observed
2025-04-13,0,9.9,13.2,6.9,0.0,observed
2025-04-14,0,17.4,24.2,10.5,0.0,observed
2025-04-15,0,22.2,31.6,12.3,0.0,observed
2025-04-16,0,22.2,28.5,16.6,0.0,observed
2025-04-17,0,21.6,29.1,13.9,0.0,observed
2025-04-18,0,14.2,20.2,9.7,11.2,observed
2025-04-19,0,14.7,21.5,8.8,0.0,observed
2025-04-20,0,18.6,24.7,12.8,0.0,observed
2025-04-21,0,16.4,19.5,12.8,2.0,observed
2025-04-22,0,17.7,24.1,11.0,0.0,observed
2025-04-23,0,19.3,27.0,12.0,0.0,observed
2025-04-24,0,16.8,22.0,10.8,0.0,observed
2025-04-25,0,17.8,23.9,10.7,0.0,observed
2025-04-26,0,20.0,26.5,12.1,0.0,observed
2025-04-27,0,20.2,26.1,14.7,0.0,observed
2025-04-28,0,19.7,25.9,13.8,0.0,observed
2025-04-29,0,21.7,32.9,11.6,0.0,observed
2025-04-30,0,21.0,27.4,17.8,0.3,observed
2025-05-01,0,20.7,25.9,15.5,0.0,observed
2025-05-02,0,16.9,19.6,14.1,0.0,observed
2025-05-03,0,19.0,24.2,13.7,0.0,observed
2025-05-04,0,20.2,25.7,14.0,0.4,observed
2025-05-05,0,16.4,20.7,13.2,5.1,observed
2025-05-06,0,16.2,21.4,11.2,0.0,observed
2025-05-07,0,18.4,24.8,11.9,0.0,observed
2025-05-08,0,19.6,26.5,15.1,8.8,observed
2025-05-09,0,12.9,17.2,11.2,36.7,observed
2025-05-10,0,17.3,23.9,11.4,0.0,observed
2025-05-11,0,18.7,25.8,11.1,0.0,observed
2025-05-12,0,21.5,27.3,15.5,0.0,observed
2025-05-13,0,23.4,29.9,17.7,0.2,observed
2025-05-14,0,20.8,25.1,17.6,9.1,observed
2025-05-15,0,21.1,27.2,15.1,0.0,observed
2025-05-16,0,22.4,28.7,16.4,0.4,observed
2025-05-17,0,18.9,23.6,14.0,0.0,observed
2025-05-18,0,19.0,24.6,12.9,0.0,observed
2025-05-19,0,23.7,31.5,16.5,0.0,observed
2025-05-20,0,26.3,32.3,19.7,0.0,observed
2025-05-21,0,25.5,30.5,21.7,0.0,observed
2025-05-22,0,19.3,23.3,13.3,6.7,observed
2025-05-23,0,16.8,21.7,12.7,1.4,observed
2025-05-24,0,20.1,27.8,12.5,0.0,observed
2025-05-25,0,21.9,27.9,15.6,0.0,observed
2025-05-26,0,23.2,29.7,16.3,0.4,observed
2025-05-27,0,26.1,32.7,18.8,0.0,observed
2025-05-28,0,27.1,33.4,20.1,0.0,observed
2025-05-29,0,26.9,32.6,21.1,0.0,observed
2025-05-30,0,26.8,31.7,22.2,0.0,observed
2025-05-31,0,24.1,27.7,20.3,3.2,observed
2025-06-01,0,22.2,26.1,19.4,0.3,observed
2025-06-02,0,23.8,29.4,18.2,0.0,observed
2025-06-03,0,24.9,29.2,19.2,0.0,observed
2025-06-04,0,27.8,34.5,18.8,0.0,observed
2025-06-05,0,30.8,37.1,23.7,0.0,observed
2025-06-06,0,31.2,37.0,24.9,0.0,observed
2025-06-07,0,28.3,32.5,24.2,0.0,observed
2025-06-08,0,28.0,33.5,22.0,0.0,observed
2025-06-09,0,28.1,35.7,23.0,0.0,observed
2025-06-10,0,28.1,33.8,21.3,0.0,observed
2025-06-11,0,29.8,35.3,23.2,0.0,observed
2025-06-12,0,31.1,36.3,26.3,0.0,observed
2025-06-13,0,29.2,33.5,24.9,0.0,observed
2025-06-14,0,22.3,25.5,20.1,42.5,observed
2025-06-15,0,22.3,27.5,18.7,2.4,observed
2025-06-16,0,23.2,29.5,17.7,0.8,observed
2025-06-17,0,27.4,34.6,20.0,0.0,observed
2025-06-18,0,28.8,36.5,22.7,4.2,observed
2025-06-19,0,26.2,29.9,23.4,0.8,observed
2025-06-20,0,28.5,34.7,23.0,0.0,observed
2025-06-21,0,30.3,36.9,24.0,0.0,observed
2025-06-22,0,32.7,40.4,25.3,0.0,observed
2025-06-23,0,33.3,39.3,26.2,0.0,observed
2025-06-24,0,34.0,40.0,27.2,0.0,observed
2025-06-25,0,32.1,38.4,25.8,0.0,observed
2025-06-26,0,29.0,33.6,25.8,0.0,observed
2025-06-27,0,26.7,31.1,24.2,2.4,observed
2025-06-28,0,25.4,29.9,21.7,2.8,observed
2025-06-29,0,25.0,29.5,21.6,2.3,observed
2025-06-30,0,26.2,30.5,22.1,0.1,observed
2025-07-01,0,26.4,30.3,23.3,10.0,observed
2025-07-02,0,27.3,32.1,24.5,19.2,observed
2025-07-03,0,26.2,28.6,23.9,9.9,observed
2025-07-04,0,29.2,33.5,24.9,0.2,observed
2025-07-05,0,29.7,34.7,25.8,1.8,observed
2025-07-06,0,29.6,33.9,24.4,0.0,observed
2025-07-07,0,30.7,35.4,26.7,0.1,observed
2025-07-08,0,28.7,32.7,25.3,8.8,observed
2025-07-09,0,30.4,34.8,26.3,2.8,observed
2025-07-10,0,27.2,31.8,24.2,13.8,observed
2025-07-11,0,29.6,34.4,24.9,0.0,observed
2025-07-12,0,30.3,35.4,26.3,0.3,observed
2025-07-13,0,31.0,36.0,25.0,0.0,observed
2025-07-14,0,30.9,35.1,25.5,1.4,observed
2025-07-15,0,26.1,30.9,22.6,10.5,observed
2025-07-16,0,26.0,30.0,21.5,0.4,observed
2025-07-17,0,30.8,36.3,24.4,0.0,observed
2025-07-18,0,31.8,37.7,24.9,0.7,observed
2025-07-19,0,31.6,35.9,26.5,5.2,observed
2025-07-20,0,25.8,28.0,24.3,27.1,observed
2025-07-21,0,27.6,31.9,23.4,0.1,observed
2025-07-22,0,28.6,32.7,24.7,0.0,observed
2025-07-23,0,27.8,32.9,24.4,5.4,observed
2025-07-24,0,26.3,30.5,24.2,16.8,observed
2025-07-25,0,26.7,30.9,24.4,27.0,observed
2025-07-26,0,29.0,32.9,25.0,0.3,observed
2025-07-27,0,28.0,30.7,26.1,11.9,observed
2025-07-28,0,27.1,31.3,23.6,34.6,observed
2025-07-29,0,26.1,29.9,23.3,42.9,observed
2025-07-30,0,27.0,31.0,22.4,0.0,observed
2025-07-31,0,26.7,29.5,23.8,0.3,observed
2025-08-01,0,27.8,32.7,23.4,0.0,observed
2025-08-02,0,28.3,32.1,24.4,0.4,observed
2025-08-03,0,28.5,32.5,23.9,5.0,observed
2025-08-04,0,27.3,30.2,25.2,7.8,observed
2025-08-05,0,27.8,30.3,24.7,7.3,observed
2025-08-06,0,29.7,34.8,25.6,0.0,observed
2025-08-07,0,28.6,32.9,24.9,0.0,observed
2025-08-08,0,24.7,27.3,22.2,19.1,observed
2025-08-09,0,26.0,31.8,20.5,0.0,observed
2025-08-10,0,27.4,32.1,23.3,0.0,observed
2025-08-11,0,27.1,30.7,23.8,0.1,observed
2025-08-12,0,25.6,30.2,22.5,13.4,observed
2025-08-13,0,25.2,29.0,21.6,1.2,observed
2025-08-14,0,24.4,27.8,22.4,15.8,observed
2025-08-15,0,25.9,30.7,22.1,0.3,observed
2025-08-16,0,25.2,27.4,23.8,0.5,observed
2025-08-17,0,26.7,30.2,23.6,0.8,observed
2025-08-18,0,27.5,31.2,24.0,0.7,observed
2025-08-19,0,26.1,29.9,24.1,8.1,observed
2025-08-20,0,26.9,30.3,23.2,0.2,observed
2025-08-21,0,26.7,30.7,24.2,18.9,observed
2025-08-22,0,27.6,32.7,23.5,0.0,observed
2025-08-23,0,25.2,28.0,21.3,0.5,observed
2025-08-24,0,23.6,27.5,20.2,0.0,observed
2025-08-25,0,26.0,30.9,21.7,0.0,observed
2025-08-26,0,26.3,29.8,23.3,0.2,observed
2025-08-27,0,22.0,25.2,19.9,72.7,observed
2025-08-28,0,23.8,27.1,20.6,0.3,observed
2025-08-29,0,24.6,26.9,22.3,0.7,observed
2025-08-30,0,24.8,28.8,21.1,2.7,observed
2025-08-31,0,24.5,29.0,21.2,0.8,observed
2025-09-01,0,24.9,29.8,19.7,0.0,observed
2025-09-02,0,26.2,29.6,22.6,0.0,observed
2025-09-03,0,27.1,30.7,23.8,0.0,observed
2025-09-04,0,26.8,30.9,22.4,0.3,observed
2025-09-05,0,23.4,25.7,20.9,12.3,observed
2025-09-06,0,23.5,29.5,17.5,0.0,observed
2025-09-07,0,24.3,29.4,19.1,0.0,observed
2025-09-08,0,24.7,30.3,18.0,0.0,observed
2025-09-09,0,25.7,31.3,20.1,0.6,observed
2025-09-10,0,24.9,29.7,20.3,1.7,observed
2025-09-11,0,26.8,31.1,22.3,0.2,observed
2025-09-12,0,26.0,30.7,22.1,0.0,observed
2025-09-13,0,25.2,30.0,20.7,0.0,observed
2025-09-14,0,25.6,31.2,19.5,0.0,observed
2025-09-15,0,22.4,24.3,20.5,0.8,observed
2025-09-16,0,22.5,25.3,20.8,0.1,observed
2025-09-17,0,20.6,25.0,15.8,0.0,observed
2025-09-18,0,21.2,26.6,14.9,0.0,observed
2025-09-19,0,21.0,24.5,18.2,0.0,observed
2025-09-20,0,21.5,27.8,15.5,0.0,observed
2025-09-21,0,21.9,27.0,17.3,2.3,observed
2025-09-22,0,19.7,23.2,17.0,1.5,observed
2025-09-23,0,18.5,21.3,15.6,0.0,observed
2025-09-24,0,19.7,25.7,14.4,0.0,observed
2025-09-25,0,22.3,28.0,16.5,0.0,observed
2025-09-26,0,23.5,29.1,18.0,0.0,observed
2025-09-27,0,21.4,25.4,18.6,0.0,observed
2025-09-28,0,22.1,28.6,16.6,0.0,observed
2025-09-29,0,22.7,28.6,16.6,0.0,observed
2025-09-30,0,23.5,29.2,17.4,0.0,observed
2025-10-01,0,24.1,30.0,17.8,0.0,observed
2025-10-02,0,23.3,27.4,18.7,0.0,observed
2025-10-03,0,20.9,23.6,18.2,0.5,observed
2025-10-04,0,21.5,25.4,16.9,0.0,observed
2025-10-05,0,19.1,21.6,16.1,3.9,observed
2025-10-06,0,15.9,19.8,13.3,6.0,observed
2025-10-07,0,17.9,21.9,14.2,0.0,observed
2025-10-08,0,13.6,17.9,10.1,19.1,observed
2025-10-09,0,10.7,11.3,10.2,27.9,observed
2025-10-10,0,11.4,13.6,10.2,20.0,observed
2025-10-11,0,13.3,17.3,10.0,2.7,observed
2025-10-12,0,14.0,16.4,11.9,0.0,observed
2025-10-13,0,14.4,20.1,9.6,0.0,observed
2025-10-14,0,15.2,20.8,10.3,0.0,observed
2025-10-15,0,15.5,19.3,12.6,0.1,observed
2025-10-16,0,14.1,14.8,13.1,3.1,observed
2025-10-17,0,12.0,15.0,7.3,4.0,observed
2025-10-18,0,7.3,9.4,4.1,0.0,observed
2025-10-19,0,7.6,10.1,4.6,0.0,observed
2025-10-20,0,5.3,8.9,1.9,0.0,observed
2025-10-21,0,5.9,10.5,1.4,0.0,observed
2025-10-22,0,6.7,11.1,2.1,0.0,observed
2025-10-23,0,8.4,11.4,6.5,0.0,observed
2025-10-24,0,8.6,12.7,4.4,0.0,observed
2025-10-25,0,10.2,14.6,6.1,0.0,observed
2025-10-26,0,8.5,10.8,6.0,0.0,observed
2025-10-27,0,7.4,13.2,2.5,0.0,observed
2025-10-28,0,7.8,12.5,3.1,0.0,observed
2025-10-29,0,9.4,13.1,5.8,2.8,observed
2025-10-30,0,10.5,15.7,7.0,0.0,observed
2025-10-31,0,11.1,15.6,8.8,0.0,observed
2025-11-01,0,11.6,17.9,5.5,0.0,observed
2025-11-02,0,8.7,12.8,5.3,0.0,observed
2025-11-03,0,7.6,13.1,2.6,0.1,observed
2025-11-04,0,8.6,14.3,3.7,0.0,observed
2025-11-05,0,9.7,13.6,5.7,0.5,observed
2025-11-06,0,11.4,14.4,9.1,0.0,observed
2025-11-07,0,9.4,10.8,7.7,6.5,observed
2025-11-08,0,9.5,12.6,7.5,0.0,observed
2025-11-09,0,9.5,13.9,6.6,0.0,observed
2025-11-10,0,7.4,12.3,2.1,0.0,observed
2025-11-11,0,8.1,13.7,3.3,0.0,observed
2025-11-12,0,9.7,17.0,3.7,0.0,observed
2025-11-13,0,9.6,15.0,4.3,0.0,observed
2025-11-14,0,8.3,15.0,2.5,0.0,observed
2025-11-15,0,9.7,16.2,3.6,0.0,observed
2025-11-16,0,5.7,9.7,1.0,0.0,observed
2025-11-17,0,0.9,3.7,-1.6,0.0,observed
2025-11-18,0,3.7,10.3,-1.7,0.0,observed
2025-11-19,0,6.2,12.3,1.3,0.0,observed
2025-11-20,0,7.9,12.8,4.0,0.0,observed
2025-11-21,0,7.1,13.5,2.1,0.0,observed
2025-11-22,0,6.2,12.5,0.5,0.0,observed
2025-11-23,0,7.9,14.3,3.0,0.0,observed
2025-11-24,0,6.1,10.1,2.3,0.0,observed
2025-11-25,0,1.8,5.2,-1.2,0.0,observed
2025-11-26,0,2.1,6.3,-2.1,0.1,observed
2025-11-27,0,3.3,6.3,-0.2,0.0,observed
2025-11-28,0,0.9,5.2,-2.5,0.0,observed
2025-11-29,0,4.4,12.7,-1.9,0.0,observed
2025-11-30,0,4.9,9.8,0.6,0.0,observed
2025-12-01,0,0.8,3.6,-2.2,0.0,observed
2025-12-02,0,-3.4,-0.5,-6.3,0.0,observed
2025-12-03,0,-2.3,2.4,-5.9,0.0,observed
2025-12-04,0,0.3,5.1,-4.4,0.0,observed
2025-12-05,0,-0.5,4.3,-4.8,0.0,observed
2025-12-06,0,1.3,7.8,-3.3,0.0,observed
2025-12-07,0,4.2,9.3,-1.7,0.0,observed
2025-12-08,0,0.6,3.4,-1.5,0.0,observed
2025-12-09,0,-0.5,4.0,-4.8,0.0,observed
2025-12-10,0,0.1,3.9,-3.3,0.0,observed
2025-12-11,0,0.2,2.4,-1.8,0.0,observed
2025-12-12,0,-2.9,-2.2,-3.9,2.0,observed
2025-12-13,0,-2.8,1.1,-8.6,0.7,observed
2025-12-14,0,-3.9,2.1,-8.8,0.0,observed
2025-12-15,0,-2.5,2.5,-7.6,0.0,observed
2025-12-16,0,-0.4,4.6,-3.5,0.0,observed
2025-12-17,0,-0.9,4.1,-4.6,0.0,observed
2025-12-18,0,-1.7,0.2,-4.3,0.0,observed
2025-12-19,0,3.0,8.2,-1.0,0.0,observed
2025-12-20,0,1.5,3.8,-1.5,0.0,observed
2025-12-21,0,-1.7,2.1,-5.9,0.0,observed
2025-12-22,0,-1.6,1.2,-5.3,0.0,observed
2025-12-23,0,1.6,6.1,-2.6,1.1,observed
2025-12-24,0,-0.4,5.1,-4.7,0.0,observed
2025-12-25,0,-1.8,1.9,-4.4,0.0,observed
2025-12-26,0,-3.4,-0.6,-7.1,0.0,observed
2025-12-27,0,-2.1,3.0,-7.6,0.0,observed
2025-12-28,0,-1.3,3.6,-6.3,0.0,observed
2025-12-29,0,1.3,6.2,-3.3,0.0,observed
2025-12-30,0,-0.5,2.2,-3.1,0.0,observed
2025-12-31,0,-4.6,-2.3,-7.9,0.0,observed
2026-01-01,0,-4.2,1.1,-9.0,0.0,observed
2026-01-02,0,-3.9,1.6,-9.2,0.0,observed
2026-01-03,0,-2.1,4.3,-7.3,0.0,observed
2026-01-04,0,-0.3,5.0,-4.3,0.0,observed
2026-01-05,0,-1.1,3.0,-4.9,0.0,observed
2026-01-06,0,0.3,5.8,-5.0,0.0,observed
2026-01-07,0,0.3,3.3,-2.0,0.0,observed
2026-01-08,0,-1.0,3.9,-5.5,0.0,observed
2026-01-09,0,0.4,4.9,-4.5,0.0,observed
2026-01-10,0,-1.6,0.8,-4.7,0.0,observed
2026-01-11,0,-5.1,-2.4,-8.5,0.0,observed
2026-01-12,0,-3.2,4.3,-9.9,0.0,observed
2026-01-13,0,-1.2,3.2,-5.6,0.0,observed
2026-01-14,0,-2.9,0.4,-5.9,0.0,observed
2026-01-15,0,-1.7,5.4,-8.1,0.0,observed
2026-01-16,0,-0.5,3.2,-3.9,0.0,observed
2026-01-17,0,-6.0,-4.6,-7.4,1.4,observed
2026-01-18,0,-7.0,-4.8,-8.6,1.1,observed
2026-01-19,0,-9.5,-6.9,-12.4,0.0,observed
2026-01-20,0,-9.9,-4.6,-13.7,0.0,observed
2026-01-21,0,-8.7,-3.1,-13.8,0.0,observed
2026-01-22,0,-7.7,-2.1,-13.0,0.0,observed
2026-01-23,0,-5.5,0.8,-10.7,0.0,observed
2026-01-24,0,-4.4,2.0,-10.1,0.0,observed
2026-01-25,0,-4.0,-1.5,-7.4,0.0,observed
2026-01-26,0,-2.2,3.0,-6.9,0.0,observed
2026-01-27,0,-1.4,2.7,-4.9,0.0,observed
2026-01-28,0,-2.4,0.9,-5.6,0.0,observed
2026-01-29,0,-2.6,-0.3,-6.0,0.0,observed
2026-01-30,0,-1.7,0.7,-4.5,0.0,observed
2026-01-31,0,-1.5,3.4,-5.8,0.0,observed
2026-02-01,0,0.7,7.0,-5.5,0.0,observed
2026-02-02,0,0.4,4.6,-3.7,0.0,observed
2026-02-03,0,0.5,6.0,-5.4,0.0,observed
2026-02-04,0,3.6,10.6,-1.3,0.0,observed
2026-02-05,0,0.7,6.5,-4.2,0.0,observed
2026-02-06,0,-7.0,-4.9,-9.2,0.0,observed
2026-02-07,0,-5.1,-0.4,-9.6,0.0,observed
2026-02-08,0,-2.8,3.1,-8.9,0.0,observed
2026-02-09,0,-1.2,3.2,-6.1,0.0,observed
2026-02-10,0,3.4,8.8,-1.3,0.0,observed
2026-02-11,0,2.9,8.4,-1.9,0.0,observed
2026-02-12,0,4.0,11.5,-2.6,0.0,observed
2026-02-13,0,5.7,13.5,0.2,0.0,observed
2026-02-14,0,6.7,15.2,1.0,0.0,observed
2026-02-15,0,1.9,5.4,-1.5,0.0,observed
2026-02-16,0,0.9,5.7,-3.0,0.0,observed
2026-02-17,0,2.4,9.7,-5.0,0.0,observed
2026-02-18,0,6.1,10.9,1.4,0.0,observed
2026-02-19,0,4.9,12.6,-2.5,0.0,observed
2026-02-20,0,7.1,14.7,0.1,0.0,observed
2026-02-21,0,10.1,19.7,3.5,0.0,observed
2026-02-22,0,3.0,6.0,0.4,0.0,observed
2026-02-23,0,1.5,5.7,-2.8,0.0,observed
2026-02-24,0,2.4,7.5,-2.1,0.0,observed
2026-02-25,0,3.9,6.7,1.3,0.0,observed
2026-02-26,0,5.8,10.3,2.8,0.6,observed
2026-02-27,0,2.7,5.6,0.8,1.6,observed
2026-02-28,0,1.3,2.6,0.5,0.2,observed
2026-03-01,0,2.3,4.4,-0.5,0.0,observed
2026-03-02,0,2.7,4.7,0.5,2.5,observed
2026-03-03,0,5.4,11.0,1.2,0.0,observed
2026-03-04,0,1.3,3.3,-1.2,3.2,observed
2026-03-05,0,-0.5,1.7,-2.3,0.7,observed
2026-03-06,0,0.9,6.3,-3.7,0.0,observed
2026-03-07,0,2.6,8.4,-2.6,0.0,observed
2026-03-08,0,5.5,12.3,-0.6,0.0,observed
2026-03-09,0,5.9,11.4,-0.6,0.0,observed
2026-03-10,0,6.2,11.6,1.5,1.4,observed
2026-03-11,0,9.2,15.1,3.2,0.0,observed
2026-03-12,0,7.4,12.8,1.8,0.0,observed
2026-03-13,0,5.9,9.0,2.8,0.2,observed
2026-03-14,0,8.3,10.9,4.9,0.0,observed
2026-03-15,0,7.6,14.5,0.3,0.0,observed
2026-03-16,0,9.3,13.7,4.3,0.0,observed
2026-03-17,0,8.4,13.7,2.8,5.6,observed
2026-03-18,0,7.9,12.9,2.7,0.2,observed
2026-03-19,0,8.9,16.2,0.3,0.0,observed
2026-03-20,0,9.3,14.3,4.0,0.0,observed
2026-03-21,0,9.0,15.3,2.4,0.0,observed
2026-03-22,0,15.2,22.5,7.3,0.0,observed
2026-03-23,0,13.6,17.8,9.5,0.0,observed
2026-03-24,0,13.6,19.4,7.9,0.0,observed
2026-03-25,0,17.0,24.7,8.7,0.0,observed
2026-03-26,0,18.1,24.8,11.3,0.0,observed
2026-03-27,0,16.6,20.6,11.4,0.0,observed
2026-03-28,0,15.3,20.2,8.9,0.0,observed
2026-03-29,0,16.2,22.4,12.3,0.0,observed
2026-03-30,0,13.3,17.2,9.3,0.0,observed
2026-03-31,0,13.1,18.3,8.0,0.0,observed
2026-04-01,0,13.3,17.8,8.8,0.0,observed
2026-04-02,0,12.7,19.0,6.7,0.0,observed
2026-04-03,0,16.1,23.5,11.5,1.0,observed
2026-04-04,0,13.2,17.0,8.3,0.0,observed
2026-04-05,0,13.7,18.4,8.2,0.0,observed
2026-04-06,0,12.8,18.5,8.0,0.0,observed
2026-04-07,0,10.4,14.8,5.6,0.0,observed
2026-04-08,0,12.6,19.6,6.5,0.6,observed
2026-04-09,0,11.6,12.7,10.3,6.0,observed
2026-04-10,0,16.5,26.3,8.6,0.0,observed
2026-04-11,0,17.3,22.1,11.3,0.0,observed
2026-04-12,0,18.3,26.4,9.4,0.0,observed
2026-04-13,0,16.6,19.6,14.3,1.6,observed
2026-04-14,0,14.6,18.1,11.8,1.0,observed
2026-04-15,0,16.9,23.4,9.9,0.0,observed
2026-04-16,0,16.1,18.8,14.0,10.6,observed
2026-04-17,0,16.9,21.3,13.8,0.3,observed
2026-04-18,0,19.0,25.3,13.3,0.0,observed
2026-04-19,0,17.2,22.1,12.8,0.9,observed
2026-04-20,0,15.4,23.4,9.1,0.0,observed
2026-04-21,0,17.3,25.3,9.6,0.0,observed
2026-04-22,0,17.7,23.0,12.0,0.0,observed
2026-04-23,0,18.4,23.8,12.5,0.0,observed
2026-04-24,0,20.0,25.0,14.6,0.0,observed
2026-04-25,0,21.7,27.0,15.7,0.0,observed
2026-04-26,0,20.4,24.8,16.1,0.0,observed
2026-04-27,0,17.4,21.9,11.2,3.3,observed
2026-04-28,0,16.5,19.9,10.1,0.0,observed
2026-04-29,0,17.8,24.0,10.3,0.0,observed
2026-04-30,0,20.3,26.9,12.7,0.0,observed
2026-05-01,0,21.5,27.0,15.6,0.0,observed
2026-05-02,0,16.8,22.9,12.5,1.3,observed
2026-05-03,0,15.4,20.0,10.0,0.0,observed
2026-05-04,0,18.4,24.3,11.1,0.0,observed
2026-05-05,0,22.1,28.9,15.2,0.0,observed
2026-05-06,0,22.4,26.2,19.8,0.0,observed
2026-05-07,0,19.4,23.3,14.2,0.0,observed
2026-05-08,0,20.5,26.7,13.2,0.0,observed
2026-05-09,0,19.8,24.0,16.3,0.0,observed
2026-05-10,0,25.2,32.6,15.4,0.0,observed
2026-05-11,0,25.4,31.2,19.1,0.0,observed
2026-05-12,0,26.0,31.9,19.2,0.0,observed
2026-05-13,0,29.0,34.7,22.9,0.0,observed
2026-05-14,0,27.8,33.6,22.7,0.0,observed
2026-05-15,0,24.2,30.2,19.9,3.1,observed
2026-05-16,0,20.7,23.9,18.7,4.5,observed
2026-05-17,0,18.8,20.3,17.6,46.6,observed
2026-05-18,0,21.4,26.4,17.4,5.2,observed
2026-05-19,0,21.1,25.0,17.4,0.0,observed
2026-05-20,0,19.8,23.0,17.9,2.1,observed
2026-05-21,0,20.8,24.8,16.5,0.1,observed
2026-05-22,0,18.5,20.1,17.3,31.7,observed
2026-05-23,0,20.8,25.5,16.2,0.0,observed
2026-05-24,0,23.6,28.2,18.9,0.0,observed
2026-05-25,0,20.0,21.6,19.1,8.7,observed
2026-05-26,0,21.0,24.5,17.3,0.0,observed
2026-05-27,0,22.8,27.1,18.0,0.0,observed
2026-05-28,0,23.6,28.5,20.4,0.0,observed
2026-05-29,0,24.9,32.5,17.5,0.0,observed
2026-05-30,0,28.4,36.9,18.8,0.0,observed
2026-05-31,0,29.9,34.6,24.7,0.0,observed
2026-06-01,0,30.9,36.7,24.3,0.0,observed
2026-06-02,0,30.7,36.1,24.3,0.0,observed
2026-06-03,0,25.3,30.0,21.0,0.5,observed
2026-06-04,0,21.4,25.0,19.0,3.9,observed
2026-06-05,0,23.1,27.7,17.7,0.0,observed
2026-06-06,0,17.6,23.1,15.4,14.6,observed
2026-06-07,0,19.0,25.3,13.4,1.5,observed
2026-06-08,0,21.3,29.3,14.8,0.2,observed
2026-06-09,0,22.6,27.4,16.3,0.2,observed
2026-06-10,0,21.8,27.3,15.5,3.5,observed
2026-06-11,0,25.4,31.3,16.7,0.0,observed
2026-06-12,0,28.4,33.3,23.1,0.5,observed
2026-06-13,0,24.1,28.8,19.8,2.5,observed
2026-06-14,0,23.2,28.1,18.1,0.0,observed
2026-06-15,0,24.3,28.9,21.0,2.5,observed
2026-06-16,0,23.7,29.1,21.4,12.7,observed
2026-06-17,0,25.1,30.0,20.1,1.7,observed
2026-06-18,0,26.2,30.9,22.3,1.5,observed
2026-06-19,0,23.8,27.4,21.7,17.0,observed
2026-06-20,0,23.8,27.9,21.3,0.2,observed
2026-06-21,0,24.9,30.9,17.3,0.0,observed
2026-06-22,0,27.2,32.8,20.5,0.0,observed
2026-06-23,0,25.6,31.5,20.9,2.3,observed
2026-06-24,0,25.4,31.8,19.6,4.7,observed
2026-06-25,0,26.4,32.3,20.1,0.0,observed
2026-06-26,0,29.3,34.4,22.3,0.0,observed
2026-06-27,0,30.6,35.8,24.5,1.1,observed
2026-06-28,0,28.5,34.1,24.2,1.5,observed
2026-06-29,0,25.2,28.8,22.1,8.9,observed
2026-06-30,0,24.1,27.8,21.6,1.9,observed
2026-07-01,0,26.5,31.1,21.5,0.3,observed
2026-07-02,0,30.0,35.8,24.3,0.1,observed
2026-07-03,0,30.6,38.0,25.7,2.4,observed
2026-07-04,0,31.6,36.8,27.6,0.5,observed
2026-07-05,0,30.0,35.4,25.8,1.4,observed
2026-07-06,0,29.5,35.5,23.4,0.1,observed
2026-07-07,0,27.6,34.4,23.9,6.0,observed
2026-07-08,0,27.3,31.5,22.3,0.3,observed
2026-07-09,0,30.3,35.2,25.1,2.1,observed
2026-07-10,0,25.6,28.8,24.0,27.2,observed
2026-07-11,0,26.2,30.4,24.1,36.5,observed
2026-07-12,0,27.1,29.8,24.9,23.4,observed
2026-07-13,0,28.9,32.9,25.3,0.1,observed
2026-07-14,0,29.3,33.4,25.6,0.0,observed
2026-07-15,0,30.0,35.4,25.0,0.0,observed
2026-07-16,0,28.8,32.9,25.8,0.5,observed
2026-07-17,0,26.9,30.3,24.0,0.0,observed
2026-07-18,0,26.2,29.8,22.9,0.8,observed
2026-07-19,0,28.3,32.8,23.4,0.2,observed
2026-07-20,0,26.1,31.9,22.5,10.2,observed
2026-07-21,0,26.1,30.2,22.2,0.2,observed
2026-07-22,0,25.5,28.5,23.2,2.9,observed
2026-07-23,0,24.4,27.8,22.6,4.4,observed
2026-07-24,0,26.3,29.9,23.1,1.5,observed
2026-07-25,0,27.1,30.7,24.1,1.1,observed
2026-07-26,0,27.5,31.4,23.0,1.3,observed
2026-07-27,0,28.6,32.6,24.9,0.8,observed
2026-07-28,0,30.5,35.0,26.5,1.1,observed
2026-07-29,0,30.7,34.7,27.0,0.5,observed
2026-07-30,0,30.9,35.2,27.1,3.6,observed
2026-07-31,0,30.7,34.3,27.2,1.4,observed
2026-08-01,0,32.1,37.4,27.1,0.6,observed
2026-08-02,0,30.0,37.4,26.3,6.8,observed
2026-08-03,0,29.5,35.7,26.1,9.2,observed
2026-08-04,0,30.0,35.1,25.5,0.2,observed
2026-08-05,0,32.5,38.0,27.4,1.2,observed
2026-08-06,0,33.2,37.5,28.0,1.3,observed
2026-08-07,0,31.4,37.4,26.5,10.1,observed
2026-08-08,0,27.8,31.1,25.5,0.0,observed
2026-08-09,0,27.2,31.8,23.1,0.0,observed
2026-08-10,0,28.2,32.9,23.2,0.0,observed
2026-08-11,0,28.1,31.5,25.7,3.7,observed
2026-08-12,0,24.5,26.0,23.0,28.6,observed
2026-08-13,0,25.5,29.2,22.3,10.9,observed
2026-08-14,0,26.4,30.1,22.7,1.7,observed
2026-08-15,0,25.8,29.7,21.0,12.7,observed
2026-08-16,0,24.7,27.4,22.5,6.1,observed
2026-08-17,0,26.3,31.0,21.7,0.0,observed
2026-08-18,0,27.4,31.5,24.0,1.4,observed
2026-08-19,0,27.3,32.1,23.5,2.2,observed
2026-08-20,0,27.4,32.0,23.4,0.9,observed
2026-08-21,0,28.7,34.6,23.6,7.0,observed
2026-08-22,0,27.1,30.8,23.0,2.4,observed
2026-08-23,0,27.9,31.4,25.2,9.2,observed
2026-08-24,0,27.1,31.9,23.4,11.4,observed
2026-08-25,0,26.5,30.8,24.1,29.5,observed
2026-08-26,0,23.9,27.1,21.7,7.3,observed
2026-08-27,0,25.5,29.1,22.4,1.2,observed
2026-08-28,0,20.3,23.4,18.8,7.5,observed
2026-08-29,0,22.7,28.7,18.4,0.0,observed
2026-08-30,0,25.0,31.9,19.2,0.0,observed
2026-08-31,0,24.5,29.4,19.1,0.0,observed
2026-09-01,0,24.6,29.6,19.8,0.0,observed
2026-09-02,0,25.0,30.0,19.0,0.0,observed
2026-09-03,0,26.8,32.6,20.5,0.0,observed
2026-09-04,0,28.1,33.9,21.9,0.0,observed
2026-09-05,0,27.9,33.5,22.3,0.0,observed
2026-09-06,0,27.1,31.4,22.3,0.0,observed
2026-09-07,0,25.3,30.2,19.2,10.7,observed
2026-09-08,0,19.8,23.3,17.9,2.8,observed
2026-09-09,0,20.4,25.1,16.9,0.0,observed
2026-09-10,0,22.3,29.6,15.1,0.0,observed
2026-09-11,0,24.3,31.3,16.9,0.0,observed
2026-09-12,0,23.5,28.7,17.7,0.0,observed
2026-09-13,0,25.1,30.1,19.2,0.0,observed
2026-09-14,0,22.7,26.9,17.5,0.0,observed
2026-09-15,0,23.4,29.3,17.3,0.0,observed
2026-09-16,0,25.7,31.5,19.4,0.0,observed
2026-09-17,0,26.0,31.1,20.5,0.0,observed
2026-09-18,0,24.4,28.5,21.2,0.3,observed
2026-09-19,0,24.4,28.2,20.5,0.2,observed
2026-09-20,0,24.9,29.1,21.5,1.1,observed
2026-09-21,0,25.3,30.8,19.9,0.0,observed
2026-09-22,0,25.5,30.7,20.2,0.0,observed
2026-09-23,0,26.8,32.3,21.6,0.0,observed
2026-09-24,0,21.4,26.5,19.2,14.4,observed
2026-09-25,0,21.3,24.6,18.3,0.0,observed
2026-09-26,0,22.4,26.9,18.9,3.5,observed
2026-09-27,0,21.4,27.1,17.6,3.6,observed
2026-09-28,0,19.6,24.1,15.4,0.2,observed
2026-09-29,0,21.4,27.0,17.0,2.0,observed
2026-09-30,0,17.7,19.8,14.9,0.0,observed
2026-10-01,0,17.5,22.9,11.1,0.0,observed
2026-10-02,0,17.0,22.9,11.3,0.0,observed
2026-10-03,0,17.5,24.0,11.9,0.0,observed
2026-10-04,0,17.3,20.9,14.7,0.0,forecast
2026-10-05,0,18.0,24.3,11.4,0.0,forecast
2026-10-06,0,19.1,25.6,13.1,0.0,forecast
2026-10-07,0,20.4,26.9,14.3,0.0,forecast
2026-10-08,0,20.4,26.3,14.7,0.0,forecast
2026-10-09,0,20.8,25.7,15.8,0.0,forecast
2026-10-10,0,21.5,26.5,17.4,1.5,forecast
2026-10-11,0,22.3,28.4,16.3,0.0,forecast
2026-10-12,0,21.1,23.6,17.7,0.0,forecast
2026-10-13,0,17.1,20.9,14.4,0.0,forecast
2026-10-14,0,16.7,21.4,13.1,0.0,forecast
2026-10-15,0,16.6,21.1,11.8,0.6,forecast
2026-10-16,0,16.3,19.8,13.7,2.4,forecast
2026-10-17,0,14.5,18.5,11.9,0.0,forecast
2026-10-18,0,14.1,18.9,10.4,0.0,forecast
2026-10-19,0,14.6,17.6,11.9,0.0,forecast
2025-01-01,1,0.2,3.2,-2.0,0.0,observed
2025-01-02,1,-0.3,3.7,-3.2,0.0,observed
2025-01-03,1,-0.5,3.3,-5.2,0.0,observed
2025-01-04,1,-0.6,3.7,-5.2,0.0,observed
2025-01-05,1,2.8,6.7,-0.6,0.0,observed
2025-01-06,1,1.4,5.1,-1.7,0.0,observed
2025-01-07,1,2.1,5.3,-0.4,0.1,observed
2025-01-08,1,-2.2,0.1,-4.8,0.0,observed
2025-01-09,1,-2.9,1.2,-6.5,0.0,observed
2025-01-10,1,-3.4,0.3,-7.5,0.0,observed
2025-01-11,1,-2.5,1.0,-6.6,0.0,observed
2025-01-12,1,-1.3,1.4,-4.7,0.0,observed
2025-01-13,1,0.2,5.7,-4.7,0.0,observed
2025-01-14,1,-0.7,1.9,-3.9,0.3,observed
2025-01-15,1,-3.0,0.9,-7.5,0.0,observed
2025-01-16,1,1.0,6.1,-2.4,0.0,observed
2025-01-17,1,0.1,4.9,-4.5,0.0,observed
2025-01-18,1,-0.2,4.6,-5.2,0.0,observed
2025-01-19,1,2.6,7.1,0.3,0.0,observed
2025-01-20,1,0.6,5.5,-4.3,0.0,observed
2025-01-21,1,2.1,6.6,-0.7,0.0,observed
2025-01-22,1,0.0,3.7,-4.0,0.0,observed
2025-01-23,1,-0.7,3.5,-5.5,0.0,observed
2025-01-24,1,0.0,4.8,-4.2,0.0,observed
2025-01-25,1,-0.4,2.9,-4.5,0.1,observed
2025-01-26,1,-0.8,0.9,-4.4,0.9,observed
2025-01-27,1,-5.4,-2.6,-8.1,0.0,observed
2025-01-28,1,-5.4,-0.3,-10.0,0.0,observed
2025-01-29,1,-4.3,0.5,-9.2,0.0,observed
2025-01-30,1,-5.3,-3.5,-7.7,0.0,observed
2025-01-31,1,-3.2,-0.1,-5.3,0.0,observed
2025-02-01,1,-2.5,0.3,-4.3,0.0,observed
2025-02-02,1,-1.1,3.1,-5.3,0.0,observed
2025-02-03,1,-2.4,1.0,-5.0,0.0,observed
2025-02-04,1,-3.5,2.1,-8.1,0.0,observed
2025-02-05,1,-3.6,0.7,-7.7,0.0,observed
2025-02-06,1,-3.8,0.9,-10.6,0.0,observed
2025-02-07,1,-9.1,-4.7,-12.7,0.0,observed
2025-02-08,1,-6.6,-0.7,-11.7,0.0,observed
2025-02-09,1,-5.3,-0.2,-11.1,0.0,observed
2025-02-10,1,-3.2,2.7,-9.3,0.0,observed
2025-02-11,1,-0.9,3.8,-6.3,0.0,observed
2025-02-12,1,1.6,5.5,-2.6,0.0,observed
2025-02-13,1,2.2,8.4,-3.0,0.0,observed
2025-02-14,1,3.5,9.8,-1.4,0.0,observed
2025-02-15,1,5.7,12.9,-1.4,0.0,observed
2025-02-16,1,4.6,7.8,0.2,0.0,observed
2025-02-17,1,1.1,4.2,-2.2,0.0,observed
2025-02-18,1,0.7,5.4,-3.2,0.0,observed
2025-02-19,1,0.6,4.7,-3.0,0.0,observed
2025-02-20,1,0.3,4.7,-2.8,0.0,observed
2025-02-21,1,-0.9,2.2,-3.4,0.0,observed
2025-02-22,1,-1.2,3.2,-4.8,0.0,observed
2025-02-23,1,-1.1,4.1,-5.2,0.0,observed
2025-02-24,1,1.5,7.6,-4.6,0.0,observed
2025-02-25,1,4.8,9.2,-0.9,0.0,observed
2025-02-26,1,3.8,9.9,-1.8,0.0,observed
2025-02-27,1,5.9,12.6,-0.4,0.0,observed
2025-02-28,1,8.7,16.5,0.8,0.0,observed
2025-03-01,1,10.2,16.8,4.4,0.2,observed
2025-03-02,1,5.6,9.2,2.5,3.3,observed
2025-03-03,1,4.2,7.6,-0.3,0.0,observed
2025-03-04,1,4.9,8.9,0.7,0.0,observed
2025-03-05,1,5.4,11.5,-1.2,0.0,observed
2025-03-06,1,7.4,12.2,1.0,0.0,observed
2025-03-07,1,6.6,10.5,2.9,0.1,observed
2025-03-08,1,7.4,14.2,0.4,0.0,observed
2025-03-09,1,10.2,16.7,3.0,0.0,observed
2025-03-10,1,12.0,17.4,6.5,0.0,observed
2025-03-11,1,10.6,14.1,5.8,3.8,observed
2025-03-12,1,12.8,18.8,5.3,0.0,observed
2025-03-13,1,12.0,18.9,5.1,0.2,observed
2025-03-14,1,8.6,10.7,6.7,0.0,observed
2025-03-15,1,4.1,6.8,0.1,4.7,observed
2025-03-16,1,2.2,8.4,-6.1,0.0,observed
2025-03-17,1,4.4,7.5,0.6,0.0,observed
2025-03-18,1,6.9,14.8,-1.0,0.0,observed
2025-03-19,1,12.6,21.1,3.1,0.0,observed
2025-03-20,1,15.9,23.3,6.3,0.0,observed
2025-03-21,1,19.6,26.5,10.8,0.0,observed
2025-03-22,1,21.2,28.3,12.4,0.0,observed
2025-03-23,1,21.3,26.0,15.1,0.0,observed
2025-03-24,1,17.0,20.8,11.8,0.0,observed
2025-03-25,1,15.1,20.7,8.3,1.2,observed
2025-03-26,1,12.5,18.6,6.3,0.0,observed
2025-03-27,1,11.1,13.4,7.6,0.0,observed
2025-03-28,1,6.0,9.9,3.3,0.0,observed
2025-03-29,1,5.9,11.3,0.6,0.0,observed
2025-03-30,1,8.3,14.2,1.1,0.0,observed
2025-03-31,1,12.4,20.4,3.9,0.0,observed
2025-04-01,1,14.5,21.1,7.2,0.0,observed
2025-04-02,1,13.3,19.1,7.3,0.0,observed
2025-04-03,1,14.3,19.6,8.1,0.0,observed
2025-04-04,1,14.6,21.2,7.7,0.0,observed
2025-04-05,1,15.3,21.4,9.1,0.0,observed
2025-04-06,1,16.1,23.2,8.6,0.0,observed
2025-04-07,1,17.9,25.0,10.1,0.0,observed
2025-04-08,1,16.9,22.8,11.3,1.7,observed
2025-04-09,1,17.2,22.9,12.2,0.0,observed
2025-04-10,1,18.8,25.8,11.8,0.0,observed
2025-04-11,1,20.2,27.3,13.7,0.0,observed
2025-04-12,1,9.7,12.7,7.0,0.0,observed
2025-04-13,1,9.9,13.2,6.9,0.0,observed
2025-04-14,1,17.4,24.2,10.5,0.0,observed
2025-04-15,1,22.2,31.6,12.3,0.0,observed
2025-04-16,1,22.2,28.5,16.6,0.0,observed
2025-04-17,1,21.6,29.1,13.9,0.0,observed
2025-04-18,1,14.2,20.2,9.7,11.2,observed
2025-04-19,1,14.7,21.5,8.8,0.0,observed
2025-04-20,1,18.6,24.7,12.8,0.0,observed
2025-04-21,1,16.4,19.5,12.8,2.0,observed
2025-04-22,1,17.7,24.1,11.0,0.0,observed
2025-04-23,1,19.3,27.0,12.0,0.0,observed
2025-04-24,1,16.8,22.0,10.8,0.0,observed
2025-04-25,1,17.8,23.9,10.7,0.0,observed
2025-04-26,1,20.0,26.5,12.1,0.0,observed
2025-04-27,1,20.2,26.1,14.7,0.0,observed
2025-04-28,1,19.7,25.9,13.8,0.0,observed
2025-04-29,1,21.7,32.9,11.6,0.0,observed
2025-04-30,1,21.0,27.4,17.8,0.3,observed
2025-05-01,1,20.7,25.9,15.5,0.0,observed
2025-05-02,1,16.9,19.6,14.1,0.0,observed
2025-05-03,1,19.0,24.2,13.7,0.0,observed
2025-05-04,1,20.2,25.7,14.0,0.4,observed
2025-05-05,1,16.4,20.7,13.2,5.1,observed
2025-05-06,1,16.2,21.4,11.2,0.0,observed
2025-05-07,1,18.4,24.8,11.9,0.0,observed
2025-05-08,1,19.6,26.5,15.1,8.8,observed
2025-05-09,1,12.9,17.2,11.2,36.7,observed
2025-05-10,1,17.3,23.9,11.4,0.0,observed
2025-05-11,1,18.7,25.8,11.1,0.0,observed
2025-05-12,1,21.5,27.3,15.5,0.0,observed
2025-05-13,1,23.4,29.9,17.7,0.2,observed
2025-05-14,1,20.8,25.1,17.6,9.1,observed
2025-05-15,1,21.1,27.2,15.1,0.0,observed
2025-05-16,1,22.4,28.7,16.4,0.4,observed
2025-05-17,1,18.9,23.6,14.0,0.0,observed
2025-05-18,1,19.0,24.6,12.9,0.0,observed
2025-05-19,1,23.7,31.5,16.5,0.0,observed
2025-05-20,1,26.3,32.3,19.7,0.0,observed
2025-05-21,1,25.5,30.5,21.7,0.0,observed
2025-05-22,1,19.3,23.3,13.3,6.7,observed
2025-05-23,1,16.8,21.7,12.7,1.4,observed
2025-05-24,1,20.1,27.8,12.5,0.0,observed
2025-05-25,1,21.9,27.9,15.6,0.0,observed
2025-05-26,1,23.2,29.7,16.3,0.4,observed
2025-05-27,1,26.1,32.7,18.8,0.0,observed
2025-05-28,1,27.1,33.4,20.1,0.0,observed
2025-05-29,1,26.9,32.6,21.1,0.0,observed
2025-05-30,1,26.8,31.7,22.2,0.0,observed
2025-05-31,1,24.1,27.7,20.3,3.2,observed
2025-06-01,1,22.2,26.1,19.4,0.3,observed
2025-06-02,1,23.8,29.4,18.2,0.0,observed
2025-06-03,1,24.9,29.2,19.2,0.0,observed
2025-06-04,1,27.8,34.5,18.8,0.0,observed
2025-06-05,1,30.8,37.1,23.7,0.0,observed
2025-06-06,1,31.2,37.0,24.9,0.0,observed
2025-06-07,1,28.3,32.5,24.2,0.0,observed
2025-06-08,1,28.0,33.5,22.0,0.0,observed
2025-06-09,1,28.1,35.7,23.0,0.0,observed
2025-06-10,1,28.1,33.8,21.3,0.0,observed
2025-06-11,1,29.8,35.3,23.2,0.0,observed
2025-06-12,1,31.1,36.3,26.3,0.0,observed
2025-06-13,1,29.2,33.5,24.9,0.0,observed
2025-06-14,1,22.3,25.5,20.1,42.5,observed
2025-06-15,1,22.3,27.5,18.7,2.4,observed
2025-06-16,1,23.2,29.5,17.7,0.8,observed
2025-06-17,1,27.4,34.6,20.0,0.0,observed
2025-06-18,1,28.8,36.5,22.7,4.2,observed
2025-06-19,1,26.2,29.9,23.4,0.8,observed
2025-06-20,1,28.5,34.7,23.0,0.0,observed
2025-06-21,1,30.3,36.9,24.0,0.0,observed
2025-06-22,1,32.7,40.4,25.3,0.0,observed
2025-06-23,1,33.3,39.3,26.2,0.0,observed
2025-06-24,1,34.0,40.0,27.2,0.0,observed
2025-06-25,1,32.1,38.4,25.8,0.0,observed
2025-06-26,1,29.0,33.6,25.8,0.0,observed
2025-06-27,1,26.7,31.1,24.2,2.4,observed
2025-06-28,1,25.4,29.9,21.7,2.8,observed
2025-06-29,1,25.0,29.5,21.6,2.3,observed
2025-06-30,1,26.2,30.5,22.1,0.1,observed
2025-07-01,1,26.4,30.3,23.3,10.0,observed
2025-07-02,1,27.3,32.1,24.5,19.2,observed
2025-07-03,1,26.2,28.6,23.9,9.9,observed
2025-07-04,1,29.2,33.5,24.9,0.2,observed
2025-07-05,1,29.7,34.7,25.8,1.8,observed
2025-07-06,1,29.6,33.9,24.4,0.0,observed
2025-07-07,1,30.7,35.4,26.7,0.1,observed
2025-07-08,1,28.7,32.7,25.3,8.8,observed
2025-07-09,1,30.4,34.8,26.3,2.8,observed
2025-07-10,1,27.2,31.8,24.2,13.8,observed
2025-07-11,1,29.6,34.4,24.9,0.0,observed
2025-07-12,1,30.3,35.4,26.3,0.3,observed
2025-07-13,1,31.0,36.0,25.0,0.0,observed
2025-07-14,1,30.9,35.1,25.5,1.4,observed
2025-07-15,1,26.1,30.9,22.6,10.5,observed
2025-07-16,1,26.0,30.0,21.5,0.4,observed
2025-07-17,1,30.8,36.3,24.4,0.0,observed
2025-07-18,1,31.8,37.7,24.9,0.7,observed
2025-07-19,1,31.6,35.9,26.5,5.2,observed
2025-07-20,1,25.8,28.0,24.3,27.1,observed
2025-07-21,1,27.6,31.9,23.4,0.1,observed
2025-07-22,1,28.6,32.7,24.7,0.0,observed
2025-07-23,1,27.8,32.9,24.4,5.4,observed
2025-07-24,1,26.3,30.5,24.2,16.8,observed
2025-07-25,1,26.7,30.9,24.4,27.0,observed
2025-07-26,1,29.0,32.9,25.0,0.3,observed
2025-07-27,1,28.0,30.7,26.1,11.9,observed
2025-07-28,1,27.1,31.3,23.6,34.6,observed
2025-07-29,1,26.1,29.9,23.3,42.9,observed
2025-07-30,1,27.0,31.0,22.4,0.0,observed
2025-07-31,1,26.7,29.5,23.8,0.3,observed
2025-08-01,1,27.8,32.7,23.4,0.0,observed
2025-08-02,1,28.3,32.1,24.4,0.4,observed
2025-08-03,1,28.5,32.5,23.9,5.0,observed
2025-08-04,1,27.3,30.2,25.2,7.8,observed
2025-08-05,1,27.8,30.3,24.7,7.3,observed
2025-08-06,1,29.7,34.8,25.6,0.0,observed
2025-08-07,1,28.6,32.9,24.9,0.0,observed
2025-08-08,1,24.7,27.3,22.2,19.1,observed
2025-08-09,1,26.0,31.8,20.5,0.0,observed
2025-08-10,1,27.4,32.1,23.3,0.0,observed
2025-08-11,1,27.1,30.7,23.8,0.1,observed
2025-08-12,1,25.6,30.2,22.5,13.4,observed
2025-08-13,1,25.2,29.0,21.6,1.2,observed
2025-08-14,1,24.4,27.8,22.4,15.8,observed
2025-08-15,1,25.9,30.7,22.1,0.3,observed
2025-08-16,1,25.2,27.4,23.8,0.5,observed
2025-08-17,1,26.7,30.2,23.6,0.8,observed
2025-08-18,1,27.5,31.2,24.0,0.7,observed
2025-08-19,1,26.1,29.9,24.1,8.1,observed
2025-08-20,1,26.9,30.3,23.2,0.2,observed
2025-08-21,1,26.7,30.7,24.2,18.9,observed
2025-08-22,1,27.6,32.7,23.5,0.0,observed
2025-08-23,1,25.2,28.0,21.3,0.5,observed
2025-08-24,1,23.6,27.5,20.2,0.0,observed
2025-08-25,1,26.0,30.9,21.7,0.0,observed
2025-08-26,1,26.3,29.8,23.3,0.2,observed
2025-08-27,1,22.0,25.2,19.9,72.7,observed
2025-08-28,1,23.8,27.1,20.6,0.3,observed
2025-08-29,1,24.6,26.9,22.3,0.7,observed
2025-08-30,1,24.8,28.8,21.1,2.7,observed
2025-08-31,1,24.5,29.0,21.2,0.8,observed
2025-09-01,1,24.9,29.8,19.7,0.0,observed
2025-09-02,1,26.2,29.6,22.6,0.0,observed
2025-09-03,1,27.1,30.7,23.8,0.0,observed
2025-09-04,1,26.8,30.9,22.4,0.3,observed
2025-09-05,1,23.4,25.7,20.9,12.3,observed
2025-09-06,1,23.5,29.5,17.5,0.0,observed
2025-09-07,1,24.3,29.4,19.1,0.0,observed
2025-09-08,1,24.7,30.3,18.0,0.0,observed
2025-09-09,1,25.7,31.3,20.1,0.6,observed
2025-09-10,1,24.9,29.7,20.3,1.7,observed
2025-09-11,1,26.8,31.1,22.3,0.2,observed
2025-09-12,1,26.0,30.7,22.1,0.0,observed
2025-09-13,1,25.2,30.0,20.7,0.0,observed
2025-09-14,1,25.6,31.2,19.5,0.0,observed
2025-09-15,1,22.4,24.3,20.5,0.8,observed
2025-09-16,1,22.5,25.3,20.8,0.1,observed
2025-09-17,1,20.6,25.0,15.8,0.0,observed
2025-09-18,1,21.2,26.6,14.9,0.0,observed
2025-09-19,1,21.0,24.5,18.2,0.0,observed
2025-09-20,1,21.5,27.8,15.5,0.0,observed
2025-09-21,1,21.9,27.0,17.3,2.3,observed
2025-09-22,1,19.7,23.2,17.0,1.5,observed
2025-09-23,1,18.5,21.3,15.6,0.0,observed
2025-09-24,1,19.7,25.7,14.4,0.0,observed
2025-09-25,1,22.3,28.0,16.5,0.0,observed
2025-09-26,1,23.5,29.1,18.0,0.0,observed
2025-09-27,1,21.4,25.4,18.6,0.0,observed
2025-09-28,1,22.1,28.6,16.6,0.0,observed
2025-09-29,1,22.7,28.6,16.6,0.0,observed
2025-09-30,1,23.5,29.2,17.4,0.0,observed
2025-10-01,1,24.1,30.0,17.8,0.0,observed
2025-10-02,1,23.3,27.4,18.7,0.0,observed
2025-10-03,1,20.9,23.6,18.2,0.5,observed
2025-10-04,1,21.5,25.4,16.9,0.0,observed
2025-10-05,1,19.1,21.6,16.1,3.9,observed
2025-10-06,1,15.9,19.8,13.3,6.0,observed
2025-10-07,1,17.9,21.9,14.2,0.0,observed
2025-10-08,1,13.6,17.9,10.1,19.1,observed
2025-10-09,1,10.7,11.3,10.2,27.9,observed
2025-10-10,1,11.4,13.6,10.2,20.0,observed
2025-10-11,1,13.3,17.3,10.0,2.7,observed
2025-10-12,1,14.0,16.4,11.9,0.0,observed
2025-10-13,1,14.4,20.1,9.6,0.0,observed
2025-10-14,1,15.2,20.8,10.3,0.0,observed
2025-10-15,1,15.5,19.3,12.6,0.1,observed
2025-10-16,1,14.1,14.8,13.1,3.1,observed
2025-10-17,1,12.0,15.0,7.3,4.0,observed
2025-10-18,1,7.3,9.4,4.1,0.0,observed
2025-10-19,1,7.6,10.1,4.6,0.0,observed
2025-10-20,1,5.3,8.9,1.9,0.0,observed
2025-10-21,1,5.9,10.5,1.4,0.0,observed
2025-10-22,1,6.7,11.1,2.1,0.0,observed
2025-10-23,1,8.4,11.4,6.5,0.0,observed
2025-10-24,1,8.6,12.7,4.4,0.0,observed
2025-10-25,1,10.2,14.6,6.1,0.0,observed
2025-10-26,1,8.5,10.8,6.0,0.0,observed
2025-10-27,1,7.4,13.2,2.5,0.0,observed
2025-10-28,1,7.8,12.5,3.1,0.0,observed
2025-10-29,1,9.4,13.1,5.8,2.8,observed
2025-10-30,1,10.5,15.7,7.0,0.0,observed
2025-10-31,1,11.1,15.6,8.8,0.0,observed
2025-11-01,1,11.6,17.9,5.5,0.0,observed
2025-11-02,1,8.7,12.8,5.3,0.0,observed
2025-11-03,1,7.6,13.1,2.6,0.1,observed
2025-11-04,1,8.6,14.3,3.7,0.0,observed
2025-11-05,1,9.7,13.6,5.7,0.5,observed
2025-11-06,1,11.4,14.4,9.1,0.0,observed
2025-11-07,1,9.4,10.8,7.7,6.5,observed
2025-11-08,1,9.5,12.6,7.5,0.0,observed
2025-11-09,1,9.5,13.9,6.6,0.0,observed
2025-11-10,1,7.4,12.3,2.1,0.0,observed
2025-11-11,1,8.1,13.7,3.3,0.0,observed
2025-11-12,1,9.7,17.0,3.7,0.0,observed
2025-11-13,1,9.6,15.0,4.3,0.0,observed
2025-11-14,1,8.3,15.0,2.5,0.0,observed
2025-11-15,1,9.7,16.2,3.6,0.0,observed
2025-11-16,1,5.7,9.7,1.0,0.0,observed
2025-11-17,1,0.9,3.7,-1.6,0.0,observed
2025-11-18,1,3.7,10.3,-1.7,0.0,observed
2025-11-19,1,6.2,12.3,1.3,0.0,observed
2025-11-20,1,7.9,12.8,4.0,0.0,observed
2025-11-21,1,7.1,13.5,2.1,0.0,observed
2025-11-22,1,6.2,12.5,0.5,0.0,observed
2025-11-23,1,7.9,14.3,3.0,0.0,observed
2025-11-24,1,6.1,10.1,2.3,0.0,observed
2025-11-25,1,1.8,5.2,-1.2,0.0,observed
2025-11-26,1,2.1,6.3,-2.1,0.1,observed
2025-11-27,1,3.3,6.3,-0.2,0.0,observed
2025-11-28,1,0.9,5.2,-2.5,0.0,observed
2025-11-29,1,4.4,12.7,-1.9,0.0,observed
2025-11-30,1,4.9,9.8,0.6,0.0,observed
2025-12-01,1,0.8,3.6,-2.2,0.0,observed
2025-12-02,1,-3.4,-0.5,-6.3,0.0,observed
2025-12-03,1,-2.3,2.4,-5.9,0.0,observed
2025-12-04,1,0.3,5.1,-4.4,0.0,observed
2025-12-05,1,-0.5,4.3,-4.8,0.0,observed
2025-12-06,1,1.3,7.8,-3.3,0.0,observed
2025-12-07,1,4.2,9.3,-1.7,0.0,observed
2025-12-08,1,0.6,3.4,-1.5,0.0,observed
2025-12-09,1,-0.5,4.0,-4.8,0.0,observed
2025-12-10,1,0.1,3.9,-3.3,0.0,observed
2025-12-11,1,0.2,2.4,-1.8,0.0,observed
2025-12-12,1,-2.9,-2.2,-3.9,2.0,observed
2025-12-13,1,-2.8,1.1,-8.6,0.7,observed
2025-12-14,1,-3.9,2.1,-8.8,0.0,observed
2025-12-15,1,-2.5,2.5,-7.6,0.0,observed
2025-12-16,1,-0.4,4.6,-3.5,0.0,observed
2025-12-17,1,-0.9,4.1,-4.6,0.0,observed
2025-12-18,1,-1.7,0.2,-4.3,0.0,observed
2025-12-19,1,3.0,8.2,-1.0,0.0,observed
2025-12-20,1,1.5,3.8,-1.5,0.0,observed
2025-12-21,1,-1.7,2.1,-5.9,0.0,observed
2025-12-22,1,-1.6,1.2,-5.3,0.0,observed
2025-12-23,1,1.6,6.1,-2.6,1.1,observed
2025-12-24,1,-0.4,5.1,-4.7,0.0,observed
2025-12-25,1,-1.8,1.9,-4.4,0.0,observed
2025-12-26,1,-3.4,-0.6,-7.1,0.0,observed
2025-12-27,1,-2.1,3.0,-7.6,0.0,observed
2025-12-28,1,-1.3,3.6,-6.3,0.0,observed
2025-12-29,1,1.3,6.2,-3.3,0.0,observed
2025-12-30,1,-0.5,2.2,-3.1,0.0,observed
2025-12-31,1,-4.6,-2.3,-7.9,0.0,observed
2026-01-01,1,-4.2,1.1,-9.0,0.0,observed
2026-01-02,1,-3.9,1.6,-9.2,0.0,observed
2026-01-03,1,-2.1,4.3,-7.3,0.0,observed
2026-01-04,1,-0.3,5.0,-4.3,0.0,observed
2026-01-05,1,-1.1,3.0,-4.9,0.0,observed
2026-01-06,1,0.3,5.8,-5.0,0.0,observed
2026-01-07,1,0.3,3.3,-2.0,0.0,observed
2026-01-08,1,-1.0,3.9,-5.5,0.0,observed
2026-01-09,1,0.4,4.9,-4.5,0.0,observed
2026-01-10,1,-1.6,0.8,-4.7,0.0,observed
2026-01-11,1,-5.1,-2.4,-8.5,0.0,observed
2026-01-12,1,-3.2,4.3,-9.9,0.0,observed
2026-01-13,1,-1.2,3.2,-5.6,0.0,observed
2026-01-14,1,-2.9,0.4,-5.9,0.0,observed
2026-01-15,1,-1.7,5.4,-8.1,0.0,observed
2026-01-16,1,-0.5,3.2,-3.9,0.0,observed
2026-01-17,1,-6.0,-4.6,-7.4,1.4,observed
2026-01-18,1,-7.0,-4.8,-8.6,1.1,observed
2026-01-19,1,-9.5,-6.9,-12.4,0.0,observed
2026-01-20,1,-9.9,-4.6,-13.7,0.0,observed
2026-01-21,1,-8.7,-3.1,-13.8,0.0,observed
2026-01-22,1,-7.7,-2.1,-13.0,0.0,observed
2026-01-23,1,-5.5,0.8,-10.7,0.0,observed
2026-01-24,1,-4.4,2.0,-10.1,0.0,observed
2026-01-25,1,-4.0,-1.5,-7.4,0.0,observed
2026-01-26,1,-2.2,3.0,-6.9,0.0,observed
2026-01-27,1,-1.4,2.7,-4.9,0.0,observed
2026-01-28,1,-2.4,0.9,-5.6,0.0,observed
2026-01-29,1,-2.6,-0.3,-6.0,0.0,observed
2026-01-30,1,-1.7,0.7,-4.5,0.0,observed
2026-01-31,1,-1.5,3.4,-5.8,0.0,observed
2026-02-01,1,0.7,7.0,-5.5,0.0,observed
2026-02-02,1,0.4,4.6,-3.7,0.0,observed
2026-02-03,1,0.5,6.0,-5.4,0.0,observed
2026-02-04,1,3.6,10.6,-1.3,0.0,observed
2026-02-05,1,0.7,6.5,-4.2,0.0,observed
2026-02-06,1,-7.0,-4.9,-9.2,0.0,observed
2026-02-07,1,-5.1,-0.4,-9.6,0.0,observed
2026-02-08,1,-2.8,3.1,-8.9,0.0,observed
2026-02-09,1,-1.2,3.2,-6.1,0.0,observed
2026-02-10,1,3.4,8.8,-1.3,0.0,observed
2026-02-11,1,2.9,8.4,-1.9,0.0,observed
2026-02-12,1,4.0,11.5,-2.6,0.0,observed
2026-02-13,1,5.7,13.5,0.2,0.0,observed
2026-02-14,1,6.7,15.2,1.0,0.0,observed
2026-02-15,1,1.9,5.4,-1.5,0.0,observed
2026-02-16,1,0.9,5.7,-3.0,0.0,observed
2026-02-17,1,2.4,9.7,-5.0,0.0,observed
2026-02-18,1,6.1,10.9,1.4,0.0,observed
2026-02-19,1,4.9,12.6,-2.5,0.0,observed
2026-02-20,1,7.1,14.7,0.1,0.0,observed
2026-02-21,1,10.1,19.7,3.5,0.0,observed
2026-02-22,1,3.0,6.0,0.4,0.0,observed
2026-02-23,1,1.5,5.7,-2.8,0.0,observed
2026-02-24,1,2.4,7.5,-2.1,0.0,observed
2026-02-25,1,3.9,6.7,1.3,0.0,observed
2026-02-26,1,5.8,10.3,2.8,0.6,observed
2026-02-27,1,2.7,5.6,0.8,1.6,observed
2026-02-28,1,1.3,2.6,0.5,0.2,observed
2026-03-01,1,2.3,4.4,-0.5,0.0,observed
2026-03-02,1,2.7,4.7,0.5,2.5,observed
2026-03-03,1,5.4,11.0,1.2,0.0,observed
2026-03-04,1,1.3,3.3,-1.2,3.2,observed
2026-03-05,1,-0.5,1.7,-2.3,0.7,observed
2026-03-06,1,0.9,6.3,-3.7,0.0,observed
2026-03-07,1,2.6,8.4,-2.6,0.0,observed
2026-03-08,1,5.5,12.3,-0.6,0.0,observed
2026-03-09,1,5.9,11.4,-0.6,0.0,observed
2026-03-10,1,6.2,11.6,1.5,1.4,observed
2026-03-11,1,9.2,15.1,3.2,0.0,observed
2026-03-12,1,7.4,12.8,1.8,0.0,observed
2026-03-13,1,5.9,9.0,2.8,0.2,observed
2026-03-14,1,8.3,10.9,4.9,0.0,observed
2026-03-15,1,7.6,14.5,0.3,0.0,observed
2026-03-16,1,9.3,13.7,4.3,0.0,observed
2026-03-17,1,8.4,13.7,2.8,5.6,observed
2026-03-18,1,7.9,12.9,2.7,0.2,observed
2026-03-19,1,8.9,16.2,0.3,0.0,observed
2026-03-20,1,9.3,14.3,4.0,0.0,observed
2026-03-21,1,9.0,15.3,2.4,0.0,observed
2026-03-22,1,15.2,22.5,7.3,0.0,observed
2026-03-23,1,13.6,17.8,9.5,0.0,observed
2026-03-24,1,13.6,19.4,7.9,0.0,observed
2026-03-25,1,17.0,24.7,8.7,0.0,observed
2026-03-26,1,18.1,24.8,11.3,0.0,observed
2026-03-27,1,16.6,20.6,11.4,0.0,observed
2026-03-28,1,15.3,20.2,8.9,0.0,observed
2026-03-29,1,16.2,22.4,12.3,0.0,observed
2026-03-30,1,13.3,17.2,9.3,0.0,observed
2026-03-31,1,13.1,18.3,8.0,0.0,observed
2026-04-01,1,13.3,17.8,8.8,0.0,observed
2026-04-02,1,12.7,19.0,6.7,0.0,observed
2026-04-03,1,16.1,23.5,11.5,1.0,observed
2026-04-04,1,13.2,17.0,8.3,0.0,observed
2026-04-05,1,13.7,18.4,8.2,0.0,observed
2026-04-06,1,12.8,18.5,8.0,0.0,observed
2026-04-07,1,10.4,14.8,5.6,0.0,observed
2026-04-08,1,12.6,19.6,6.5,0.6,observed
2026-04-09,1,11.6,12.7,10.3,6.0,observed
2026-04-10,1,16.5,26.3,8.6,0.0,observed
2026-04-11,1,17.3,22.1,11.3,0.0,observed
2026-04-12,1,18.3,26.4,9.4,0.0,observed
2026-04-13,1,16.6,19.6,14.3,1.6,observed
2026-04-14,1,14.6,18.1,11.8,1.0,observed
2026-04-15,1,16.9,23.4,9.9,0.0,observed
2026-04-16,1,16.1,18.8,14.0,10.6,observed
2026-04-17,1,16.9,21.3,13.8,0.3,observed
2026-04-18,1,19.0,25.3,13.3,0.0,observed
2026-04-19,1,17.2,22.1,12.8,0.9,observed
2026-04-20,1,15.4,23.4,9.1,0.0,observed
2026-04-21,1,17.3,25.3,9.6,0.0,observed
2026-04-22,1,17.7,23.0,12.0,0.0,observed
2026-04-23,1,18.4,23.8,12.5,0.0,observed
2026-04-24,1,20.0,25.0,14.6,0.0,observed
2026-04-25,1,21.7,27.0,15.7,0.0,observed
2026-04-26,1,20.4,24.8,16.1,0.0,observed
2026-04-27,1,17.4,21.9,11.2,3.3,observed
2026-04-28,1,16.5,19.9,10.1,0.0,observed
2026-04-29,1,17.8,24.0,10.3,0.0,observed
2026-04-30,1,20.3,26.9,12.7,0.0,observed
2026-05-01,1,21.5,27.0,15.6,0.0,observed
2026-05-02,1,16.8,22.9,12.5,1.3,observed
2026-05-03,1,15.4,20.0,10.0,0.0,observed
2026-05-04,1,18.4,24.3,11.1,0.0,observed
2026-05-05,1,22.1,28.9,15.2,0.0,observed
2026-05-06,1,22.4,26.2,19.8,0.0,observed
2026-05-07,1,19.4,23.3,14.2,0.0,observed
2026-05-08,1,20.5,26.7,13.2,0.0,observed
2026-05-09,1,19.8,24.0,16.3,0.0,observed
2026-05-10,1,25.2,32.6,15.4,0.0,observed
2026-05-11,1,25.4,31.2,19.1,0.0,observed
2026-05-12,1,26.0,31.9,19.2,0.0,observed
2026-05-13,1,29.0,34.7,22.9,0.0,observed
2026-05-14,1,27.8,33.6,22.7,0.0,observed
2026-05-15,1,24.2,30.2,19.9,3.1,observed
2026-05-16,1,20.7,23.9,18.7,4.5,observed
2026-05-17,1,18.8,20.3,17.6,46.6,observed
2026-05-18,1,21.4,26.4,17.4,5.2,observed
2026-05-19,1,21.1,25.0,17.4,0.0,observed
2026-05-20,1,19.8,23.0,17.9,2.1,observed
2026-05-21,1,20.8,24.8,16.5,0.1,observed
2026-05-22,1,18.5,20.1,17.3,31.7,observed
2026-05-23,1,20.8,25.5,16.2,0.0,observed
2026-05-24,1,23.6,28.2,18.9,0.0,observed
2026-05-25,1,20.0,21.6,19.1,8.7,observed
2026-05-26,1,21.0,24.5,17.3,0.0,observed
2026-05-27,1,22.8,27.1,18.0,0.0,observed
2026-05-28,1,23.6,28.5,20.4,0.0,observed
2026-05-29,1,24.9,32.5,17.5,0.0,observed
2026-05-30,1,28.4,36.9,18.8,0.0,observed
2026-05-31,1,29.9,34.6,24.7,0.0,observed
2026-06-01,1,30.9,36.7,24.3,0.0,observed
2026-06-02,1,30.7,36.1,24.3,0.0,observed
2026-06-03,1,25.3,30.0,21.0,0.5,observed
2026-06-04,1,21.4,25.0,19.0,3.9,observed
2026-06-05,1,23.1,27.7,17.7,0.0,observed
2026-06-06,1,17.6,23.1,15.4,14.6,observed
2026-06-07,1,19.0,25.3,13.4,1.5,observed
2026-06-08,1,21.3,29.3,14.8,0.2,observed
2026-06-09,1,22.6,27.4,16.3,0.2,observed
2026-06-10,1,21.8,27.3,15.5,3.5,observed
2026-06-11,1,25.4,31.3,16.7,0.0,observed
2026-06-12,1,28.4,33.3,23.1,0.5,observed
2026-06-13,1,24.1,28.8,19.8,2.5,observed
2026-06-14,1,23.2,28.1,18.1,0.0,observed
2026-06-15,1,24.3,28.9,21.0,2.5,observed
2026-06-16,1,23.7,29.1,21.4,12.7,observed
2026-06-17,1,25.1,30.0,20.1,1.7,observed
2026-06-18,1,26.2,30.9,22.3,1.5,observed
2026-06-19,1,23.8,27.4,21.7,17.0,observed
2026-06-20,1,23.8,27.9,21.3,0.2,observed
2026-06-21,1,24.9,30.9,17.3,0.0,observed
2026-06-22,1,27.2,32.8,20.5,0.0,observed
2026-06-23,1,25.6,31.5,20.9,2.3,observed
2026-06-24,1,25.4,31.8,19.6,4.7,observed
2026-06-25,1,26.4,32.3,20.1,0.0,observed
2026-06-26,1,29.3,34.4,22.3,0.0,observed
2026-06-27,1,30.6,35.8,24.5,1.1,observed
2026-06-28,1,28.5,34.1,24.2,1.5,observed
2026-06-29,1,25.2,28.8,22.1,8.9,observed
2026-06-30,1,24.1,27.8,21.6,1.9,observed
2026-07-01,1,26.5,31.1,21.5,0.3,observed
2026-07-02,1,30.0,35.8,24.3,0.1,observed
2026-07-03,1,30.6,38.0,25.7,2.4,observed
2026-07-04,1,31.6,36.8,27.6,0.5,observed
2026-07-05,1,30.0,35.4,25.8,1.4,observed
2026-07-06,1,29.5,35.5,23.4,0.1,observed
2026-07-07,1,27.6,34.4,23.9,6.0,observed
2026-07-08,1,27.3,31.5,22.3,0.3,observed
2026-07-09,1,30.3,35.2,25.1,2.1,observed
2026-07-10,1,25.6,28.8,24.0,27.2,observed
2026-07-11,1,26.2,30.4,24.1,36.5,observed
2026-07-12,1,27.1,29.8,24.9,23.4,observed
2026-07-13,1,28.9,32.9,25.3,0.1,observed
2026-07-14,1,29.3,33.4,25.6,0.0,observed
2026-07-15,1,30.0,35.4,25.0,0.0,observed
2026-07-16,1,28.8,32.9,25.8,0.5,observed
2026-07-17,1,26.9,30.3,24.0,0.0,observed
2026-07-18,1,26.2,29.8,22.9,0.8,observed
2026-07-19,1,28.3,32.8,23.4,0.2,observed
2026-07-20,1,26.1,31.9,22.5,10.2,observed
2026-07-21,1,26.1,30.2,22.2,0.2,observed
2026-07-22,1,25.5,28.5,23.2,2.9,observed
2026-07-23,1,24.4,27.8,22.6,4.4,observed
2026-07-24,1,26.3,29.9,23.1,1.5,observed
2026-07-25,1,27.1,30.7,24.1,1.1,observed
2026-07-26,1,27.5,31.4,23.0,1.3,observed
2026-07-27,1,28.6,32.6,24.9,0.8,observed
2026-07-28,1,30.5,35.0,26.5,1.1,observed
2026-07-29,1,30.7,34.7,27.0,0.5,observed
2026-07-30,1,30.9,35.2,27.1,3.6,observed
2026-07-31,1,30.7,34.3,27.2,1.4,observed
2026-08-01,1,32.1,37.4,27.1,0.6,observed
2026-08-02,1,30.0,37.4,26.3,6.8,observed
2026-08-03,1,29.5,35.7,26.1,9.2,observed
2026-08-04,1,30.0,35.1,25.5,0.2,observed
2026-08-05,1,32.5,38.0,27.4,1.2,observed
2026-08-06,1,33.2,37.5,28.0,1.3,observed
2026-08-07,1,31.4,37.4,26.5,10.1,observed
2026-08-08,1,27.8,31.1,25.5,0.0,observed
2026-08-09,1,27.2,31.8,23.1,0.0,observed
2026-08-10,1,28.2,32.9,23.2,0.0,observed
2026-08-11,1,28.1,31.5,25.7,3.7,observed
2026-08-12,1,24.5,26.0,23.0,28.6,observed
2026-08-13,1,25.5,29.2,22.3,10.9,observed
2026-08-14,1,26.4,30.1,22.7,1.7,observed
2026-08-15,1,25.8,29.7,21.0,12.7,observed
2026-08-16,1,24.7,27.4,22.5,6.1,observed
2026-08-17,1,26.3,31.0,21.7,0.0,observed
2026-08-18,1,27.4,31.5,24.0,1.4,observed
2026-08-19,1,27.3,32.1,23.5,2.2,observed
2026-08-20,1,27.4,32.0,23.4,0.9,observed
2026-08-21,1,28.7,34.6,23.6,7.0,observed
2026-08-22,1,27.1,30.8,23.0,2.4,observed
2026-08-23,1,27.9,31.4,25.2,9.2,observed
2026-08-24,1,27.1,31.9,23.4,11.4,observed
2026-08-25,1,26.5,30.8,24.1,29.5,observed
2026-08-26,1,23.9,27.1,21.7,7.3,observed
2026-08-27,1,25.5,29.1,22.4,1.2,observed
2026-08-28,1,20.3,23.4,18.8,7.5,observed
2026-08-29,1,22.7,28.7,18.4,0.0,observed
2026-08-30,1,25.0,31.9,19.2,0.0,observed
2026-08-31,1,24.5,29.4,19.1,0.0,observed
2026-09-01,1,24.6,29.6,19.8,0.0,observed
2026-09-02,1,25.0,30.0,19.0,0.0,observed
2026-09-03,1,26.8,32.6,20.5,0.0,observed
2026-09-04,1,28.1,33.9,21.9,0.0,observed
2026-09-05,1,27.9,33.5,22.3,0.0,observed
2026-09-06,1,27.1,31.4,22.3,0.0,observed
2026-09-07,1,25.3,30.2,19.2,10.7,observed
2026-09-08,1,19.8,23.3,17.9,2.8,observed
2026-09-09,1,20.4,25.1,16.9,0.0,observed
2026-09-10,1,22.3,29.6,15.1,0.0,observed
2026-09-11,1,24.3,31.3,16.9,0.0,observed
2026-09-12,1,23.5,28.7,17.7,0.0,observed
2026-09-13,1,25.1,30.1,19.2,0.0,observed
2026-09-14,1,22.7,26.9,17.5,0.0,observed
2026-09-15,1,23.4,29.3,17.3,0.0,observed
2026-09-16,1,25.7,31.5,19.4,0.0,observed
2026-09-17,1,26.0,31.1,20.5,0.0,observed
2026-09-18,1,24.4,28.5,21.2,0.3,observed
2026-09-19,1,24.4,28.2,20.5,0.2,observed
2026-09-20,1,24.9,29.1,21.5,1.1,observed
2026-09-21,1,25.3,30.8,19.9,0.0,observed
2026-09-22,1,25.5,30.7,20.2,0.0,observed
2026-09-23,1,26.8,32.3,21.6,0.0,observed
2026-09-24,1,21.4,26.5,19.2,14.4,observed
2026-09-25,1,21.3,24.6,18.3,0.0,observed
2026-09-26,1,22.4,26.9,18.9,3.5,observed
2026-09-27,1,21.4,27.1,17.6,3.6,observed
2026-09-28,1,19.6,24.1,15.4,0.2,observed
2026-09-29,1,21.4,27.0,17.0,2.0,observed
2026-09-30,1,17.7,19.8,14.9,0.0,observed
2026-10-01,1,17.5,22.9,11.1,0.0,observed
2026-10-02,1,17.0,22.9,11.3,0.0,observed
2026-10-03,1,17.5,24.0,11.9,0.0,observed
2026-10-04,1,17.3,20.9,14.7,0.0,forecast
2026-10-05,1,18.0,24.3,11.4,0.0,forecast
2026-10-06,1,19.1,25.6,13.1,0.0,forecast
2026-10-07,1,20.4,26.9,14.3,0.0,forecast
2026-10-08,1,20.4,26.3,14.7,0.0,forecast
2026-10-09,1,20.8,25.7,15.8,0.0,forecast
2026-10-10,1,21.5,26.5,17.4,1.5,forecast
2026-10-11,1,22.3,28.4,16.3,0.0,forecast
2026-10-12,1,21.1,23.6,17.7,0.0,forecast
2026-10-13,1,17.1,20.9,14.4,0.0,forecast
2026-10-14,1,16.7,21.4,13.1,0.0,forecast
2026-10-15,1,16.6,21.1,11.8,0.6,forecast
2026-10-16,1,16.3,19.8,13.7,2.4,forecast
2026-10-17,1,14.5,18.5,11.9,0.0,forecast
2026-10-18,1,14.1,18.9,10.4,0.0,forecast
2026-10-19,1,14.6,17.6,11.9,0.0,forecast
2025-01-01,2,0.2,3.2,-2.0,0.0,observed
2025-01-02,2,-0.3,3.7,-3.2,0.0,observed
2025-01-03,2,-0.5,3.3,-5.2,0.0,observed
2025-01-04,2,-0.6,3.7,-5.2,0.0,observed
2025-01-05,2,2.8,6.7,-0.6,0.0,observed
2025-01-06,2,1.4,5.1,-1.7,0.0,observed
2025-01-07,2,2.1,5.3,-0.4,0.1,observed
2025-01-08,2,-2.2,0.1,-4.8,0.0,observed
2025-01-09,2,-2.9,1.2,-6.5,0.0,observed
2025-01-10,2,-3.4,0.3,-7.5,0.0,observed
2025-01-11,2,-2.5,1.0,-6.6,0.0,observed
2025-01-12,2,-1.3,1.4,-4.7,0.0,observed
2025-01-13,2,0.2,5.7,-4.7,0.0,observed
2025-01-14,2,-0.7,1.9,-3.9,0.3,observed
2025-01-15,2,-3.0,0.9,-7.5,0.0,observed
2025-01-16,2,1.0,6.1,-2.4,0.0,observed
2025-01-17,2,0.1,4.9,-4.5,0.0,observed
2025-01-18,2,-0.2,4.6,-5.2,0.0,observed
2025-01-19,2,2.6,7.1,0.3,0.0,observed
2025-01-20,2,0.6,5.5,-4.3,0.0,observed
2025-01-21,2,2.1,6.6,-0.7,0.0,observed
2025-01-22,2,0.0,3.7,-4.0,0.0,observed
2025-01-23,2,-0.7,3.5,-5.5,0.0,observed
2025-01-24,2,0.0,4.8,-4.2,0.0,observed
2025-01-25,2,-0.4,2.9,-4.5,0.1,observed
2025-01-26,2,-0.8,0.9,-4.4,0.9,observed
2025-01-27,2,-5.4,-2.6,-8.1,0.0,observed
2025-01-28,2,-5.4,-0.3,-10.0,0.0,observed
2025-01-29,2,-4.3,0.5,-9.2,0.0,observed
2025-01-30,2,-5.3,-3.5,-7.7,0.0,observed
2025-01-31,2,-3.2,-0.1,-5.3,0.0,observed
2025-02-01,2,-2.5,0.3,-4.3,0.0,observed
2025-02-02,2,-1.1,3.1,-5.3,0.0,observed
2025-02-03,2,-2.4,1.0,-5.0,0.0,observed
2025-02-04,2,-3.5,2.1,-8.1,0.0,observed
2025-02-05,2,-3.6,0.7,-7.7,0.0,observed
2025-02-06,2,-3.8,0.9,-10.6,0.0,observed
2025-02-07,2,-9.1,-4.7,-12.7,0.0,observed
2025-02-08,2,-6.6,-0.7,-11.7,0.0,observed
2025-02-09,2,-5.3,-0.2,-11.1,0.0,observed
2025-02-10,2,-3.2,2.7,-9.3,0.0,observed
2025-02-11,2,-0.9,3.8,-6.3,0.0,observed
2025-02-12,2,1.6,5.5,-2.6,0.0,observed
2025-02-13,2,2.2,8.4,-3.0,0.0,observed
2025-02-14,2,3.5,9.8,-1.4,0.0,observed
2025-02-15,2,5.7,12.9,-1.4,0.0,observed
2025-02-16,2,4.6,7.8,0.2,0.0,observed
2025-02-17,2,1.1,4.2,-2.2,0.0,observed
2025-02-18,2,0.7,5.4,-3.2,0.0,observed
2025-02-19,2,0.6,4.7,-3.0,0.0,observed
2025-02-20,2,0.3,4.7,-2.8,0.0,observed
2025-02-21,2,-0.9,2.2,-3.4,0.0,observed
2025-02-22,2,-1.2,3.2,-4.8,0.0,observed
2025-02-23,2,-1.1,4.1,-5.2,0.0,observed
2025-02-24,2,1.5,7.6,-4.6,0.0,observed
2025-02-25,2,4.8,9.2,-0.9,0.0,observed
2025-02-26,2,3.8,9.9,-1.8,0.0,observed
2025-02-27,2,5.9,12.6,-0.4,0.0,observed
2025-02-28,2,8.7,16.5,0.8,0.0,observed
2025-03-01,2,10.2,16.8,4.4,0.2,observed
2025-03-02,2,5.6,9.2,2.5,3.3,observed
2025-03-03,2,4.2,7.6,-0.3,0.0,observed
2025-03-04,2,4.9,8.9,0.7,0.0,observed
2025-03-05,2,5.4,11.5,-1.2,0.0,observed
2025-03-06,2,7.4,12.2,1.0,0.0,observed
2025-03-07,2,6.6,10.5,2.9,0.1,observed
2025-03-08,2,7.4,14.2,0.4,0.0,observed
2025-03-09,2,10.2,16.7,3.0,0.0,observed
2025-03-10,2,12.0,17.4,6.5,0.0,observed
2025-03-11,2,10.6,14.1,5.8,3.8,observed
2025-03-12,2,12.8,18.8,5.3,0.0,observed
2025-03-13,2,12.0,18.9,5.1,0.2,observed
2025-03-14,2,8.6,10.7,6.7,0.0,observed
2025-03-15,2,4.1,6.8,0.1,4.7,observed
2025-03-16,2,2.2,8.4,-6.1,0.0,observed
2025-03-17,2,4.4,7.5,0.6,0.0,observed
2025-03-18,2,6.9,14.8,-1.0,0.0,observed
2025-03-19,2,12.6,21.1,3.1,0.0,observed
2025-03-20,2,15.9,23.3,6.3,0.0,observed
2025-03-21,2,19.6,26.5,10.8,0.0,observed
2025-03-22,2,21.2,28.3,12.4,0.0,observed
2025-03-23,2,21.3,26.0,15.1,0.0,observed
2025-03-24,2,17.0,20.8,11.8,0.0,observed
2025-03-25,2,15.1,20.7,8.3,1.2,observed
2025-03-26,2,12.5,18.6,6.3,0.0,observed
2025-03-27,2,11.1,13.4,7.6,0.0,observed
2025-03-28,2,6.0,9.9,3.3,0.0,observed
2025-03-29,2,5.9,11.3,0.6,0.0,observed
2025-03-30,2,8.3,14.2,1.1,0.0,observed
2025-03-31,2,12.4,20.4,3.9,0.0,observed
2025-04-01,2,14.5,21.1,7.2,0.0,observed
2025-04-02,2,13.3,19.1,7.3,0.0,observed
2025-04-03,2,14.3,19.6,8.1,0.0,observed
2025-04-04,2,14.6,21.2,7.7,0.0,observed
2025-04-05,2,15.3,21.4,9.1,0.0,observed
2025-04-06,2,16.1,23.2,8.6,0.0,observed
2025-04-07,2,17.9,25.0,10.1,0.0,observed
2025-04-08,2,16.9,22.8,11.3,1.7,observed
2025-04-09,2,17.2,22.9,12.2,0.0,observed
2025-04-10,2,18.8,25.8,11.8,0.0,observed
2025-04-11,2,20.2,27.3,13.7,0.0,observed
2025-04-12,2,9.7,12.7,7.0,0.0,observed
2025-04-13,2,9.9,13.2,6.9,0.0,observed
2025-04-14,2,17.4,24.2,10.5,0.0,observed
2025-04-15,2,22.2,31.6,12.3,0.0,observed
2025-04-16,2,22.2,28.5,16.6,0.0,observed
2025-04-17,2,21.6,29.1,13.9,0.0,observed
2025-04-18,2,14.2,20.2,9.7,11.2,observed
2025-04-19,2,14.7,21.5,8.8,0.0,observed
2025-04-20,2,18.6,24.7,12.8,0.0,observed
2025-04-21,2,16.4,19.5,12.8,2.0,observed
2025-04-22,2,17.7,24.1,11.0,0.0,observed
2025-04-23,2,19.3,27.0,12.0,0.0,observed
2025-04-24,2,16.8,22.0,10.8,0.0,observed
2025-04-25,2,17.8,23.9,10.7,0.0,observed
2025-04-26,2,20.0,26.5,12.1,0.0,observed
2025-04-27,2,20.2,26.1,14.7,0.0,observed
2025-04-28,2,19.7,25.9,13.8,0.0,observed
2025-04-29,2,21.7,32.9,11.6,0.0,observed
2025-04-30,2,21.0,27.4,17.8,0.3,observed
2025-05-01,2,20.7,25.9,15.5,0.0,observed
2025-05-02,2,16.9,19.6,14.1,0.0,observed
2025-05-03,2,19.0,24.2,13.7,0.0,observed
2025-05-04,2,20.2,25.7,14.0,0.4,observed
2025-05-05,2,16.4,20.7,13.2,5.1,observed
2025-05-06,2,16.2,21.4,11.2,0.0,observed
2025-05-07,2,18.4,24.8,11.9,0.0,observed
2025-05-08,2,19.6,26.5,15.1,8.8,observed
2025-05-09,2,12.9,17.2,11.2,36.7,observed
2025-05-10,2,17.3,23.9,11.4,0.0,observed
2025-05-11,2,18.7,25.8,11.1,0.0,observed
2025-05-12,2,21.5,27.3,15.5,0.0,observed
2025-05-13,2,23.4,29.9,17.7,0.2,observed
2025-05-14,2,20.8,25.1,17.6,9.1,observed
2025-05-15,2,21.1,27.2,15.1,0.0,observed
2025-05-16,2,22.4,28.7,16.4,0.4,observed
2025-05-17,2,18.9,23.6,14.0,0.0,observed
2025-05-18,2,19.0,24.6,12.9,0.0,observed
2025-05-19,2,23.7,31.5,16.5,0.0,observed
2025-05-20,2,26.3,32.3,19.7,0.0,observed
2025-05-21,2,25.5,30.5,21.7,0.0,observed
2025-05-22,2,19.3,23.3,13.3,6.7,observed
2025-05-23,2,16.8,21.7,12.7,1.4,observed
2025-05-24,2,20.1,27.8,12.5,0.0,observed
2025-05-25,2,21.9,27.9,15.6,0.0,observed
2025-05-26,2,23.2,29.7,16.3,0.4,observed
2025-05-27,2,26.1,32.7,18.8,0.0,observed
2025-05-28,2,27.1,33.4,20.1,0.0,observed
2025-05-29,2,26.9,32.6,21.1,0.0,observed
2025-05-30,2,26.8,31.7,22.2,0.0,observed
2025-05-31,2,24.1,27.7,20.3,3.2,observed
2025-06-01,2,22.2,26.1,19.4,0.3,observed
2025-06-02,2,23.8,29.4,18.2,0.0,observed
2025-06-03,2,24.9,29.2,19.2,0.0,observed
2025-06-04,2,27.8,34.5,18.8,0.0,observed
2025-06-05,2,30.8,37.1,23.7,0.0,observed
2025-06-06,2,31.2,37.0,24.9,0.0,observed
2025-06-07,2,28.3,32.5,24.2,0.0,observed
2025-06-08,2,28.0,33.5,22.0,0.0,observed
2025-06-09,2,28.1,35.7,23.0,0.0,observed
2025-06-10,2,28.1,33.8,21.3,0.0,observed
2025-06-11,2,29.8,35.3,23.2,0.0,observed
2025-06-12,2,31.1,36.3,26.3,0.0,observed
2025-06-13,2,29.2,33.5,24.9,0.0,observed
2025-06-14,2,22.3,25.5,20.1,42.5,observed
2025-06-15,2,22.3,27.5,18.7,2.4,observed
2025-06-16,2,23.2,29.5,17.7,0.8,observed
2025-06-17,2,27.4,34.6,20.0,0.0,observed
2025-06-18,2,28.8,36.5,22.7,4.2,observed
2025-06-19,2,26.2,29.9,23.4,0.8,observed
2025-06-20,2,28.5,34.7,23.0,0.0,observed
2025-06-21,2,30.3,36.9,24.0,0.0,observed
2025-06-22,2,32.7,40.4,25.3,0.0,observed
2025-06-23,2,33.3,39.3,26.2,0.0,observed
2025-06-24,2,34.0,40.0,27.2,0.0,observed
2025-06-25,2,32.1,38.4,25.8,0.0,observed
2025-06-26,2,29.0,33.6,25.8,0.0,observed
2025-06-27,2,26.7,31.1,24.2,2.4,observed
2025-06-28,2,25.4,29.9,21.7,2.8,observed
2025-06-29,2,25.0,29.5,21.6,2.3,observed
2025-06-30,2,26.2,30.5,22.1,0.1,observed
2025-07-01,2,26.4,30.3,23.3,10.0,observed
2025-07-02,2,27.3,32.1,24.5,19.2,observed
2025-07-03,2,26.2,28.6,23.9,9.9,observed
2025-07-04,2,29.2,33.5,24.9,0.2,observed
2025-07-05,2,29.7,34.7,25.8,1.8,observed
2025-07-06,2,29.6,33.9,24.4,0.0,observed
2025-07-07,2,30.7,35.4,26.7,0.1,observed
2025-07-08,2,28.7,32.7,25.3,8.8,observed
2025-07-09,2,30.4,34.8,26.3,2.8,observed
2025-07-10,2,27.2,31.8,24.2,13.8,observed
2025-07-11,2,29.6,34.4,24.9,0.0,observed
2025-07-12,2,30.3,35.4,26.3,0.3,observed
2025-07-13,2,31.0,36.0,25.0,0.0,observed
2025-07-14,2,30.9,35.1,25.5,1.4,observed
2025-07-15,2,26.1,30.9,22.6,10.5,observed
2025-07-16,2,26.0,30.0,21.5,0.4,observed
2025-07-17,2,30.8,36.3,24.4,0.0,observed
2025-07-18,2,31.8,37.7,24.9,0.7,observed
2025-07-19,2,31.6,35.9,26.5,5.2,observed
2025-07-20,2,25.8,28.0,24.3,27.1,observed
2025-07-21,2,27.6,31.9,23.4,0.1,observed
2025-07-22,2,28.6,32.7,24.7,0.0,observed
2025-07-23,2,27.8,32.9,24.4,5.4,observed
2025-07-24,2,26.3,30.5,24.2,16.8,observed
2025-07-25,2,26.7,30.9,24.4,27.0,observed
2025-07-26,2,29.0,32.9,25.0,0.3,observed
2025-07-27,2,28.0,30.7,26.1,11.9,observed
2025-07-28,2,27.1,31.3,23.6,34.6,observed
2025-07-29,2,26.1,29.9,23.3,42.9,observed
2025-07-30,2,27.0,31.0,22.4,0.0,observed
2025-07-31,2,26.7,29.5,23.8,0.3,observed
2025-08-01,2,27.8,32.7,23.4,0.0,observed
2025-08-02,2,28.3,32.1,24.4,0.4,observed
2025-08-03,2,28.5,32.5,23.9,5.0,observed
2025-08-04,2,27.3,30.2,25.2,7.8,observed
2025-08-05,2,27.8,30.3,24.7,7.3,observed
2025-08-06,2,29.7,34.8,25.6,0.0,observed
2025-08-07,2,28.6,32.9,24.9,0.0,observed
2025-08-08,2,24.7,27.3,22.2,19.1,observed
2025-08-09,2,26.0,31.8,20.5,0.0,observed
2025-08-10,2,27.4,32.1,23.3,0.0,observed
2025-08-11,2,27.1,30.7,23.8,0.1,observed
2025-08-12,2,25.6,30.2,22.5,13.4,observed
2025-08-13,2,25.2,29.0,21.6,1.2,observed
2025-08-14,2,24.4,27.8,22.4,15.8,observed
2025-08-15,2,25.9,30.7,22.1,0.3,observed
2025-08-16,2,25.2,27.4,23.8,0.5,observed
2025-08-17,2,26.7,30.2,23.6,0.8,observed
2025-08-18,2,27.5,31.2,24.0,0.7,observed
2025-08-19,2,26.1,29.9,24.1,8.1,observed
2025-08-20,2,26.9,30.3,23.2,0.2,observed
2025-08-21,2,26.7,30.7,24.2,18.9,observed
2025-08-22,2,27.6,32.7,23.5,0.0,observed
2025-08-23,2,25.2,28.0,21.3,0.5,observed
2025-08-24,2,23.6,27.5,20.2,0.0,observed
2025-08-25,2,26.0,30.9,21.7,0.0,observed
2025-08-26,2,26.3,29.8,23.3,0.2,observed
2025-08-27,2,22.0,25.2,19.9,72.7,observed
2025-08-28,2,23.8,27.1,20.6,0.3,observed
2025-08-29,2,24.6,26.9,22.3,0.7,observed
2025-08-30,2,24.8,28.8,21.1,2.7,observed
2025-08-31,2,24.5,29.0,21.2,0.8,observed
2025-09-01,2,24.9,29.8,19.7,0.0,observed
2025-09-02,2,26.2,29.6,22.6,0.0,observed
2025-09-03,2,27.1,30.7,23.8,0.0,observed
2025-09-04,2,26.8,30.9,22.4,0.3,observed
2025-09-05,2,23.4,25.7,20.9,12.3,observed
2025-09-06,2,23.5,29.5,17.5,0.0,observed
2025-09-07,2,24.3,29.4,19.1,0.0,observed
2025-09-08,2,24.7,30.3,18.0,0.0,observed
2025-09-09,2,25.7,31.3,20.1,0.6,observed
2025-09-10,2,24.9,29.7,20.3,1.7,observed
2025-09-11,2,26.8,31.1,22.3,0.2,observed
2025-09-12,2,26.0,30.7,22.1,0.0,observed
2025-09-13,2,25.2,30.0,20.7,0.0,observed
2025-09-14,2,25.6,31.2,19.5,0.0,observed
2025-09-15,2,22.4,24.3,20.5,0.8,observed
2025-09-16,2,22.5,25.3,20.8,0.1,observed
2025-09-17,2,20.6,25.0,15.8,0.0,observed
2025-09-18,2,21.2,26.6,14.9,0.0,observed
2025-09-19,2,21.0,24.5,18.2,0.0,observed
2025-09-20,2,21.5,27.8,15.5,0.0,observed
2025-09-21,2,21.9,27.0,17.3,2.3,observed
2025-09-22,2,19.7,23.2,17.0,1.5,observed
2025-09-23,2,18.5,21.3,15.6,0.0,observed
2025-09-24,2,19.7,25.7,14.4,0.0,observed
2025-09-25,2,22.3,28.0,16.5,0.0,observed
2025-09-26,2,23.5,29.1,18.0,0.0,observed
2025-09-27,2,21.4,25.4,18.6,0.0,observed
2025-09-28,2,22.1,28.6,16.6,0.0,observed
2025-09-29,2,22.7,28.6,16.6,0.0,observed
2025-09-30,2,23.5,29.2,17.4,0.0,observed
2025-10-01,2,24.1,30.0,17.8,0.0,observed
2025-10-02,2,23.3,27.4,18.7,0.0,observed
2025-10-03,2,20.9,23.6,18.2,0.5,observed
2025-10-04,2,21.5,25.4,16.9,0.0,observed
2025-10-05,2,19.1,21.6,16.1,3.9,observed
2025-10-06,2,15.9,19.8,13.3,6.0,observed
2025-10-07,2,17.9,21.9,14.2,0.0,observed
2025-10-08,2,13.6,17.9,10.1,19.1,observed
2025-10-09,2,10.7,11.3,10.2,27.9,observed
2025-10-10,2,11.4,13.6,10.2,20.0,observed
2025-10-11,2,13.3,17.3,10.0,2.7,observed
2025-10-12,2,14.0,16.4,11.9,0.0,observed
2025-10-13,2,14.4,20.1,9.6,0.0,observed
2025-10-14,2,15.2,20.8,10.3,0.0,observed
2025-10-15,2,15.5,19.3,12.6,0.1,observed
2025-10-16,2,14.1,14.8,13.1,3.1,observed
2025-10-17,2,12.0,15.0,7.3,4.0,observed
2025-10-18,2,7.3,9.4,4.1,0.0,observed
2025-10-19,2,7.6,10.1,4.6,0.0,observed
2025-10-20,2,5.3,8.9,1.9,0.0,observed
2025-10-21,2,5.9,10.5,1.4,0.0,observed
2025-10-22,2,6.7,11.1,2.1,0.0,observed
2025-10-23,2,8.4,11.4,6.5,0.0,observed
2025-10-24,2,8.6,12.7,4.4,0.0,observed
2025-10-25,2,10.2,14.6,6.1,0.0,observed
2025-10-26,2,8.5,10.8,6.0,0.0,observed
2025-10-27,2,7.4,13.2,2.5,0.0,observed
2025-10-28,2,7.8,12.5,3.1,0.0,observed
2025-10-29,2,9.4,13.1,5.8,2.8,observed
2025-10-30,2,10.5,15.7,7.0,0.0,observed
2025-10-31,2,11.1,15.6,8.8,0.0,observed
2025-11-01,2,11.6,17.9,5.5,0.0,observed
2025-11-02,2,8.7,12.8,5.3,0.0,observed
2025-11-03,2,7.6,13.1,2.6,0.1,observed
2025-11-04,2,8.6,14.3,3.7,0.0,observed
2025-11-05,2,9.7,13.6,5.7,0.5,observed
2025-11-06,2,11.4,14.4,9.1,0.0,observed
2025-11-07,2,9.4,10.8,7.7,6.5,observed
2025-11-08,2,9.5,12.6,7.5,0.0,observed
2025-11-09,2,9.5,13.9,6.6,0.0,observed
2025-11-10,2,7.4,12.3,2.1,0.0,observed
2025-11-11,2,8.1,13.7,3.3,0.0,observed
2025-11-12,2,9.7,17.0,3.7,0.0,observed
2025-11-13,2,9.6,15.0,4.3,0.0,observed
2025-11-14,2,8.3,15.0,2.5,0.0,observed
2025-11-15,2,9.7,16.2,3.6,0.0,observed
2025-11-16,2,5.7,9.7,1.0,0.0,observed
2025-11-17,2,0.9,3.7,-1.6,0.0,observed
2025-11-18,2,3.7,10.3,-1.7,0.0,observed
2025-11-19,2,6.2,12.3,1.3,0.0,observed
2025-11-20,2,7.9,12.8,4.0,0.0,observed
2025-11-21,2,7.1,13.5,2.1,0.0,observed
2025-11-22,2,6.2,12.5,0.5,0.0,observed
2025-11-23,2,7.9,14.3,3.0,0.0,observed
2025-11-24,2,6.1,10.1,2.3,0.0,observed
2025-11-25,2,1.8,5.2,-1.2,0.0,observed
2025-11-26,2,2.1,6.3,-2.1,0.1,observed
2025-11-27,2,3.3,6.3,-0.2,0.0,observed
2025-11-28,2,0.9,5.2,-2.5,0.0,observed
2025-11-29,2,4.4,12.7,-1.9,0.0,observed
2025-11-30,2,4.9,9.8,0.6,0.0,observed
2025-12-01,2,0.8,3.6,-2.2,0.0,observed
2025-12-02,2,-3.4,-0.5,-6.3,0.0,observed
2025-12-03,2,-2.3,2.4,-5.9,0.0,observed
2025-12-04,2,0.3,5.1,-4.4,0.0,observed
2025-12-05,2,-0.5,4.3,-4.8,0.0,observed
2025-12-06,2,1.3,7.8,-3.3,0.0,observed
2025-12-07,2,4.2,9.3,-1.7,0.0,observed
2025-12-08,2,0.6,3.4,-1.5,0.0,observed
2025-12-09,2,-0.5,4.0,-4.8,0.0,observed
2025-12-10,2,0.1,3.9,-3.3,0.0,observed
2025-12-11,2,0.2,2.4,-1.8,0.0,observed
2025-12-12,2,-2.9,-2.2,-3.9,2.0,observed
2025-12-13,2,-2.8,1.1,-8.6,0.7,observed
2025-12-14,2,-3.9,2.1,-8.8,0.0,observed
2025-12-15,2,-2.5,2.5,-7.6,0.0,observed
2025-12-16,2,-0.4,4.6,-3.5,0.0,observed
2025-12-17,2,-0.9,4.1,-4.6,0.0,observed
2025-12-18,2,-1.7,0.2,-4.3,0.0,observed
2025-12-19,2,3.0,8.2,-1.0,0.0,observed
2025-12-20,2,1.5,3.8,-1.5,0.0,observed
2025-12-21,2,-1.7,2.1,-5.9,0.0,observed
2025-12-22,2,-1.6,1.2,-5.3,0.0,observed
2025-12-23,2,1.6,6.1,-2.6,1.1,observed
2025-12-24,2,-0.4,5.1,-4.7,0.0,observed
2025-12-25,2,-1.8,1.9,-4.4,0.0,observed
2025-12-26,2,-3.4,-0.6,-7.1,0.0,observed
2025-12-27,2,-2.1,3.0,-7.6,0.0,observed
2025-12-28,2,-1.3,3.6,-6.3,0.0,observed
2025-12-29,2,1.3,6.2,-3.3,0.0,observed
2025-12-30,2,-0.5,2.2,-3.1,0.0,observed
2025-12-31,2,-4.6,-2.3,-7.9,0.0,observed
2026-01-01,2,-4.2,1.1,-9.0,0.0,observed
2026-01-02,2,-3.9,1.6,-9.2,0.0,observed
2026-01-03,2,-2.1,4.3,-7.3,0.0,observed
2026-01-04,2,-0.3,5.0,-4.3,0.0,observed
2026-01-05,2,-1.1,3.0,-4.9,0.0,observed
2026-01-06,2,0.3,5.8,-5.0,0.0,observed
2026-01-07,2,0.3,3.3,-2.0,0.0,observed
2026-01-08,2,-1.0,3.9,-5.5,0.0,observed
2026-01-09,2,0.4,4.9,-4.5,0.0,observed
2026-01-10,2,-1.6,0.8,-4.7,0.0,observed
2026-01-11,2,-5.1,-2.4,-8.5,0.0,observed
2026-01-12,2,-3.2,4.3,-9.9,0.0,observed
2026-01-13,2,-1.2,3.2,-5.6,0.0,observed
2026-01-14,2,-2.9,0.4,-5.9,0.0,observed
2026-01-15,2,-1.7,5.4,-8.1,0.0,observed
2026-01-16,2,-0.5,3.2,-3.9,0.0,observed
2026-01-17,2,-6.0,-4.6,-7.4,1.4,observed
2026-01-18,2,-7.0,-4.8,-8.6,1.1,observed
2026-01-19,2,-9.5,-6.9,-12.4,0.0,observed
2026-01-20,2,-9.9,-4.6,-13.7,0.0,observed
2026-01-21,2,-8.7,-3.1,-13.8,0.0,observed
2026-01-22,2,-7.7,-2.1,-13.0,0.0,observed
2026-01-23,2,-5.5,0.8,-10.7,0.0,observed
2026-01-24,2,-4.4,2.0,-10.1,0.0,observed
2026-01-25,2,-4.0,-1.5,-7.4,0.0,observed
2026-01-26,2,-2.2,3.0,-6.9,0.0,observed
2026-01-27,2,-1.4,2.7,-4.9,0.0,observed
2026-01-28,2,-2.4,0.9,-5.6,0.0,observed
2026-01-29,2,-2.6,-0.3,-6.0,0.0,observed
2026-01-30,2,-1.7,0.7,-4.5,0.0,observed
2026-01-31,2,-1.5,3.4,-5.8,0.0,observed
2026-02-01,2,0.7,7.0,-5.5,0.0,observed
2026-02-02,2,0.4,4.6,-3.7,0.0,observed
2026-02-03,2,0.5,6.0,-5.4,0.0,observed
2026-02-04,2,3.6,10.6,-1.3,0.0,observed
2026-02-05,2,0.7,6.5,-4.2,0.0,observed
2026-02-06,2,-7.0,-4.9,-9.2,0.0,observed
2026-02-07,2,-5.1,-0.4,-9.6,0.0,observed
2026-02-08,2,-2.8,3.1,-8.9,0.0,observed
2026-02-09,2,-1.2,3.2,-6.1,0.0,observed
2026-02-10,2,3.4,8.8,-1.3,0.0,observed
2026-02-11,2,2.9,8.4,-1.9,0.0,observed
2026-02-12,2,4.0,11.5,-2.6,0.0,observed
2026-02-13,2,5.7,13.5,0.2,0.0,observed
2026-02-14,2,6.7,15.2,1.0,0.0,observed
2026-02-15,2,1.9,5.4,-1.5,0.0,observed
2026-02-16,2,0.9,5.7,-3.0,0.0,observed
2026-02-17,2,2.4,9.7,-5.0,0.0,observed
2026-02-18,2,6.1,10.9,1.4,0.0,observed
2026-02-19,2,4.9,12.6,-2.5,0.0,observed
2026-02-20,2,7.1,14.7,0.1,0.0,observed
2026-02-21,2,10.1,19.7,3.5,0.0,observed
2026-02-22,2,3.0,6.0,0.4,0.0,observed
2026-02-23,2,1.5,5.7,-2.8,0.0,observed
2026-02-24,2,2.4,7.5,-2.1,0.0,observed
2026-02-25,2,3.9,6.7,1.3,0.0,observed
2026-02-26,2,5.8,10.3,2.8,0.6,observed
2026-02-27,2,2.7,5.6,0.8,1.6,observed
2026-02-28,2,1.3,2.6,0.5,0.2,observed
2026-03-01,2,2.3,4.4,-0.5,0.0,observed
2026-03-02,2,2.7,4.7,0.5,2.5,observed
2026-03-03,2,5.4,11.0,1.2,0.0,observed
2026-03-04,2,1.3,3.3,-1.2,3.2,observed
2026-03-05,2,-0.5,1.7,-2.3,0.7,observed
2026-03-06,2,0.9,6.3,-3.7,0.0,observed
2026-03-07,2,2.6,8.4,-2.6,0.0,observed
2026-03-08,2,5.5,12.3,-0.6,0.0,observed
2026-03-09,2,5.9,11.4,-0.6,0.0,observed
2026-03-10,2,6.2,11.6,1.5,1.4,observed
2026-03-11,2,9.2,15.1,3.2,0.0,observed
2026-03-12,2,7.4,12.8,1.8,0.0,observed
2026-03-13,2,5.9,9.0,2.8,0.2,observed
2026-03-14,2,8.3,10.9,4.9,0.0,observed
2026-03-15,2,7.6,14.5,0.3,0.0,observed
2026-03-16,2,9.3,13.7,4.3,0.0,observed
2026-03-17,2,8.4,13.7,2.8,5.6,observed
2026-03-18,2,7.9,12.9,2.7,0.2,observed
2026-03-19,2,8.9,16.2,0.3,0.0,observed
2026-03-20,2,9.3,14.3,4.0,0.0,observed
2026-03-21,2,9.0,15.3,2.4,0.0,observed
2026-03-22,2,15.2,22.5,7.3,0.0,observed
2026-03-23,2,13.6,17.8,9.5,0.0,observed
2026-03-24,2,13.6,19.4,7.9,0.0,observed
2026-03-25,2,17.0,24.7,8.7,0.0,observed
2026-03-26,2,18.1,24.8,11.3,0.0,observed
2026-03-27,2,16.6,20.6,11.4,0.0,observed
2026-03-28,2,15.3,20.2,8.9,0.0,observed
2026-03-29,2,16.2,22.4,12.3,0.0,observed
2026-03-30,2,13.3,17.2,9.3,0.0,observed
2026-03-31,2,13.1,18.3,8.0,0.0,observed
2026-04-01,2,13.3,17.8,8.8,0.0,observed
2026-04-02,2,12.7,19.0,6.7,0.0,observed
2026-04-03,2,16.1,23.5,11.5,1.0,observed
2026-04-04,2,13.2,17.0,8.3,0.0,observed
2026-04-05,2,13.7,18.4,8.2,0.0,observed
2026-04-06,2,12.8,18.5,8.0,0.0,observed
2026-04-07,2,10.4,14.8,5.6,0.0,observed
2026-04-08,2,12.6,19.6,6.5,0.6,observed
2026-04-09,2,11.6,12.7,10.3,6.0,observed
2026-04-10,2,16.5,26.3,8.6,0.0,observed
2026-04-11,2,17.3,22.1,11.3,0.0,observed
2026-04-12,2,18.3,26.4,9.4,0.0,observed
2026-04-13,2,16.6,19.6,14.3,1.6,observed
2026-04-14,2,14.6,18.1,11.8,1.0,observed
2026-04-15,2,16.9,23.4,9.9,0.0,observed
2026-04-16,2,16.1,18.8,14.0,10.6,observed
2026-04-17,2,16.9,21.3,13.8,0.3,observed
2026-04-18,2,19.0,25.3,13.3,0.0,observed
2026-04-19,2,17.2,22.1,12.8,0.9,observed
2026-04-20,2,15.4,23.4,9.1,0.0,observed
2026-04-21,2,17.3,25.3,9.6,0.0,observed
2026-04-22,2,17.7,23.0,12.0,0.0,observed
2026-04-23,2,18.4,23.8,12.5,0.0,observed
2026-04-24,2,20.0,25.0,14.6,0.0,observed
2026-04-25,2,21.7,27.0,15.7,0.0,observed
2026-04-26,2,20.4,24.8,16.1,0.0,observed
2026-04-27,2,17.4,21.9,11.2,3.3,observed
2026-04-28,2,16.5,19.9,10.1,0.0,observed
2026-04-29,2,17.8,24.0,10.3,0.0,observed
2026-04-30,2,20.3,26.9,12.7,0.0,observed
2026-05-01,2,21.5,27.0,15.6,0.0,observed
2026-05-02,2,16.8,22.9,12.5,1.3,observed
2026-05-03,2,15.4,20.0,10.0,0.0,observed
2026-05-04,2,18.4,24.3,11.1,0.0,observed
2026-05-05,2,22.1,28.9,15.2,0.0,observed
2026-05-06,2,22.4,26.2,19.8,0.0,observed
2026-05-07,2,19.4,23.3,14.2,0.0,observed
2026-05-08,2,20.5,26.7,13.2,0.0,observed
2026-05-09,2,19.8,24.0,16.3,0.0,observed
2026-05-10,2,25.2,32.6,15.4,0.0,observed
2026-05-11,2,25.4,31.2,19.1,0.0,observed
2026-05-12,2,26.0,31.9,19.2,0.0,observed
2026-05-13,2,29.0,34.7,22.9,0.0,observed
2026-05-14,2,27.8,33.6,22.7,0.0,observed
2026-05-15,2,24.2,30.2,19.9,3.1,observed
2026-05-16,2,20.7,23.9,18.7,4.5,observed
2026-05-17,2,18.8,20.3,17.6,46.6,observed
2026-05-18,2,21.4,26.4,17.4,5.2,observed
2026-05-19,2,21.1,25.0,17.4,0.0,observed
2026-05-20,2,19.8,23.0,17.9,2.1,observed
2026-05-21,2,20.8,24.8,16.5,0.1,observed
2026-05-22,2,18.5,20.1,17.3,31.7,observed
2026-05-23,2,20.8,25.5,16.2,0.0,observed
2026-05-24,2,23.6,28.2,18.9,0.0,observed
2026-05-25,2,20.0,21.6,19.1,8.7,observed
2026-05-26,2,21.0,24.5,17.3,0.0,observed
2026-05-27,2,22.8,27.1,18.0,0.0,observed
2026-05-28,2,23.6,28.5,20.4,0.0,observed
2026-05-29,2,24.9,32.5,17.5,0.0,observed
2026-05-30,2,28.4,36.9,18.8,0.0,observed
2026-05-31,2,29.9,34.6,24.7,0.0,observed
2026-06-01,2,30.9,36.7,24.3,0.0,observed
2026-06-02,2,30.7,36.1,24.3,0.0,observed
2026-06-03,2,25.3,30.0,21.0,0.5,observed
2026-06-04,2,21.4,25.0,19.0,3.9,observed
2026-06-05,2,23.1,27.7,17.7,0.0,observed
2026-06-06,2,17.6,23.1,15.4,14.6,observed
2026-06-07,2,19.0,25.3,13.4,1.5,observed
2026-06-08,2,21.3,29.3,14.8,0.2,observed
2026-06-09,2,22.6,27.4,16.3,0.2,observed
2026-06-10,2,21.8,27.3,15.5,3.5,observed
2026-06-11,2,25.4,31.3,16.7,0.0,observed
2026-06-12,2,28.4,33.3,23.1,0.5,observed
2026-06-13,2,24.1,28.8,19.8,2.5,observed
2026-06-14,2,23.2,28.1,18.1,0.0,observed
2026-06-15,2,24.3,28.9,21.0,2.5,observed
2026-06-16,2,23.7,29.1,21.4,12.7,observed
2026-06-17,2,25.1,30.0,20.1,1.7,observed
2026-06-18,2,26.2,30.9,22.3,1.5,observed
2026-06-19,2,23.8,27.4,21.7,17.0,observed
2026-06-20,2,23.8,27.9,21.3,0.2,observed
2026-06-21,2,24.9,30.9,17.3,0.0,observed
2026-06-22,2,27.2,32.8,20.5,0.0,observed
2026-06-23,2,25.6,31.5,20.9,2.3,observed
2026-06-24,2,25.4,31.8,19.6,4.7,observed
2026-06-25,2,26.4,32.3,20.1,0.0,observed
2026-06-26,2,29.3,34.4,22.3,0.0,observed
2026-06-27,2,30.6,35.8,24.5,1.1,observed
2026-06-28,2,28.5,34.1,24.2,1.5,observed
2026-06-29,2,25.2,28.8,22.1,8.9,observed
2026-06-30,2,24.1,27.8,21.6,1.9,observed
2026-07-01,2,26.5,31.1,21.5,0.3,observed
2026-07-02,2,30.0,35.8,24.3,0.1,observed
2026-07-03,2,30.6,38.0,25.7,2.4,observed
2026-07-04,2,31.6,36.8,27.6,0.5,observed
2026-07-05,2,30.0,35.4,25.8,1.4,observed
2026-07-06,2,29.5,35.5,23.4,0.1,observed
2026-07-07,2,27.6,34.4,23.9,6.0,observed
2026-07-08,2,27.3,31.5,22.3,0.3,observed
2026-07-09,2,30.3,35.2,25.1,2.1,observed
2026-07-10,2,25.6,28.8,24.0,27.2,observed
2026-07-11,2,26.2,30.4,24.1,36.5,observed
2026-07-12,2,27.1,29.8,24.9,23.4,observed
2026-07-13,2,28.9,32.9,25.3,0.1,observed
2026-07-14,2,29.3,33.4,25.6,0.0,observed
2026-07-15,2,30.0,35.4,25.0,0.0,observed
2026-07-16,2,28.8,32.9,25.8,0.5,observed
2026-07-17,2,26.9,30.3,24.0,0.0,observed
2026-07-18,2,26.2,29.8,22.9,0.8,observed
2026-07-19,2,28.3,32.8,23.4,0.2,observed
2026-07-20,2,26.1,31.9,22.5,10.2,observed
2026-07-21,2,26.1,30.2,22.2,0.2,observed
2026-07-22,2,25.5,28.5,23.2,2.9,observed
2026-07-23,2,24.4,27.8,22.6,4.4,observed
2026-07-24,2,26.3,29.9,23.1,1.5,observed
2026-07-25,2,27.1,30.7,24.1,1.1,observed
2026-07-26,2,27.5,31.4,23.0,1.3,observed
2026-07-27,2,28.6,32.6,24.9,0.8,observed
2026-07-28,2,30.5,35.0,26.5,1.1,observed
2026-07-29,2,30.7,34.7,27.0,0.5,observed
2026-07-30,2,30.9,35.2,27.1,3.6,observed
2026-07-31,2,30.7,34.3,27.2,1.4,observed
2026-08-01,2,32.1,37.4,27.1,0.6,observed
2026-08-02,2,30.0,37.4,26.3,6.8,observed
2026-08-03,2,29.5,35.7,26.1,9.2,observed
2026-08-04,2,30.0,35.1,25.5,0.2,observed
2026-08-05,2,32.5,38.0,27.4,1.2,observed
2026-08-06,2,33.2,37.5,28.0,1.3,observed
2026-08-07,2,31.4,37.4,26.5,10.1,observed
2026-08-08,2,27.8,31.1,25.5,0.0,observed
2026-08-09,2,27.2,31.8,23.1,0.0,observed
2026-08-10,2,28.2,32.9,23.2,0.0,observed
2026-08-11,2,28.1,31.5,25.7,3.7,observed
2026-08-12,2,24.5,26.0,23.0,28.6,observed
2026-08-13,2,25.5,29.2,22.3,10.9,observed
2026-08-14,2,26.4,30.1,22.7,1.7,observed
2026-08-15,2,25.8,29.7,21.0,12.7,observed
2026-08-16,2,24.7,27.4,22.5,6.1,observed
2026-08-17,2,26.3,31.0,21.7,0.0,observed
2026-08-18,2,27.4,31.5,24.0,1.4,observed
2026-08-19,2,27.3,32.1,23.5,2.2,observed
2026-08-20,2,27.4,32.0,23.4,0.9,observed
2026-08-21,2,28.7,34.6,23.6,7.0,observed
2026-08-22,2,27.1,30.8,23.0,2.4,observed
2026-08-23,2,27.9,31.4,25.2,9.2,observed
2026-08-24,2,27.1,31.9,23.4,11.4,observed
2026-08-25,2,26.5,30.8,24.1,29.5,observed
2026-08-26,2,23.9,27.1,21.7,7.3,observed
2026-08-27,2,25.5,29.1,22.4,1.2,observed
2026-08-28,2,20.3,23.4,18.8,7.5,observed
2026-08-29,2,22.7,28.7,18.4,0.0,observed
2026-08-30,2,25.0,31.9,19.2,0.0,observed
2026-08-31,2,24.5,29.4,19.1,0.0,observed
2026-09-01,2,24.6,29.6,19.8,0.0,observed
2026-09-02,2,25.0,30.0,19.0,0.0,observed
2026-09-03,2,26.8,32.6,20.5,0.0,observed
2026-09-04,2,28.1,33.9,21.9,0.0,observed
2026-09-05,2,27.9,33.5,22.3,0.0,observed
2026-09-06,2,27.1,31.4,22.3,0.0,observed
2026-09-07,2,25.3,30.2,19.2,10.7,observed
2026-09-08,2,19.8,23.3,17.9,2.8,observed
2026-09-09,2,20.4,25.1,16.9,0.0,observed
2026-09-10,2,22.3,29.6,15.1,0.0,observed
2026-09-11,2,24.3,31.3,16.9,0.0,observed
2026-09-12,2,23.5,28.7,17.7,0.0,observed
2026-09-13,2,25.1,30.1,19.2,0.0,observed
2026-09-14,2,22.7,26.9,17.5,0.0,observed
2026-09-15,2,23.4,29.3,17.3,0.0,observed
2026-09-16,2,25.7,31.5,19.4,0.0,observed
2026-09-17,2,26.0,31.1,20.5,0.0,observed
2026-09-18,2,24.4,28.5,21.2,0.3,observed
2026-09-19,2,24.4,28.2,20.5,0.2,observed
2026-09-20,2,24.9,29.1,21.5,1.1,observed
2026-09-21,2,25.3,30.8,19.9,0.0,observed
2026-09-22,2,25.5,30.7,20.2,0.0,observed
2026-09-23,2,26.8,32.3,21.6,0.0,observed
2026-09-24,2,21.4,26.5,19.2,14.4,observed
2026-09-25,2,21.3,24.6,18.3,0.0,observed
2026-09-26,2,22.4,26.9,18.9,3.5,observed
2026-09-27,2,21.4,27.1,17.6,3.6,observed
2026-09-28,2,19.6,24.1,15.4,0.2,observed
2026-09-29,2,21.4,27.0,17.0,2.0,observed
2026-09-30,2,17.7,19.8,14.9,0.0,observed
2026-10-01,2,17.5,22.9,11.1,0.0,observed
2026-10-02,2,17.0,22.9,11.3,0.0,observed
2026-10-03,2,17.5,24.0,11.9,0.0,observed
2026-10-04,2,17.3,20.9,14.7,0.0,forecast
2026-10-05,2,18.0,24.3,11.4,0.0,forecast
2026-10-06,2,19.1,25.6,13.1,0.0,forecast
2026-10-07,2,20.4,26.9,14.3,0.0,forecast
2026-10-08,2,20.4,26.3,14.7,0.0,forecast
2026-10-09,2,20.8,25.7,15.8,0.0,forecast
2026-10-10,2,21.5,26.5,17.4,1.5,forecast
2026-10-11,2,22.3,28.4,16.3,0.0,forecast
2026-10-12,2,21.1,23.6,17.7,0.0,forecast
2026-10-13,2,17.1,20.9,14.4,0.0,forecast
2026-10-14,2,16.7,21.4,13.1,0.0,forecast
2026-10-15,2,16.6,21.1,11.8,0.6,forecast
2026-10-16,2,16.3,19.8,13.7,2.4,forecast
2026-10-17,2,14.5,18.5,11.9,0.0,forecast
2026-10-18,2,14.1,18.9,10.4,0.0,forecast
2026-10-19,2,14.6,17.6,11.8,0.0,forecast
2025-01-01,3,-0.5,3.5,-2.8,0.0,observed
2025-01-02,3,-0.4,4.2,-3.5,0.0,observed
2025-01-03,3,-1.1,3.5,-5.4,0.0,observed
2025-01-04,3,-1.2,3.8,-5.9,0.0,observed
2025-01-05,3,2.1,6.8,-1.6,0.0,observed
2025-01-06,3,0.8,4.9,-2.6,0.0,observed
2025-01-07,3,1.9,5.2,-0.9,0.1,observed
2025-01-08,3,-2.6,0.2,-5.2,0.0,observed
2025-01-09,3,-3.2,1.1,-6.4,0.0,observed
2025-01-10,3,-3.9,1.1,-8.4,0.0,observed
2025-01-11,3,-3.0,1.3,-7.3,0.0,observed
2025-01-12,3,-1.4,2.1,-4.7,0.0,observed
2025-01-13,3,-0.1,6.7,-5.0,0.0,observed
2025-01-14,3,-1.0,1.6,-4.2,0.2,observed
2025-01-15,3,-3.2,0.7,-7.5,0.0,observed
2025-01-16,3,0.7,6.6,-3.2,0.0,observed
2025-01-17,3,-0.9,4.9,-6.6,0.0,observed
2025-01-18,3,-1.0,6.1,-6.6,0.0,observed
2025-01-19,3,2.4,7.6,-0.4,0.0,observed
2025-01-20,3,-0.1,5.8,-4.3,0.0,observed
2025-01-21,3,1.6,7.1,-1.4,0.0,observed
2025-01-22,3,-0.4,3.7,-4.2,0.0,observed
2025-01-23,3,-1.3,3.5,-5.7,0.0,observed
2025-01-24,3,-0.7,5.0,-5.8,0.0,observed
2025-01-25,3,-0.8,2.8,-4.4,0.1,observed
2025-01-26,3,-0.9,0.8,-4.7,0.7,observed
2025-01-27,3,-5.5,-2.4,-8.1,0.0,observed
2025-01-28,3,-5.6,0.2,-10.8,0.0,observed
2025-01-29,3,-4.8,1.1,-9.9,0.0,observed
2025-01-30,3,-5.5,-4.0,-8.1,0.0,observed
2025-01-31,3,-3.4,-0.2,-5.6,0.0,observed
2025-02-01,3,-2.8,0.3,-4.7,0.0,observed
2025-02-02,3,-1.7,3.5,-6.4,0.0,observed
2025-02-03,3,-2.8,1.4,-5.6,0.0,observed
2025-02-04,3,-3.8,1.8,-8.3,0.0,observed
2025-02-05,3,-3.9,0.7,-8.1,0.0,observed
2025-02-06,3,-4.7,0.7,-11.1,0.0,observed
2025-02-07,3,-9.4,-5.0,-13.0,0.0,observed
2025-02-08,3,-6.9,-1.0,-12.1,0.0,observed
2025-02-09,3,-6.0,-0.2,-12.1,0.0,observed
2025-02-10,3,-3.8,2.8,-11.1,0.0,observed
2025-02-11,3,-1.1,3.9,-7.3,0.0,observed
2025-02-12,3,1.2,5.6,-3.2,0.0,observed
2025-02-13,3,1.7,8.1,-4.2,0.0,observed
2025-02-14,3,2.8,10.2,-3.3,0.0,observed
2025-02-15,3,5.0,13.1,-2.8,0.0,observed
2025-02-16,3,4.2,7.9,-0.3,0.0,observed
2025-02-17,3,0.8,4.3,-2.6,0.0,observed
2025-02-18,3,0.2,5.4,-4.2,0.0,observed
2025-02-19,3,0.1,5.5,-4.0,0.0,observed
2025-02-20,3,-0.0,4.9,-4.0,0.0,observed
2025-02-21,3,-1.3,2.3,-3.8,0.0,observed
2025-02-22,3,-1.5,3.0,-5.4,0.0,observed
2025-02-23,3,-1.4,4.1,-5.6,0.0,observed
2025-02-24,3,1.3,7.6,-5.3,0.0,observed
2025-02-25,3,4.3,9.3,-1.9,0.0,observed
2025-02-26,3,3.0,10.0,-3.3,0.0,observed
2025-02-27,3,5.3,12.7,-1.8,0.0,observed
2025-02-28,3,7.7,16.6,-0.8,0.0,observed
2025-03-01,3,9.7,16.6,2.9,0.2,observed
2025-03-02,3,5.4,9.5,2.3,3.6,observed
2025-03-03,3,3.9,7.7,-0.9,0.0,observed
2025-03-04,3,5.1,9.1,0.9,0.0,observed
2025-03-05,3,5.2,11.9,-2.5,0.0,observed
2025-03-06,3,6.9,12.7,-0.4,0.0,observed
2025-03-07,3,6.4,10.5,2.2,1.2,observed
2025-03-08,3,7.0,14.4,-0.9,0.0,observed
2025-03-09,3,10.1,16.8,2.3,0.0,observed
2025-03-10,3,11.9,17.5,6.0,0.0,observed
2025-03-11,3,9.9,14.3,4.7,3.6,observed
2025-03-12,3,11.0,18.2,2.0,0.0,observed
2025-03-13,3,11.1,18.7,3.8,0.0,observed
2025-03-14,3,8.2,11.1,5.3,0.0,observed
2025-03-15,3,3.8,6.9,-0.4,4.7,observed
2025-03-16,3,2.7,8.1,-3.6,0.0,observed
2025-03-17,3,3.7,7.4,-1.0,0.0,observed
2025-03-18,3,6.4,15.0,-2.4,0.0,observed
2025-03-19,3,11.8,21.1,2.1,0.0,observed
2025-03-20,3,15.2,23.5,5.7,0.0,observed
2025-03-21,3,18.6,26.2,8.3,0.0,observed
2025-03-22,3,20.4,28.2,12.2,0.0,observed
2025-03-23,3,20.9,26.4,15.3,0.0,observed
2025-03-24,3,16.6,20.6,11.7,0.0,observed
2025-03-25,3,14.8,20.6,8.0,0.1,observed
2025-03-26,3,12.4,18.8,5.8,0.0,observed
2025-03-27,3,10.8,13.7,6.8,0.0,observed
2025-03-28,3,5.7,10.0,2.6,0.1,observed
2025-03-29,3,5.5,11.4,-0.6,0.0,observed
2025-03-30,3,7.8,14.4,-0.6,0.0,observed
2025-03-31,3,12.0,20.4,2.4,0.0,observed
2025-04-01,3,14.3,21.1,6.2,0.0,observed
2025-04-02,3,13.0,18.9,6.1,0.0,observed
2025-04-03,3,14.3,19.7,7.7,0.1,observed
2025-04-04,3,14.2,21.3,6.8,0.0,observed
2025-04-05,3,15.2,21.5,8.4,0.0,observed
2025-04-06,3,15.8,23.3,7.4,0.0,observed
2025-04-07,3,17.4,25.3,8.5,0.0,observed
2025-04-08,3,16.4,23.0,9.6,0.0,observed
2025-04-09,3,17.3,23.3,11.7,0.0,observed
2025-04-10,3,18.7,26.0,10.4,0.0,observed
2025-04-11,3,20.3,27.5,13.9,0.4,observed
2025-04-12,3,9.6,12.8,6.9,0.1,observed
2025-04-13,3,9.7,13.2,6.6,0.0,observed
2025-04-14,3,17.2,24.4,10.2,0.0,observed
2025-04-15,3,22.0,32.2,11.5,0.0,observed
2025-04-16,3,22.1,28.6,16.4,0.0,observed
2025-04-17,3,21.4,28.9,12.9,0.0,observed
2025-04-18,3,13.9,19.8,9.7,12.0,observed
2025-04-19,3,14.6,21.3,8.4,0.0,observed
2025-04-20,3,18.2,24.5,12.7,0.0,observed
2025-04-21,3,15.6,19.4,12.1,2.8,observed
2025-04-22,3,17.4,24.0,10.0,0.0,observed
2025-04-23,3,18.8,27.4,10.4,0.0,observed
2025-04-24,3,16.2,22.1,9.6,0.0,observed
2025-04-25,3,17.1,24.0,9.2,0.0,observed
2025-04-26,3,19.7,26.6,11.4,0.0,observed
2025-04-27,3,20.1,25.9,14.5,0.0,observed
2025-04-28,3,19.5,26.2,12.5,0.0,observed
2025-04-29,3,21.4,33.0,10.9,0.0,observed
2025-04-30,3,20.5,27.7,16.9,0.3,observed
2025-05-01,3,20.5,26.2,15.0,0.0,observed
2025-05-02,3,16.5,19.4,14.0,0.0,observed
2025-05-03,3,18.8,24.2,13.0,0.0,observed
2025-05-04,3,20.1,25.9,13.2,0.6,observed
2025-05-05,3,16.0,20.7,12.0,5.8,observed
2025-05-06,3,15.8,21.2,10.3,0.0,observed
2025-05-07,3,18.2,24.6,11.8,0.0,observed
2025-05-08,3,19.5,26.5,15.1,20.2,observed
2025-05-09,3,12.8,17.0,11.2,36.3,observed
2025-05-10,3,16.9,24.0,10.8,0.0,observed
2025-05-11,3,18.3,25.8,10.2,0.0,observed
2025-05-12,3,21.0,26.9,14.9,0.0,observed
2025-05-13,3,23.0,29.6,16.8,6.4,observed
2025-05-14,3,20.6,25.2,17.4,6.7,observed
2025-05-15,3,21.0,27.2,15.0,0.0,observed
2025-05-16,3,22.3,28.9,16.1,0.1,observed
2025-05-17,3,18.8,23.8,13.6,0.0,observed
2025-05-18,3,18.6,24.7,11.9,0.0,observed
2025-05-19,3,23.5,31.7,15.3,0.0,observed
2025-05-20,3,26.0,32.6,18.8,0.0,observed
2025-05-21,3,25.5,30.6,20.9,0.0,observed
2025-05-22,3,19.2,24.1,13.2,8.3,observed
2025-05-23,3,16.6,22.0,12.4,1.9,observed
2025-05-24,3,19.8,27.7,11.7,0.0,observed
2025-05-25,3,21.8,28.2,14.5,0.0,observed
2025-05-26,3,23.0,30.2,15.4,0.0,observed
2025-05-27,3,26.0,33.2,17.6,0.0,observed
2025-05-28,3,27.1,33.8,19.0,0.0,observed
2025-05-29,3,27.0,33.0,20.3,0.0,observed
2025-05-30,3,27.1,31.7,22.1,0.0,observed
2025-05-31,3,23.9,27.6,20.8,2.3,observed
2025-06-01,3,22.1,25.9,19.1,0.3,observed
2025-06-02,3,23.5,29.3,17.5,0.0,observed
2025-06-03,3,24.4,29.2,18.4,0.0,observed
2025-06-04,3,27.2,34.5,17.6,0.0,observed
2025-06-05,3,31.1,37.7,23.0,0.0,observed
2025-06-06,3,31.0,37.1,24.3,0.0,observed
2025-06-07,3,28.2,32.8,23.5,0.0,observed
2025-06-08,3,28.1,34.0,21.4,0.0,observed
2025-06-09,3,28.0,34.8,22.4,0.2,observed
2025-06-10,3,27.7,33.8,19.9,0.0,observed
2025-06-11,3,29.8,35.6,21.8,0.0,observed
2025-06-12,3,31.3,36.5,26.7,0.0,observed
2025-06-13,3,28.9,34.0,24.1,0.0,observed
2025-06-14,3,22.1,25.4,19.9,31.3,observed
2025-06-15,3,21.9,26.8,18.5,1.9,observed
2025-06-16,3,22.8,29.7,17.5,0.8,observed
2025-06-17,3,27.0,34.5,18.8,0.0,observed
2025-06-18,3,28.6,36.1,21.9,7.0,observed
2025-06-19,3,26.2,30.6,23.0,1.4,observed
2025-06-20,3,28.8,35.1,22.7,0.0,observed
2025-06-21,3,30.4,37.7,23.1,0.0,observed
2025-06-22,3,32.5,40.4,24.3,0.0,observed
2025-06-23,3,33.3,39.5,25.7,0.0,observed
2025-06-24,3,34.1,40.5,26.5,0.0,observed
2025-06-25,3,32.0,38.6,25.5,0.0,observed
2025-06-26,3,29.0,34.1,25.4,0.0,observed
2025-06-27,3,26.7,31.4,23.8,1.8,observed
2025-06-28,3,25.3,30.4,22.0,4.0,observed
2025-06-29,3,25.0,29.4,21.4,3.7,observed
2025-06-30,3,26.1,30.5,22.0,0.1,observed
2025-07-01,3,26.4,30.1,23.2,7.9,observed
2025-07-02,3,27.2,32.2,24.3,24.6,observed
2025-07-03,3,26.2,28.5,23.9,12.3,observed
2025-07-04,3,29.0,33.4,24.6,0.2,observed
2025-07-05,3,29.4,34.4,25.6,3.3,observed
2025-07-06,3,28.5,33.1,23.2,0.0,observed
2025-07-07,3,30.2,35.1,25.6,0.0,observed
2025-07-08,3,28.8,33.4,24.5,3.6,observed
2025-07-09,3,29.8,34.5,25.7,2.0,observed
2025-07-10,3,26.7,31.1,23.8,18.5,observed
2025-07-11,3,29.2,34.0,24.5,0.1,observed
2025-07-12,3,29.7,34.8,25.5,0.1,observed
2025-07-13,3,30.1,35.7,24.2,0.0,observed
2025-07-14,3,30.5,35.6,24.5,2.3,observed
2025-07-15,3,25.8,31.2,22.2,14.9,observed
2025-07-16,3,25.6,29.7,21.5,0.5,observed
2025-07-17,3,29.5,35.6,23.0,0.1,observed
2025-07-18,3,30.9,36.9,23.9,0.1,observed
2025-07-19,3,31.4,36.1,27.0,4.4,observed
2025-07-20,3,25.7,28.2,24.0,26.2,observed
2025-07-21,3,27.1,31.7,22.4,0.1,observed
2025-07-22,3,28.2,32.6,23.9,0.0,observed
2025-07-23,3,27.5,32.3,24.2,5.9,observed
2025-07-24,3,26.2,30.3,24.1,23.4,observed
2025-07-25,3,26.5,30.7,24.2,34.9,observed
2025-07-26,3,28.8,32.9,24.8,0.5,observed
2025-07-27,3,27.7,30.5,25.6,10.2,observed
2025-07-28,3,26.9,31.4,23.6,23.2,observed
2025-07-29,3,25.8,29.9,23.1,44.8,observed
2025-07-30,3,26.5,30.8,21.1,0.0,observed
2025-07-31,3,26.4,29.4,23.1,0.1,observed
2025-08-01,3,27.5,32.6,22.9,0.0,observed
2025-08-02,3,28.0,31.9,24.0,0.3,observed
2025-08-03,3,28.2,32.6,23.7,8.6,observed
2025-08-04,3,27.1,30.5,25.0,6.2,observed
2025-08-05,3,27.6,30.1,24.9,6.9,observed
2025-08-06,3,29.6,34.9,25.6,1.1,observed
2025-08-07,3,28.4,32.6,24.6,0.0,observed
2025-08-08,3,24.6,27.2,21.8,18.8,observed
2025-08-09,3,25.9,31.6,20.4,0.0,observed
2025-08-10,3,27.1,32.0,22.9,0.0,observed
2025-08-11,3,27.0,30.7,23.7,0.4,observed
2025-08-12,3,25.4,29.9,22.5,11.6,observed
2025-08-13,3,25.2,28.9,21.9,2.0,observed
2025-08-14,3,24.1,27.7,22.2,8.2,observed
2025-08-15,3,25.8,30.6,21.9,0.2,observed
2025-08-16,3,25.1,27.1,23.7,0.4,observed
2025-08-17,3,26.6,30.1,23.5,0.8,observed
2025-08-18,3,27.4,31.1,23.8,0.4,observed
2025-08-19,3,26.0,29.4,23.8,8.3,observed
2025-08-20,3,26.7,30.2,23.2,0.1,observed
2025-08-21,3,26.6,30.7,24.1,27.5,observed
2025-08-22,3,27.5,32.3,23.5,0.0,observed
2025-08-23,3,24.8,27.7,20.9,1.1,observed
2025-08-24,3,23.3,27.5,19.6,0.0,observed
2025-08-25,3,25.7,31.0,21.1,0.0,observed
2025-08-26,3,26.1,29.9,22.7,0.2,observed
2025-08-27,3,21.8,25.0,19.7,65.8,observed
2025-08-28,3,23.6,27.0,20.2,0.2,observed
2025-08-29,3,24.5,27.0,22.1,0.6,observed
2025-08-30,3,24.5,28.6,20.9,1.6,observed
2025-08-31,3,24.2,28.9,20.8,2.1,observed
2025-09-01,3,24.7,29.8,19.8,0.0,observed
2025-09-02,3,25.9,29.6,22.1,0.0,observed
2025-09-03,3,27.0,31.0,23.4,0.1,observed
2025-09-04,3,26.7,31.2,21.9,0.4,observed
2025-09-05,3,23.6,26.1,21.0,12.8,observed
2025-09-06,3,23.4,29.5,17.9,0.0,observed
2025-09-07,3,23.5,29.2,18.3,0.0,observed
2025-09-08,3,24.0,30.5,16.5,0.0,observed
2025-09-09,3,25.4,31.8,19.4,0.2,observed
2025-09-10,3,24.2,29.0,19.8,1.7,observed
2025-09-11,3,26.7,31.5,21.9,0.0,observed
2025-09-12,3,26.2,31.1,22.2,0.0,observed
2025-09-13,3,24.7,30.3,19.8,0.0,observed
2025-09-14,3,24.7,31.2,18.7,0.0,observed
2025-09-15,3,21.8,23.8,19.1,0.5,observed
2025-09-16,3,22.0,25.2,19.9,0.0,observed
2025-09-17,3,19.9,24.9,14.4,0.0,observed
2025-09-18,3,20.5,26.6,13.6,0.0,observed
2025-09-19,3,20.6,24.9,17.2,0.0,observed
2025-09-20,3,21.0,28.0,14.3,0.0,observed
2025-09-21,3,21.4,27.2,16.0,2.2,observed
2025-09-22,3,19.5,23.5,16.4,2.2,observed
2025-09-23,3,18.2,21.5,14.7,0.0,observed
2025-09-24,3,19.6,25.8,13.9,0.0,observed
2025-09-25,3,21.5,27.4,15.4,0.0,observed
2025-09-26,3,22.9,29.1,16.9,0.0,observed
2025-09-27,3,20.7,25.6,17.6,0.0,observed
2025-09-28,3,21.6,28.1,15.6,0.0,observed
2025-09-29,3,22.2,28.9,15.4,0.0,observed
2025-09-30,3,22.9,29.7,16.0,0.0,observed
2025-10-01,3,22.9,29.4,16.2,0.0,observed
2025-10-02,3,22.7,28.0,17.2,0.0,observed
2025-10-03,3,20.4,23.5,17.3,1.4,observed
2025-10-04,3,21.0,25.4,15.8,0.0,observed
2025-10-05,3,18.8,20.9,15.9,2.6,observed
2025-10-06,3,15.8,20.0,13.2,5.9,observed
2025-10-07,3,17.9,22.4,14.3,0.1,observed
2025-10-08,3,13.5,17.4,10.3,18.6,observed
2025-10-09,3,10.8,11.6,10.2,32.1,observed
2025-10-10,3,11.5,14.1,10.1,19.4,observed
2025-10-11,3,13.6,17.8,10.3,2.0,observed
2025-10-12,3,13.8,16.4,11.7,0.0,observed
2025-10-13,3,14.2,20.0,8.4,0.0,observed
2025-10-14,3,14.8,20.5,9.8,0.0,observed
2025-10-15,3,15.2,19.3,12.4,0.1,observed
2025-10-16,3,13.9,14.7,13.1,2.6,observed
2025-10-17,3,11.8,15.1,6.8,4.0,observed
2025-10-18,3,7.0,9.3,3.7,0.0,observed
2025-10-19,3,7.1,10.0,3.8,0.0,observed
2025-10-20,3,4.8,8.9,1.3,0.0,observed
2025-10-21,3,5.2,10.4,0.2,0.0,observed
2025-10-22,3,6.1,10.7,1.2,0.0,observed
2025-10-23,3,8.1,11.4,6.0,0.0,observed
2025-10-24,3,8.2,12.4,3.6,0.0,observed
2025-10-25,3,9.8,14.6,5.2,0.0,observed
2025-10-26,3,8.1,10.6,5.2,0.0,observed
2025-10-27,3,6.8,13.2,1.3,0.0,observed
2025-10-28,3,7.3,12.4,2.1,0.0,observed
2025-10-29,3,9.0,12.8,5.1,1.0,observed
2025-10-30,3,10.3,15.9,6.4,0.0,observed
2025-10-31,3,11.0,15.6,8.3,0.0,observed
2025-11-01,3,11.1,17.6,4.6,0.0,observed
2025-11-02,3,8.4,12.7,4.5,0.0,observed
2025-11-03,3,7.2,13.0,1.5,0.0,observed
2025-11-04,3,8.0,14.4,2.4,0.0,observed
2025-11-05,3,9.3,14.0,5.2,0.3,observed
2025-11-06,3,10.8,14.2,8.1,0.0,observed
2025-11-07,3,9.0,10.2,7.7,5.6,observed
2025-11-08,3,9.4,12.8,7.2,0.0,observed
2025-11-09,3,8.8,13.9,5.1,0.0,observed
2025-11-10,3,6.6,12.7,0.6,0.0,observed
2025-11-11,3,7.4,13.8,2.1,0.0,observed
2025-11-12,3,9.5,18.0,3.0,0.0,observed
2025-11-13,3,9.1,15.0,3.8,0.0,observed
2025-11-14,3,7.7,15.6,0.4,0.0,observed
2025-11-15,3,9.3,16.9,2.2,0.0,observed
2025-11-16,3,5.3,8.8,0.5,0.0,observed
2025-11-17,3,0.7,3.7,-1.9,0.0,observed
2025-11-18,3,4.0,9.7,-1.7,0.0,observed
2025-11-19,3,6.4,12.6,1.0,0.0,observed
2025-11-20,3,7.6,12.8,3.4,0.0,observed
2025-11-21,3,7.2,13.9,2.0,0.0,observed
2025-11-22,3,5.8,13.0,0.0,0.0,observed
2025-11-23,3,7.7,14.2,2.6,0.0,observed
2025-11-24,3,5.7,10.4,1.9,0.0,observed
2025-11-25,3,1.3,5.1,-2.0,0.0,observed
2025-11-26,3,1.7,6.1,-3.2,0.1,observed
2025-11-27,3,3.2,6.5,-0.9,0.0,observed
2025-11-28,3,0.3,5.4,-3.4,0.0,observed
2025-11-29,3,4.4,14.1,-2.5,0.0,observed
2025-11-30,3,4.1,9.7,-0.7,0.0,observed
2025-12-01,3,0.1,3.3,-3.0,0.0,observed
2025-12-02,3,-3.7,-1.0,-6.8,0.0,observed
2025-12-03,3,-2.1,2.7,-6.1,0.0,observed
2025-12-04,3,-0.5,4.7,-5.6,0.0,observed
2025-12-05,3,-1.2,4.3,-5.9,0.0,observed
2025-12-06,3,0.9,8.2,-4.3,0.0,observed
2025-12-07,3,4.1,9.3,-2.0,0.0,observed
2025-12-08,3,0.1,3.3,-2.7,0.0,observed
2025-12-09,3,-1.2,4.2,-5.6,0.0,observed
2025-12-10,3,-0.8,3.7,-4.6,0.0,observed
2025-12-11,3,-0.1,2.6,-2.6,0.0,observed
2025-12-12,3,-3.0,-2.3,-3.8,2.1,observed
2025-12-13,3,-2.9,1.1,-8.6,0.7,observed
2025-12-14,3,-3.6,2.2,-7.9,0.0,observed
2025-12-15,3,-3.0,2.9,-8.0,0.0,observed
2025-12-16,3,-0.7,4.8,-4.2,0.0,observed
2025-12-17,3,-0.9,4.1,-4.6,0.0,observed
2025-12-18,3,-1.8,0.4,-4.1,0.0,observed
2025-12-19,3,2.7,7.9,-1.5,0.0,observed
2025-12-20,3,0.9,2.8,-3.0,0.0,observed
2025-12-21,3,-2.4,2.0,-6.2,0.0,observed
2025-12-22,3,-2.1,1.2,-6.0,0.0,observed
2025-12-23,3,0.8,5.7,-3.9,1.1,observed
2025-12-24,3,-1.0,4.9,-5.3,0.0,observed
2025-12-25,3,-2.1,2.0,-5.2,0.0,observed
2025-12-26,3,-4.0,-0.6,-7.9,0.0,observed
2025-12-27,3,-2.5,3.3,-8.1,0.0,observed
2025-12-28,3,-1.9,3.4,-7.9,0.0,observed
2025-12-29,3,0.4,6.1,-4.9,0.0,observed
2025-12-30,3,-1.1,2.2,-3.4,0.0,observed
2025-12-31,3,-4.9,-2.4,-8.0,0.0,observed
2026-01-01,3,-5.0,1.2,-10.5,0.0,observed
2026-01-02,3,-4.7,1.7,-10.7,0.0,observed
2026-01-03,3,-2.7,4.9,-8.8,0.0,observed
2026-01-04,3,-0.9,5.2,-5.0,0.0,observed
2026-01-05,3,-1.6,2.9,-5.0,0.0,observed
2026-01-06,3,0.1,6.4,-5.2,0.0,observed
2026-01-07,3,-0.3,3.9,-2.6,0.0,observed
2026-01-08,3,-1.6,3.9,-6.4,0.0,observed
2026-01-09,3,0.1,5.0,-5.4,0.0,observed
2026-01-10,3,-1.9,0.5,-5.2,0.0,observed
2026-01-11,3,-5.5,-2.6,-9.5,0.0,observed
2026-01-12,3,-3.4,3.9,-10.8,0.0,observed
2026-01-13,3,-1.7,3.3,-6.2,0.0,observed
2026-01-14,3,-3.5,0.3,-6.8,0.0,observed
2026-01-15,3,-2.3,5.4,-8.6,0.0,observed
2026-01-16,3,-0.9,3.0,-4.5,0.0,observed
2026-01-17,3,-6.4,-5.1,-7.9,1.1,observed
2026-01-18,3,-7.0,-4.2,-9.0,1.0,observed
2026-01-19,3,-10.1,-7.2,-13.4,0.0,observed
2026-01-20,3,-10.1,-4.6,-13.8,0.0,observed
2026-01-21,3,-9.1,-3.0,-14.3,0.0,observed
2026-01-22,3,-8.3,-1.4,-14.0,0.0,observed
2026-01-23,3,-6.0,1.5,-12.0,0.0,observed
2026-01-24,3,-4.9,2.4,-11.5,0.0,observed
2026-01-25,3,-4.4,-1.9,-8.3,0.0,observed
2026-01-26,3,-2.2,4.2,-7.4,0.0,observed
2026-01-27,3,-2.0,2.7,-6.0,0.0,observed
2026-01-28,3,-2.8,1.0,-6.5,0.0,observed
2026-01-29,3,-2.9,-0.1,-6.4,0.0,observed
2026-01-30,3,-2.2,0.5,-4.7,0.0,observed
2026-01-31,3,-1.7,3.4,-6.7,0.0,observed
2026-02-01,3,-0.0,6.8,-6.6,0.0,observed
2026-02-02,3,0.2,5.0,-4.8,0.0,observed
2026-02-03,3,-0.1,6.3,-6.3,0.0,observed
2026-02-04,3,3.2,10.6,-2.7,0.0,observed
2026-02-05,3,0.1,5.2,-4.6,0.0,observed
2026-02-06,3,-7.3,-5.3,-9.4,0.0,observed
2026-02-07,3,-5.4,-0.5,-10.4,0.0,observed
2026-02-08,3,-3.3,3.4,-9.7,0.0,observed
2026-02-09,3,-1.6,3.1,-7.4,0.0,observed
2026-02-10,3,3.0,8.7,-2.3,0.0,observed
2026-02-11,3,2.5,8.5,-2.8,0.0,observed
2026-02-12,3,3.4,12.1,-3.8,0.0,observed
2026-02-13,3,5.1,13.5,-1.4,0.0,observed
2026-02-14,3,6.2,15.6,-0.5,0.0,observed
2026-02-15,3,1.6,5.5,-1.9,0.0,observed
2026-02-16,3,0.8,5.8,-3.2,0.0,observed
2026-02-17,3,2.1,10.4,-6.4,0.0,observed
2026-02-18,3,5.8,11.0,-0.4,0.0,observed
2026-02-19,3,4.8,13.2,-3.4,0.0,observed
2026-02-20,3,6.6,15.1,-1.0,0.0,observed
2026-02-21,3,9.6,20.2,2.1,0.0,observed
2026-02-22,3,2.3,5.6,-1.1,0.0,observed
2026-02-23,3,1.1,5.5,-3.1,0.0,observed
2026-02-24,3,1.9,7.5,-3.5,0.0,observed
2026-02-25,3,3.5,6.1,0.7,0.0,observed
2026-02-26,3,5.7,10.6,2.6,0.6,observed
2026-02-27,3,2.7,5.2,0.7,1.5,observed
2026-02-28,3,1.1,2.0,0.3,0.1,observed
2026-03-01,3,2.2,4.8,-1.2,0.0,observed
2026-03-02,3,2.8,4.7,0.6,2.1,observed
2026-03-03,3,5.2,11.0,1.3,0.0,observed
2026-03-04,3,0.8,2.8,-1.4,4.7,observed
2026-03-05,3,-0.4,2.4,-2.5,0.2,observed
2026-03-06,3,0.7,6.3,-4.3,0.0,observed
2026-03-07,3,2.2,8.5,-3.4,0.0,observed
2026-03-08,3,5.2,12.8,-1.7,0.0,observed
2026-03-09,3,5.3,11.6,-2.0,0.0,observed
2026-03-10,3,6.3,12.1,1.4,0.4,observed
2026-03-11,3,8.7,15.3,1.8,0.0,observed
2026-03-12,3,7.2,13.0,0.7,0.0,observed
2026-03-13,3,5.8,9.1,2.5,0.2,observed
2026-03-14,3,8.2,11.2,5.2,0.0,observed
2026-03-15,3,7.6,14.8,-0.4,0.0,observed
2026-03-16,3,9.3,13.9,3.7,0.0,observed
2026-03-17,3,7.9,13.0,2.0,2.8,observed
2026-03-18,3,7.8,13.0,2.4,0.1,observed
2026-03-19,3,8.8,16.4,-0.1,0.0,observed
2026-03-20,3,8.7,14.5,2.5,0.0,observed
2026-03-21,3,8.7,15.3,1.7,0.0,observed
2026-03-22,3,14.6,22.9,6.6,0.0,observed
2026-03-23,3,13.5,17.9,8.6,0.0,observed
2026-03-24,3,13.4,19.2,7.1,0.0,observed
2026-03-25,3,16.4,24.7,7.5,0.0,observed
2026-03-26,3,17.8,25.3,10.5,0.0,observed
2026-03-27,3,16.2,20.8,10.0,0.0,observed
2026-03-28,3,15.1,20.4,7.7,0.0,observed
2026-03-29,3,15.8,22.6,11.1,0.1,observed
2026-03-30,3,13.1,17.1,8.6,0.0,observed
2026-03-31,3,12.9,18.0,7.7,0.9,observed
2026-04-01,3,13.1,17.9,8.1,0.0,observed
2026-04-02,3,12.5,19.0,5.7,0.0,observed
2026-04-03,3,15.8,24.0,11.1,0.8,observed
2026-04-04,3,12.9,17.1,8.3,0.0,observed
2026-04-05,3,13.1,18.4,6.9,0.0,observed
2026-04-06,3,12.4,17.9,6.4,0.0,observed
2026-04-07,3,10.1,14.9,4.3,0.0,observed
2026-04-08,3,12.6,19.8,5.5,1.0,observed
2026-04-09,3,11.4,12.6,9.9,6.9,observed
2026-04-10,3,16.2,25.8,7.8,0.0,observed
2026-04-11,3,16.5,22.0,9.9,0.0,observed
2026-04-12,3,17.8,26.5,8.5,0.0,observed
2026-04-13,3,16.6,18.3,14.1,0.3,observed
2026-04-14,3,14.2,18.0,11.0,0.8,observed
2026-04-15,3,16.4,23.5,8.6,0.0,observed
2026-04-16,3,16.0,19.2,13.8,11.5,observed
2026-04-17,3,16.7,21.1,13.6,0.6,observed
2026-04-18,3,18.7,25.1,13.1,0.0,observed
2026-04-19,3,16.9,22.2,12.2,1.7,observed
2026-04-20,3,15.4,23.5,8.0,0.0,observed
2026-04-21,3,17.6,26.0,8.9,0.0,observed
2026-04-22,3,17.8,23.2,11.5,0.0,observed
2026-04-23,3,18.4,24.1,11.8,0.0,observed
2026-04-24,3,20.0,25.0,14.4,0.0,observed
2026-04-25,3,21.6,27.3,15.1,0.0,observed
2026-04-26,3,20.4,25.2,16.2,0.0,observed
2026-04-27,3,16.5,21.3,10.9,2.6,observed
2026-04-28,3,15.4,19.7,9.2,0.1,observed
2026-04-29,3,17.1,24.4,8.7,0.0,observed
2026-04-30,3,20.1,27.3,11.2,0.0,observed
2026-05-01,3,21.3,27.3,14.6,0.0,observed
2026-05-02,3,16.5,23.0,12.1,1.4,observed
2026-05-03,3,14.9,20.0,9.1,0.0,observed
2026-05-04,3,17.9,24.8,9.0,0.0,observed
2026-05-05,3,22.1,28.9,14.6,0.0,observed
2026-05-06,3,22.3,25.8,19.2,0.5,observed
2026-05-07,3,19.2,23.6,13.9,0.0,observed
2026-05-08,3,20.1,27.0,11.6,0.0,observed
2026-05-09,3,19.5,23.7,15.5,0.3,observed
2026-05-10,3,24.6,32.7,14.6,0.1,observed
2026-05-11,3,25.2,31.2,18.7,0.0,observed
2026-05-12,3,26.2,32.0,19.4,0.0,observed
2026-05-13,3,29.0,35.1,22.1,0.0,observed
2026-05-14,3,27.5,33.5,22.3,0.0,observed
2026-05-15,3,23.9,30.4,19.6,2.8,observed
2026-05-16,3,20.5,23.9,18.6,5.4,observed
2026-05-17,3,18.6,20.4,17.4,44.4,observed
2026-05-18,3,21.3,26.6,17.3,4.9,observed
2026-05-19,3,21.2,25.1,17.3,0.0,observed
2026-05-20,3,19.9,23.1,18.1,1.6,observed
2026-05-21,3,20.9,24.8,16.7,0.0,observed
2026-05-22,3,18.5,20.1,17.2,31.9,observed
2026-05-23,3,20.9,25.4,16.6,0.0,observed
2026-05-24,3,23.5,28.1,18.8,0.0,observed
2026-05-25,3,19.9,21.5,18.9,7.1,observed
2026-05-26,3,20.9,24.7,16.6,0.1,observed
2026-05-27,3,22.7,26.9,17.8,0.3,observed
2026-05-28,3,23.3,28.4,19.5,0.0,observed
2026-05-29,3,24.8,32.5,16.6,0.0,observed
2026-05-30,3,28.7,37.0,19.0,0.0,observed
2026-05-31,3,30.1,35.0,25.0,0.0,observed
2026-06-01,3,30.4,36.8,23.4,0.0,observed
2026-06-02,3,30.6,36.2,24.2,0.0,observed
2026-06-03,3,25.1,28.7,21.3,0.3,observed
2026-06-04,3,20.8,24.8,17.9,4.7,observed
2026-06-05,3,22.8,27.8,16.8,0.0,observed
2026-06-06,3,17.4,23.7,14.7,14.0,observed
2026-06-07,3,18.6,24.9,12.9,1.0,observed
2026-06-08,3,20.5,28.3,13.7,0.6,observed
2026-06-09,3,21.5,26.4,15.1,0.4,observed
2026-06-10,3,21.1,26.7,15.3,4.9,observed
2026-06-11,3,25.3,31.3,16.5,0.0,observed
2026-06-12,3,28.3,34.1,22.7,0.1,observed
2026-06-13,3,23.7,28.5,19.4,4.9,observed
2026-06-14,3,22.7,27.5,17.9,0.1,observed
2026-06-15,3,23.9,28.5,20.4,1.6,observed
2026-06-16,3,23.2,27.9,20.9,16.9,observed
2026-06-17,3,24.8,29.5,19.7,2.8,observed
2026-06-18,3,25.5,29.5,21.8,2.0,observed
2026-06-19,3,23.5,27.3,21.6,14.7,observed
2026-06-20,3,23.6,27.9,20.6,0.1,observed
2026-06-21,3,24.0,30.2,16.4,0.0,observed
2026-06-22,3,26.7,32.7,20.2,0.0,observed
2026-06-23,3,24.7,30.0,19.8,3.4,observed
2026-06-24,3,25.3,32.2,19.0,2.5,observed
2026-06-25,3,25.8,31.7,19.8,0.0,observed
2026-06-26,3,28.5,34.0,20.4,0.0,observed
2026-06-27,3,30.4,35.7,24.1,0.4,observed
2026-06-28,3,27.7,34.1,23.3,1.7,observed
2026-06-29,3,24.8,28.4,22.2,11.0,observed
2026-06-30,3,24.0,27.6,21.6,2.5,observed
2026-07-01,3,26.5,31.2,21.1,0.6,observed
2026-07-02,3,29.9,35.7,23.9,0.3,observed
2026-07-03,3,29.9,38.1,24.8,3.2,observed
2026-07-04,3,31.6,37.3,26.7,2.3,observed
2026-07-05,3,29.5,35.2,25.0,0.4,observed
2026-07-06,3,28.8,35.1,22.6,0.6,observed
2026-07-07,3,26.9,34.0,23.3,6.0,observed
2026-07-08,3,27.0,31.3,22.2,0.3,observed
2026-07-09,3,30.1,35.1,24.9,2.4,observed
2026-07-10,3,25.5,28.6,24.0,33.0,observed
2026-07-11,3,26.0,29.3,23.9,35.9,observed
2026-07-12,3,27.0,29.8,24.8,31.7,observed
2026-07-13,3,28.9,33.0,25.1,0.1,observed
2026-07-14,3,29.2,33.0,25.5,0.0,observed
2026-07-15,3,30.1,35.4,25.0,0.0,observed
2026-07-16,3,28.6,33.0,25.3,0.5,observed
2026-07-17,3,26.9,30.5,23.7,0.2,observed
2026-07-18,3,26.5,30.3,23.1,1.4,observed
2026-07-19,3,28.3,33.1,23.3,0.1,observed
2026-07-20,3,26.0,31.8,22.2,10.8,observed
2026-07-21,3,26.0,30.1,21.9,0.2,observed
2026-07-22,3,25.5,28.5,23.2,3.3,observed
2026-07-23,3,24.4,27.3,22.6,4.3,observed
2026-07-24,3,26.3,29.9,22.7,1.2,observed
2026-07-25,3,27.3,31.1,24.1,0.9,observed
2026-07-26,3,27.7,31.8,22.9,1.5,observed
2026-07-27,3,28.7,32.5,24.6,0.9,observed
2026-07-28,3,30.9,35.5,26.9,0.3,observed
2026-07-29,3,31.1,35.1,27.6,0.2,observed
2026-07-30,3,31.2,35.7,27.5,5.6,observed
2026-07-31,3,31.0,34.5,27.6,1.3,observed
2026-08-01,3,32.3,37.4,26.9,0.7,observed
2026-08-02,3,29.0,35.7,25.6,8.4,observed
2026-08-03,3,28.7,34.8,25.5,10.3,observed
2026-08-04,3,29.4,34.4,25.2,1.0,observed
2026-08-05,3,31.4,36.9,26.5,1.1,observed
2026-08-06,3,32.1,36.5,27.9,0.4,observed
2026-08-07,3,30.6,36.6,26.5,7.9,observed
2026-08-08,3,28.0,31.4,25.1,0.0,observed
2026-08-09,3,27.8,32.3,23.1,0.0,observed
2026-08-10,3,28.8,33.5,23.7,0.0,observed
2026-08-11,3,28.5,32.7,25.6,3.9,observed
2026-08-12,3,24.6,26.1,23.1,25.3,observed
2026-08-13,3,25.4,29.2,22.4,5.6,observed
2026-08-14,3,26.5,30.0,22.7,1.3,observed
2026-08-15,3,25.8,29.8,21.1,11.2,observed
2026-08-16,3,24.6,27.4,22.6,5.4,observed
2026-08-17,3,26.3,31.2,21.4,0.0,observed
2026-08-18,3,27.5,32.1,23.4,2.3,observed
2026-08-19,3,27.7,32.7,23.2,2.0,observed
2026-08-20,3,26.9,31.8,22.8,2.5,observed
2026-08-21,3,28.3,34.8,23.1,2.3,observed
2026-08-22,3,26.8,30.8,22.4,1.6,observed
2026-08-23,3,27.6,30.9,25.0,9.4,observed
2026-08-24,3,27.0,31.6,23.4,20.6,observed
2026-08-25,3,26.3,30.6,23.8,29.6,observed
2026-08-26,3,23.9,27.4,21.4,7.8,observed
2026-08-27,3,25.5,29.2,22.4,1.3,observed
2026-08-28,3,20.2,22.4,19.0,7.2,observed
2026-08-29,3,23.2,29.1,18.7,0.0,observed
2026-08-30,3,24.8,31.6,18.8,0.0,observed
2026-08-31,3,24.0,29.1,18.1,0.0,observed
2026-09-01,3,24.2,29.1,19.0,0.0,observed
2026-09-02,3,24.7,30.1,18.4,0.0,observed
2026-09-03,3,26.6,32.7,19.7,0.0,observed
2026-09-04,3,27.7,33.9,20.7,0.0,observed
2026-09-05,3,27.5,33.6,21.3,0.0,observed
2026-09-06,3,27.2,31.6,21.8,0.0,observed
2026-09-07,3,25.2,30.2,18.8,8.5,observed
2026-09-08,3,20.0,23.5,18.0,2.1,observed
2026-09-09,3,20.5,25.7,16.6,0.0,observed
2026-09-10,3,22.3,29.6,14.3,0.0,observed
2026-09-11,3,24.4,31.6,16.6,0.0,observed
2026-09-12,3,23.9,28.8,17.8,0.0,observed
2026-09-13,3,25.0,30.1,18.3,0.0,observed
2026-09-14,3,22.3,27.1,16.2,0.0,observed
2026-09-15,3,23.2,29.3,16.8,0.0,observed
2026-09-16,3,25.5,31.7,18.8,0.0,observed
2026-09-17,3,26.0,31.7,19.9,0.0,observed
2026-09-18,3,24.4,28.5,21.0,0.3,observed
2026-09-19,3,24.4,28.3,20.1,0.1,observed
2026-09-20,3,24.5,29.3,21.0,3.1,observed
2026-09-21,3,24.9,30.7,18.9,0.0,observed
2026-09-22,3,25.4,30.7,19.6,0.0,observed
2026-09-23,3,26.9,32.4,21.2,0.0,observed
2026-09-24,3,21.4,26.5,19.0,10.7,observed
2026-09-25,3,21.3,24.5,18.5,0.0,observed
2026-09-26,3,22.3,27.2,18.4,4.7,observed
2026-09-27,3,21.3,26.8,17.4,2.7,observed
2026-09-28,3,19.4,23.9,15.0,0.2,observed
2026-09-29,3,21.4,26.9,16.7,2.5,observed
2026-09-30,3,17.6,19.7,14.4,0.0,observed
2026-10-01,3,17.5,22.7,11.4,0.0,observed
2026-10-02,3,16.6,22.7,10.5,0.0,observed
2026-10-03,3,17.3,24.0,11.6,0.0,observed
2026-10-04,3,17.1,21.1,14.4,0.0,forecast
2026-10-05,3,17.5,24.0,10.5,0.0,forecast
2026-10-06,3,18.8,25.5,12.0,0.0,forecast
2026-10-07,3,20.3,26.9,13.1,0.0,forecast
2026-10-08,3,20.2,26.1,13.8,0.0,forecast
2026-10-09,3,20.7,25.7,15.2,0.0,forecast
2026-10-10,3,21.4,26.5,17.0,1.5,forecast
2026-10-11,3,22.2,28.2,16.0,0.3,forecast
2026-10-12,3,21.0,23.6,17.2,0.3,forecast
2026-10-13,3,17.0,21.0,13.8,0.0,forecast
2026-10-14,3,16.9,21.5,13.2,0.0,forecast
2026-10-15,3,16.5,21.0,11.4,0.6,forecast
2026-10-16,3,16.3,19.5,13.5,2.4,forecast
2026-10-17,3,14.5,18.5,12.0,0.0,forecast
2026-10-18,3,13.7,18.6,9.4,0.0,forecast
2026-10-19,3,14.6,17.6,11.8,0.0,forecast
2025-01-01,4,-0.5,3.5,-2.8,0.0,observed
2025-01-02,4,-0.4,4.2,-3.5,0.0,observed
2025-01-03,4,-1.1,3.5,-5.4,0.0,observed
2025-01-04,4,-1.2,3.8,-5.9,0.0,observed
2025-01-05,4,2.1,6.8,-1.6,0.0,observed
2025-01-06,4,0.8,4.9,-2.6,0.0,observed
2025-01-07,4,1.9,5.2,-0.9,0.1,observed
2025-01-08,4,-2.6,0.2,-5.2,0.0,observed
2025-01-09,4,-3.2,1.1,-6.4,0.0,observed
2025-01-10,4,-3.9,1.1,-8.4,0.0,observed
2025-01-11,4,-3.0,1.3,-7.3,0.0,observed
2025-01-12,4,-1.4,2.1,-4.7,0.0,observed
2025-01-13,4,-0.1,6.7,-5.0,0.0,observed
2025-01-14,4,-1.0,1.6,-4.2,0.2,observed
2025-01-15,4,-3.2,0.7,-7.5,0.0,observed
2025-01-16,4,0.7,6.6,-3.2,0.0,observed
2025-01-17,4,-0.9,4.9,-6.6,0.0,observed
2025-01-18,4,-1.0,6.1,-6.6,0.0,observed
2025-01-19,4,2.4,7.6,-0.4,0.0,observed
2025-01-20,4,-0.1,5.8,-4.3,0.0,observed
2025-01-21,4,1.6,7.1,-1.4,0.0,observed
2025-01-22,4,-0.4,3.7,-4.2,0.0,observed
2025-01-23,4,-1.3,3.5,-5.7,0.0,observed
2025-01-24,4,-0.7,5.0,-5.8,0.0,observed
2025-01-25,4,-0.8,2.8,-4.4,0.1,observed
2025-01-26,4,-0.9,0.8,-4.7,0.7,observed
2025-01-27,4,-5.5,-2.4,-8.1,0.0,observed
2025-01-28,4,-5.6,0.2,-10.8,0.0,observed
2025-01-29,4,-4.8,1.1,-9.9,0.0,observed
2025-01-30,4,-5.5,-4.0,-8.1,0.0,observed
2025-01-31,4,-3.4,-0.2,-5.6,0.0,observed
2025-02-01,4,-2.8,0.3,-4.7,0.0,observed
2025-02-02,4,-1.7,3.5,-6.4,0.0,observed
2025-02-03,4,-2.8,1.4,-5.6,0.0,observed
2025-02-04,4,-3.8,1.8,-8.3,0.0,observed
2025-02-05,4,-3.9,0.7,-8.1,0.0,observed
2025-02-06,4,-4.7,0.7,-11.1,0.0,observed
2025-02-07,4,-9.4,-5.0,-13.0,0.0,observed
2025-02-08,4,-6.9,-1.0,-12.1,0.0,observed
2025-02-09,4,-6.0,-0.2,-12.1,0.0,observed
2025-02-10,4,-3.8,2.8,-11.1,0.0,observed
2025-02-11,4,-1.1,3.9,-7.3,0.0,observed
2025-02-12,4,1.2,5.6,-3.2,0.0,observed
2025-02-13,4,1.7,8.1,-4.2,0.0,observed
2025-02-14,4,2.8,10.2,-3.3,0.0,observed
2025-02-15,4,5.0,13.1,-2.8,0.0,observed
2025-02-16,4,4.2,7.9,-0.3,0.0,observed
2025-02-17,4,0.8,4.3,-2.6,0.0,observed
2025-02-18,4,0.2,5.4,-4.2,0.0,observed
2025-02-19,4,0.1,5.5,-4.0,0.0,observed
2025-02-20,4,-0.0,4.9,-4.0,0.0,observed
2025-02-21,4,-1.3,2.3,-3.8,0.0,observed
2025-02-22,4,-1.5,3.0,-5.4,0.0,observed
2025-02-23,4,-1.4,4.1,-5.6,0.0,observed
2025-02-24,4,1.3,7.6,-5.3,0.0,observed
2025-02-25,4,4.3,9.3,-1.9,0.0,observed
2025-02-26,4,3.0,10.0,-3.3,0.0,observed
2025-02-27,4,5.3,12.7,-1.8,0.0,observed
2025-02-28,4,7.7,16.6,-0.8,0.0,observed
2025-03-01,4,9.7,16.6,2.9,0.2,observed
2025-03-02,4,5.4,9.5,2.3,3.6,observed
2025-03-03,4,3.9,7.7,-0.9,0.0,observed
2025-03-04,4,5.1,9.1,0.9,0.0,observed
2025-03-05,4,5.2,11.9,-2.5,0.0,observed
2025-03-06,4,6.9,12.7,-0.4,0.0,observed
2025-03-07,4,6.4,10.5,2.2,1.2,observed
2025-03-08,4,7.0,14.4,-0.9,0.0,observed
2025-03-09,4,10.1,16.8,2.3,0.0,observed
2025-03-10,4,11.9,17.5,6.0,0.0,observed
2025-03-11,4,9.9,14.3,4.7,3.6,observed
2025-03-12,4,11.0,18.2,2.0,0.0,observed
2025-03-13,4,11.1,18.7,3.8,0.0,observed
2025-03-14,4,8.2,11.1,5.3,0.0,observed
2025-03-15,4,3.8,6.9,-0.4,4.7,observed
2025-03-16,4,2.7,8.1,-3.6,0.0,observed
2025-03-17,4,3.7,7.4,-1.0,0.0,observed
2025-03-18,4,6.4,15.0,-2.4,0.0,observed
2025-03-19,4,11.8,21.1,2.1,0.0,observed
2025-03-20,4,15.2,23.5,5.7,0.0,observed
2025-03-21,4,18.6,26.2,8.3,0.0,observed
2025-03-22,4,20.4,28.2,12.2,0.0,observed
2025-03-23,4,20.9,26.4,15.3,0.0,observed
2025-03-24,4,16.6,20.6,11.7,0.0,observed
2025-03-25,4,14.8,20.6,8.0,0.1,observed
2025-03-26,4,12.4,18.8,5.8,0.0,observed
2025-03-27,4,10.8,13.7,6.8,0.0,observed
2025-03-28,4,5.7,10.0,2.6,0.1,observed
2025-03-29,4,5.5,11.4,-0.6,0.0,observed
2025-03-30,4,7.8,14.4,-0.6,0.0,observed
2025-03-31,4,12.0,20.4,2.4,0.0,observed
2025-04-01,4,14.3,21.1,6.2,0.0,observed
2025-04-02,4,13.0,18.9,6.1,0.0,observed
2025-04-03,4,14.3,19.7,7.7,0.1,observed
2025-04-04,4,14.2,21.3,6.8,0.0,observed
2025-04-05,4,15.2,21.5,8.4,0.0,observed
2025-04-06,4,15.8,23.3,7.4,0.0,observed
2025-04-07,4,17.4,25.3,8.5,0.0,observed
2025-04-08,4,16.4,23.0,9.6,0.0,observed
2025-04-09,4,17.3,23.3,11.7,0.0,observed
2025-04-10,4,18.7,26.0,10.4,0.0,observed
2025-04-11,4,20.3,27.5,13.9,0.4,observed
2025-04-12,4,9.6,12.8,6.9,0.1,observed
2025-04-13,4,9.7,13.2,6.6,0.0,observed
2025-04-14,4,17.2,24.4,10.2,0.0,observed
2025-04-15,4,22.0,32.2,11.5,0.0,observed
2025-04-16,4,22.1,28.6,16.4,0.0,observed
2025-04-17,4,21.4,28.9,12.9,0.0,observed
2025-04-18,4,13.9,19.8,9.7,12.0,observed
2025-04-19,4,14.6,21.3,8.4,0.0,observed
2025-04-20,4,18.2,24.5,12.7,0.0,observed
2025-04-21,4,15.6,19.4,12.1,2.8,observed
2025-04-22,4,17.4,24.0,10.0,0.0,observed
2025-04-23,4,18.8,27.4,10.4,0.0,observed
2025-04-24,4,16.2,22.1,9.6,0.0,observed
2025-04-25,4,17.1,24.0,9.2,0.0,observed
2025-04-26,4,19.7,26.6,11.4,0.0,observed
2025-04-27,4,20.1,25.9,14.5,0.0,observed
2025-04-28,4,19.5,26.2,12.5,0.0,observed
2025-04-29,4,21.4,33.0,10.9,0.0,observed
2025-04-30,4,20.5,27.7,16.9,0.3,observed
2025-05-01,4,20.5,26.2,15.0,0.0,observed
2025-05-02,4,16.5,19.4,14.0,0.0,observed
2025-05-03,4,18.8,24.2,13.0,0.0,observed
2025-05-04,4,20.1,25.9,13.2,0.6,observed
2025-05-05,4,16.0,20.7,12.0,5.8,observed
2025-05-06,4,15.8,21.2,10.3,0.0,observed
2025-05-07,4,18.2,24.6,11.8,0.0,observed
2025-05-08,4,19.5,26.5,15.1,20.2,observed
2025-05-09,4,12.8,17.0,11.2,36.3,observed
2025-05-10,4,16.9,24.0,10.8,0.0,observed
2025-05-11,4,18.3,25.8,10.2,0.0,observed
2025-05-12,4,21.0,26.9,14.9,0.0,observed
2025-05-13,4,23.0,29.6,16.8,6.4,observed
2025-05-14,4,20.6,25.2,17.4,6.7,observed
2025-05-15,4,21.0,27.2,15.0,0.0,observed
2025-05-16,4,22.3,28.9,16.1,0.1,observed
2025-05-17,4,18.8,23.8,13.6,0.0,observed
2025-05-18,4,18.6,24.7,11.9,0.0,observed
2025-05-19,4,23.5,31.7,15.3,0.0,observed
2025-05-20,4,26.0,32.6,18.8,0.0,observed
2025-05-21,4,25.5,30.6,20.9,0.0,observed
2025-05-22,4,19.2,24.1,13.2,8.3,observed
2025-05-23,4,16.6,22.0,12.4,1.9,observed
2025-05-24,4,19.8,27.7,11.7,0.0,observed
2025-05-25,4,21.8,28.2,14.5,0.0,observed
2025-05-26,4,23.0,30.2,15.4,0.0,observed
2025-05-27,4,26.0,33.2,17.6,0.0,observed
2025-05-28,4,27.1,33.8,19.0,0.0,observed
2025-05-29,4,27.0,33.0,20.3,0.0,observed
2025-05-30,4,27.1,31.7,22.1,0.0,observed
2025-05-31,4,23.9,27.6,20.8,2.3,observed
2025-06-01,4,22.1,25.9,19.1,0.3,observed
2025-06-02,4,23.5,29.3,17.5,0.0,observed
2025-06-03,4,24.4,29.2,18.4,0.0,observed
2025-06-04,4,27.2,34.5,17.6,0.0,observed
2025-06-05,4,31.1,37.7,23.0,0.0,observed
2025-06-06,4,31.0,37.1,24.3,0.0,observed
2025-06-07,4,28.2,32.8,23.5,0.0,observed
2025-06-08,4,28.1,34.0,21.4,0.0,observed
2025-06-09,4,28.0,34.8,22.4,0.2,observed
2025-06-10,4,27.7,33.8,19.9,0.0,observed
2025-06-11,4,29.8,35.6,21.8,0.0,observed
2025-06-12,4,31.3,36.5,26.7,0.0,observed
2025-06-13,4,28.9,34.0,24.1,0.0,observed
2025-06-14,4,22.1,25.4,19.9,31.3,observed
2025-06-15,4,21.9,26.8,18.5,1.9,observed
2025-06-16,4,22.8,29.7,17.5,0.8,observed
2025-06-17,4,27.0,34.5,18.8,0.0,observed
2025-06-18,4,28.6,36.1,21.9,7.0,observed
2025-06-19,4,26.2,30.6,23.0,1.4,observed
2025-06-20,4,28.8,35.1,22.7,0.0,observed
2025-06-21,4,30.4,37.7,23.1,0.0,observed
2025-06-22,4,32.5,40.4,24.3,0.0,observed
2025-06-23,4,33.3,39.5,25.7,0.0,observed
2025-06-24,4,34.1,40.5,26.5,0.0,observed
2025-06-25,4,32.0,38.6,25.5,0.0,observed
2025-06-26,4,29.0,34.1,25.4,0.0,observed
2025-06-27,4,26.7,31.4,23.8,1.8,observed
2025-06-28,4,25.3,30.4,22.0,4.0,observed
2025-06-29,4,25.0,29.4,21.4,3.7,observed
2025-06-30,4,26.1,30.5,22.0,0.1,observed
2025-07-01,4,26.4,30.1,23.2,7.9,observed
2025-07-02,4,27.2,32.2,24.3,24.6,observed
2025-07-03,4,26.2,28.5,23.9,12.3,observed
2025-07-04,4,29.0,33.4,24.6,0.2,observed
2025-07-05,4,29.4,34.4,25.6,3.3,observed
2025-07-06,4,28.5,33.1,23.2,0.0,observed
2025-07-07,4,30.2,35.1,25.6,0.0,observed
2025-07-08,4,28.8,33.4,24.5,3.6,observed
2025-07-09,4,29.8,34.5,25.7,2.0,observed
2025-07-10,4,26.7,31.1,23.8,18.5,observed
2025-07-11,4,29.2,34.0,24.5,0.1,observed
2025-07-12,4,29.7,34.8,25.5,0.1,observed
2025-07-13,4,30.1,35.7,24.2,0.0,observed
2025-07-14,4,30.5,35.6,24.5,2.3,observed
2025-07-15,4,25.8,31.2,22.2,14.9,observed
2025-07-16,4,25.6,29.7,21.5,0.5,observed
2025-07-17,4,29.5,35.6,23.0,0.1,observed
2025-07-18,4,30.9,36.9,23.9,0.1,observed
2025-07-19,4,31.4,36.1,27.0,4.4,observed
2025-07-20,4,25.7,28.2,24.0,26.2,observed
2025-07-21,4,27.1,31.7,22.4,0.1,observed
2025-07-22,4,28.2,32.6,23.9,0.0,observed
2025-07-23,4,27.5,32.3,24.2,5.9,observed
2025-07-24,4,26.2,30.3,24.1,23.4,observed
2025-07-25,4,26.5,30.7,24.2,34.9,observed
2025-07-26,4,28.8,32.9,24.8,0.5,observed
2025-07-27,4,27.7,30.5,25.6,10.2,observed
2025-07-28,4,26.9,31.4,23.6,23.2,observed
2025-07-29,4,25.8,29.9,23.1,44.8,observed
2025-07-30,4,26.5,30.8,21.1,0.0,observed
2025-07-31,4,26.4,29.4,23.1,0.1,observed
2025-08-01,4,27.5,32.6,22.9,0.0,observed
2025-08-02,4,28.0,31.9,24.0,0.3,observed
2025-08-03,4,28.2,32.6,23.7,8.6,observed
2025-08-04,4,27.1,30.5,25.0,6.2,observed
2025-08-05,4,27.6,30.1,24.9,6.9,observed
2025-08-06,4,29.6,34.9,25.6,1.1,observed
2025-08-07,4,28.4,32.6,24.6,0.0,observed
2025-08-08,4,24.6,27.2,21.8,18.8,observed
2025-08-09,4,25.9,31.6,20.4,0.0,observed
2025-08-10,4,27.1,32.0,22.9,0.0,observed
2025-08-11,4,27.0,30.7,23.7,0.4,observed
2025-08-12,4,25.4,29.9,22.5,11.6,observed
2025-08-13,4,25.2,28.9,21.9,2.0,observed
2025-08-14,4,24.1,27.7,22.2,8.2,observed
2025-08-15,4,25.8,30.6,21.9,0.2,observed
2025-08-16,4,25.1,27.1,23.7,0.4,observed
2025-08-17,4,26.6,30.1,23.5,0.8,observed
2025-08-18,4,27.4,31.1,23.8,0.4,observed
2025-08-19,4,26.0,29.4,23.8,8.3,observed
2025-08-20,4,26.7,30.2,23.2,0.1,observed
2025-08-21,4,26.6,30.7,24.1,27.5,observed
2025-08-22,4,27.5,32.3,23.5,0.0,observed
2025-08-23,4,24.8,27.7,20.9,1.1,observed
2025-08-24,4,23.3,27.5,19.6,0.0,observed
2025-08-25,4,25.7,31.0,21.1,0.0,observed
2025-08-26,4,26.1,29.9,22.7,0.2,observed
2025-08-27,4,21.8,25.0,19.7,65.8,observed
2025-08-28,4,23.6,27.0,20.2,0.2,observed
2025-08-29,4,24.5,27.0,22.1,0.6,observed
2025-08-30,4,24.5,28.6,20.9,1.6,observed
2025-08-31,4,24.2,28.9,20.8,2.1,observed
2025-09-01,4,24.7,29.8,19.8,0.0,observed
2025-09-02,4,25.9,29.6,22.1,0.0,observed
2025-09-03,4,27.0,31.0,23.4,0.1,observed
2025-09-04,4,26.7,31.2,21.9,0.4,observed
2025-09-05,4,23.6,26.1,21.0,12.8,observed
2025-09-06,4,23.4,29.5,17.9,0.0,observed
2025-09-07,4,23.5,29.2,18.3,0.0,observed
2025-09-08,4,24.0,30.5,16.5,0.0,observed
2025-09-09,4,25.4,31.8,19.4,0.2,observed
2025-09-10,4,24.2,29.0,19.8,1.7,observed
2025-09-11,4,26.7,31.5,21.9,0.0,observed
2025-09-12,4,26.2,31.1,22.2,0.0,observed
2025-09-13,4,24.7,30.3,19.8,0.0,observed
2025-09-14,4,24.7,31.2,18.7,0.0,observed
2025-09-15,4,21.8,23.8,19.1,0.5,observed
2025-09-16,4,22.0,25.2,19.9,0.0,observed
2025-09-17,4,19.9,24.9,14.4,0.0,observed
2025-09-18,4,20.5,26.6,13.6,0.0,observed
2025-09-19,4,20.6,24.9,17.2,0.0,observed
2025-09-20,4,21.0,28.0,14.3,0.0,observed
2025-09-21,4,21.4,27.2,16.0,2.2,observed
2025-09-22,4,19.5,23.5,16.4,2.2,observed
2025-09-23,4,18.2,21.5,14.7,0.0,observed
2025-09-24,4,19.6,25.8,13.9,0.0,observed
2025-09-25,4,21.5,27.4,15.4,0.0,observed
2025-09-26,4,22.9,29.1,16.9,0.0,observed
2025-09-27,4,20.7,25.6,17.6,0.0,observed
2025-09-28,4,21.6,28.1,15.6,0.0,observed
2025-09-29,4,22.2,28.9,15.4,0.0,observed
2025-09-30,4,22.9,29.7,16.0,0.0,observed
2025-10-01,4,22.9,29.4,16.2,0.0,observed
2025-10-02,4,22.7,28.0,17.2,0.0,observed
2025-10-03,4,20.4,23.5,17.3,1.4,observed
2025-10-04,4,21.0,25.4,15.8,0.0,observed
2025-10-05,4,18.8,20.9,15.9,2.6,observed
2025-10-06,4,15.8,20.0,13.2,5.9,observed
2025-10-07,4,17.9,22.4,14.3,0.1,observed
2025-10-08,4,13.5,17.4,10.3,18.6,observed
2025-10-09,4,10.8,11.6,10.2,32.1,observed
2025-10-10,4,11.5,14.1,10.1,19.4,observed
2025-10-11,4,13.6,17.8,10.3,2.0,observed
2025-10-12,4,13.8,16.4,11.7,0.0,observed
2025-10-13,4,14.2,20.0,8.4,0.0,observed
2025-10-14,4,14.8,20.5,9.8,0.0,observed
2025-10-15,4,15.2,19.3,12.4,0.1,observed
2025-10-16,4,13.9,14.7,13.1,2.6,observed
2025-10-17,4,11.8,15.1,6.8,4.0,observed
2025-10-18,4,7.0,9.3,3.7,0.0,observed
2025-10-19,4,7.1,10.0,3.8,0.0,observed
2025-10-20,4,4.8,8.9,1.3,0.0,observed
2025-10-21,4,5.2,10.4,0.2,0.0,observed
2025-10-22,4,6.1,10.7,1.2,0.0,observed
2025-10-23,4,8.1,11.4,6.0,0.0,observed
2025-10-24,4,8.2,12.4,3.6,0.0,observed
2025-10-25,4,9.8,14.6,5.2,0.0,observed
2025-10-26,4,8.1,10.6,5.2,0.0,observed
2025-10-27,4,6.8,13.2,1.3,0.0,observed
2025-10-28,4,7.3,12.4,2.1,0.0,observed
2025-10-29,4,9.0,12.8,5.1,1.0,observed
2025-10-30,4,10.3,15.9,6.4,0.0,observed
2025-10-31,4,11.0,15.6,8.3,0.0,observed
2025-11-01,4,11.1,17.6,4.6,0.0,observed
2025-11-02,4,8.4,12.7,4.5,0.0,observed
2025-11-03,4,7.2,13.0,1.5,0.0,observed
2025-11-04,4,8.0,14.4,2.4,0.0,observed
2025-11-05,4,9.3,14.0,5.2,0.3,observed
2025-11-06,4,10.8,14.2,8.1,0.0,observed
2025-11-07,4,9.0,10.2,7.7,5.6,observed
2025-11-08,4,9.4,12.8,7.2,0.0,observed
2025-11-09,4,8.8,13.9,5.1,0.0,observed
2025-11-10,4,6.6,12.7,0.6,0.0,observed
2025-11-11,4,7.4,13.8,2.1,0.0,observed
2025-11-12,4,9.5,18.0,3.0,0.0,observed
2025-11-13,4,9.1,15.0,3.8,0.0,observed
2025-11-14,4,7.7,15.6,0.4,0.0,observed
2025-11-15,4,9.3,16.9,2.2,0.0,observed
2025-11-16,4,5.3,8.8,0.5,0.0,observed
2025-11-17,4,0.7,3.7,-1.9,0.0,observed
2025-11-18,4,4.0,9.7,-1.7,0.0,observed
2025-11-19,4,6.4,12.6,1.0,0.0,observed
2025-11-20,4,7.6,12.8,3.4,0.0,observed
2025-11-21,4,7.2,13.9,2.0,0.0,observed
2025-11-22,4,5.8,13.0,0.0,0.0,observed
2025-11-23,4,7.7,14.2,2.6,0.0,observed
2025-11-24,4,5.7,10.4,1.9,0.0,observed
2025-11-25,4,1.3,5.1,-2.0,0.0,observed
2025-11-26,4,1.7,6.1,-3.2,0.1,observed
2025-11-27,4,3.2,6.5,-0.9,0.0,observed
2025-11-28,4,0.3,5.4,-3.4,0.0,observed
2025-11-29,4,4.4,14.1,-2.5,0.0,observed
2025-11-30,4,4.1,9.7,-0.7,0.0,observed
2025-12-01,4,0.1,3.3,-3.0,0.0,observed
2025-12-02,4,-3.7,-1.0,-6.8,0.0,observed
2025-12-03,4,-2.1,2.7,-6.1,0.0,observed
2025-12-04,4,-0.5,4.7,-5.6,0.0,observed
2025-12-05,4,-1.2,4.3,-5.9,0.0,observed
2025-12-06,4,0.9,8.2,-4.3,0.0,observed
2025-12-07,4,4.1,9.3,-2.0,0.0,observed
2025-12-08,4,0.1,3.3,-2.7,0.0,observed
2025-12-09,4,-1.2,4.2,-5.6,0.0,observed
2025-12-10,4,-0.8,3.7,-4.6,0.0,observed
2025-12-11,4,-0.1,2.6,-2.6,0.0,observed
2025-12-12,4,-3.0,-2.3,-3.8,2.1,observed
2025-12-13,4,-2.9,1.1,-8.6,0.7,observed
2025-12-14,4,-3.6,2.2,-7.9,0.0,observed
2025-12-15,4,-3.0,2.9,-8.0,0.0,observed
2025-12-16,4,-0.7,4.8,-4.2,0.0,observed
2025-12-17,4,-0.9,4.1,-4.6,0.0,observed
2025-12-18,4,-1.8,0.4,-4.1,0.0,observed
2025-12-19,4,2.7,7.9,-1.5,0.0,observed
2025-12-20,4,0.9,2.8,-3.0,0.0,observed
2025-12-21,4,-2.4,2.0,-6.2,0.0,observed
2025-12-22,4,-2.1,1.2,-6.0,0.0,observed
2025-12-23,4,0.8,5.7,-3.9,1.1,observed
2025-12-24,4,-1.0,4.9,-5.3,0.0,observed
2025-12-25,4,-2.1,2.0,-5.2,0.0,observed
2025-12-26,4,-4.0,-0.6,-7.9,0.0,observed
2025-12-27,4,-2.5,3.3,-8.1,0.0,observed
2025-12-28,4,-1.9,3.4,-7.9,0.0,observed
2025-12-29,4,0.4,6.1,-4.9,0.0,observed
2025-12-30,4,-1.1,2.2,-3.4,0.0,observed
2025-12-31,4,-4.9,-2.4,-8.0,0.0,observed
2026-01-01,4,-5.0,1.2,-10.5,0.0,observed
2026-01-02,4,-4.7,1.7,-10.7,0.0,observed
2026-01-03,4,-2.7,4.9,-8.8,0.0,observed
2026-01-04,4,-0.9,5.2,-5.0,0.0,observed
2026-01-05,4,-1.6,2.9,-5.0,0.0,observed
2026-01-06,4,0.1,6.4,-5.2,0.0,observed
2026-01-07,4,-0.3,3.9,-2.6,0.0,observed
2026-01-08,4,-1.6,3.9,-6.4,0.0,observed
2026-01-09,4,0.1,5.0,-5.4,0.0,observed
2026-01-10,4,-1.9,0.5,-5.2,0.0,observed
2026-01-11,4,-5.5,-2.6,-9.5,0.0,observed
2026-01-12,4,-3.4,3.9,-10.8,0.0,observed
2026-01-13,4,-1.7,3.3,-6.2,0.0,observed
2026-01-14,4,-3.5,0.3,-6.8,0.0,observed
2026-01-15,4,-2.3,5.4,-8.6,0.0,observed
2026-01-16,4,-0.9,3.0,-4.5,0.0,observed
2026-01-17,4,-6.4,-5.1,-7.9,1.1,observed
2026-01-18,4,-7.0,-4.2,-9.0,1.0,observed
2026-01-19,4,-10.1,-7.2,-13.4,0.0,observed
2026-01-20,4,-10.1,-4.6,-13.8,0.0,observed
2026-01-21,4,-9.1,-3.0,-14.3,0.0,observed
2026-01-22,4,-8.3,-1.4,-14.0,0.0,observed
2026-01-23,4,-6.0,1.5,-12.0,0.0,observed
2026-01-24,4,-4.9,2.4,-11.5,0.0,observed
2026-01-25,4,-4.4,-1.9,-8.3,0.0,observed
2026-01-26,4,-2.2,4.2,-7.4,0.0,observed
2026-01-27,4,-2.0,2.7,-6.0,0.0,observed
2026-01-28,4,-2.8,1.0,-6.5,0.0,observed
2026-01-29,4,-2.9,-0.1,-6.4,0.0,observed
2026-01-30,4,-2.2,0.5,-4.7,0.0,observed
2026-01-31,4,-1.7,3.4,-6.7,0.0,observed
2026-02-01,4,-0.0,6.8,-6.6,0.0,observed
2026-02-02,4,0.2,5.0,-4.8,0.0,observed
2026-02-03,4,-0.1,6.3,-6.3,0.0,observed
2026-02-04,4,3.2,10.6,-2.7,0.0,observed
2026-02-05,4,0.1,5.2,-4.6,0.0,observed
2026-02-06,4,-7.3,-5.3,-9.4,0.0,observed
2026-02-07,4,-5.4,-0.5,-10.4,0.0,observed
2026-02-08,4,-3.3,3.4,-9.7,0.0,observed
2026-02-09,4,-1.6,3.1,-7.4,0.0,observed
2026-02-10,4,3.0,8.7,-2.3,0.0,observed
2026-02-11,4,2.5,8.5,-2.8,0.0,observed
2026-02-12,4,3.4,12.1,-3.8,0.0,observed
2026-02-13,4,5.1,13.5,-1.4,0.0,observed
2026-02-14,4,6.2,15.6,-0.5,0.0,observed
2026-02-15,4,1.6,5.5,-1.9,0.0,observed
2026-02-16,4,0.8,5.8,-3.2,0.0,observed
2026-02-17,4,2.1,10.4,-6.4,0.0,observed
2026-02-18,4,5.8,11.0,-0.4,0.0,observed
2026-02-19,4,4.8,13.2,-3.4,0.0,observed
2026-02-20,4,6.6,15.1,-1.0,0.0,observed
2026-02-21,4,9.6,20.2,2.1,0.0,observed
2026-02-22,4,2.3,5.6,-1.1,0.0,observed
2026-02-23,4,1.1,5.5,-3.1,0.0,observed
2026-02-24,4,1.9,7.5,-3.5,0.0,observed
2026-02-25,4,3.5,6.1,0.7,0.0,observed
2026-02-26,4,5.7,10.6,2.6,0.6,observed
2026-02-27,4,2.7,5.2,0.7,1.5,observed
2026-02-28,4,1.1,2.0,0.3,0.1,observed
2026-03-01,4,2.2,4.8,-1.2,0.0,observed
2026-03-02,4,2.8,4.7,0.6,2.1,observed
2026-03-03,4,5.2,11.0,1.3,0.0,observed
2026-03-04,4,0.8,2.8,-1.4,4.7,observed
2026-03-05,4,-0.4,2.4,-2.5,0.2,observed
2026-03-06,4,0.7,6.3,-4.3,0.0,observed
2026-03-07,4,2.2,8.5,-3.4,0.0,observed
2026-03-08,4,5.2,12.8,-1.7,0.0,observed
2026-03-09,4,5.3,11.6,-2.0,0.0,observed
2026-03-10,4,6.3,12.1,1.4,0.4,observed
2026-03-11,4,8.7,15.3,1.8,0.0,observed
2026-03-12,4,7.2,13.0,0.7,0.0,observed
2026-03-13,4,5.8,9.1,2.5,0.2,observed
2026-03-14,4,8.2,11.2,5.2,0.0,observed
2026-03-15,4,7.6,14.8,-0.4,0.0,observed
2026-03-16,4,9.3,13.9,3.7,0.0,observed
2026-03-17,4,7.9,13.0,2.0,2.8,observed
2026-03-18,4,7.8,13.0,2.4,0.1,observed
2026-03-19,4,8.8,16.4,-0.1,0.0,observed
2026-03-20,4,8.7,14.5,2.5,0.0,observed
2026-03-21,4,8.7,15.3,1.7,0.0,observed
2026-03-22,4,14.6,22.9,6.6,0.0,observed
2026-03-23,4,13.5,17.9,8.6,0.0,observed
2026-03-24,4,13.4,19.2,7.1,0.0,observed
2026-03-25,4,16.4,24.7,7.5,0.0,observed
2026-03-26,4,17.8,25.3,10.5,0.0,observed
2026-03-27,4,16.2,20.8,10.0,0.0,observed
2026-03-28,4,15.1,20.4,7.7,0.0,observed
2026-03-29,4,15.8,22.6,11.1,0.1,observed
2026-03-30,4,13.1,17.1,8.6,0.0,observed
2026-03-31,4,12.9,18.0,7.7,0.9,observed
2026-04-01,4,13.1,17.9,8.1,0.0,observed
2026-04-02,4,12.5,19.0,5.7,0.0,observed
2026-04-03,4,15.8,24.0,11.1,0.8,observed
2026-04-04,4,12.9,17.1,8.3,0.0,observed
2026-04-05,4,13.1,18.4,6.9,0.0,observed
2026-04-06,4,12.4,17.9,6.4,0.0,observed
2026-04-07,4,10.1,14.9,4.3,0.0,observed
2026-04-08,4,12.6,19.8,5.5,1.0,observed
2026-04-09,4,11.4,12.6,9.9,6.9,observed
2026-04-10,4,16.2,25.8,7.8,0.0,observed
2026-04-11,4,16.5,22.0,9.9,0.0,observed
2026-04-12,4,17.8,26.5,8.5,0.0,observed
2026-04-13,4,16.6,18.3,14.1,0.3,observed
2026-04-14,4,14.2,18.0,11.0,0.8,observed
2026-04-15,4,16.4,23.5,8.6,0.0,observed
2026-04-16,4,16.0,19.2,13.8,11.5,observed
2026-04-17,4,16.7,21.1,13.6,0.6,observed
2026-04-18,4,18.7,25.1,13.1,0.0,observed
2026-04-19,4,16.9,22.2,12.2,1.7,observed
2026-04-20,4,15.4,23.5,8.0,0.0,observed
2026-04-21,4,17.6,26.0,8.9,0.0,observed
2026-04-22,4,17.8,23.2,11.5,0.0,observed
2026-04-23,4,18.4,24.1,11.8,0.0,observed
2026-04-24,4,20.0,25.0,14.4,0.0,observed
2026-04-25,4,21.6,27.3,15.1,0.0,observed
2026-04-26,4,20.4,25.2,16.2,0.0,observed
2026-04-27,4,16.5,21.3,10.9,2.6,observed
2026-04-28,4,15.4,19.7,9.2,0.1,observed
2026-04-29,4,17.1,24.4,8.7,0.0,observed
2026-04-30,4,20.1,27.3,11.2,0.0,observed
2026-05-01,4,21.3,27.3,14.6,0.0,observed
2026-05-02,4,16.5,23.0,12.1,1.4,observed
2026-05-03,4,14.9,20.0,9.1,0.0,observed
2026-05-04,4,17.9,24.8,9.0,0.0,observed
2026-05-05,4,22.1,28.9,14.6,0.0,observed
2026-05-06,4,22.3,25.8,19.2,0.5,observed
2026-05-07,4,19.2,23.6,13.9,0.0,observed
2026-05-08,4,20.1,27.0,11.6,0.0,observed
2026-05-09,4,19.5,23.7,15.5,0.3,observed
2026-05-10,4,24.6,32.7,14.6,0.1,observed
2026-05-11,4,25.2,31.2,18.7,0.0,observed
2026-05-12,4,26.2,32.0,19.4,0.0,observed
2026-05-13,4,29.0,35.1,22.1,0.0,observed
2026-05-14,4,27.5,33.5,22.3,0.0,observed
2026-05-15,4,23.9,30.4,19.6,2.8,observed
2026-05-16,4,20.5,23.9,18.6,5.4,observed
2026-05-17,4,18.6,20.4,17.4,44.4,observed
2026-05-18,4,21.3,26.6,17.3,4.9,observed
2026-05-19,4,21.2,25.1,17.3,0.0,observed
2026-05-20,4,19.9,23.1,18.1,1.6,observed
2026-05-21,4,20.9,24.8,16.7,0.0,observed
2026-05-22,4,18.5,20.1,17.2,31.9,observed
2026-05-23,4,20.9,25.4,16.6,0.0,observed
2026-05-24,4,23.5,28.1,18.8,0.0,observed
2026-05-25,4,19.9,21.5,18.9,7.1,observed
2026-05-26,4,20.9,24.7,16.6,0.1,observed
2026-05-27,4,22.7,26.9,17.8,0.3,observed
2026-05-28,4,23.3,28.4,19.5,0.0,observed
2026-05-29,4,24.8,32.5,16.6,0.0,observed
2026-05-30,4,28.7,37.0,19.0,0.0,observed
2026-05-31,4,30.1,35.0,25.0,0.0,observed
2026-06-01,4,30.4,36.8,23.4,0.0,observed
2026-06-02,4,30.6,36.2,24.2,0.0,observed
2026-06-03,4,25.1,28.7,21.3,0.3,observed
2026-06-04,4,20.8,24.8,17.9,4.7,observed
2026-06-05,4,22.8,27.8,16.8,0.0,observed
2026-06-06,4,17.4,23.7,14.7,14.0,observed
2026-06-07,4,18.6,24.9,12.9,1.0,observed
2026-06-08,4,20.5,28.3,13.7,0.6,observed
2026-06-09,4,21.5,26.4,15.1,0.4,observed
2026-06-10,4,21.1,26.7,15.3,4.9,observed
2026-06-11,4,25.3,31.3,16.5,0.0,observed
2026-06-12,4,28.3,34.1,22.7,0.1,observed
2026-06-13,4,23.7,28.5,19.4,4.9,observed
2026-06-14,4,22.7,27.5,17.9,0.1,observed
2026-06-15,4,23.9,28.5,20.4,1.6,observed
2026-06-16,4,23.2,27.9,20.9,16.9,observed
2026-06-17,4,24.8,29.5,19.7,2.8,observed
2026-06-18,4,25.5,29.5,21.8,2.0,observed
2026-06-19,4,23.5,27.3,21.6,14.7,observed
2026-06-20,4,23.6,27.9,20.6,0.1,observed
2026-06-21,4,24.0,30.2,16.4,0.0,observed
2026-06-22,4,26.7,32.7,20.2,0.0,observed
2026-06-23,4,24.7,30.0,19.8,3.4,observed
2026-06-24,4,25.3,32.2,19.0,2.5,observed
2026-06-25,4,25.8,31.7,19.8,0.0,observed
2026-06-26,4,28.5,34.0,20.4,0.0,observed
2026-06-27,4,30.4,35.7,24.1,0.4,observed
2026-06-28,4,27.7,34.1,23.3,1.7,observed
2026-06-29,4,24.8,28.4,22.2,11.0,observed
2026-06-30,4,24.0,27.6,21.6,2.5,observed
2026-07-01,4,26.5,31.2,21.1,0.6,observed
2026-07-02,4,29.9,35.7,23.9,0.3,observed
2026-07-03,4,29.9,38.1,24.8,3.2,observed
2026-07-04,4,31.6,37.3,26.7,2.3,observed
2026-07-05,4,29.5,35.2,25.0,0.4,observed
2026-07-06,4,28.8,35.1,22.6,0.6,observed
2026-07-07,4,26.9,34.0,23.3,6.0,observed
2026-07-08,4,27.0,31.3,22.2,0.3,observed
2026-07-09,4,30.1,35.1,24.9,2.4,observed
2026-07-10,4,25.5,28.6,24.0,33.0,observed
2026-07-11,4,26.0,29.3,23.9,35.9,observed
2026-07-12,4,27.0,29.8,24.8,31.7,observed
2026-07-13,4,28.9,33.0,25.1,0.1,observed
2026-07-14,4,29.2,33.0,25.5,0.0,observed
2026-07-15,4,30.1,35.4,25.0,0.0,observed
2026-07-16,4,28.6,33.0,25.3,0.5,observed
2026-07-17,4,26.9,30.5,23.7,0.2,observed
2026-07-18,4,26.5,30.3,23.1,1.4,observed
2026-07-19,4,28.3,33.1,23.3,0.1,observed
2026-07-20,4,26.0,31.8,22.2,10.8,observed
2026-07-21,4,26.0,30.1,21.9,0.2,observed
2026-07-22,4,25.5,28.5,23.2,3.3,observed
2026-07-23,4,24.4,27.3,22.6,4.3,observed
2026-07-24,4,26.3,29.9,22.7,1.2,observed
2026-07-25,4,27.3,31.1,24.1,0.9,observed
2026-07-26,4,27.7,31.8,22.9,1.5,observed
2026-07-27,4,28.7,32.5,24.6,0.9,observed
2026-07-28,4,30.9,35.5,26.9,0.3,observed
2026-07-29,4,31.1,35.1,27.6,0.2,observed
2026-07-30,4,31.2,35.7,27.5,5.6,observed
2026-07-31,4,31.0,34.5,27.6,1.3,observed
2026-08-01,4,32.3,37.4,26.9,0.7,observed
2026-08-02,4,29.0,35.7,25.6,8.4,observed
2026-08-03,4,28.7,34.8,25.5,10.3,observed
2026-08-04,4,29.4,34.4,25.2,1.0,observed
2026-08-05,4,31.4,36.9,26.5,1.1,observed
2026-08-06,4,32.1,36.5,27.9,0.4,observed
2026-08-07,4,30.6,36.6,26.5,7.9,observed
2026-08-08,4,28.0,31.4,25.1,0.0,observed
2026-08-09,4,27.8,32.3,23.1,0.0,observed
2026-08-10,4,28.8,33.5,23.7,0.0,observed
2026-08-11,4,28.5,32.7,25.6,3.9,observed
2026-08-12,4,24.6,26.1,23.1,25.3,observed
2026-08-13,4,25.4,29.2,22.4,5.6,observed
2026-08-14,4,26.5,30.0,22.7,1.3,observed
2026-08-15,4,25.8,29.8,21.1,11.2,observed
2026-08-16,4,24.6,27.4,22.6,5.4,observed
2026-08-17,4,26.3,31.2,21.4,0.0,observed
2026-08-18,4,27.5,32.1,23.4,2.3,observed
2026-08-19,4,27.7,32.7,23.2,2.0,observed
2026-08-20,4,26.9,31.8,22.8,2.5,observed
2026-08-21,4,28.3,34.8,23.1,2.3,observed
2026-08-22,4,26.8,30.8,22.4,1.6,observed
2026-08-23,4,27.6,30.9,25.0,9.4,observed
2026-08-24,4,27.0,31.6,23.4,20.6,observed
2026-08-25,4,26.3,30.6,23.8,29.6,observed
2026-08-26,4,23.9,27.4,21.4,7.8,observed
2026-08-27,4,25.5,29.2,22.4,1.3,observed
2026-08-28,4,20.2,22.4,19.0,7.2,observed
2026-08-29,4,23.2,29.1,18.7,0.0,observed
2026-08-30,4,24.8,31.6,18.8,0.0,observed
2026-08-31,4,24.0,29.1,18.1,0.0,observed
2026-09-01,4,24.2,29.1,19.0,0.0,observed
2026-09-02,4,24.7,30.1,18.4,0.0,observed
2026-09-03,4,26.6,32.7,19.7,0.0,observed
2026-09-04,4,27.7,33.9,20.7,0.0,observed
2026-09-05,4,27.5,33.6,21.3,0.0,observed
2026-09-06,4,27.2,31.6,21.8,0.0,observed
2026-09-07,4,25.2,30.2,18.8,8.5,observed
2026-09-08,4,20.0,23.5,18.0,2.1,observed
2026-09-09,4,20.5,25.7,16.6,0.0,observed
2026-09-10,4,22.3,29.6,14.3,0.0,observed
2026-09-11,4,24.4,31.6,16.6,0.0,observed
2026-09-12,4,23.9,28.8,17.8,0.0,observed
2026-09-13,4,25.0,30.1,18.3,0.0,observed
2026-09-14,4,22.3,27.1,16.2,0.0,observed
2026-09-15,4,23.2,29.3,16.8,0.0,observed
2026-09-16,4,25.5,31.7,18.8,0.0,observed
2026-09-17,4,26.0,31.7,19.9,0.0,observed
2026-09-18,4,24.4,28.5,21.0,0.3,observed
2026-09-19,4,24.4,28.3,20.1,0.1,observed
2026-09-20,4,24.5,29.3,21.0,3.1,observed
2026-09-21,4,24.9,30.7,18.9,0.0,observed
2026-09-22,4,25.4,30.7,19.6,0.0,observed
2026-09-23,4,26.9,32.4,21.2,0.0,observed
2026-09-24,4,21.4,26.5,19.0,10.7,observed
2026-09-25,4,21.3,24.5,18.5,0.0,observed
2026-09-26,4,22.3,27.2,18.4,4.7,observed
2026-09-27,4,21.3,26.8,17.4,2.7,observed
2026-09-28,4,19.4,23.9,15.0,0.2,observed
2026-09-29,4,21.4,26.9,16.7,2.5,observed
2026-09-30,4,17.6,19.7,14.4,0.0,observed
2026-10-01,4,17.5,22.7,11.4,0.0,observed
2026-10-02,4,16.6,22.7,10.5,0.0,observed
2026-10-03,4,17.3,24.0,11.6,0.0,observed
2026-10-04,4,17.1,21.1,14.4,0.0,forecast
2026-10-05,4,17.5,24.0,10.5,0.0,forecast
2026-10-06,4,18.8,25.5,12.0,0.0,forecast
2026-10-07,4,20.3,26.9,13.1,0.0,forecast
2026-10-08,4,20.2,26.1,13.8,0.0,forecast
2026-10-09,4,20.7,25.7,15.2,0.0,forecast
2026-10-10,4,21.4,26.5,17.0,1.5,forecast
2026-10-11,4,22.2,28.2,16.0,0.3,forecast
2026-10-12,4,21.0,23.6,17.2,0.3,forecast
2026-10-13,4,17.0,21.0,13.8,0.0,forecast
2026-10-14,4,16.9,21.5,13.2,0.0,forecast
2026-10-15,4,16.5,21.0,11.4,0.6,forecast
2026-10-16,4,16.3,19.5,13.5,2.4,forecast
2026-10-17,4,14.5,18.5,12.0,0.0,forecast
2026-10-18,4,13.7,18.6,9.4,0.0,forecast
2026-10-19,4,14.6,17.6,11.8,0.0,forecast
