date,cell,tmean,tmax,tmin,precip,kind
2025-01-01,0,7.5,12.0,4.5,0.0,observed
2025-01-02,0,7.1,11.4,3.1,0.0,observed
2025-01-03,0,7.0,13.0,2.7,0.0,observed
2025-01-04,0,8.1,13.7,2.9,0.0,observed
2025-01-05,0,8.7,13.9,4.0,0.0,observed
2025-01-06,0,9.8,14.3,6.2,1.3,observed
2025-01-07,0,7.2,11.5,3.7,0.0,observed
2025-01-08,0,7.5,12.2,3.1,0.0,observed
2025-01-09,0,8.4,12.9,4.8,0.0,observed
2025-01-10,0,8.6,13.9,4.0,0.0,observed
2025-01-11,0,9.2,12.4,6.6,0.1,observed
2025-01-12,0,10.5,15.4,7.2,0.0,observed
2025-01-13,0,10.2,15.1,5.6,0.0,observed
2025-01-14,0,10.4,15.2,5.4,0.0,observed
2025-01-15,0,11.8,18.8,6.5,0.0,observed
2025-01-16,0,12.6,17.9,9.3,0.0,observed
2025-01-17,0,10.5,15.4,6.7,0.0,observed
2025-01-18,0,9.2,15.1,4.7,0.0,observed
2025-01-19,0,8.9,14.8,4.1,0.0,observed
2025-01-20,0,9.5,14.6,5.8,0.0,observed
2025-01-21,0,9.6,14.6,5.7,0.0,observed
2025-01-22,0,9.5,13.9,6.2,0.1,observed
2025-01-23,0,9.6,13.6,7.2,0.4,observed
2025-01-24,0,8.9,13.8,6.1,0.8,observed
2025-01-25,0,9.6,14.5,5.0,0.0,observed
2025-01-26,0,10.1,15.9,6.0,0.2,observed
2025-01-27,0,10.6,15.6,6.3,0.6,observed
2025-01-28,0,8.9,13.7,4.2,0.0,observed
2025-01-29,0,10.0,15.4,5.7,0.0,observed
2025-01-30,0,10.7,16.6,5.0,0.0,observed
2025-01-31,0,10.3,14.2,7.5,0.0,observed
2025-02-01,0,9.8,15.0,5.7,0.0,observed
2025-02-02,0,10.7,16.8,5.4,0.0,observed
2025-02-03,0,12.1,18.6,7.2,0.0,observed
2025-02-04,0,12.8,19.3,7.6,0.0,observed
2025-02-05,0,8.6,10.9,6.5,3.0,observed
2025-02-06,0,4.6,5.9,3.6,17.1,observed
2025-02-07,0,5.1,7.7,3.5,0.9,observed
2025-02-08,0,5.2,9.3,2.6,0.0,observed
2025-02-09,0,5.0,8.9,1.2,0.0,observed
2025-02-10,0,6.2,9.2,4.4,0.8,observed
2025-02-11,0,7.2,11.5,3.6,0.2,observed
2025-02-12,0,6.1,10.6,3.1,0.4,observed
2025-02-13,0,6.5,9.4,4.6,0.1,observed
2025-02-14,0,6.7,12.1,1.8,0.0,observed
2025-02-15,0,8.0,14.2,2.7,3.8,observed
2025-02-16,0,7.9,12.9,3.8,0.6,observed
2025-02-17,0,9.3,15.3,4.4,0.0,observed
2025-02-18,0,10.5,16.7,5.1,0.0,observed
2025-02-19,0,11.0,15.6,8.2,0.0,observed
2025-02-20,0,8.3,10.6,5.9,2.2,observed
2025-02-21,0,5.7,7.8,2.4,1.4,observed
2025-02-22,0,3.6,5.9,1.3,2.2,observed
2025-02-23,0,2.0,5.2,-0.6,0.0,observed
2025-02-24,0,0.7,4.5,-1.8,0.2,observed
2025-02-25,0,2.2,8.3,-3.0,0.0,observed
2025-02-26,0,4.7,10.6,-0.3,0.0,observed
2025-02-27,0,6.9,12.6,1.8,0.0,observed
2025-02-28,0,8.4,14.2,3.8,0.0,observed
2025-03-01,0,8.4,12.8,4.9,0.2,observed
2025-03-02,0,9.9,16.6,4.1,0.0,observed
2025-03-03,0,12.8,19.0,7.8,0.0,observed
2025-03-04,0,13.6,19.7,8.1,0.0,observed
2025-03-05,0,11.4,16.9,8.4,0.2,observed
2025-03-06,0,10.0,15.9,5.9,0.5,observed
2025-03-07,0,9.0,11.2,7.6,21.1,observed
2025-03-08,0,10.8,15.6,7.5,0.1,observed
2025-03-09,0,11.2,17.0,6.2,0.1,observed
2025-03-10,0,11.2,16.4,6.7,0.5,observed
2025-03-11,0,12.9,18.4,7.6,0.0,observed
2025-03-12,0,14.8,20.7,9.0,0.0,observed
2025-03-13,0,17.0,23.8,11.4,0.0,observed
2025-03-14,0,18.6,25.7,12.5,0.0,observed
2025-03-15,0,20.8,27.2,14.3,0.0,observed
2025-03-16,0,21.2,27.7,14.5,0.0,observed
2025-03-17,0,21.5,28.1,15.5,0.0,observed
2025-03-18,0,20.3,25.7,15.1,0.0,observed
2025-03-19,0,13.3,17.3,9.6,0.0,observed
2025-03-20,0,7.9,10.5,4.8,1.6,observed
2025-03-21,0,5.3,7.5,3.1,2.5,observed
2025-03-22,0,7.1,11.5,3.7,0.5,observed
2025-03-23,0,9.0,15.4,3.7,0.0,observed
2025-03-24,0,12.5,20.1,5.9,0.0,observed
2025-03-25,0,17.3,24.2,10.9,0.0,observed
2025-03-26,0,19.8,26.1,13.7,0.0,observed
2025-03-27,0,21.8,28.6,15.2,0.0,observed
2025-03-28,0,22.5,29.1,16.5,0.0,observed
2025-03-29,0,17.6,21.7,14.1,2.8,observed
2025-03-30,0,13.0,17.6,9.8,2.7,observed
2025-03-31,0,14.5,20.7,8.0,0.0,observed
2025-04-01,0,18.3,23.9,14.6,1.3,observed
2025-04-02,0,16.8,21.2,12.6,0.0,observed
2025-04-03,0,15.5,21.6,9.4,0.0,observed
2025-04-04,0,14.7,20.1,10.2,0.0,observed
2025-04-05,0,13.6,18.8,8.2,0.0,observed
2025-04-06,0,20.1,28.1,12.2,0.0,observed
2025-04-07,0,22.1,26.5,17.7,0.0,observed
2025-04-08,0,24.4,30.7,18.2,0.0,observed
2025-04-09,0,21.4,25.4,12.3,0.0,observed
2025-04-10,0,11.6,16.0,8.3,0.0,observed
2025-04-11,0,9.9,13.8,6.9,0.5,observed
2025-04-12,0,10.2,14.2,6.8,0.9,observed
2025-04-13,0,10.7,16.1,6.7,0.2,observed
2025-04-14,0,10.3,14.0,6.5,0.6,observed
2025-04-15,0,11.2,16.1,7.8,0.1,observed
2025-04-16,0,13.6,20.8,6.0,0.0,observed
2025-04-17,0,17.6,23.4,11.4,0.0,observed
2025-04-18,0,20.5,26.9,13.9,0.0,observed
2025-04-19,0,22.3,29.2,16.1,0.0,observed
2025-04-20,0,21.7,29.0,14.9,0.0,observed
2025-04-21,0,20.1,25.8,13.1,0.0,observed
2025-04-22,0,25.1,31.7,18.9,0.0,observed
2025-04-23,0,26.5,33.1,21.0,0.0,observed
2025-04-24,0,23.4,29.7,18.0,0.3,observed
2025-04-25,0,18.4,23.9,13.2,0.0,observed
2025-04-26,0,16.1,21.6,11.1,0.0,observed
2025-04-27,0,17.2,23.9,9.9,0.0,observed
2025-04-28,0,19.2,26.5,12.8,0.0,observed
2025-04-29,0,18.2,23.8,12.1,0.0,observed
2025-04-30,0,22.8,32.0,14.4,0.0,observed
2025-05-01,0,18.6,24.4,14.5,0.5,observed
2025-05-02,0,17.0,21.3,11.8,0.0,observed
2025-05-03,0,17.6,24.2,12.1,0.0,observed
2025-05-04,0,16.2,21.6,12.0,0.3,observed
2025-05-05,0,14.7,19.0,10.8,1.0,observed
2025-05-06,0,17.8,24.4,11.1,0.0,observed
2025-05-07,0,21.2,28.5,13.3,0.0,observed
2025-05-08,0,24.5,31.7,17.2,0.0,observed
2025-05-09,0,26.2,33.7,20.4,0.0,observed
2025-05-10,0,26.8,33.9,20.7,0.0,observed
2025-05-11,0,26.0,32.5,20.4,0.0,observed
2025-05-12,0,24.0,29.2,16.2,0.2,observed
2025-05-13,0,19.6,25.0,13.6,0.0,observed
2025-05-14,0,18.6,22.5,14.7,0.2,observed
2025-05-15,0,17.7,23.4,11.7,0.0,observed
2025-05-16,0,21.8,30.1,12.4,0.0,observed
2025-05-17,0,29.1,37.3,20.9,0.0,observed
2025-05-18,0,28.4,34.5,22.5,0.0,observed
2025-05-19,0,23.3,29.0,18.3,0.0,observed
2025-05-20,0,22.0,29.2,15.7,0.0,observed
2025-05-21,0,22.6,30.5,14.3,0.0,observed
2025-05-22,0,25.1,34.3,18.1,0.0,observed
2025-05-23,0,22.4,27.2,17.2,0.0,observed
2025-05-24,0,24.1,30.3,18.3,0.0,observed
2025-05-25,0,26.5,33.6,19.2,0.0,observed
2025-05-26,0,28.7,35.8,20.5,0.0,observed
2025-05-27,0,23.3,27.5,17.0,0.0,observed
2025-05-28,0,19.0,25.0,13.8,0.0,observed
2025-05-29,0,19.0,24.2,13.6,0.0,observed
2025-05-30,0,20.7,25.7,15.1,0.0,observed
2025-05-31,0,23.4,30.9,16.4,0.0,observed
2025-06-01,0,22.1,27.2,16.8,0.0,observed
2025-06-02,0,20.2,25.5,15.8,0.0,observed
2025-06-03,0,19.5,25.7,14.3,0.0,observed
2025-06-04,0,21.2,26.9,15.4,0.0,observed
2025-06-05,0,24.6,32.7,16.1,0.0,observed
2025-06-06,0,26.7,33.4,19.1,0.0,observed
2025-06-07,0,26.1,33.2,18.9,0.0,observed
2025-06-08,0,25.9,31.9,20.1,0.0,observed
2025-06-09,0,25.6,31.5,19.8,0.0,observed
2025-06-10,0,27.9,36.7,20.5,0.0,observed
2025-06-11,0,27.0,33.1,21.2,0.0,observed
2025-06-12,0,27.6,33.9,21.6,0.0,observed
2025-06-13,0,27.9,34.8,20.0,0.0,observed
2025-06-14,0,28.4,35.3,21.9,0.0,observed
2025-06-15,0,25.9,30.9,21.5,0.0,observed
2025-06-16,0,24.8,31.4,18.4,0.0,observed
2025-06-17,0,25.3,31.7,18.8,0.0,observed
2025-06-18,0,26.1,34.1,17.7,0.0,observed
2025-06-19,0,26.5,33.4,19.7,0.0,observed
2025-06-20,0,25.8,32.3,19.5,0.0,observed
2025-06-21,0,26.1,32.3,19.8,0.0,observed
2025-06-22,0,25.8,31.7,20.2,0.0,observed
2025-06-23,0,24.6,31.2,18.4,0.0,observed
2025-06-24,0,25.0,32.3,18.5,0.0,observed
2025-06-25,0,25.7,32.4,20.2,0.0,observed
2025-06-26,0,26.8,33.8,19.8,0.0,observed
2025-06-27,0,28.7,35.5,21.5,0.0,observed
2025-06-28,0,29.8,36.5,23.9,0.0,observed
2025-06-29,0,29.1,34.1,24.8,0.0,observed
2025-06-30,0,27.6,32.3,22.8,0.0,observed
2025-07-01,0,26.5,31.8,20.9,0.0,observed
2025-07-02,0,26.1,31.1,21.9,0.0,observed
2025-07-03,0,26.1,31.4,21.0,0.0,observed
2025-07-04,0,25.3,30.4,20.6,0.0,observed
2025-07-05,0,24.6,30.9,18.8,0.0,observed
2025-07-06,0,25.3,32.5,18.1,0.0,observed
2025-07-07,0,26.1,32.8,19.2,0.0,observed
2025-07-08,0,26.9,32.7,21.3,0.0,observed
2025-07-09,0,26.9,32.6,20.4,0.0,observed
2025-07-10,0,28.1,34.5,22.0,0.0,observed
2025-07-11,0,29.2,35.6,23.1,0.0,observed
2025-07-12,0,29.2,35.5,23.1,0.0,observed
2025-07-13,0,27.5,34.4,21.2,0.0,observed
2025-07-14,0,27.2,33.7,20.9,0.0,observed
2025-07-15,0,26.4,32.1,20.2,0.0,observed
2025-07-16,0,27.0,32.1,22.0,0.0,observed
2025-07-17,0,27.9,33.1,22.3,0.0,observed
2025-07-18,0,28.0,33.3,22.8,0.0,observed
2025-07-19,0,25.5,31.1,20.2,0.0,observed
2025-07-20,0,24.9,30.8,18.9,0.0,observed
2025-07-21,0,27.1,33.2,21.2,0.0,observed
2025-07-22,0,29.4,36.0,22.6,0.0,observed
2025-07-23,0,29.5,35.2,23.6,0.0,observed
2025-07-24,0,29.0,33.6,25.9,0.0,observed
2025-07-25,0,28.8,33.9,23.8,0.0,observed
2025-07-26,0,29.7,35.4,24.0,0.0,observed
2025-07-27,0,29.9,35.1,24.8,0.0,observed
2025-07-28,0,29.8,34.2,25.8,0.0,observed
2025-07-29,0,27.3,32.4,22.5,0.0,observed
2025-07-30,0,27.3,32.9,22.4,0.0,observed
2025-07-31,0,24.8,30.4,20.2,0.0,observed
2025-08-01,0,24.3,31.0,18.8,0.0,observed
2025-08-02,0,25.3,32.2,18.4,0.0,observed
2025-08-03,0,26.2,32.8,20.4,0.0,observed
2025-08-04,0,25.5,32.0,19.7,0.0,observed
2025-08-05,0,24.7,31.5,18.5,0.0,observed
2025-08-06,0,26.0,33.7,19.0,0.0,observed
2025-08-07,0,27.8,35.2,21.1,0.0,observed
2025-08-08,0,31.8,41.1,23.5,0.0,observed
2025-08-09,0,33.5,41.1,26.5,0.0,observed
2025-08-10,0,33.7,40.5,26.4,0.0,observed
2025-08-11,0,34.4,39.6,28.2,0.1,observed
2025-08-12,0,35.3,42.1,29.3,0.1,observed
2025-08-13,0,36.0,41.9,30.1,0.0,observed
2025-08-14,0,35.2,41.1,29.4,0.0,observed
2025-08-15,0,32.1,36.8,27.5,0.0,observed
2025-08-16,0,28.2,33.8,23.6,0.0,observed
2025-08-17,0,25.4,32.3,20.2,0.0,observed
2025-08-18,0,24.4,31.4,18.8,0.0,observed
2025-08-19,0,25.0,31.5,19.3,0.0,observed
2025-08-20,0,26.0,31.6,21.4,0.0,observed
2025-08-21,0,25.3,31.2,19.9,0.0,observed
2025-08-22,0,26.9,34.1,20.6,0.0,observed
2025-08-23,0,27.7,33.9,22.0,0.0,observed
2025-08-24,0,28.0,33.9,22.9,0.0,observed
2025-08-25,0,25.8,31.4,20.7,0.0,observed
2025-08-26,0,24.5,29.7,20.0,0.0,observed
2025-08-27,0,23.8,29.5,18.8,0.0,observed
2025-08-28,0,24.6,30.4,19.5,0.0,observed
2025-08-29,0,24.9,31.6,18.9,0.0,observed
2025-08-30,0,24.2,29.5,19.6,0.0,observed
2025-08-31,0,24.4,31.0,19.2,0.0,observed
2025-09-01,0,24.5,31.2,18.6,0.0,observed
2025-09-02,0,24.7,30.5,19.9,0.0,observed
2025-09-03,0,23.8,29.8,19.2,0.0,observed
2025-09-04,0,24.3,30.0,18.6,0.0,observed
2025-09-05,0,26.2,33.4,19.2,0.0,observed
2025-09-06,0,26.6,33.4,20.2,0.0,observed
2025-09-07,0,24.1,30.4,19.3,0.0,observed
2025-09-08,0,22.6,28.6,16.9,0.0,observed
2025-09-09,0,22.6,29.3,17.2,0.0,observed
2025-09-10,0,22.9,30.1,16.6,0.0,observed
2025-09-11,0,24.3,32.2,16.6,0.0,observed
2025-09-12,0,25.6,33.0,18.5,0.0,observed
2025-09-13,0,25.8,33.2,19.1,0.0,observed
2025-09-14,0,26.4,33.2,20.1,0.0,observed
2025-09-15,0,26.3,32.6,20.8,0.0,observed
2025-09-16,0,25.0,31.4,19.1,0.0,observed
2025-09-17,0,24.2,30.1,19.5,0.0,observed
2025-09-18,0,23.9,30.4,18.5,0.0,observed
2025-09-19,0,23.0,28.5,18.5,0.0,observed
2025-09-20,0,23.4,29.8,16.8,0.0,observed
2025-09-21,0,25.1,31.1,19.7,0.0,observed
2025-09-22,0,25.8,31.7,19.8,0.0,observed
2025-09-23,0,26.1,33.5,19.7,0.0,observed
2025-09-24,0,23.5,28.8,18.9,0.0,observed
2025-09-25,0,19.8,24.1,17.1,0.5,observed
2025-09-26,0,21.3,27.8,16.2,0.0,observed
2025-09-27,0,23.5,30.3,16.8,0.0,observed
2025-09-28,0,25.6,32.1,20.0,0.0,observed
2025-09-29,0,25.0,31.4,19.6,0.0,observed
2025-09-30,0,22.1,26.6,18.3,0.0,observed
2025-10-01,0,20.5,26.4,15.6,0.0,observed
2025-10-02,0,20.8,27.3,15.0,0.0,observed
2025-10-03,0,24.3,30.7,17.7,0.0,observed
2025-10-04,0,25.7,32.7,19.2,0.0,observed
2025-10-05,0,23.3,31.0,17.4,0.0,observed
2025-10-06,0,20.9,27.1,16.3,0.0,observed
2025-10-07,0,19.7,25.2,15.0,0.0,observed
2025-10-08,0,20.2,25.8,15.5,0.0,observed
2025-10-09,0,19.9,23.9,16.7,0.1,observed
2025-10-10,0,19.0,25.2,13.1,0.0,observed
2025-10-11,0,21.1,28.2,14.7,0.0,observed
2025-10-12,0,18.9,22.9,15.4,0.0,observed
2025-10-13,0,18.7,24.7,13.6,0.0,observed
2025-10-14,0,19.4,26.2,14.2,0.0,observed
2025-10-15,0,18.0,24.5,12.4,0.0,observed
2025-10-16,0,18.9,26.0,12.9,0.0,observed
2025-10-17,0,21.7,28.8,15.9,0.0,observed
2025-10-18,0,19.9,25.5,15.7,0.0,observed
2025-10-19,0,18.2,24.2,13.3,0.0,observed
2025-10-20,0,19.7,25.9,14.6,0.0,observed
2025-10-21,0,21.1,26.8,16.1,0.0,observed
2025-10-22,0,22.2,28.1,17.0,0.0,observed
2025-10-23,0,23.8,30.5,17.4,0.0,observed
2025-10-24,0,22.4,26.7,17.8,0.0,observed
2025-10-25,0,20.0,25.9,13.9,0.0,observed
2025-10-26,0,19.9,25.6,14.8,0.0,observed
2025-10-27,0,20.2,27.3,13.4,0.0,observed
2025-10-28,0,22.1,29.0,16.6,0.0,observed
2025-10-29,0,19.6,25.2,14.3,0.0,observed
2025-10-30,0,19.5,25.3,14.3,0.0,observed
2025-10-31,0,20.2,25.3,15.1,0.0,observed
2025-11-01,0,21.0,27.0,15.2,0.0,observed
2025-11-02,0,22.4,28.8,16.2,0.0,observed
2025-11-03,0,22.7,28.7,17.1,0.0,observed
2025-11-04,0,23.2,28.6,18.8,0.0,observed
2025-11-05,0,23.9,30.4,18.3,0.0,observed
2025-11-06,0,22.9,29.0,17.9,0.0,observed
2025-11-07,0,20.5,26.4,15.0,0.0,observed
2025-11-08,0,19.3,25.4,13.8,0.0,observed
2025-11-09,0,20.0,25.4,13.4,0.0,observed
2025-11-10,0,20.5,26.0,15.3,0.0,observed
2025-11-11,0,20.3,26.5,15.8,0.0,observed
2025-11-12,0,18.3,23.7,13.1,0.0,observed
2025-11-13,0,17.5,23.1,13.7,0.1,observed
2025-11-14,0,13.5,16.5,11.1,2.2,observed
2025-11-15,0,12.7,15.5,11.1,2.6,observed
2025-11-16,0,13.4,17.4,11.3,0.7,observed
2025-11-17,0,13.8,18.6,9.1,0.0,observed
2025-11-18,0,14.8,19.6,10.1,0.0,observed
2025-11-19,0,15.2,19.9,10.3,0.0,observed
2025-11-20,0,16.5,22.9,10.8,0.0,observed
2025-11-21,0,18.0,24.8,11.2,0.0,observed
2025-11-22,0,19.0,24.6,13.2,0.0,observed
2025-11-23,0,17.9,22.8,12.7,0.0,observed
2025-11-24,0,16.7,23.2,10.9,0.0,observed
2025-11-25,0,14.9,18.1,11.0,2.8,observed
2025-11-26,0,12.5,17.0,9.0,0.0,observed
2025-11-27,0,13.6,18.7,8.7,0.0,observed
2025-11-28,0,14.8,19.4,10.4,0.0,observed
2025-11-29,0,15.7,21.5,10.6,0.0,observed
2025-11-30,0,15.2,18.9,11.0,0.0,observed
2025-12-01,0,13.4,18.1,10.3,0.0,observed
2025-12-02,0,13.0,18.4,8.4,0.0,observed
2025-12-03,0,13.3,17.8,9.2,0.0,observed
2025-12-04,0,13.6,17.8,9.9,0.0,observed
2025-12-05,0,13.5,18.5,7.7,0.1,observed
2025-12-06,0,13.9,17.4,10.5,5.7,observed
2025-12-07,0,12.5,15.4,9.6,0.0,observed
2025-12-08,0,10.7,14.6,7.6,0.0,observed
2025-12-09,0,10.2,13.5,8.0,0.5,observed
2025-12-10,0,10.6,13.2,9.0,0.3,observed
2025-12-11,0,9.5,12.8,7.8,15.8,observed
2025-12-12,0,10.2,13.4,8.7,0.7,observed
2025-12-13,0,10.2,14.4,7.2,0.0,observed
2025-12-14,0,9.5,13.7,5.7,0.0,observed
2025-12-15,0,9.4,14.3,5.5,3.6,observed
2025-12-16,0,8.6,11.2,6.6,3.0,observed
2025-12-17,0,5.9,9.2,2.9,4.1,observed
2025-12-18,0,8.0,13.2,4.4,0.0,observed
2025-12-19,0,8.6,13.8,4.9,0.0,observed
2025-12-20,0,9.1,14.1,5.2,0.0,observed
2025-12-21,0,8.2,12.5,5.2,0.0,observed
2025-12-22,0,9.4,15.3,4.9,0.0,observed
2025-12-23,0,9.7,14.2,6.3,0.0,observed
2025-12-24,0,9.6,13.9,6.1,0.0,observed
2025-12-25,0,8.1,12.7,5.0,0.0,observed
2025-12-26,0,9.5,14.9,5.6,0.0,observed
2025-12-27,0,9.5,12.1,8.1,1.1,observed
2025-12-28,0,7.6,9.2,6.5,4.7,observed
2025-12-29,0,7.8,9.6,6.5,5.4,observed
2025-12-30,0,8.4,11.1,6.6,0.8,observed
2025-12-31,0,9.1,12.1,6.6,0.0,observed
2026-01-01,0,9.5,12.0,7.7,0.2,observed
2026-01-02,0,7.8,9.7,5.1,9.6,observed
2026-01-03,0,5.8,10.1,2.7,0.0,observed
2026-01-04,0,6.3,10.9,1.6,0.0,observed
2026-01-05,0,7.5,12.0,3.0,0.0,observed
2026-01-06,0,9.1,15.2,4.0,0.0,observed
2026-01-07,0,11.8,17.0,7.4,0.0,observed
2026-01-08,0,12.9,19.8,7.1,0.0,observed
2026-01-09,0,9.9,14.6,6.4,7.1,observed
2026-01-10,0,8.2,11.6,6.4,0.1,observed
2026-01-11,0,9.4,14.6,5.5,0.0,observed
2026-01-12,0,9.1,11.6,6.7,0.0,observed
2026-01-13,0,5.1,7.1,4.4,26.9,observed
2026-01-14,0,6.1,8.5,4.2,0.5,observed
2026-01-15,0,6.4,10.7,3.4,0.0,observed
2026-01-16,0,6.6,12.5,2.5,0.0,observed
2026-01-17,0,7.6,13.0,3.8,0.0,observed
2026-01-18,0,7.5,10.6,5.0,1.7,observed
2026-01-19,0,6.9,9.8,2.9,0.2,observed
2026-01-20,0,3.8,7.9,1.2,0.0,observed
2026-01-21,0,3.7,7.7,0.0,0.0,observed
2026-01-22,0,5.2,7.5,3.0,2.8,observed
2026-01-23,0,10.0,14.2,6.4,7.0,observed
2026-01-24,0,7.5,12.3,4.7,0.4,observed
2026-01-25,0,8.5,14.0,4.4,0.0,observed
2026-01-26,0,10.3,16.3,5.6,0.0,observed
2026-01-27,0,10.3,15.2,6.6,0.0,observed
2026-01-28,0,9.0,11.7,7.0,0.4,observed
2026-01-29,0,9.5,13.0,7.0,0.1,observed
2026-01-30,0,11.9,16.3,8.6,0.0,observed
2026-01-31,0,12.6,17.0,8.4,0.0,observed
2026-02-01,0,16.5,21.9,11.5,0.0,observed
2026-02-02,0,16.2,20.5,10.1,0.2,observed
2026-02-03,0,9.6,11.5,8.2,1.0,observed
2026-02-04,0,10.0,14.8,6.6,0.0,observed
2026-02-05,0,12.0,19.3,6.8,0.0,observed
2026-02-06,0,14.4,19.4,11.2,0.0,observed
2026-02-07,0,14.8,17.7,12.3,0.0,observed
2026-02-08,0,16.2,20.1,12.8,0.0,observed
2026-02-09,0,17.3,19.8,14.5,0.0,observed
2026-02-10,0,15.3,17.8,11.4,0.0,observed
2026-02-11,0,12.1,15.5,9.4,0.0,observed
2026-02-12,0,13.1,17.5,9.5,0.0,observed
2026-02-13,0,15.6,20.4,11.5,0.0,observed
2026-02-14,0,12.6,15.3,9.2,0.0,observed
2026-02-15,0,12.8,19.6,6.5,0.0,observed
2026-02-16,0,16.1,23.8,9.4,0.0,observed
2026-02-17,0,14.7,16.7,10.0,1.3,observed
2026-02-18,0,11.5,16.0,7.7,0.0,observed
2026-02-19,0,10.4,14.6,7.5,0.0,observed
2026-02-20,0,12.3,19.6,6.3,0.0,observed
2026-02-21,0,14.7,22.4,9.0,0.0,observed
2026-02-22,0,11.7,16.0,7.9,0.0,observed
2026-02-23,0,9.7,14.9,5.5,0.0,observed
2026-02-24,0,9.0,12.8,5.8,0.3,observed
2026-02-25,0,10.1,14.8,6.2,0.0,observed
2026-02-26,0,9.5,12.9,7.1,0.0,observed
2026-02-27,0,7.0,10.8,3.9,0.5,observed
2026-02-28,0,6.1,11.2,1.0,0.0,observed
2026-03-01,0,7.4,14.1,2.0,0.0,observed
2026-03-02,0,8.5,14.1,3.8,0.0,observed
2026-03-03,0,9.7,15.4,4.6,0.0,observed
2026-03-04,0,9.5,14.4,5.1,0.0,observed
2026-03-05,0,10.7,15.9,5.4,0.0,observed
2026-03-06,0,10.9,17.5,5.1,0.0,observed
2026-03-07,0,9.5,13.8,6.1,0.3,observed
2026-03-08,0,8.2,13.1,4.8,0.0,observed
2026-03-09,0,7.7,13.3,1.9,0.0,observed
2026-03-10,0,9.6,15.3,3.5,0.0,observed
2026-03-11,0,12.0,17.3,6.4,0.0,observed
2026-03-12,0,12.7,18.7,7.3,0.0,observed
2026-03-13,0,13.4,18.7,8.7,0.8,observed
2026-03-14,0,13.3,19.2,10.1,12.2,observed
2026-03-15,0,10.9,13.0,8.8,0.5,observed
2026-03-16,0,10.1,14.2,7.0,0.1,observed
2026-03-17,0,11.9,19.1,5.3,0.0,observed
2026-03-18,0,14.9,22.6,9.6,8.7,observed
2026-03-19,0,11.6,14.8,8.9,13.3,observed
2026-03-20,0,11.0,14.3,8.2,1.7,observed
2026-03-21,0,9.8,13.5,7.1,4.5,observed
2026-03-22,0,8.7,12.6,6.0,0.7,observed
2026-03-23,0,10.0,14.8,6.5,0.0,observed
2026-03-24,0,9.5,14.2,5.6,0.0,observed
2026-03-25,0,9.0,13.6,4.9,4.9,observed
2026-03-26,0,7.5,10.8,5.4,2.1,observed
2026-03-27,0,9.6,13.0,7.2,0.8,observed
2026-03-28,0,11.8,16.3,7.8,0.0,observed
2026-03-29,0,11.9,15.4,9.0,1.8,observed
2026-03-30,0,10.2,13.7,7.3,0.0,observed
2026-03-31,0,11.4,16.4,7.2,0.1,observed
2026-04-01,0,12.9,16.6,10.2,12.8,observed
2026-04-02,0,15.4,20.2,11.7,10.9,observed
2026-04-03,0,13.1,16.0,8.6,0.5,observed
2026-04-04,0,12.0,17.3,7.5,0.0,observed
2026-04-05,0,10.5,14.4,7.6,1.1,observed
2026-04-06,0,11.4,16.9,7.1,0.3,observed
2026-04-07,0,10.1,14.3,7.4,1.3,observed
2026-04-08,0,10.8,15.0,7.2,1.8,observed
2026-04-09,0,12.3,16.6,8.8,0.0,observed
2026-04-10,0,13.3,17.6,9.7,0.0,observed
2026-04-11,0,12.3,17.1,7.9,0.0,observed
2026-04-12,0,12.3,17.4,8.1,0.0,observed
2026-04-13,0,13.4,18.8,8.4,0.0,observed
2026-04-14,0,16.8,24.2,9.6,0.0,observed
2026-04-15,0,21.2,27.5,14.9,0.0,observed
2026-04-16,0,22.6,27.9,18.0,0.8,observed
2026-04-17,0,21.8,27.2,16.8,0.4,observed
2026-04-18,0,18.2,22.7,14.3,0.0,observed
2026-04-19,0,15.6,20.4,11.9,0.0,observed
2026-04-20,0,13.7,18.1,10.4,0.0,observed
2026-04-21,0,13.5,19.4,8.4,0.0,observed
2026-04-22,0,15.4,22.7,7.6,0.0,observed
2026-04-23,0,17.8,24.4,9.6,0.0,observed
2026-04-24,0,19.2,26.4,11.2,0.0,observed
2026-04-25,0,22.1,28.9,16.4,0.0,observed
2026-04-26,0,21.7,28.1,15.6,0.0,observed
2026-04-27,0,16.8,21.8,12.7,0.7,observed
2026-04-28,0,16.3,22.0,11.4,0.2,observed
2026-04-29,0,18.0,23.9,11.8,0.0,observed
2026-04-30,0,19.7,26.4,12.4,0.0,observed
2026-05-01,0,18.9,24.0,14.5,0.0,observed
2026-05-02,0,19.5,26.2,11.7,0.2,observed
2026-05-03,0,19.8,24.9,12.7,0.1,observed
2026-05-04,0,12.6,17.6,9.0,0.0,observed
2026-05-05,0,12.0,17.1,8.3,0.0,observed
2026-05-06,0,13.2,18.3,7.9,0.0,observed
2026-05-07,0,16.3,24.3,7.9,0.0,observed
2026-05-08,0,20.5,27.8,12.4,0.0,observed
2026-05-09,0,23.0,30.1,16.7,0.0,observed
2026-05-10,0,23.3,29.8,16.2,0.0,observed
2026-05-11,0,22.4,28.7,16.4,0.0,observed
2026-05-12,0,24.5,31.2,17.5,0.0,observed
2026-05-13,0,23.1,27.7,17.2,0.0,observed
2026-05-14,0,23.9,29.6,18.2,0.0,observed
2026-05-15,0,21.1,25.2,14.7,0.0,observed
2026-05-16,0,16.4,21.3,11.5,0.0,observed
2026-05-17,0,21.8,29.1,13.4,0.0,observed
2026-05-18,0,26.5,31.6,22.5,0.0,observed
2026-05-19,0,21.7,25.8,18.3,0.0,observed
2026-05-20,0,19.3,24.5,13.6,0.0,observed
2026-05-21,0,15.7,20.0,11.7,0.0,observed
2026-05-22,0,18.0,23.8,11.9,0.0,observed
2026-05-23,0,19.0,24.4,13.4,0.0,observed
2026-05-24,0,19.3,24.4,14.3,0.0,observed
2026-05-25,0,19.7,26.5,13.0,0.0,observed
2026-05-26,0,20.6,27.8,13.8,0.0,observed
2026-05-27,0,22.8,29.8,16.5,0.0,observed
2026-05-28,0,20.0,25.4,15.1,0.0,observed
2026-05-29,0,19.5,24.9,14.9,0.0,observed
2026-05-30,0,20.3,26.4,14.6,0.0,observed
2026-05-31,0,22.2,28.3,15.9,0.0,observed
2026-06-01,0,22.8,28.9,16.9,0.0,observed
2026-06-02,0,22.6,28.7,15.8,0.0,observed
2026-06-03,0,24.1,29.3,18.9,0.0,observed
2026-06-04,0,24.8,30.6,19.0,0.0,observed
2026-06-05,0,23.4,29.3,18.2,0.0,observed
2026-06-06,0,23.4,29.3,16.5,0.0,observed
2026-06-07,0,23.3,28.4,18.5,0.0,observed
2026-06-08,0,23.5,29.9,16.8,0.0,observed
2026-06-09,0,24.8,30.6,18.7,0.0,observed
2026-06-10,0,25.0,30.8,18.7,0.0,observed
2026-06-11,0,25.1,30.7,19.7,0.0,observed
2026-06-12,0,23.9,29.5,19.3,0.0,observed
2026-06-13,0,22.9,28.6,17.3,0.0,observed
2026-06-14,0,22.5,28.4,16.6,0.0,observed
2026-06-15,0,22.4,28.9,15.9,0.0,observed
2026-06-16,0,24.5,32.1,16.4,0.0,observed
2026-06-17,0,25.9,33.2,18.3,0.0,observed
2026-06-18,0,24.4,30.9,18.7,0.0,observed
2026-06-19,0,23.7,30.0,17.8,0.0,observed
2026-06-20,0,24.3,31.3,17.3,0.0,observed
2026-06-21,0,26.1,33.6,19.6,0.0,observed
2026-06-22,0,24.2,31.1,18.0,0.0,observed
2026-06-23,0,22.9,28.6,17.2,0.0,observed
2026-06-24,0,24.2,29.9,18.8,0.0,observed
2026-06-25,0,24.0,30.3,18.5,0.0,observed
2026-06-26,0,24.2,29.8,18.8,0.0,observed
2026-06-27,0,25.2,30.8,19.3,0.0,observed
2026-06-28,0,25.6,31.7,19.5,0.0,observed
2026-06-29,0,26.2,32.8,19.8,0.0,observed
2026-06-30,0,26.5,33.5,19.8,0.0,observed
2026-07-01,0,26.3,32.8,20.3,0.0,observed
2026-07-02,0,25.4,32.4,19.3,0.0,observed
2026-07-03,0,24.3,30.4,18.8,0.0,observed
2026-07-04,0,24.6,30.2,19.1,0.0,observed
2026-07-05,0,25.0,30.6,19.4,0.0,observed
2026-07-06,0,25.5,30.5,19.9,0.0,observed
2026-07-07,0,24.7,29.8,19.6,0.0,observed
2026-07-08,0,23.7,29.4,18.4,0.0,observed
2026-07-09,0,23.7,29.5,18.1,0.0,observed
2026-07-10,0,24.6,31.6,17.9,0.0,observed
2026-07-11,0,25.5,33.0,17.9,0.0,observed
2026-07-12,0,26.5,33.9,19.5,0.0,observed
2026-07-13,0,26.6,32.9,20.4,0.0,observed
2026-07-14,0,27.2,33.9,20.6,0.0,observed
2026-07-15,0,27.5,33.9,21.3,0.0,observed
2026-07-16,0,27.0,33.2,21.0,0.0,observed
2026-07-17,0,26.6,32.5,20.8,0.0,observed
2026-07-18,0,27.3,33.0,21.4,0.0,observed
2026-07-19,0,28.1,34.0,21.8,0.0,observed
2026-07-20,0,27.9,33.2,22.6,0.0,observed
2026-07-21,0,27.7,33.3,22.7,0.0,observed
2026-07-22,0,28.3,34.6,22.2,0.0,observed
2026-07-23,0,28.5,33.3,23.1,0.0,observed
2026-07-24,0,26.6,31.2,21.2,0.0,observed
2026-07-25,0,25.0,31.3,18.4,0.0,observed
2026-07-26,0,25.9,31.7,20.6,0.0,observed
2026-07-27,0,25.2,32.2,17.7,0.0,observed
2026-07-28,0,25.5,32.5,18.9,0.0,observed
2026-07-29,0,26.8,33.4,20.0,0.0,observed
2026-07-30,0,28.3,34.8,21.7,0.0,observed
2026-07-31,0,29.3,36.2,21.8,0.0,observed
2026-08-01,0,30.8,38.1,24.2,0.0,observed
2026-08-02,0,30.7,37.7,24.9,0.0,observed
2026-08-03,0,30.2,36.8,23.9,0.0,observed
2026-08-04,0,30.0,37.1,23.1,0.0,observed
2026-08-05,0,30.3,36.3,24.4,0.0,observed
2026-08-06,0,27.5,32.7,22.8,0.0,observed
2026-08-07,0,25.9,32.1,19.8,0.0,observed
2026-08-08,0,27.0,33.7,20.8,0.0,observed
2026-08-09,0,27.8,33.6,22.5,0.0,observed
2026-08-10,0,28.9,35.7,22.2,0.0,observed
2026-08-11,0,29.3,34.9,24.2,0.0,observed
2026-08-12,0,29.2,33.8,25.4,0.0,observed
2026-08-13,0,27.7,33.0,23.2,0.0,observed
2026-08-14,0,25.8,30.2,20.9,0.0,observed
2026-08-15,0,27.3,32.5,22.7,0.0,observed
2026-08-16,0,27.2,32.7,22.0,0.0,observed
2026-08-17,0,25.2,30.4,20.4,0.0,observed
2026-08-18,0,24.4,31.0,18.1,0.0,observed
2026-08-19,0,26.0,33.3,18.9,0.0,observed
2026-08-20,0,29.1,36.4,22.1,0.0,observed
2026-08-21,0,30.0,37.8,23.0,0.0,observed
2026-08-22,0,27.7,34.7,22.1,0.0,observed
2026-08-23,0,27.1,34.1,20.9,0.0,observed
2026-08-24,0,28.3,35.1,22.1,0.0,observed
2026-08-25,0,28.0,34.9,21.5,0.0,observed
2026-08-26,0,29.0,35.2,22.8,0.0,observed
2026-08-27,0,29.3,35.3,23.5,0.0,observed
2026-08-28,0,28.1,33.1,22.8,0.0,observed
2026-08-29,0,26.7,31.7,22.3,0.0,observed
2026-08-30,0,23.1,28.1,18.7,0.1,observed
2026-08-31,0,24.1,30.5,19.2,0.0,observed
2026-09-01,0,25.6,32.3,19.2,0.0,observed
2026-09-02,0,28.0,35.3,21.5,0.0,observed
2026-09-03,0,27.5,33.8,22.4,0.0,observed
2026-09-04,0,25.4,31.4,19.5,0.0,observed
2026-09-05,0,25.1,31.4,19.5,0.0,observed
2026-09-06,0,24.3,29.7,19.5,0.0,observed
2026-09-07,0,26.1,33.8,19.0,0.0,observed
2026-09-08,0,27.2,33.3,21.1,0.0,observed
2026-09-09,0,26.2,32.3,20.1,0.0,observed
2026-09-10,0,25.0,31.0,19.2,0.0,observed
2026-09-11,0,25.0,32.4,18.2,0.0,observed
2026-09-12,0,25.4,32.2,19.2,0.0,observed
2026-09-13,0,26.3,33.2,20.4,0.0,observed
2026-09-14,0,27.0,34.1,20.2,0.0,observed
2026-09-15,0,27.3,34.0,20.8,0.0,observed
2026-09-16,0,28.3,35.1,21.1,0.0,observed
2026-09-17,0,27.1,32.4,22.0,0.0,observed
2026-09-18,0,23.9,27.4,20.0,0.0,observed
2026-09-19,0,22.3,27.5,17.5,0.0,observed
2026-09-20,0,23.4,30.3,17.2,0.0,observed
2026-09-21,0,24.5,31.2,19.1,0.0,observed
2026-09-22,0,23.3,29.2,17.8,0.0,observed
2026-09-23,0,23.2,29.3,18.3,0.0,observed
2026-09-24,0,23.0,29.6,17.6,0.0,observed
2026-09-25,0,22.8,29.0,18.5,0.0,observed
2026-09-26,0,22.3,28.6,17.0,0.0,observed
2026-09-27,0,22.2,27.8,17.0,0.0,observed
2026-09-28,0,22.5,27.4,19.2,0.0,forecast
2026-09-29,0,19.8,23.5,17.2,0.0,forecast
2026-09-30,0,19.1,24.4,15.7,0.0,forecast
2026-10-01,0,18.8,24.1,13.9,0.0,forecast
2026-10-02,0,19.1,23.6,15.9,0.0,forecast
2026-10-03,0,18.6,24.6,13.6,0.0,forecast
2026-10-04,0,17.7,24.1,12.0,0.0,forecast
2026-10-05,0,18.8,22.9,14.2,0.0,forecast
2026-10-06,0,18.6,24.4,14.7,0.0,forecast
2026-10-07,0,20.1,25.8,15.0,0.0,forecast
2026-10-08,0,22.1,27.8,18.3,0.0,forecast
2026-10-09,0,21.2,26.7,17.7,0.0,forecast
2026-10-10,0,20.7,27.3,16.0,0.0,forecast
2026-10-11,0,20.9,27.8,15.4,0.0,forecast
2026-10-12,0,22.0,27.9,17.6,0.0,forecast
2025-01-01,1,7.5,12.0,4.5,0.0,observed
2025-01-02,1,7.1,11.4,3.1,0.0,observed
2025-01-03,1,7.0,13.0,2.7,0.0,observed
2025-01-04,1,8.1,13.7,2.9,0.0,observed
2025-01-05,1,8.7,13.9,4.0,0.0,observed
2025-01-06,1,9.8,14.3,6.2,1.3,observed
2025-01-07,1,7.2,11.5,3.7,0.0,observed
2025-01-08,1,7.5,12.2,3.1,0.0,observed
2025-01-09,1,8.4,12.9,4.8,0.0,observed
2025-01-10,1,8.6,13.9,4.0,0.0,observed
2025-01-11,1,9.2,12.4,6.6,0.1,observed
2025-01-12,1,10.5,15.4,7.2,0.0,observed
2025-01-13,1,10.2,15.1,5.6,0.0,observed
2025-01-14,1,10.4,15.2,5.4,0.0,observed
2025-01-15,1,11.8,18.8,6.5,0.0,observed
2025-01-16,1,12.6,17.9,9.3,0.0,observed
2025-01-17,1,10.5,15.4,6.7,0.0,observed
2025-01-18,1,9.2,15.1,4.7,0.0,observed
2025-01-19,1,8.9,14.8,4.1,0.0,observed
2025-01-20,1,9.5,14.6,5.8,0.0,observed
2025-01-21,1,9.6,14.6,5.7,0.0,observed
2025-01-22,1,9.5,13.9,6.2,0.1,observed
2025-01-23,1,9.6,13.6,7.2,0.4,observed
2025-01-24,1,8.9,13.8,6.1,0.8,observed
2025-01-25,1,9.6,14.5,5.0,0.0,observed
2025-01-26,1,10.1,15.9,6.0,0.2,observed
2025-01-27,1,10.6,15.6,6.3,0.6,observed
2025-01-28,1,8.9,13.7,4.2,0.0,observed
2025-01-29,1,10.0,15.4,5.7,0.0,observed
2025-01-30,1,10.7,16.6,5.0,0.0,observed
2025-01-31,1,10.3,14.2,7.5,0.0,observed
2025-02-01,1,9.8,15.0,5.7,0.0,observed
2025-02-02,1,10.7,16.8,5.4,0.0,observed
2025-02-03,1,12.1,18.6,7.2,0.0,observed
2025-02-04,1,12.8,19.3,7.6,0.0,observed
2025-02-05,1,8.6,10.9,6.5,3.0,observed
2025-02-06,1,4.6,5.9,3.6,17.1,observed
2025-02-07,1,5.1,7.7,3.5,0.9,observed
2025-02-08,1,5.2,9.3,2.6,0.0,observed
2025-02-09,1,5.0,8.9,1.2,0.0,observed
2025-02-10,1,6.2,9.2,4.4,0.8,observed
2025-02-11,1,7.2,11.5,3.6,0.2,observed
2025-02-12,1,6.1,10.6,3.1,0.4,observed
2025-02-13,1,6.5,9.4,4.6,0.1,observed
2025-02-14,1,6.7,12.1,1.8,0.0,observed
2025-02-15,1,8.0,14.2,2.7,3.8,observed
2025-02-16,1,7.9,12.9,3.8,0.6,observed
2025-02-17,1,9.3,15.3,4.4,0.0,observed
2025-02-18,1,10.5,16.7,5.1,0.0,observed
2025-02-19,1,11.0,15.6,8.2,0.0,observed
2025-02-20,1,8.3,10.6,5.9,2.2,observed
2025-02-21,1,5.7,7.8,2.4,1.4,observed
2025-02-22,1,3.6,5.9,1.3,2.2,observed
2025-02-23,1,2.0,5.2,-0.6,0.0,observed
2025-02-24,1,0.7,4.5,-1.8,0.2,observed
2025-02-25,1,2.2,8.3,-3.0,0.0,observed
2025-02-26,1,4.7,10.6,-0.3,0.0,observed
2025-02-27,1,6.9,12.6,1.8,0.0,observed
2025-02-28,1,8.4,14.2,3.8,0.0,observed
2025-03-01,1,8.4,12.8,4.9,0.2,observed
2025-03-02,1,9.9,16.6,4.1,0.0,observed
2025-03-03,1,12.8,19.0,7.8,0.0,observed
2025-03-04,1,13.6,19.7,8.1,0.0,observed
2025-03-05,1,11.4,16.9,8.4,0.2,observed
2025-03-06,1,10.0,15.9,5.9,0.5,observed
2025-03-07,1,9.0,11.2,7.6,21.1,observed
2025-03-08,1,10.8,15.6,7.5,0.1,observed
2025-03-09,1,11.2,17.0,6.2,0.1,observed
2025-03-10,1,11.2,16.4,6.7,0.5,observed
2025-03-11,1,12.9,18.4,7.6,0.0,observed
2025-03-12,1,14.8,20.7,9.0,0.0,observed
2025-03-13,1,17.0,23.8,11.4,0.0,observed
2025-03-14,1,18.6,25.7,12.5,0.0,observed
2025-03-15,1,20.8,27.2,14.3,0.0,observed
2025-03-16,1,21.2,27.7,14.5,0.0,observed
2025-03-17,1,21.5,28.1,15.5,0.0,observed
2025-03-18,1,20.3,25.7,15.1,0.0,observed
2025-03-19,1,13.3,17.3,9.6,0.0,observed
2025-03-20,1,7.9,10.5,4.8,1.6,observed
2025-03-21,1,5.3,7.5,3.1,2.5,observed
2025-03-22,1,7.1,11.5,3.7,0.5,observed
2025-03-23,1,9.0,15.4,3.7,0.0,observed
2025-03-24,1,12.5,20.1,5.9,0.0,observed
2025-03-25,1,17.3,24.2,10.9,0.0,observed
2025-03-26,1,19.8,26.1,13.7,0.0,observed
2025-03-27,1,21.8,28.6,15.2,0.0,observed
2025-03-28,1,22.5,29.1,16.5,0.0,observed
2025-03-29,1,17.6,21.7,14.1,2.8,observed
2025-03-30,1,13.0,17.6,9.8,2.7,observed
2025-03-31,1,14.5,20.7,8.0,0.0,observed
2025-04-01,1,18.3,23.9,14.6,1.3,observed
2025-04-02,1,16.8,21.2,12.6,0.0,observed
2025-04-03,1,15.5,21.6,9.4,0.0,observed
2025-04-04,1,14.7,20.1,10.2,0.0,observed
2025-04-05,1,13.6,18.8,8.2,0.0,observed
2025-04-06,1,20.1,28.1,12.2,0.0,observed
2025-04-07,1,22.1,26.5,17.7,0.0,observed
2025-04-08,1,24.4,30.7,18.2,0.0,observed
2025-04-09,1,21.4,25.4,12.3,0.0,observed
2025-04-10,1,11.6,16.0,8.3,0.0,observed
2025-04-11,1,9.9,13.8,6.9,0.5,observed
2025-04-12,1,10.2,14.2,6.8,0.9,observed
2025-04-13,1,10.7,16.1,6.7,0.2,observed
2025-04-14,1,10.3,14.0,6.5,0.6,observed
2025-04-15,1,11.2,16.1,7.8,0.1,observed
2025-04-16,1,13.6,20.8,6.0,0.0,observed
2025-04-17,1,17.6,23.4,11.4,0.0,observed
2025-04-18,1,20.5,26.9,13.9,0.0,observed
2025-04-19,1,22.3,29.2,16.1,0.0,observed
2025-04-20,1,21.7,29.0,14.9,0.0,observed
2025-04-21,1,20.1,25.8,13.1,0.0,observed
2025-04-22,1,25.1,31.7,18.9,0.0,observed
2025-04-23,1,26.5,33.1,21.0,0.0,observed
2025-04-24,1,23.4,29.7,18.0,0.3,observed
2025-04-25,1,18.4,23.9,13.2,0.0,observed
2025-04-26,1,16.1,21.6,11.1,0.0,observed
2025-04-27,1,17.2,23.9,9.9,0.0,observed
2025-04-28,1,19.2,26.5,12.8,0.0,observed
2025-04-29,1,18.2,23.8,12.1,0.0,observed
2025-04-30,1,22.8,32.0,14.4,0.0,observed
2025-05-01,1,18.6,24.4,14.5,0.5,observed
2025-05-02,1,17.0,21.3,11.8,0.0,observed
2025-05-03,1,17.6,24.2,12.1,0.0,observed
2025-05-04,1,16.2,21.6,12.0,0.3,observed
2025-05-05,1,14.7,19.0,10.8,1.0,observed
2025-05-06,1,17.8,24.4,11.1,0.0,observed
2025-05-07,1,21.2,28.5,13.3,0.0,observed
2025-05-08,1,24.5,31.7,17.2,0.0,observed
2025-05-09,1,26.2,33.7,20.4,0.0,observed
2025-05-10,1,26.8,33.9,20.7,0.0,observed
2025-05-11,1,26.0,32.5,20.4,0.0,observed
2025-05-12,1,24.0,29.2,16.2,0.2,observed
2025-05-13,1,19.6,25.0,13.6,0.0,observed
2025-05-14,1,18.6,22.5,14.7,0.2,observed
2025-05-15,1,17.7,23.4,11.7,0.0,observed
2025-05-16,1,21.8,30.1,12.4,0.0,observed
2025-05-17,1,29.1,37.3,20.9,0.0,observed
2025-05-18,1,28.4,34.5,22.5,0.0,observed
2025-05-19,1,23.3,29.0,18.3,0.0,observed
2025-05-20,1,22.0,29.2,15.7,0.0,observed
2025-05-21,1,22.6,30.5,14.3,0.0,observed
2025-05-22,1,25.1,34.3,18.1,0.0,observed
2025-05-23,1,22.4,27.2,17.2,0.0,observed
2025-05-24,1,24.1,30.3,18.3,0.0,observed
2025-05-25,1,26.5,33.6,19.2,0.0,observed
2025-05-26,1,28.7,35.8,20.5,0.0,observed
2025-05-27,1,23.3,27.5,17.0,0.0,observed
2025-05-28,1,19.0,25.0,13.8,0.0,observed
2025-05-29,1,19.0,24.2,13.6,0.0,observed
2025-05-30,1,20.7,25.7,15.1,0.0,observed
2025-05-31,1,23.4,30.9,16.4,0.0,observed
2025-06-01,1,22.1,27.2,16.8,0.0,observed
2025-06-02,1,20.2,25.5,15.8,0.0,observed
2025-06-03,1,19.5,25.7,14.3,0.0,observed
2025-06-04,1,21.2,26.9,15.4,0.0,observed
2025-06-05,1,24.6,32.7,16.1,0.0,observed
2025-06-06,1,26.7,33.4,19.1,0.0,observed
2025-06-07,1,26.1,33.2,18.9,0.0,observed
2025-06-08,1,25.9,31.9,20.1,0.0,observed
2025-06-09,1,25.6,31.5,19.8,0.0,observed
2025-06-10,1,27.9,36.7,20.5,0.0,observed
2025-06-11,1,27.0,33.1,21.2,0.0,observed
2025-06-12,1,27.6,33.9,21.6,0.0,observed
2025-06-13,1,27.9,34.8,20.0,0.0,observed
2025-06-14,1,28.4,35.3,21.9,0.0,observed
2025-06-15,1,25.9,30.9,21.5,0.0,observed
2025-06-16,1,24.8,31.4,18.4,0.0,observed
2025-06-17,1,25.3,31.7,18.8,0.0,observed
2025-06-18,1,26.1,34.1,17.7,0.0,observed
2025-06-19,1,26.5,33.4,19.7,0.0,observed
2025-06-20,1,25.8,32.3,19.5,0.0,observed
2025-06-21,1,26.1,32.3,19.8,0.0,observed
2025-06-22,1,25.8,31.7,20.2,0.0,observed
2025-06-23,1,24.6,31.2,18.4,0.0,observed
2025-06-24,1,25.0,32.3,18.5,0.0,observed
2025-06-25,1,25.7,32.4,20.2,0.0,observed
2025-06-26,1,26.8,33.8,19.8,0.0,observed
2025-06-27,1,28.7,35.5,21.5,0.0,observed
2025-06-28,1,29.8,36.5,23.9,0.0,observed
2025-06-29,1,29.1,34.1,24.8,0.0,observed
2025-06-30,1,27.6,32.3,22.8,0.0,observed
2025-07-01,1,26.5,31.8,20.9,0.0,observed
2025-07-02,1,26.1,31.1,21.9,0.0,observed
2025-07-03,1,26.1,31.4,21.0,0.0,observed
2025-07-04,1,25.3,30.4,20.6,0.0,observed
2025-07-05,1,24.6,30.9,18.8,0.0,observed
2025-07-06,1,25.3,32.5,18.1,0.0,observed
2025-07-07,1,26.1,32.8,19.2,0.0,observed
2025-07-08,1,26.9,32.7,21.3,0.0,observed
2025-07-09,1,26.9,32.6,20.4,0.0,observed
2025-07-10,1,28.1,34.5,22.0,0.0,observed
2025-07-11,1,29.2,35.6,23.1,0.0,observed
2025-07-12,1,29.2,35.5,23.1,0.0,observed
2025-07-13,1,27.5,34.4,21.2,0.0,observed
2025-07-14,1,27.2,33.7,20.9,0.0,observed
2025-07-15,1,26.4,32.1,20.2,0.0,observed
2025-07-16,1,27.0,32.1,22.0,0.0,observed
2025-07-17,1,27.9,33.1,22.3,0.0,observed
2025-07-18,1,28.0,33.3,22.8,0.0,observed
2025-07-19,1,25.5,31.1,20.2,0.0,observed
2025-07-20,1,24.9,30.8,18.9,0.0,observed
2025-07-21,1,27.1,33.2,21.2,0.0,observed
2025-07-22,1,29.4,36.0,22.6,0.0,observed
2025-07-23,1,29.5,35.2,23.6,0.0,observed
2025-07-24,1,29.0,33.6,25.9,0.0,observed
2025-07-25,1,28.8,33.9,23.8,0.0,observed
2025-07-26,1,29.7,35.4,24.0,0.0,observed
2025-07-27,1,29.9,35.1,24.8,0.0,observed
2025-07-28,1,29.8,34.2,25.8,0.0,observed
2025-07-29,1,27.3,32.4,22.5,0.0,observed
2025-07-30,1,27.3,32.9,22.4,0.0,observed
2025-07-31,1,24.8,30.4,20.2,0.0,observed
2025-08-01,1,24.3,31.0,18.8,0.0,observed
2025-08-02,1,25.3,32.2,18.4,0.0,observed
2025-08-03,1,26.2,32.8,20.4,0.0,observed
2025-08-04,1,25.5,32.0,19.7,0.0,observed
2025-08-05,1,24.7,31.5,18.5,0.0,observed
2025-08-06,1,26.0,33.7,19.0,0.0,observed
2025-08-07,1,27.8,35.2,21.1,0.0,observed
2025-08-08,1,31.8,41.1,23.5,0.0,observed
2025-08-09,1,33.5,41.1,26.5,0.0,observed
2025-08-10,1,33.7,40.5,26.4,0.0,observed
2025-08-11,1,34.4,39.6,28.2,0.1,observed
2025-08-12,1,35.3,42.1,29.3,0.1,observed
2025-08-13,1,36.0,41.9,30.1,0.0,observed
2025-08-14,1,35.2,41.1,29.4,0.0,observed
2025-08-15,1,32.1,36.8,27.5,0.0,observed
2025-08-16,1,28.2,33.8,23.6,0.0,observed
2025-08-17,1,25.4,32.3,20.2,0.0,observed
2025-08-18,1,24.4,31.4,18.8,0.0,observed
2025-08-19,1,25.0,31.5,19.3,0.0,observed
2025-08-20,1,26.0,31.6,21.4,0.0,observed
2025-08-21,1,25.3,31.2,19.9,0.0,observed
2025-08-22,1,26.9,34.1,20.6,0.0,observed
2025-08-23,1,27.7,33.9,22.0,0.0,observed
2025-08-24,1,28.0,33.9,22.9,0.0,observed
2025-08-25,1,25.8,31.4,20.7,0.0,observed
2025-08-26,1,24.5,29.7,20.0,0.0,observed
2025-08-27,1,23.8,29.5,18.8,0.0,observed
2025-08-28,1,24.6,30.4,19.5,0.0,observed
2025-08-29,1,24.9,31.6,18.9,0.0,observed
2025-08-30,1,24.2,29.5,19.6,0.0,observed
2025-08-31,1,24.4,31.0,19.2,0.0,observed
2025-09-01,1,24.5,31.2,18.6,0.0,observed
2025-09-02,1,24.7,30.5,19.9,0.0,observed
2025-09-03,1,23.8,29.8,19.2,0.0,observed
2025-09-04,1,24.3,30.0,18.6,0.0,observed
2025-09-05,1,26.2,33.4,19.2,0.0,observed
2025-09-06,1,26.6,33.4,20.2,0.0,observed
2025-09-07,1,24.1,30.4,19.3,0.0,observed
2025-09-08,1,22.6,28.6,16.9,0.0,observed
2025-09-09,1,22.6,29.3,17.2,0.0,observed
2025-09-10,1,22.9,30.1,16.6,0.0,observed
2025-09-11,1,24.3,32.2,16.6,0.0,observed
2025-09-12,1,25.6,33.0,18.5,0.0,observed
2025-09-13,1,25.8,33.2,19.1,0.0,observed
2025-09-14,1,26.4,33.2,20.1,0.0,observed
2025-09-15,1,26.3,32.6,20.8,0.0,observed
2025-09-16,1,25.0,31.4,19.1,0.0,observed
2025-09-17,1,24.2,30.1,19.5,0.0,observed
2025-09-18,1,23.9,30.4,18.5,0.0,observed
2025-09-19,1,23.0,28.5,18.5,0.0,observed
2025-09-20,1,23.4,29.8,16.8,0.0,observed
2025-09-21,1,25.1,31.1,19.7,0.0,observed
2025-09-22,1,25.8,31.7,19.8,0.0,observed
2025-09-23,1,26.1,33.5,19.7,0.0,observed
2025-09-24,1,23.5,28.8,18.9,0.0,observed
2025-09-25,1,19.8,24.1,17.1,0.5,observed
2025-09-26,1,21.3,27.8,16.2,0.0,observed
2025-09-27,1,23.5,30.3,16.8,0.0,observed
2025-09-28,1,25.6,32.1,20.0,0.0,observed
2025-09-29,1,25.0,31.4,19.6,0.0,observed
2025-09-30,1,22.1,26.6,18.3,0.0,observed
2025-10-01,1,20.5,26.4,15.6,0.0,observed
2025-10-02,1,20.8,27.3,15.0,0.0,observed
2025-10-03,1,24.3,30.7,17.7,0.0,observed
2025-10-04,1,25.7,32.7,19.2,0.0,observed
2025-10-05,1,23.3,31.0,17.4,0.0,observed
2025-10-06,1,20.9,27.1,16.3,0.0,observed
2025-10-07,1,19.7,25.2,15.0,0.0,observed
2025-10-08,1,20.2,25.8,15.5,0.0,observed
2025-10-09,1,19.9,23.9,16.7,0.1,observed
2025-10-10,1,19.0,25.2,13.1,0.0,observed
2025-10-11,1,21.1,28.2,14.7,0.0,observed
2025-10-12,1,18.9,22.9,15.4,0.0,observed
2025-10-13,1,18.7,24.7,13.6,0.0,observed
2025-10-14,1,19.4,26.2,14.2,0.0,observed
2025-10-15,1,18.0,24.5,12.4,0.0,observed
2025-10-16,1,18.9,26.0,12.9,0.0,observed
2025-10-17,1,21.7,28.8,15.9,0.0,observed
2025-10-18,1,19.9,25.5,15.7,0.0,observed
2025-10-19,1,18.2,24.2,13.3,0.0,observed
2025-10-20,1,19.7,25.9,14.6,0.0,observed
2025-10-21,1,21.1,26.8,16.1,0.0,observed
2025-10-22,1,22.2,28.1,17.0,0.0,observed
2025-10-23,1,23.8,30.5,17.4,0.0,observed
2025-10-24,1,22.4,26.7,17.8,0.0,observed
2025-10-25,1,20.0,25.9,13.9,0.0,observed
2025-10-26,1,19.9,25.6,14.8,0.0,observed
2025-10-27,1,20.2,27.3,13.4,0.0,observed
2025-10-28,1,22.1,29.0,16.6,0.0,observed
2025-10-29,1,19.6,25.2,14.3,0.0,observed
2025-10-30,1,19.5,25.3,14.3,0.0,observed
2025-10-31,1,20.2,25.3,15.1,0.0,observed
2025-11-01,1,21.0,27.0,15.2,0.0,observed
2025-11-02,1,22.4,28.8,16.2,0.0,observed
2025-11-03,1,22.7,28.7,17.1,0.0,observed
2025-11-04,1,23.2,28.6,18.8,0.0,observed
2025-11-05,1,23.9,30.4,18.3,0.0,observed
2025-11-06,1,22.9,29.0,17.9,0.0,observed
2025-11-07,1,20.5,26.4,15.0,0.0,observed
2025-11-08,1,19.3,25.4,13.8,0.0,observed
2025-11-09,1,20.0,25.4,13.4,0.0,observed
2025-11-10,1,20.5,26.0,15.3,0.0,observed
2025-11-11,1,20.3,26.5,15.8,0.0,observed
2025-11-12,1,18.3,23.7,13.1,0.0,observed
2025-11-13,1,17.5,23.1,13.7,0.1,observed
2025-11-14,1,13.5,16.5,11.1,2.2,observed
2025-11-15,1,12.7,15.5,11.1,2.6,observed
2025-11-16,1,13.4,17.4,11.3,0.7,observed
2025-11-17,1,13.8,18.6,9.1,0.0,observed
2025-11-18,1,14.8,19.6,10.1,0.0,observed
2025-11-19,1,15.2,19.9,10.3,0.0,observed
2025-11-20,1,16.5,22.9,10.8,0.0,observed
2025-11-21,1,18.0,24.8,11.2,0.0,observed
2025-11-22,1,19.0,24.6,13.2,0.0,observed
2025-11-23,1,17.9,22.8,12.7,0.0,observed
2025-11-24,1,16.7,23.2,10.9,0.0,observed
2025-11-25,1,14.9,18.1,11.0,2.8,observed
2025-11-26,1,12.5,17.0,9.0,0.0,observed
2025-11-27,1,13.6,18.7,8.7,0.0,observed
2025-11-28,1,14.8,19.4,10.4,0.0,observed
2025-11-29,1,15.7,21.5,10.6,0.0,observed
2025-11-30,1,15.2,18.9,11.0,0.0,observed
2025-12-01,1,13.4,18.1,10.3,0.0,observed
2025-12-02,1,13.0,18.4,8.4,0.0,observed
2025-12-03,1,13.3,17.8,9.2,0.0,observed
2025-12-04,1,13.6,17.8,9.9,0.0,observed
2025-12-05,1,13.5,18.5,7.7,0.1,observed
2025-12-06,1,13.9,17.4,10.5,5.7,observed
2025-12-07,1,12.5,15.4,9.6,0.0,observed
2025-12-08,1,10.7,14.6,7.6,0.0,observed
2025-12-09,1,10.2,13.5,8.0,0.5,observed
2025-12-10,1,10.6,13.2,9.0,0.3,observed
2025-12-11,1,9.5,12.8,7.8,15.8,observed
2025-12-12,1,10.2,13.4,8.7,0.7,observed
2025-12-13,1,10.2,14.4,7.2,0.0,observed
2025-12-14,1,9.5,13.7,5.7,0.0,observed
2025-12-15,1,9.4,14.3,5.5,3.6,observed
2025-12-16,1,8.6,11.2,6.6,3.0,observed
2025-12-17,1,5.9,9.2,2.9,4.1,observed
2025-12-18,1,8.0,13.2,4.4,0.0,observed
2025-12-19,1,8.6,13.8,4.9,0.0,observed
2025-12-20,1,9.1,14.1,5.2,0.0,observed
2025-12-21,1,8.2,12.5,5.2,0.0,observed
2025-12-22,1,9.4,15.3,4.9,0.0,observed
2025-12-23,1,9.7,14.2,6.3,0.0,observed
2025-12-24,1,9.6,13.9,6.1,0.0,observed
2025-12-25,1,8.1,12.7,5.0,0.0,observed
2025-12-26,1,9.5,14.9,5.6,0.0,observed
2025-12-27,1,9.5,12.1,8.1,1.1,observed
2025-12-28,1,7.6,9.2,6.5,4.7,observed
2025-12-29,1,7.8,9.6,6.5,5.4,observed
2025-12-30,1,8.4,11.1,6.6,0.8,observed
2025-12-31,1,9.1,12.1,6.6,0.0,observed
2026-01-01,1,9.5,12.0,7.7,0.2,observed
2026-01-02,1,7.8,9.7,5.1,9.6,observed
2026-01-03,1,5.8,10.1,2.7,0.0,observed
2026-01-04,1,6.3,10.9,1.6,0.0,observed
2026-01-05,1,7.5,12.0,3.0,0.0,observed
2026-01-06,1,9.1,15.2,4.0,0.0,observed
2026-01-07,1,11.8,17.0,7.4,0.0,observed
2026-01-08,1,12.9,19.8,7.1,0.0,observed
2026-01-09,1,9.9,14.6,6.4,7.1,observed
2026-01-10,1,8.2,11.6,6.4,0.1,observed
2026-01-11,1,9.4,14.6,5.5,0.0,observed
2026-01-12,1,9.1,11.6,6.7,0.0,observed
2026-01-13,1,5.1,7.1,4.4,26.9,observed
2026-01-14,1,6.1,8.5,4.2,0.5,observed
2026-01-15,1,6.4,10.7,3.4,0.0,observed
2026-01-16,1,6.6,12.5,2.5,0.0,observed
2026-01-17,1,7.6,13.0,3.8,0.0,observed
2026-01-18,1,7.5,10.6,5.0,1.7,observed
2026-01-19,1,6.9,9.8,2.9,0.2,observed
2026-01-20,1,3.8,7.9,1.2,0.0,observed
2026-01-21,1,3.7,7.7,0.0,0.0,observed
2026-01-22,1,5.2,7.5,3.0,2.8,observed
2026-01-23,1,10.0,14.2,6.4,7.0,observed
2026-01-24,1,7.5,12.3,4.7,0.4,observed
2026-01-25,1,8.5,14.0,4.4,0.0,observed
2026-01-26,1,10.3,16.3,5.6,0.0,observed
2026-01-27,1,10.3,15.2,6.6,0.0,observed
2026-01-28,1,9.0,11.7,7.0,0.4,observed
2026-01-29,1,9.5,13.0,7.0,0.1,observed
2026-01-30,1,11.9,16.3,8.6,0.0,observed
2026-01-31,1,12.6,17.0,8.4,0.0,observed
2026-02-01,1,16.5,21.9,11.5,0.0,observed
2026-02-02,1,16.2,20.5,10.1,0.2,observed
2026-02-03,1,9.6,11.5,8.2,1.0,observed
2026-02-04,1,10.0,14.8,6.6,0.0,observed
2026-02-05,1,12.0,19.3,6.8,0.0,observed
2026-02-06,1,14.4,19.4,11.2,0.0,observed
2026-02-07,1,14.8,17.7,12.3,0.0,observed
2026-02-08,1,16.2,20.1,12.8,0.0,observed
2026-02-09,1,17.3,19.8,14.5,0.0,observed
2026-02-10,1,15.3,17.8,11.4,0.0,observed
2026-02-11,1,12.1,15.5,9.4,0.0,observed
2026-02-12,1,13.1,17.5,9.5,0.0,observed
2026-02-13,1,15.6,20.4,11.5,0.0,observed
2026-02-14,1,12.6,15.3,9.2,0.0,observed
2026-02-15,1,12.8,19.6,6.5,0.0,observed
2026-02-16,1,16.1,23.8,9.4,0.0,observed
2026-02-17,1,14.7,16.7,10.0,1.3,observed
2026-02-18,1,11.5,16.0,7.7,0.0,observed
2026-02-19,1,10.4,14.6,7.5,0.0,observed
2026-02-20,1,12.3,19.6,6.3,0.0,observed
2026-02-21,1,14.7,22.4,9.0,0.0,observed
2026-02-22,1,11.7,16.0,7.9,0.0,observed
2026-02-23,1,9.7,14.9,5.5,0.0,observed
2026-02-24,1,9.0,12.8,5.8,0.3,observed
2026-02-25,1,10.1,14.8,6.2,0.0,observed
2026-02-26,1,9.5,12.9,7.1,0.0,observed
2026-02-27,1,7.0,10.8,3.9,0.5,observed
2026-02-28,1,6.1,11.2,1.0,0.0,observed
2026-03-01,1,7.4,14.1,2.0,0.0,observed
2026-03-02,1,8.5,14.1,3.8,0.0,observed
2026-03-03,1,9.7,15.4,4.6,0.0,observed
2026-03-04,1,9.5,14.4,5.1,0.0,observed
2026-03-05,1,10.7,15.9,5.4,0.0,observed
2026-03-06,1,10.9,17.5,5.1,0.0,observed
2026-03-07,1,9.5,13.8,6.1,0.3,observed
2026-03-08,1,8.2,13.1,4.8,0.0,observed
2026-03-09,1,7.7,13.3,1.9,0.0,observed
2026-03-10,1,9.6,15.3,3.5,0.0,observed
2026-03-11,1,12.0,17.3,6.4,0.0,observed
2026-03-12,1,12.7,18.7,7.3,0.0,observed
2026-03-13,1,13.4,18.7,8.7,0.8,observed
2026-03-14,1,13.3,19.2,10.1,12.2,observed
2026-03-15,1,10.9,13.0,8.8,0.5,observed
2026-03-16,1,10.1,14.2,7.0,0.1,observed
2026-03-17,1,11.9,19.1,5.3,0.0,observed
2026-03-18,1,14.9,22.6,9.6,8.7,observed
2026-03-19,1,11.6,14.8,8.9,13.3,observed
2026-03-20,1,11.0,14.3,8.2,1.7,observed
2026-03-21,1,9.8,13.5,7.1,4.5,observed
2026-03-22,1,8.7,12.6,6.0,0.7,observed
2026-03-23,1,10.0,14.8,6.5,0.0,observed
2026-03-24,1,9.5,14.2,5.6,0.0,observed
2026-03-25,1,9.0,13.6,4.9,4.9,observed
2026-03-26,1,7.5,10.8,5.4,2.1,observed
2026-03-27,1,9.6,13.0,7.2,0.8,observed
2026-03-28,1,11.8,16.3,7.8,0.0,observed
2026-03-29,1,11.9,15.4,9.0,1.8,observed
2026-03-30,1,10.2,13.7,7.3,0.0,observed
2026-03-31,1,11.4,16.4,7.2,0.1,observed
2026-04-01,1,12.9,16.6,10.2,12.8,observed
2026-04-02,1,15.4,20.2,11.7,10.9,observed
2026-04-03,1,13.1,16.0,8.6,0.5,observed
2026-04-04,1,12.0,17.3,7.5,0.0,observed
2026-04-05,1,10.5,14.4,7.6,1.1,observed
2026-04-06,1,11.4,16.9,7.1,0.3,observed
2026-04-07,1,10.1,14.3,7.4,1.3,observed
2026-04-08,1,10.8,15.0,7.2,1.8,observed
2026-04-09,1,12.3,16.6,8.8,0.0,observed
2026-04-10,1,13.3,17.6,9.7,0.0,observed
2026-04-11,1,12.3,17.1,7.9,0.0,observed
2026-04-12,1,12.3,17.4,8.1,0.0,observed
2026-04-13,1,13.4,18.8,8.4,0.0,observed
2026-04-14,1,16.8,24.2,9.6,0.0,observed
2026-04-15,1,21.2,27.5,14.9,0.0,observed
2026-04-16,1,22.6,27.9,18.0,0.8,observed
2026-04-17,1,21.8,27.2,16.8,0.4,observed
2026-04-18,1,18.2,22.7,14.3,0.0,observed
2026-04-19,1,15.6,20.4,11.9,0.0,observed
2026-04-20,1,13.7,18.1,10.4,0.0,observed
2026-04-21,1,13.5,19.4,8.4,0.0,observed
2026-04-22,1,15.4,22.7,7.6,0.0,observed
2026-04-23,1,17.8,24.4,9.6,0.0,observed
2026-04-24,1,19.2,26.4,11.2,0.0,observed
2026-04-25,1,22.1,28.9,16.4,0.0,observed
2026-04-26,1,21.7,28.1,15.6,0.0,observed
2026-04-27,1,16.8,21.8,12.7,0.7,observed
2026-04-28,1,16.3,22.0,11.4,0.2,observed
2026-04-29,1,18.0,23.9,11.8,0.0,observed
2026-04-30,1,19.7,26.4,12.4,0.0,observed
2026-05-01,1,18.9,24.0,14.5,0.0,observed
2026-05-02,1,19.5,26.2,11.7,0.2,observed
2026-05-03,1,19.8,24.9,12.7,0.1,observed
2026-05-04,1,12.6,17.6,9.0,0.0,observed
2026-05-05,1,12.0,17.1,8.3,0.0,observed
2026-05-06,1,13.2,18.3,7.9,0.0,observed
2026-05-07,1,16.3,24.3,7.9,0.0,observed
2026-05-08,1,20.5,27.8,12.4,0.0,observed
2026-05-09,1,23.0,30.1,16.7,0.0,observed
2026-05-10,1,23.3,29.8,16.2,0.0,observed
2026-05-11,1,22.4,28.7,16.4,0.0,observed
2026-05-12,1,24.5,31.2,17.5,0.0,observed
2026-05-13,1,23.1,27.7,17.2,0.0,observed
2026-05-14,1,23.9,29.6,18.2,0.0,observed
2026-05-15,1,21.1,25.2,14.7,0.0,observed
2026-05-16,1,16.4,21.3,11.5,0.0,observed
2026-05-17,1,21.8,29.1,13.4,0.0,observed
2026-05-18,1,26.5,31.6,22.5,0.0,observed
2026-05-19,1,21.7,25.8,18.3,0.0,observed
2026-05-20,1,19.3,24.5,13.6,0.0,observed
2026-05-21,1,15.7,20.0,11.7,0.0,observed
2026-05-22,1,18.0,23.8,11.9,0.0,observed
2026-05-23,1,19.0,24.4,13.4,0.0,observed
2026-05-24,1,19.3,24.4,14.3,0.0,observed
2026-05-25,1,19.7,26.5,13.0,0.0,observed
2026-05-26,1,20.6,27.8,13.8,0.0,observed
2026-05-27,1,22.8,29.8,16.5,0.0,observed
2026-05-28,1,20.0,25.4,15.1,0.0,observed
2026-05-29,1,19.5,24.9,14.9,0.0,observed
2026-05-30,1,20.3,26.4,14.6,0.0,observed
2026-05-31,1,22.2,28.3,15.9,0.0,observed
2026-06-01,1,22.8,28.9,16.9,0.0,observed
2026-06-02,1,22.6,28.7,15.8,0.0,observed
2026-06-03,1,24.1,29.3,18.9,0.0,observed
2026-06-04,1,24.8,30.6,19.0,0.0,observed
2026-06-05,1,23.4,29.3,18.2,0.0,observed
2026-06-06,1,23.4,29.3,16.5,0.0,observed
2026-06-07,1,23.3,28.4,18.5,0.0,observed
2026-06-08,1,23.5,29.9,16.8,0.0,observed
2026-06-09,1,24.8,30.6,18.7,0.0,observed
2026-06-10,1,25.0,30.8,18.7,0.0,observed
2026-06-11,1,25.1,30.7,19.7,0.0,observed
2026-06-12,1,23.9,29.5,19.3,0.0,observed
2026-06-13,1,22.9,28.6,17.3,0.0,observed
2026-06-14,1,22.5,28.4,16.6,0.0,observed
2026-06-15,1,22.4,28.9,15.9,0.0,observed
2026-06-16,1,24.5,32.1,16.4,0.0,observed
2026-06-17,1,25.9,33.2,18.3,0.0,observed
2026-06-18,1,24.4,30.9,18.7,0.0,observed
2026-06-19,1,23.7,30.0,17.8,0.0,observed
2026-06-20,1,24.3,31.3,17.3,0.0,observed
2026-06-21,1,26.1,33.6,19.6,0.0,observed
2026-06-22,1,24.2,31.1,18.0,0.0,observed
2026-06-23,1,22.9,28.6,17.2,0.0,observed
2026-06-24,1,24.2,29.9,18.8,0.0,observed
2026-06-25,1,24.0,30.3,18.5,0.0,observed
2026-06-26,1,24.2,29.8,18.8,0.0,observed
2026-06-27,1,25.2,30.8,19.3,0.0,observed
2026-06-28,1,25.6,31.7,19.5,0.0,observed
2026-06-29,1,26.2,32.8,19.8,0.0,observed
2026-06-30,1,26.5,33.5,19.8,0.0,observed
2026-07-01,1,26.3,32.8,20.3,0.0,observed
2026-07-02,1,25.4,32.4,19.3,0.0,observed
2026-07-03,1,24.3,30.4,18.8,0.0,observed
2026-07-04,1,24.6,30.2,19.1,0.0,observed
2026-07-05,1,25.0,30.6,19.4,0.0,observed
2026-07-06,1,25.5,30.5,19.9,0.0,observed
2026-07-07,1,24.7,29.8,19.6,0.0,observed
2026-07-08,1,23.7,29.4,18.4,0.0,observed
2026-07-09,1,23.7,29.5,18.1,0.0,observed
2026-07-10,1,24.6,31.6,17.9,0.0,observed
2026-07-11,1,25.5,33.0,17.9,0.0,observed
2026-07-12,1,26.5,33.9,19.5,0.0,observed
2026-07-13,1,26.6,32.9,20.4,0.0,observed
2026-07-14,1,27.2,33.9,20.6,0.0,observed
2026-07-15,1,27.5,33.9,21.3,0.0,observed
2026-07-16,1,27.0,33.2,21.0,0.0,observed
2026-07-17,1,26.6,32.5,20.8,0.0,observed
2026-07-18,1,27.3,33.0,21.4,0.0,observed
2026-07-19,1,28.1,34.0,21.8,0.0,observed
2026-07-20,1,27.9,33.2,22.6,0.0,observed
2026-07-21,1,27.7,33.3,22.7,0.0,observed
2026-07-22,1,28.3,34.6,22.2,0.0,observed
2026-07-23,1,28.5,33.3,23.1,0.0,observed
2026-07-24,1,26.6,31.2,21.2,0.0,observed
2026-07-25,1,25.0,31.3,18.4,0.0,observed
2026-07-26,1,25.9,31.7,20.6,0.0,observed
2026-07-27,1,25.2,32.2,17.7,0.0,observed
2026-07-28,1,25.5,32.5,18.9,0.0,observed
2026-07-29,1,26.8,33.4,20.0,0.0,observed
2026-07-30,1,28.3,34.8,21.7,0.0,observed
2026-07-31,1,29.3,36.2,21.8,0.0,observed
2026-08-01,1,30.8,38.1,24.2,0.0,observed
2026-08-02,1,30.7,37.7,24.9,0.0,observed
2026-08-03,1,30.2,36.8,23.9,0.0,observed
2026-08-04,1,30.0,37.1,23.1,0.0,observed
2026-08-05,1,30.3,36.3,24.4,0.0,observed
2026-08-06,1,27.5,32.7,22.8,0.0,observed
2026-08-07,1,25.9,32.1,19.8,0.0,observed
2026-08-08,1,27.0,33.7,20.8,0.0,observed
2026-08-09,1,27.8,33.6,22.5,0.0,observed
2026-08-10,1,28.9,35.7,22.2,0.0,observed
2026-08-11,1,29.3,34.9,24.2,0.0,observed
2026-08-12,1,29.2,33.8,25.4,0.0,observed
2026-08-13,1,27.7,33.0,23.2,0.0,observed
2026-08-14,1,25.8,30.2,20.9,0.0,observed
2026-08-15,1,27.3,32.5,22.7,0.0,observed
2026-08-16,1,27.2,32.7,22.0,0.0,observed
2026-08-17,1,25.2,30.4,20.4,0.0,observed
2026-08-18,1,24.4,31.0,18.1,0.0,observed
2026-08-19,1,26.0,33.3,18.9,0.0,observed
2026-08-20,1,29.1,36.4,22.1,0.0,observed
2026-08-21,1,30.0,37.8,23.0,0.0,observed
2026-08-22,1,27.7,34.7,22.1,0.0,observed
2026-08-23,1,27.1,34.1,20.9,0.0,observed
2026-08-24,1,28.3,35.1,22.1,0.0,observed
2026-08-25,1,28.0,34.9,21.5,0.0,observed
2026-08-26,1,29.0,35.2,22.8,0.0,observed
2026-08-27,1,29.3,35.3,23.5,0.0,observed
2026-08-28,1,28.1,33.1,22.8,0.0,observed
2026-08-29,1,26.7,31.7,22.3,0.0,observed
2026-08-30,1,23.1,28.1,18.7,0.1,observed
2026-08-31,1,24.1,30.5,19.2,0.0,observed
2026-09-01,1,25.6,32.3,19.2,0.0,observed
2026-09-02,1,28.0,35.3,21.5,0.0,observed
2026-09-03,1,27.5,33.8,22.4,0.0,observed
2026-09-04,1,25.4,31.4,19.5,0.0,observed
2026-09-05,1,25.1,31.4,19.5,0.0,observed
2026-09-06,1,24.3,29.7,19.5,0.0,observed
2026-09-07,1,26.1,33.8,19.0,0.0,observed
2026-09-08,1,27.2,33.3,21.1,0.0,observed
2026-09-09,1,26.2,32.3,20.1,0.0,observed
2026-09-10,1,25.0,31.0,19.2,0.0,observed
2026-09-11,1,25.0,32.4,18.2,0.0,observed
2026-09-12,1,25.4,32.2,19.2,0.0,observed
2026-09-13,1,26.3,33.2,20.4,0.0,observed
2026-09-14,1,27.0,34.1,20.2,0.0,observed
2026-09-15,1,27.3,34.0,20.8,0.0,observed
2026-09-16,1,28.3,35.1,21.1,0.0,observed
2026-09-17,1,27.1,32.4,22.0,0.0,observed
2026-09-18,1,23.9,27.4,20.0,0.0,observed
2026-09-19,1,22.3,27.5,17.5,0.0,observed
2026-09-20,1,23.4,30.3,17.2,0.0,observed
2026-09-21,1,24.5,31.2,19.1,0.0,observed
2026-09-22,1,23.3,29.2,17.8,0.0,observed
2026-09-23,1,23.2,29.3,18.3,0.0,observed
2026-09-24,1,23.0,29.6,17.6,0.0,observed
2026-09-25,1,22.8,29.0,18.5,0.0,observed
2026-09-26,1,22.3,28.6,17.0,0.0,observed
2026-09-27,1,22.2,27.8,17.0,0.0,observed
2026-09-28,1,22.5,27.4,19.2,0.0,forecast
2026-09-29,1,19.2,22.9,16.6,0.0,forecast
2026-09-30,1,18.5,23.8,15.1,0.0,forecast
2026-10-01,1,18.3,23.5,13.3,0.0,forecast
2026-10-02,1,18.6,23.0,15.3,0.0,forecast
2026-10-03,1,18.0,24.0,13.1,0.0,forecast
2026-10-04,1,17.1,23.6,11.4,0.0,forecast
2026-10-05,1,18.8,22.9,13.6,0.0,forecast
2026-10-06,1,18.6,24.4,14.7,0.0,forecast
2026-10-07,1,20.1,25.8,15.0,0.0,forecast
2026-10-08,1,22.1,27.8,18.3,0.0,forecast
2026-10-09,1,21.2,26.7,17.7,0.0,forecast
2026-10-10,1,20.7,27.3,16.0,0.0,forecast
2026-10-11,1,20.9,27.8,15.4,0.0,forecast
2026-10-12,1,21.8,27.7,17.6,0.0,forecast
2025-01-01,2,7.5,11.7,4.7,0.0,observed
2025-01-02,2,7.8,11.3,5.0,0.0,observed
2025-01-03,2,7.6,13.0,4.1,0.0,observed
2025-01-04,2,9.5,14.6,5.7,0.0,observed
2025-01-05,2,9.4,13.5,5.8,0.0,observed
2025-01-06,2,9.7,13.0,6.6,0.5,observed
2025-01-07,2,7.6,11.4,4.7,0.0,observed
2025-01-08,2,8.2,11.9,5.1,0.0,observed
2025-01-09,2,9.0,12.3,6.5,0.0,observed
2025-01-10,2,8.9,13.9,5.3,0.0,observed
2025-01-11,2,8.7,11.2,6.6,0.1,observed
2025-01-12,2,10.3,14.0,7.7,0.5,observed
2025-01-13,2,10.7,14.7,7.5,0.0,observed
2025-01-14,2,10.9,15.0,7.2,0.0,observed
2025-01-15,2,12.0,17.5,8.0,0.0,observed
2025-01-16,2,12.5,16.6,10.1,0.0,observed
2025-01-17,2,10.5,14.3,7.8,0.0,observed
2025-01-18,2,9.4,13.6,6.5,0.0,observed
2025-01-19,2,9.0,13.1,6.0,0.0,observed
2025-01-20,2,9.3,13.2,6.6,0.0,observed
2025-01-21,2,9.9,14.5,6.7,0.0,observed
2025-01-22,2,9.9,13.7,7.1,0.0,observed
2025-01-23,2,9.1,12.2,7.3,1.1,observed
2025-01-24,2,8.7,12.2,6.3,0.7,observed
2025-01-25,2,9.9,13.7,6.6,0.0,observed
2025-01-26,2,10.3,14.6,7.2,1.1,observed
2025-01-27,2,10.7,14.5,7.5,0.0,observed
2025-01-28,2,9.4,13.6,5.4,0.0,observed
2025-01-29,2,10.3,15.2,6.2,0.0,observed
2025-01-30,2,11.4,16.6,7.1,0.0,observed
2025-01-31,2,10.2,13.0,7.7,0.7,observed
2025-02-01,2,9.5,13.6,6.1,0.1,observed
2025-02-02,2,11.1,16.6,6.8,0.0,observed
2025-02-03,2,12.5,17.2,8.8,0.0,observed
2025-02-04,2,13.1,17.4,9.4,0.0,observed
2025-02-05,2,8.1,9.7,5.9,14.4,observed
2025-02-06,2,4.0,5.2,3.0,26.7,observed
2025-02-07,2,4.6,6.8,3.0,2.5,observed
2025-02-08,2,5.1,9.0,2.6,0.2,observed
2025-02-09,2,5.5,8.4,3.0,0.1,observed
2025-02-10,2,5.9,8.9,4.2,11.2,observed
2025-02-11,2,7.2,10.4,4.8,0.2,observed
2025-02-12,2,6.4,9.4,4.9,3.3,observed
2025-02-13,2,6.0,8.6,4.6,2.0,observed
2025-02-14,2,7.1,11.6,3.8,0.0,observed
2025-02-15,2,8.8,13.6,4.8,2.1,observed
2025-02-16,2,8.0,11.8,4.6,0.3,observed
2025-02-17,2,9.7,14.4,6.1,0.0,observed
2025-02-18,2,11.0,15.2,7.3,0.0,observed
2025-02-19,2,11.0,13.9,7.9,0.0,observed
2025-02-20,2,7.6,9.6,5.6,7.5,observed
2025-02-21,2,5.0,7.1,1.7,3.4,observed
2025-02-22,2,3.1,5.3,0.6,3.0,observed
2025-02-23,2,1.5,4.6,-1.4,0.0,observed
2025-02-24,2,0.3,3.4,-1.9,0.5,observed
2025-02-25,2,2.3,7.7,-1.4,0.0,observed
2025-02-26,2,4.6,10.0,0.1,0.0,observed
2025-02-27,2,7.1,11.6,3.4,0.0,observed
2025-02-28,2,8.5,12.6,5.5,0.0,observed
2025-03-01,2,7.9,11.5,5.3,2.2,observed
2025-03-02,2,9.9,15.3,5.6,0.0,observed
2025-03-03,2,12.2,17.5,7.7,0.0,observed
2025-03-04,2,13.0,17.3,9.6,0.0,observed
2025-03-05,2,10.9,15.8,7.9,4.0,observed
2025-03-06,2,9.9,15.0,6.3,0.3,observed
2025-03-07,2,9.0,11.3,7.6,21.8,observed
2025-03-08,2,10.4,14.7,7.3,0.1,observed
2025-03-09,2,11.5,15.7,7.8,0.0,observed
2025-03-10,2,11.4,15.4,8.5,2.2,observed
2025-03-11,2,13.5,18.7,9.0,0.0,observed
2025-03-12,2,15.3,19.7,11.6,0.0,observed
2025-03-13,2,17.2,23.5,12.6,0.0,observed
2025-03-14,2,18.8,24.8,13.3,0.0,observed
2025-03-15,2,21.3,26.8,16.0,0.0,observed
2025-03-16,2,21.8,27.0,16.6,0.0,observed
2025-03-17,2,21.8,26.6,17.6,0.0,observed
2025-03-18,2,20.3,24.4,14.5,0.0,observed
2025-03-19,2,12.9,16.4,9.3,0.1,observed
2025-03-20,2,7.2,9.5,3.9,4.9,observed
2025-03-21,2,4.8,6.6,2.7,4.5,observed
2025-03-22,2,6.9,10.3,3.9,0.5,observed
2025-03-23,2,8.8,13.8,4.8,0.0,observed
2025-03-24,2,12.5,18.7,6.8,0.0,observed
2025-03-25,2,17.5,23.0,12.5,0.0,observed
2025-03-26,2,19.9,25.9,14.9,0.0,observed
2025-03-27,2,21.8,27.6,16.3,0.0,observed
2025-03-28,2,22.5,27.8,17.4,0.0,observed
2025-03-29,2,16.9,21.6,13.3,3.6,observed
2025-03-30,2,12.4,17.1,9.4,5.4,observed
2025-03-31,2,15.2,20.9,9.4,0.0,observed
2025-04-01,2,18.9,24.9,15.6,0.6,observed
2025-04-02,2,16.2,20.2,12.7,0.0,observed
2025-04-03,2,15.7,20.6,12.0,0.0,observed
2025-04-04,2,14.5,19.3,10.8,0.0,observed
2025-04-05,2,13.1,17.8,8.5,0.0,observed
2025-04-06,2,20.3,26.1,13.9,0.0,observed
2025-04-07,2,21.7,24.9,18.9,0.0,observed
2025-04-08,2,24.7,29.8,19.1,0.0,observed
2025-04-09,2,20.9,25.9,12.0,0.0,observed
2025-04-10,2,11.1,15.4,8.1,1.0,observed
2025-04-11,2,9.4,12.7,7.0,1.2,observed
2025-04-12,2,9.5,13.1,6.8,2.8,observed
2025-04-13,2,10.2,14.8,7.2,0.5,observed
2025-04-14,2,9.5,12.8,7.1,0.9,observed
2025-04-15,2,10.3,15.0,7.2,0.4,observed
2025-04-16,2,13.7,20.4,6.7,0.0,observed
2025-04-17,2,17.6,22.8,12.7,0.0,observed
2025-04-18,2,20.7,26.8,14.9,0.0,observed
2025-04-19,2,22.4,27.9,17.5,0.0,observed
2025-04-20,2,21.7,27.1,17.2,0.0,observed
2025-04-21,2,19.9,24.6,14.9,0.0,observed
2025-04-22,2,25.2,30.8,20.7,0.0,observed
2025-04-23,2,26.2,31.8,21.6,0.0,observed
2025-04-24,2,23.0,28.4,17.0,0.2,observed
2025-04-25,2,17.6,23.0,13.2,0.0,observed
2025-04-26,2,15.6,20.6,11.4,0.0,observed
2025-04-27,2,17.1,22.7,10.9,0.0,observed
2025-04-28,2,18.5,24.1,14.0,0.0,observed
2025-04-29,2,17.6,22.7,12.5,0.0,observed
2025-04-30,2,22.7,30.7,15.2,0.0,observed
2025-05-01,2,17.8,23.1,14.0,4.1,observed
2025-05-02,2,16.9,20.4,13.6,0.0,observed
2025-05-03,2,17.5,23.2,12.7,0.0,observed
2025-05-04,2,15.6,19.9,12.6,0.5,observed
2025-05-05,2,13.7,17.5,10.6,2.3,observed
2025-05-06,2,17.3,23.1,12.1,0.0,observed
2025-05-07,2,20.9,26.6,15.5,0.0,observed
2025-05-08,2,24.5,30.4,18.2,0.0,observed
2025-05-09,2,26.4,32.5,21.7,0.0,observed
2025-05-10,2,26.8,32.3,22.1,0.0,observed
2025-05-11,2,25.6,30.6,21.0,0.0,observed
2025-05-12,2,23.5,27.9,15.8,0.0,observed
2025-05-13,2,19.3,24.3,13.5,0.0,observed
2025-05-14,2,18.1,21.4,14.2,0.7,observed
2025-05-15,2,17.1,22.5,12.0,0.0,observed
2025-05-16,2,22.1,29.6,14.2,0.0,observed
2025-05-17,2,29.5,36.4,22.3,0.0,observed
2025-05-18,2,28.4,33.2,22.1,0.0,observed
2025-05-19,2,22.5,27.9,18.0,0.0,observed
2025-05-20,2,21.3,27.5,16.2,0.0,observed
2025-05-21,2,21.8,28.6,14.9,0.0,observed
2025-05-22,2,24.6,31.4,18.9,0.0,observed
2025-05-23,2,21.4,26.4,16.5,0.0,observed
2025-05-24,2,23.1,28.9,17.8,0.0,observed
2025-05-25,2,25.9,32.0,19.8,0.0,observed
2025-05-26,2,29.0,34.8,22.3,0.0,observed
2025-05-27,2,22.5,27.2,16.7,0.0,observed
2025-05-28,2,18.2,23.7,13.5,0.0,observed
2025-05-29,2,18.4,23.5,13.6,0.0,observed
2025-05-30,2,20.5,25.0,15.9,0.0,observed
2025-05-31,2,23.6,29.5,17.4,0.0,observed
2025-06-01,2,21.8,26.5,17.6,0.0,observed
2025-06-02,2,19.7,24.7,15.8,0.0,observed
2025-06-03,2,19.0,25.0,14.1,0.0,observed
2025-06-04,2,20.5,26.1,15.2,0.0,observed
2025-06-05,2,24.0,30.3,16.8,0.0,observed
2025-06-06,2,26.5,32.4,21.5,0.0,observed
2025-06-07,2,25.4,31.6,19.5,0.0,observed
2025-06-08,2,25.6,31.0,21.4,0.0,observed
2025-06-09,2,24.7,30.1,19.7,0.0,observed
2025-06-10,2,26.7,33.6,20.7,0.0,observed
2025-06-11,2,26.0,31.4,20.8,0.0,observed
2025-06-12,2,27.1,32.5,22.2,0.0,observed
2025-06-13,2,27.6,33.9,21.9,0.0,observed
2025-06-14,2,27.7,34.2,22.5,0.0,observed
2025-06-15,2,25.3,29.7,21.2,0.0,observed
2025-06-16,2,24.0,30.0,18.3,0.0,observed
2025-06-17,2,24.8,31.0,19.6,0.0,observed
2025-06-18,2,25.8,32.0,19.1,0.0,observed
2025-06-19,2,26.0,32.4,20.4,0.0,observed
2025-06-20,2,25.3,31.4,20.2,0.0,observed
2025-06-21,2,25.5,31.3,20.4,0.0,observed
2025-06-22,2,25.0,30.2,20.3,0.0,observed
2025-06-23,2,23.9,30.0,18.7,0.0,observed
2025-06-24,2,24.5,31.0,18.6,0.0,observed
2025-06-25,2,25.1,31.3,19.8,0.0,observed
2025-06-26,2,26.2,32.6,20.6,0.0,observed
2025-06-27,2,28.3,34.4,22.7,0.0,observed
2025-06-28,2,29.4,35.0,24.3,0.0,observed
2025-06-29,2,28.5,33.1,24.6,0.0,observed
2025-06-30,2,27.1,31.3,22.9,0.0,observed
2025-07-01,2,26.4,31.2,21.5,0.0,observed
2025-07-02,2,25.8,30.1,22.3,0.0,observed
2025-07-03,2,25.4,31.0,20.7,0.0,observed
2025-07-04,2,24.8,29.7,20.4,0.0,observed
2025-07-05,2,24.1,29.9,18.7,0.0,observed
2025-07-06,2,24.8,31.5,18.9,0.0,observed
2025-07-07,2,25.5,32.0,19.5,0.0,observed
2025-07-08,2,26.2,31.9,21.3,0.0,observed
2025-07-09,2,26.3,31.4,21.1,0.0,observed
2025-07-10,2,27.4,33.2,22.3,0.0,observed
2025-07-11,2,28.6,34.4,23.6,0.0,observed
2025-07-12,2,28.8,34.5,24.6,0.0,observed
2025-07-13,2,27.1,33.0,22.0,0.0,observed
2025-07-14,2,26.6,32.5,21.3,0.0,observed
2025-07-15,2,25.9,31.0,20.8,0.0,observed
2025-07-16,2,26.6,31.3,22.2,0.0,observed
2025-07-17,2,28.0,32.4,23.7,0.0,observed
2025-07-18,2,28.3,32.6,24.2,0.0,observed
2025-07-19,2,25.0,30.2,20.6,0.0,observed
2025-07-20,2,24.3,30.0,19.0,0.0,observed
2025-07-21,2,26.5,32.1,21.3,0.0,observed
2025-07-22,2,28.7,34.7,24.0,0.0,observed
2025-07-23,2,29.0,34.4,24.4,0.0,observed
2025-07-24,2,28.2,33.0,25.2,0.0,observed
2025-07-25,2,28.0,32.8,23.4,0.0,observed
2025-07-26,2,29.0,34.2,24.2,0.0,observed
2025-07-27,2,29.6,34.4,25.1,0.0,observed
2025-07-28,2,29.4,33.5,25.9,0.0,observed
2025-07-29,2,26.6,31.3,22.3,0.0,observed
2025-07-30,2,26.5,31.8,22.1,0.0,observed
2025-07-31,2,24.1,29.0,20.1,0.0,observed
2025-08-01,2,23.7,29.7,18.8,0.0,observed
2025-08-02,2,24.9,31.3,19.3,0.0,observed
2025-08-03,2,25.5,31.7,20.5,0.0,observed
2025-08-04,2,24.9,30.7,20.5,0.0,observed
2025-08-05,2,24.0,30.1,19.0,0.0,observed
2025-08-06,2,25.4,32.5,19.7,0.0,observed
2025-08-07,2,27.1,33.8,21.2,0.0,observed
2025-08-08,2,31.8,38.9,24.8,0.0,observed
2025-08-09,2,32.6,37.8,27.1,0.0,observed
2025-08-10,2,32.8,38.2,27.5,0.0,observed
2025-08-11,2,34.3,38.5,30.1,0.8,observed
2025-08-12,2,35.6,39.7,31.5,0.1,observed
2025-08-13,2,36.3,40.4,32.6,0.0,observed
2025-08-14,2,35.2,39.6,31.5,0.0,observed
2025-08-15,2,31.5,35.8,26.8,0.0,observed
2025-08-16,2,27.7,33.1,23.5,0.0,observed
2025-08-17,2,24.9,31.2,20.4,0.0,observed
2025-08-18,2,23.9,30.6,19.2,0.0,observed
2025-08-19,2,24.6,30.8,19.4,0.0,observed
2025-08-20,2,25.5,30.9,21.6,0.0,observed
2025-08-21,2,24.7,30.2,20.2,0.0,observed
2025-08-22,2,26.1,31.5,20.9,0.0,observed
2025-08-23,2,27.1,33.0,22.1,0.0,observed
2025-08-24,2,27.3,32.7,22.9,0.0,observed
2025-08-25,2,25.1,30.2,20.7,0.0,observed
2025-08-26,2,24.0,28.8,20.0,0.0,observed
2025-08-27,2,23.2,28.4,19.0,0.0,observed
2025-08-28,2,23.9,29.5,19.6,0.0,observed
2025-08-29,2,24.5,30.1,20.2,0.0,observed
2025-08-30,2,24.1,28.7,21.0,0.0,observed
2025-08-31,2,23.7,29.7,19.3,0.0,observed
2025-09-01,2,24.0,30.0,19.2,0.0,observed
2025-09-02,2,24.0,29.4,19.7,0.0,observed
2025-09-03,2,23.2,28.6,19.1,0.0,observed
2025-09-04,2,24.0,29.0,19.6,0.0,observed
2025-09-05,2,26.1,31.8,21.3,0.0,observed
2025-09-06,2,26.6,32.3,22.7,0.0,observed
2025-09-07,2,23.6,29.5,19.4,0.0,observed
2025-09-08,2,22.3,27.8,17.8,0.0,observed
2025-09-09,2,22.3,28.5,17.6,0.0,observed
2025-09-10,2,22.6,28.9,17.6,0.0,observed
2025-09-11,2,24.2,30.4,18.5,0.0,observed
2025-09-12,2,25.7,31.5,20.5,0.0,observed
2025-09-13,2,26.0,31.7,21.7,0.0,observed
2025-09-14,2,26.2,31.4,21.8,0.0,observed
2025-09-15,2,26.1,31.2,22.1,0.0,observed
2025-09-16,2,24.3,29.7,19.4,0.0,observed
2025-09-17,2,23.5,28.5,19.7,0.0,observed
2025-09-18,2,23.4,28.9,19.1,0.0,observed
2025-09-19,2,22.5,27.7,18.7,0.0,observed
2025-09-20,2,23.8,29.5,17.9,0.0,observed
2025-09-21,2,25.7,30.8,20.6,0.0,observed
2025-09-22,2,26.4,31.4,21.4,0.0,observed
2025-09-23,2,26.8,32.4,21.5,0.0,observed
2025-09-24,2,23.6,27.9,19.3,0.0,observed
2025-09-25,2,19.2,23.0,16.8,1.5,observed
2025-09-26,2,20.7,26.4,16.3,0.0,observed
2025-09-27,2,23.4,28.7,18.2,0.0,observed
2025-09-28,2,26.0,31.4,21.1,0.0,observed
2025-09-29,2,25.2,30.0,20.5,0.0,observed
2025-09-30,2,21.6,26.0,18.4,0.0,observed
2025-10-01,2,20.1,25.5,16.3,0.0,observed
2025-10-02,2,20.7,25.9,15.9,0.0,observed
2025-10-03,2,25.2,30.6,20.3,0.0,observed
2025-10-04,2,26.3,31.8,21.4,0.0,observed
2025-10-05,2,23.2,29.1,18.5,0.0,observed
2025-10-06,2,20.6,26.2,16.4,0.0,observed
2025-10-07,2,19.6,24.2,15.8,0.0,observed
2025-10-08,2,20.5,24.9,16.9,0.0,observed
2025-10-09,2,20.0,22.5,16.8,0.5,observed
2025-10-10,2,18.9,24.0,14.6,0.0,observed
2025-10-11,2,21.3,27.5,16.5,0.0,observed
2025-10-12,2,18.5,22.0,15.9,0.0,observed
2025-10-13,2,18.4,23.2,14.3,0.0,observed
2025-10-14,2,19.6,24.7,16.1,0.0,observed
2025-10-15,2,18.4,23.5,14.3,0.0,observed
2025-10-16,2,19.5,24.7,14.7,0.0,observed
2025-10-17,2,22.1,27.2,18.0,0.0,observed
2025-10-18,2,19.8,24.3,16.2,0.0,observed
2025-10-19,2,18.2,22.9,14.5,0.0,observed
2025-10-20,2,19.6,24.9,15.1,0.0,observed
2025-10-21,2,21.9,26.5,18.1,0.0,observed
2025-10-22,2,22.7,27.6,18.4,0.0,observed
2025-10-23,2,24.9,30.0,19.9,0.0,observed
2025-10-24,2,22.4,25.3,18.1,0.0,observed
2025-10-25,2,20.4,24.7,16.5,0.0,observed
2025-10-26,2,20.3,24.4,17.3,0.0,observed
2025-10-27,2,20.8,26.5,15.7,0.0,observed
2025-10-28,2,22.6,27.3,19.3,0.0,observed
2025-10-29,2,19.8,24.3,16.3,0.0,observed
2025-10-30,2,20.3,25.3,15.5,0.0,observed
2025-10-31,2,21.0,25.2,16.8,0.0,observed
2025-11-01,2,22.4,27.1,17.9,0.0,observed
2025-11-02,2,23.8,29.0,19.2,0.0,observed
2025-11-03,2,23.6,29.1,19.4,0.0,observed
2025-11-04,2,24.3,28.5,20.5,0.0,observed
2025-11-05,2,24.6,29.9,19.7,0.0,observed
2025-11-06,2,23.7,28.2,19.8,0.0,observed
2025-11-07,2,21.1,25.9,17.6,0.0,observed
2025-11-08,2,20.4,25.0,16.7,0.0,observed
2025-11-09,2,21.5,25.6,17.2,0.0,observed
2025-11-10,2,21.6,26.4,17.3,0.0,observed
2025-11-11,2,20.7,25.4,17.1,0.0,observed
2025-11-12,2,18.9,23.2,15.3,0.7,observed
2025-11-13,2,17.8,22.0,14.7,0.0,observed
2025-11-14,2,13.0,15.3,10.7,2.8,observed
2025-11-15,2,12.2,14.8,11.0,9.2,observed
2025-11-16,2,13.0,15.9,10.9,1.4,observed
2025-11-17,2,14.5,18.2,11.0,0.0,observed
2025-11-18,2,15.1,19.0,11.2,0.0,observed
2025-11-19,2,15.5,19.3,11.4,0.0,observed
2025-11-20,2,17.0,22.5,12.5,0.0,observed
2025-11-21,2,19.0,25.0,14.3,0.0,observed
2025-11-22,2,19.7,24.1,15.6,0.0,observed
2025-11-23,2,18.6,22.9,14.7,0.0,observed
2025-11-24,2,18.0,24.1,13.4,0.0,observed
2025-11-25,2,14.5,17.4,11.6,8.3,observed
2025-11-26,2,13.2,17.1,10.4,0.0,observed
2025-11-27,2,14.0,18.3,10.0,0.0,observed
2025-11-28,2,15.3,19.4,11.6,0.0,observed
2025-11-29,2,16.9,21.5,12.7,0.0,observed
2025-11-30,2,15.2,18.0,11.4,0.0,observed
2025-12-01,2,13.2,16.9,10.8,0.0,observed
2025-12-02,2,13.5,18.0,10.0,0.0,observed
2025-12-03,2,14.0,17.9,11.1,0.0,observed
2025-12-04,2,14.0,17.6,10.6,0.0,observed
2025-12-05,2,14.5,19.3,10.5,0.3,observed
2025-12-06,2,14.3,16.9,11.7,4.2,observed
2025-12-07,2,12.1,14.3,9.3,0.0,observed
2025-12-08,2,10.5,13.0,8.2,0.0,observed
2025-12-09,2,10.3,12.1,8.7,1.0,observed
2025-12-10,2,10.2,12.2,8.9,1.7,observed
2025-12-11,2,9.1,11.4,7.9,16.7,observed
2025-12-12,2,9.7,12.1,8.4,2.1,observed
2025-12-13,2,10.2,13.5,7.7,0.0,observed
2025-12-14,2,10.5,14.0,7.4,0.0,observed
2025-12-15,2,9.8,13.1,7.2,2.6,observed
2025-12-16,2,8.6,11.2,6.9,4.6,observed
2025-12-17,2,6.2,9.4,2.8,4.0,observed
2025-12-18,2,8.7,12.6,5.4,0.0,observed
2025-12-19,2,9.4,13.0,7.0,0.0,observed
2025-12-20,2,10.3,14.6,7.8,0.0,observed
2025-12-21,2,9.6,13.9,6.7,0.0,observed
2025-12-22,2,11.1,16.0,7.9,0.0,observed
2025-12-23,2,10.6,13.3,7.9,0.0,observed
2025-12-24,2,10.6,14.8,7.9,0.0,observed
2025-12-25,2,8.8,12.7,6.2,0.0,observed
2025-12-26,2,10.0,13.6,7.1,0.0,observed
2025-12-27,2,9.1,11.1,8.1,4.4,observed
2025-12-28,2,7.1,8.1,6.0,13.6,observed
2025-12-29,2,7.4,9.0,6.2,9.4,observed
2025-12-30,2,8.1,10.5,6.6,2.3,observed
2025-12-31,2,9.3,11.7,7.6,0.0,observed
2026-01-01,2,9.4,11.6,7.8,0.3,observed
2026-01-02,2,7.5,9.1,5.9,14.2,observed
2026-01-03,2,6.8,10.8,4.2,0.0,observed
2026-01-04,2,7.4,10.8,4.3,0.0,observed
2026-01-05,2,8.3,11.9,4.2,0.0,observed
2026-01-06,2,10.7,16.7,6.7,0.0,observed
2026-01-07,2,13.3,17.8,9.9,0.0,observed
2026-01-08,2,14.5,20.2,10.0,0.0,observed
2026-01-09,2,9.8,15.3,6.2,12.6,observed
2026-01-10,2,7.9,10.6,6.2,0.7,observed
2026-01-11,2,10.1,14.7,6.4,0.0,observed
2026-01-12,2,9.2,11.2,7.3,0.0,observed
2026-01-13,2,4.8,6.4,4.2,42.1,observed
2026-01-14,2,5.6,7.5,4.0,2.8,observed
2026-01-15,2,6.6,9.9,3.7,0.0,observed
2026-01-16,2,7.8,12.2,4.6,0.0,observed
2026-01-17,2,8.6,12.3,5.6,0.0,observed
2026-01-18,2,7.6,9.8,6.3,1.3,observed
2026-01-19,2,6.7,9.3,2.8,1.2,observed
2026-01-20,2,3.8,7.4,1.4,0.0,observed
2026-01-21,2,4.2,7.5,1.2,0.0,observed
2026-01-22,2,5.8,8.3,4.1,4.4,observed
2026-01-23,2,10.2,13.5,7.4,2.3,observed
2026-01-24,2,8.7,11.4,6.7,1.2,observed
2026-01-25,2,9.8,14.0,6.6,0.0,observed
2026-01-26,2,10.7,16.1,7.2,0.0,observed
2026-01-27,2,11.3,14.0,9.1,0.0,observed
2026-01-28,2,8.6,10.8,6.9,0.3,observed
2026-01-29,2,9.1,11.8,7.0,0.9,observed
2026-01-30,2,11.7,15.4,9.0,0.0,observed
2026-01-31,2,12.7,15.9,9.6,0.0,observed
2026-02-01,2,16.8,20.9,12.7,0.0,observed
2026-02-02,2,15.8,19.5,10.5,0.1,observed
2026-02-03,2,9.0,10.4,7.6,7.2,observed
2026-02-04,2,9.4,13.4,6.7,0.0,observed
2026-02-05,2,12.1,18.6,7.7,0.0,observed
2026-02-06,2,14.0,17.6,10.9,0.5,observed
2026-02-07,2,14.2,16.8,11.8,0.0,observed
2026-02-08,2,15.5,19.1,12.1,0.0,observed
2026-02-09,2,16.9,18.7,14.2,0.0,observed
2026-02-10,2,14.8,17.6,10.9,0.0,observed
2026-02-11,2,11.8,14.8,9.7,0.0,observed
2026-02-12,2,12.5,16.4,9.4,0.0,observed
2026-02-13,2,15.4,19.5,11.9,0.0,observed
2026-02-14,2,12.1,14.4,9.4,0.0,observed
2026-02-15,2,13.4,19.8,7.8,0.0,observed
2026-02-16,2,16.5,24.1,10.8,0.0,observed
2026-02-17,2,14.6,17.6,10.6,1.3,observed
2026-02-18,2,11.6,15.1,9.4,0.0,observed
2026-02-19,2,9.8,13.4,7.3,0.2,observed
2026-02-20,2,12.8,19.2,7.8,0.0,observed
2026-02-21,2,14.7,21.2,9.9,0.0,observed
2026-02-22,2,11.2,14.9,8.1,0.0,observed
2026-02-23,2,9.6,13.9,7.2,0.1,observed
2026-02-24,2,8.5,11.8,5.7,0.8,observed
2026-02-25,2,9.7,13.6,6.7,0.0,observed
2026-02-26,2,9.0,12.2,6.7,0.9,observed
2026-02-27,2,6.4,9.9,3.8,1.2,observed
2026-02-28,2,6.0,10.8,2.0,0.0,observed
2026-03-01,2,7.3,12.7,3.6,0.0,observed
2026-03-02,2,8.6,13.6,4.6,0.0,observed
2026-03-03,2,9.9,14.6,5.5,0.0,observed
2026-03-04,2,9.6,13.1,6.8,0.0,observed
2026-03-05,2,10.2,14.5,6.3,0.0,observed
2026-03-06,2,11.0,16.1,6.9,0.0,observed
2026-03-07,2,9.1,12.8,6.5,0.8,observed
2026-03-08,2,7.8,12.3,4.8,0.0,observed
2026-03-09,2,7.7,12.4,3.5,0.0,observed
2026-03-10,2,9.8,14.9,4.8,0.0,observed
2026-03-11,2,12.0,17.0,7.6,0.0,observed
2026-03-12,2,13.0,17.3,8.2,0.0,observed
2026-03-13,2,13.2,17.7,10.5,2.9,observed
2026-03-14,2,13.0,18.2,10.0,21.9,observed
2026-03-15,2,10.5,12.5,8.7,2.2,observed
2026-03-16,2,9.9,13.6,7.2,0.4,observed
2026-03-17,2,12.7,19.0,6.5,0.0,observed
2026-03-18,2,15.5,22.4,11.7,6.0,observed
2026-03-19,2,11.3,14.3,8.4,17.8,observed
2026-03-20,2,10.8,13.6,7.8,4.5,observed
2026-03-21,2,9.4,12.4,6.8,4.6,observed
2026-03-22,2,8.4,12.0,5.9,1.6,observed
2026-03-23,2,10.5,14.4,7.9,0.1,observed
2026-03-24,2,10.0,13.5,7.4,0.0,observed
2026-03-25,2,9.1,12.8,6.4,4.7,observed
2026-03-26,2,7.0,10.0,5.3,10.8,observed
2026-03-27,2,9.1,12.1,7.1,3.6,observed
2026-03-28,2,11.8,15.5,8.5,0.0,observed
2026-03-29,2,12.1,14.0,8.8,3.8,observed
2026-03-30,2,9.8,12.9,7.2,0.3,observed
2026-03-31,2,11.2,15.2,7.6,0.1,observed
2026-04-01,2,13.3,16.8,11.2,13.4,observed
2026-04-02,2,15.5,19.6,12.3,11.8,observed
2026-04-03,2,13.2,15.7,10.2,2.2,observed
2026-04-04,2,12.4,16.7,9.0,0.0,observed
2026-04-05,2,10.6,13.7,8.0,1.0,observed
2026-04-06,2,11.6,15.9,8.5,0.6,observed
2026-04-07,2,10.1,13.0,8.2,5.7,observed
2026-04-08,2,10.4,13.6,7.7,2.3,observed
2026-04-09,2,11.8,15.9,8.6,0.0,observed
2026-04-10,2,12.8,16.6,10.0,0.0,observed
2026-04-11,2,12.0,15.7,9.3,0.0,observed
2026-04-12,2,11.5,15.5,8.3,0.1,observed
2026-04-13,2,12.7,17.4,9.0,0.0,observed
2026-04-14,2,16.6,23.3,10.1,0.0,observed
2026-04-15,2,20.7,26.3,15.4,0.0,observed
2026-04-16,2,21.9,26.0,17.8,1.9,observed
2026-04-17,2,21.3,27.5,17.2,2.7,observed
2026-04-18,2,17.8,21.7,13.5,0.0,observed
2026-04-19,2,14.8,19.2,11.5,0.0,observed
2026-04-20,2,13.0,16.9,10.2,0.0,observed
2026-04-21,2,12.7,18.2,8.6,0.0,observed
2026-04-22,2,14.9,20.8,8.7,0.0,observed
2026-04-23,2,17.4,23.0,11.6,0.0,observed
2026-04-24,2,18.8,24.3,12.9,0.0,observed
2026-04-25,2,21.8,27.1,16.8,0.0,observed
2026-04-26,2,21.5,27.2,15.9,0.0,observed
2026-04-27,2,16.2,20.3,13.1,3.7,observed
2026-04-28,2,15.8,21.0,11.4,0.5,observed
2026-04-29,2,17.5,22.4,13.0,0.1,observed
2026-04-30,2,19.4,25.0,13.8,0.0,observed
2026-05-01,2,18.1,22.5,14.4,0.0,observed
2026-05-02,2,19.0,24.4,13.4,0.7,observed
2026-05-03,2,19.4,23.7,12.2,1.2,observed
2026-05-04,2,12.1,17.4,8.8,0.2,observed
2026-05-05,2,11.4,16.3,8.1,0.9,observed
2026-05-06,2,12.7,17.3,8.1,0.1,observed
2026-05-07,2,15.7,22.4,8.4,0.0,observed
2026-05-08,2,20.1,26.5,13.4,0.0,observed
2026-05-09,2,22.6,28.2,17.6,0.0,observed
2026-05-10,2,22.6,28.2,17.2,0.0,observed
2026-05-11,2,22.0,27.6,17.6,0.0,observed
2026-05-12,2,24.0,29.6,18.3,0.0,observed
2026-05-13,2,22.2,26.5,16.8,0.0,observed
2026-05-14,2,23.3,28.6,18.1,0.0,observed
2026-05-15,2,20.6,24.3,14.0,0.0,observed
2026-05-16,2,15.6,20.5,10.8,0.0,observed
2026-05-17,2,21.2,27.6,13.3,0.0,observed
2026-05-18,2,25.8,30.5,21.4,0.0,observed
2026-05-19,2,20.9,25.1,17.4,0.0,observed
2026-05-20,2,18.7,23.7,13.0,0.0,observed
2026-05-21,2,14.8,19.0,11.1,1.1,observed
2026-05-22,2,17.2,22.8,11.8,0.0,observed
2026-05-23,2,18.7,23.5,14.3,0.0,observed
2026-05-24,2,18.7,23.6,14.2,0.0,observed
2026-05-25,2,19.2,25.0,13.5,0.0,observed
2026-05-26,2,20.1,26.4,14.1,0.0,observed
2026-05-27,2,21.9,27.7,16.7,0.0,observed
2026-05-28,2,19.2,24.3,14.7,0.0,observed
2026-05-29,2,18.7,23.9,14.4,0.0,observed
2026-05-30,2,19.6,25.3,14.3,0.0,observed
2026-05-31,2,21.6,26.8,16.1,0.0,observed
2026-06-01,2,22.3,27.5,17.5,0.0,observed
2026-06-02,2,21.9,27.2,16.2,0.0,observed
2026-06-03,2,23.7,28.5,19.2,0.0,observed
2026-06-04,2,24.7,29.7,20.6,0.0,observed
2026-06-05,2,23.0,28.5,18.6,0.0,observed
2026-06-06,2,23.0,28.6,17.0,0.0,observed
2026-06-07,2,23.1,27.9,19.3,0.0,observed
2026-06-08,2,23.0,28.9,17.5,0.0,observed
2026-06-09,2,24.2,29.5,19.0,0.0,observed
2026-06-10,2,24.8,29.9,20.1,0.0,observed
2026-06-11,2,24.5,29.4,20.0,0.0,observed
2026-06-12,2,23.4,28.6,19.1,0.0,observed
2026-06-13,2,22.3,27.6,17.2,0.0,observed
2026-06-14,2,22.2,27.6,17.2,0.0,observed
2026-06-15,2,22.1,27.9,16.5,0.0,observed
2026-06-16,2,24.1,30.5,17.5,0.0,observed
2026-06-17,2,25.3,31.6,19.2,0.0,observed
2026-06-18,2,23.8,30.0,18.6,0.0,observed
2026-06-19,2,23.3,28.9,18.2,0.0,observed
2026-06-20,2,24.4,30.8,18.0,0.0,observed
2026-06-21,2,25.7,31.9,20.2,0.0,observed
2026-06-22,2,23.5,30.0,17.7,0.0,observed
2026-06-23,2,22.3,27.7,17.1,0.0,observed
2026-06-24,2,23.5,28.9,18.6,0.0,observed
2026-06-25,2,23.5,29.1,18.6,0.0,observed
2026-06-26,2,23.5,28.7,18.5,0.0,observed
2026-06-27,2,24.3,29.8,18.8,0.0,observed
2026-06-28,2,24.9,30.7,19.3,0.0,observed
2026-06-29,2,25.7,32.0,20.1,0.0,observed
2026-06-30,2,26.0,32.7,20.2,0.0,observed
2026-07-01,2,25.6,31.8,20.6,0.0,observed
2026-07-02,2,24.8,31.3,19.5,0.0,observed
2026-07-03,2,23.5,29.3,18.4,0.0,observed
2026-07-04,2,23.7,29.1,18.8,0.0,observed
2026-07-05,2,24.2,29.7,19.1,0.0,observed
2026-07-06,2,24.9,29.4,19.7,0.0,observed
2026-07-07,2,24.3,28.8,19.9,0.0,observed
2026-07-08,2,22.9,28.5,18.0,0.0,observed
2026-07-09,2,23.0,28.5,17.9,0.0,observed
2026-07-10,2,24.2,30.5,18.9,0.0,observed
2026-07-11,2,25.1,32.1,18.3,0.0,observed
2026-07-12,2,26.0,32.7,20.0,0.0,observed
2026-07-13,2,25.9,31.8,20.3,0.0,observed
2026-07-14,2,26.3,32.5,20.5,0.0,observed
2026-07-15,2,26.7,32.5,21.4,0.0,observed
2026-07-16,2,26.2,32.0,20.7,0.0,observed
2026-07-17,2,26.0,31.4,20.9,0.0,observed
2026-07-18,2,26.6,32.1,21.5,0.0,observed
2026-07-19,2,27.8,33.0,23.5,0.0,observed
2026-07-20,2,27.4,32.3,23.4,0.0,observed
2026-07-21,2,27.0,32.2,22.6,0.0,observed
2026-07-22,2,27.4,33.4,21.9,0.0,observed
2026-07-23,2,27.5,32.3,22.4,0.0,observed
2026-07-24,2,25.8,30.1,20.3,0.0,observed
2026-07-25,2,24.1,30.3,17.9,0.0,observed
2026-07-26,2,25.5,30.8,21.2,0.0,observed
2026-07-27,2,24.5,31.2,18.2,0.0,observed
2026-07-28,2,24.8,31.3,19.0,0.0,observed
2026-07-29,2,26.0,32.2,20.4,0.0,observed
2026-07-30,2,27.6,33.6,21.9,0.0,observed
2026-07-31,2,28.9,35.0,22.9,0.0,observed
2026-08-01,2,30.3,36.0,25.2,0.0,observed
2026-08-02,2,30.3,36.2,25.6,0.0,observed
2026-08-03,2,29.8,35.8,25.0,0.0,observed
2026-08-04,2,29.2,35.5,22.9,0.0,observed
2026-08-05,2,29.6,35.3,24.4,0.0,observed
2026-08-06,2,26.7,31.6,22.4,0.0,observed
2026-08-07,2,25.0,30.9,19.8,0.0,observed
2026-08-08,2,26.1,32.0,20.5,0.0,observed
2026-08-09,2,27.0,32.7,21.9,0.0,observed
2026-08-10,2,28.6,34.7,23.2,0.0,observed
2026-08-11,2,29.1,34.2,25.2,0.0,observed
2026-08-12,2,28.6,33.0,25.4,0.0,observed
2026-08-13,2,27.4,32.2,23.4,0.0,observed
2026-08-14,2,25.2,29.3,21.0,0.1,observed
2026-08-15,2,26.4,31.6,22.3,0.0,observed
2026-08-16,2,26.4,31.7,21.8,0.0,observed
2026-08-17,2,24.4,29.2,20.3,0.0,observed
2026-08-18,2,23.9,30.1,18.3,0.0,observed
2026-08-19,2,25.5,32.2,19.0,0.0,observed
2026-08-20,2,28.9,35.7,22.7,0.0,observed
2026-08-21,2,29.3,36.5,22.9,0.0,observed
2026-08-22,2,26.5,32.1,21.6,0.0,observed
2026-08-23,2,26.2,32.4,20.4,0.0,observed
2026-08-24,2,27.7,33.7,22.7,0.0,observed
2026-08-25,2,27.7,33.8,22.3,0.0,observed
2026-08-26,2,28.6,34.3,23.8,0.0,observed
2026-08-27,2,28.8,34.6,24.0,0.0,observed
2026-08-28,2,27.5,32.1,23.5,0.0,observed
2026-08-29,2,26.1,30.9,21.5,0.0,observed
2026-08-30,2,22.2,27.1,17.9,0.2,observed
2026-08-31,2,23.2,28.5,19.0,0.0,observed
2026-09-01,2,25.1,30.8,19.8,0.0,observed
2026-09-02,2,27.6,34.1,22.0,0.0,observed
2026-09-03,2,26.7,32.3,22.2,0.0,observed
2026-09-04,2,24.8,30.4,19.8,0.0,observed
2026-09-05,2,24.7,30.4,20.1,0.0,observed
2026-09-06,2,23.8,29.2,19.5,0.0,observed
2026-09-07,2,25.2,31.3,19.3,0.0,observed
2026-09-08,2,26.6,32.4,21.7,0.0,observed
2026-09-09,2,26.0,31.2,21.8,0.0,observed
2026-09-10,2,24.8,30.2,20.6,0.0,observed
2026-09-11,2,24.5,30.3,19.5,0.0,observed
2026-09-12,2,24.6,29.9,19.3,0.0,observed
2026-09-13,2,25.6,32.3,20.3,0.0,observed
2026-09-14,2,27.0,33.1,21.9,0.0,observed
2026-09-15,2,27.3,32.9,22.5,0.0,observed
2026-09-16,2,28.2,33.7,22.9,0.0,observed
2026-09-17,2,26.9,31.7,23.1,0.0,observed
2026-09-18,2,23.6,26.8,19.5,0.0,observed
2026-09-19,2,21.9,26.7,17.7,0.0,observed
2026-09-20,2,23.0,28.8,17.8,0.0,observed
2026-09-21,2,24.1,29.5,19.7,0.0,observed
2026-09-22,2,22.8,28.1,18.3,0.0,observed
2026-09-23,2,22.9,28.5,18.9,0.0,observed
2026-09-24,2,22.7,28.6,18.3,0.0,observed
2026-09-25,2,22.2,27.9,18.5,0.0,observed
2026-09-26,2,21.5,27.1,16.7,0.0,observed
2026-09-27,2,21.6,26.5,17.2,0.0,observed
2026-09-28,2,22.2,26.6,19.0,0.0,forecast
2026-09-29,2,19.3,23.1,16.7,0.0,forecast
2026-09-30,2,18.7,23.9,15.2,0.0,forecast
2026-10-01,2,18.4,23.7,13.4,0.0,forecast
2026-10-02,2,18.6,23.1,15.2,0.0,forecast
2026-10-03,2,17.9,23.1,13.9,0.0,forecast
2026-10-04,2,17.3,23.2,12.4,0.0,forecast
2026-10-05,2,18.3,21.8,13.9,0.6,forecast
2026-10-06,2,18.0,22.5,14.8,0.0,forecast
2026-10-07,2,20.3,25.8,15.3,0.0,forecast
2026-10-08,2,22.1,27.7,19.0,0.0,forecast
2026-10-09,2,20.6,25.5,17.4,0.0,forecast
2026-10-10,2,20.2,25.7,15.8,0.0,forecast
2026-10-11,2,20.7,25.9,16.2,0.0,forecast
2026-10-12,2,22.3,27.2,18.8,0.0,forecast
2025-01-01,3,7.5,12.0,4.5,0.0,observed
2025-01-02,3,7.1,11.4,3.1,0.0,observed
2025-01-03,3,7.0,13.0,2.7,0.0,observed
2025-01-04,3,8.1,13.7,2.9,0.0,observed
2025-01-05,3,8.7,13.9,4.0,0.0,observed
2025-01-06,3,9.8,14.3,6.2,1.3,observed
2025-01-07,3,7.2,11.5,3.7,0.0,observed
2025-01-08,3,7.5,12.2,3.1,0.0,observed
2025-01-09,3,8.4,12.9,4.8,0.0,observed
2025-01-10,3,8.6,13.9,4.0,0.0,observed
2025-01-11,3,9.2,12.4,6.6,0.1,observed
2025-01-12,3,10.5,15.4,7.2,0.0,observed
2025-01-13,3,10.2,15.1,5.6,0.0,observed
2025-01-14,3,10.4,15.2,5.4,0.0,observed
2025-01-15,3,11.8,18.8,6.5,0.0,observed
2025-01-16,3,12.6,17.9,9.3,0.0,observed
2025-01-17,3,10.5,15.4,6.7,0.0,observed
2025-01-18,3,9.2,15.1,4.7,0.0,observed
2025-01-19,3,8.9,14.8,4.1,0.0,observed
2025-01-20,3,9.5,14.6,5.8,0.0,observed
2025-01-21,3,9.6,14.6,5.7,0.0,observed
2025-01-22,3,9.5,13.9,6.2,0.1,observed
2025-01-23,3,9.6,13.6,7.2,0.4,observed
2025-01-24,3,8.9,13.8,6.1,0.8,observed
2025-01-25,3,9.6,14.5,5.0,0.0,observed
2025-01-26,3,10.1,15.9,6.0,0.2,observed
2025-01-27,3,10.6,15.6,6.3,0.6,observed
2025-01-28,3,8.9,13.7,4.2,0.0,observed
2025-01-29,3,10.0,15.4,5.7,0.0,observed
2025-01-30,3,10.7,16.6,5.0,0.0,observed
2025-01-31,3,10.3,14.2,7.5,0.0,observed
2025-02-01,3,9.8,15.0,5.7,0.0,observed
2025-02-02,3,10.7,16.8,5.4,0.0,observed
2025-02-03,3,12.1,18.6,7.2,0.0,observed
2025-02-04,3,12.8,19.3,7.6,0.0,observed
2025-02-05,3,8.6,10.9,6.5,3.0,observed
2025-02-06,3,4.6,5.9,3.6,17.1,observed
2025-02-07,3,5.1,7.7,3.5,0.9,observed
2025-02-08,3,5.2,9.3,2.6,0.0,observed
2025-02-09,3,5.0,8.9,1.2,0.0,observed
2025-02-10,3,6.2,9.2,4.4,0.8,observed
2025-02-11,3,7.2,11.5,3.6,0.2,observed
2025-02-12,3,6.1,10.6,3.1,0.4,observed
2025-02-13,3,6.5,9.4,4.6,0.1,observed
2025-02-14,3,6.7,12.1,1.8,0.0,observed
2025-02-15,3,8.0,14.2,2.7,3.8,observed
2025-02-16,3,7.9,12.9,3.8,0.6,observed
2025-02-17,3,9.3,15.3,4.4,0.0,observed
2025-02-18,3,10.5,16.7,5.1,0.0,observed
2025-02-19,3,11.0,15.6,8.2,0.0,observed
2025-02-20,3,8.3,10.6,5.9,2.2,observed
2025-02-21,3,5.7,7.8,2.4,1.4,observed
2025-02-22,3,3.6,5.9,1.3,2.2,observed
2025-02-23,3,2.0,5.2,-0.6,0.0,observed
2025-02-24,3,0.7,4.5,-1.8,0.2,observed
2025-02-25,3,2.2,8.3,-3.0,0.0,observed
2025-02-26,3,4.7,10.6,-0.3,0.0,observed
2025-02-27,3,6.9,12.6,1.8,0.0,observed
2025-02-28,3,8.4,14.2,3.8,0.0,observed
2025-03-01,3,8.4,12.8,4.9,0.2,observed
2025-03-02,3,9.9,16.6,4.1,0.0,observed
2025-03-03,3,12.8,19.0,7.8,0.0,observed
2025-03-04,3,13.6,19.7,8.1,0.0,observed
2025-03-05,3,11.4,16.9,8.4,0.2,observed
2025-03-06,3,10.0,15.9,5.9,0.5,observed
2025-03-07,3,9.0,11.2,7.6,21.1,observed
2025-03-08,3,10.8,15.6,7.5,0.1,observed
2025-03-09,3,11.2,17.0,6.2,0.1,observed
2025-03-10,3,11.2,16.4,6.7,0.5,observed
2025-03-11,3,12.9,18.4,7.6,0.0,observed
2025-03-12,3,14.8,20.7,9.0,0.0,observed
2025-03-13,3,17.0,23.8,11.4,0.0,observed
2025-03-14,3,18.6,25.7,12.5,0.0,observed
2025-03-15,3,20.8,27.2,14.3,0.0,observed
2025-03-16,3,21.2,27.7,14.5,0.0,observed
2025-03-17,3,21.5,28.1,15.5,0.0,observed
2025-03-18,3,20.3,25.7,15.1,0.0,observed
2025-03-19,3,13.3,17.3,9.6,0.0,observed
2025-03-20,3,7.9,10.5,4.8,1.6,observed
2025-03-21,3,5.3,7.5,3.1,2.5,observed
2025-03-22,3,7.1,11.5,3.7,0.5,observed
2025-03-23,3,9.0,15.4,3.7,0.0,observed
2025-03-24,3,12.5,20.1,5.9,0.0,observed
2025-03-25,3,17.3,24.2,10.9,0.0,observed
2025-03-26,3,19.8,26.1,13.7,0.0,observed
2025-03-27,3,21.8,28.6,15.2,0.0,observed
2025-03-28,3,22.5,29.1,16.5,0.0,observed
2025-03-29,3,17.6,21.7,14.1,2.8,observed
2025-03-30,3,13.0,17.6,9.8,2.7,observed
2025-03-31,3,14.5,20.7,8.0,0.0,observed
2025-04-01,3,18.3,23.9,14.6,1.3,observed
2025-04-02,3,16.8,21.2,12.6,0.0,observed
2025-04-03,3,15.5,21.6,9.4,0.0,observed
2025-04-04,3,14.7,20.1,10.2,0.0,observed
2025-04-05,3,13.6,18.8,8.2,0.0,observed
2025-04-06,3,20.1,28.1,12.2,0.0,observed
2025-04-07,3,22.1,26.5,17.7,0.0,observed
2025-04-08,3,24.4,30.7,18.2,0.0,observed
2025-04-09,3,21.4,25.4,12.3,0.0,observed
2025-04-10,3,11.6,16.0,8.3,0.0,observed
2025-04-11,3,9.9,13.8,6.9,0.5,observed
2025-04-12,3,10.2,14.2,6.8,0.9,observed
2025-04-13,3,10.7,16.1,6.7,0.2,observed
2025-04-14,3,10.3,14.0,6.5,0.6,observed
2025-04-15,3,11.2,16.1,7.8,0.1,observed
2025-04-16,3,13.6,20.8,6.0,0.0,observed
2025-04-17,3,17.6,23.4,11.4,0.0,observed
2025-04-18,3,20.5,26.9,13.9,0.0,observed
2025-04-19,3,22.3,29.2,16.1,0.0,observed
2025-04-20,3,21.7,29.0,14.9,0.0,observed
2025-04-21,3,20.1,25.8,13.1,0.0,observed
2025-04-22,3,25.1,31.7,18.9,0.0,observed
2025-04-23,3,26.5,33.1,21.0,0.0,observed
2025-04-24,3,23.4,29.7,18.0,0.3,observed
2025-04-25,3,18.4,23.9,13.2,0.0,observed
2025-04-26,3,16.1,21.6,11.1,0.0,observed
2025-04-27,3,17.2,23.9,9.9,0.0,observed
2025-04-28,3,19.2,26.5,12.8,0.0,observed
2025-04-29,3,18.2,23.8,12.1,0.0,observed
2025-04-30,3,22.8,32.0,14.4,0.0,observed
2025-05-01,3,18.6,24.4,14.5,0.5,observed
2025-05-02,3,17.0,21.3,11.8,0.0,observed
2025-05-03,3,17.6,24.2,12.1,0.0,observed
2025-05-04,3,16.2,21.6,12.0,0.3,observed
2025-05-05,3,14.7,19.0,10.8,1.0,observed
2025-05-06,3,17.8,24.4,11.1,0.0,observed
2025-05-07,3,21.2,28.5,13.3,0.0,observed
2025-05-08,3,24.5,31.7,17.2,0.0,observed
2025-05-09,3,26.2,33.7,20.4,0.0,observed
2025-05-10,3,26.8,33.9,20.7,0.0,observed
2025-05-11,3,26.0,32.5,20.4,0.0,observed
2025-05-12,3,24.0,29.2,16.2,0.2,observed
2025-05-13,3,19.6,25.0,13.6,0.0,observed
2025-05-14,3,18.6,22.5,14.7,0.2,observed
2025-05-15,3,17.7,23.4,11.7,0.0,observed
2025-05-16,3,21.8,30.1,12.4,0.0,observed
2025-05-17,3,29.1,37.3,20.9,0.0,observed
2025-05-18,3,28.4,34.5,22.5,0.0,observed
2025-05-19,3,23.3,29.0,18.3,0.0,observed
2025-05-20,3,22.0,29.2,15.7,0.0,observed
2025-05-21,3,22.6,30.5,14.3,0.0,observed
2025-05-22,3,25.1,34.3,18.1,0.0,observed
2025-05-23,3,22.4,27.2,17.2,0.0,observed
2025-05-24,3,24.1,30.3,18.3,0.0,observed
2025-05-25,3,26.5,33.6,19.2,0.0,observed
2025-05-26,3,28.7,35.8,20.5,0.0,observed
2025-05-27,3,23.3,27.5,17.0,0.0,observed
2025-05-28,3,19.0,25.0,13.8,0.0,observed
2025-05-29,3,19.0,24.2,13.6,0.0,observed
2025-05-30,3,20.7,25.7,15.1,0.0,observed
2025-05-31,3,23.4,30.9,16.4,0.0,observed
2025-06-01,3,22.1,27.2,16.8,0.0,observed
2025-06-02,3,20.2,25.5,15.8,0.0,observed
2025-06-03,3,19.5,25.7,14.3,0.0,observed
2025-06-04,3,21.2,26.9,15.4,0.0,observed
2025-06-05,3,24.6,32.7,16.1,0.0,observed
2025-06-06,3,26.7,33.4,19.1,0.0,observed
2025-06-07,3,26.1,33.2,18.9,0.0,observed
2025-06-08,3,25.9,31.9,20.1,0.0,observed
2025-06-09,3,25.6,31.5,19.8,0.0,observed
2025-06-10,3,27.9,36.7,20.5,0.0,observed
2025-06-11,3,27.0,33.1,21.2,0.0,observed
2025-06-12,3,27.6,33.9,21.6,0.0,observed
2025-06-13,3,27.9,34.8,20.0,0.0,observed
2025-06-14,3,28.4,35.3,21.9,0.0,observed
2025-06-15,3,25.9,30.9,21.5,0.0,observed
2025-06-16,3,24.8,31.4,18.4,0.0,observed
2025-06-17,3,25.3,31.7,18.8,0.0,observed
2025-06-18,3,26.1,34.1,17.7,0.0,observed
2025-06-19,3,26.5,33.4,19.7,0.0,observed
2025-06-20,3,25.8,32.3,19.5,0.0,observed
2025-06-21,3,26.1,32.3,19.8,0.0,observed
2025-06-22,3,25.8,31.7,20.2,0.0,observed
2025-06-23,3,24.6,31.2,18.4,0.0,observed
2025-06-24,3,25.0,32.3,18.5,0.0,observed
2025-06-25,3,25.7,32.4,20.2,0.0,observed
2025-06-26,3,26.8,33.8,19.8,0.0,observed
2025-06-27,3,28.7,35.5,21.5,0.0,observed
2025-06-28,3,29.8,36.5,23.9,0.0,observed
2025-06-29,3,29.1,34.1,24.8,0.0,observed
2025-06-30,3,27.6,32.3,22.8,0.0,observed
2025-07-01,3,26.5,31.8,20.9,0.0,observed
2025-07-02,3,26.1,31.1,21.9,0.0,observed
2025-07-03,3,26.1,31.4,21.0,0.0,observed
2025-07-04,3,25.3,30.4,20.6,0.0,observed
2025-07-05,3,24.6,30.9,18.8,0.0,observed
2025-07-06,3,25.3,32.5,18.1,0.0,observed
2025-07-07,3,26.1,32.8,19.2,0.0,observed
2025-07-08,3,26.9,32.7,21.3,0.0,observed
2025-07-09,3,26.9,32.6,20.4,0.0,observed
2025-07-10,3,28.1,34.5,22.0,0.0,observed
2025-07-11,3,29.2,35.6,23.1,0.0,observed
2025-07-12,3,29.2,35.5,23.1,0.0,observed
2025-07-13,3,27.5,34.4,21.2,0.0,observed
2025-07-14,3,27.2,33.7,20.9,0.0,observed
2025-07-15,3,26.4,32.1,20.2,0.0,observed
2025-07-16,3,27.0,32.1,22.0,0.0,observed
2025-07-17,3,27.9,33.1,22.3,0.0,observed
2025-07-18,3,28.0,33.3,22.8,0.0,observed
2025-07-19,3,25.5,31.1,20.2,0.0,observed
2025-07-20,3,24.9,30.8,18.9,0.0,observed
2025-07-21,3,27.1,33.2,21.2,0.0,observed
2025-07-22,3,29.4,36.0,22.6,0.0,observed
2025-07-23,3,29.5,35.2,23.6,0.0,observed
2025-07-24,3,29.0,33.6,25.9,0.0,observed
2025-07-25,3,28.8,33.9,23.8,0.0,observed
2025-07-26,3,29.7,35.4,24.0,0.0,observed
2025-07-27,3,29.9,35.1,24.8,0.0,observed
2025-07-28,3,29.8,34.2,25.8,0.0,observed
2025-07-29,3,27.3,32.4,22.5,0.0,observed
2025-07-30,3,27.3,32.9,22.4,0.0,observed
2025-07-31,3,24.8,30.4,20.2,0.0,observed
2025-08-01,3,24.3,31.0,18.8,0.0,observed
2025-08-02,3,25.3,32.2,18.4,0.0,observed
2025-08-03,3,26.2,32.8,20.4,0.0,observed
2025-08-04,3,25.5,32.0,19.7,0.0,observed
2025-08-05,3,24.7,31.5,18.5,0.0,observed
2025-08-06,3,26.0,33.7,19.0,0.0,observed
2025-08-07,3,27.8,35.2,21.1,0.0,observed
2025-08-08,3,31.8,41.1,23.5,0.0,observed
2025-08-09,3,33.5,41.1,26.5,0.0,observed
2025-08-10,3,33.7,40.5,26.4,0.0,observed
2025-08-11,3,34.4,39.6,28.2,0.1,observed
2025-08-12,3,35.3,42.1,29.3,0.1,observed
2025-08-13,3,36.0,41.9,30.1,0.0,observed
2025-08-14,3,35.2,41.1,29.4,0.0,observed
2025-08-15,3,32.1,36.8,27.5,0.0,observed
2025-08-16,3,28.2,33.8,23.6,0.0,observed
2025-08-17,3,25.4,32.3,20.2,0.0,observed
2025-08-18,3,24.4,31.4,18.8,0.0,observed
2025-08-19,3,25.0,31.5,19.3,0.0,observed
2025-08-20,3,26.0,31.6,21.4,0.0,observed
2025-08-21,3,25.3,31.2,19.9,0.0,observed
2025-08-22,3,26.9,34.1,20.6,0.0,observed
2025-08-23,3,27.7,33.9,22.0,0.0,observed
2025-08-24,3,28.0,33.9,22.9,0.0,observed
2025-08-25,3,25.8,31.4,20.7,0.0,observed
2025-08-26,3,24.5,29.7,20.0,0.0,observed
2025-08-27,3,23.8,29.5,18.8,0.0,observed
2025-08-28,3,24.6,30.4,19.5,0.0,observed
2025-08-29,3,24.9,31.6,18.9,0.0,observed
2025-08-30,3,24.2,29.5,19.6,0.0,observed
2025-08-31,3,24.4,31.0,19.2,0.0,observed
2025-09-01,3,24.5,31.2,18.6,0.0,observed
2025-09-02,3,24.7,30.5,19.9,0.0,observed
2025-09-03,3,23.8,29.8,19.2,0.0,observed
2025-09-04,3,24.3,30.0,18.6,0.0,observed
2025-09-05,3,26.2,33.4,19.2,0.0,observed
2025-09-06,3,26.6,33.4,20.2,0.0,observed
2025-09-07,3,24.1,30.4,19.3,0.0,observed
2025-09-08,3,22.6,28.6,16.9,0.0,observed
2025-09-09,3,22.6,29.3,17.2,0.0,observed
2025-09-10,3,22.9,30.1,16.6,0.0,observed
2025-09-11,3,24.3,32.2,16.6,0.0,observed
2025-09-12,3,25.6,33.0,18.5,0.0,observed
2025-09-13,3,25.8,33.2,19.1,0.0,observed
2025-09-14,3,26.4,33.2,20.1,0.0,observed
2025-09-15,3,26.3,32.6,20.8,0.0,observed
2025-09-16,3,25.0,31.4,19.1,0.0,observed
2025-09-17,3,24.2,30.1,19.5,0.0,observed
2025-09-18,3,23.9,30.4,18.5,0.0,observed
2025-09-19,3,23.0,28.5,18.5,0.0,observed
2025-09-20,3,23.4,29.8,16.8,0.0,observed
2025-09-21,3,25.1,31.1,19.7,0.0,observed
2025-09-22,3,25.8,31.7,19.8,0.0,observed
2025-09-23,3,26.1,33.5,19.7,0.0,observed
2025-09-24,3,23.5,28.8,18.9,0.0,observed
2025-09-25,3,19.8,24.1,17.1,0.5,observed
2025-09-26,3,21.3,27.8,16.2,0.0,observed
2025-09-27,3,23.5,30.3,16.8,0.0,observed
2025-09-28,3,25.6,32.1,20.0,0.0,observed
2025-09-29,3,25.0,31.4,19.6,0.0,observed
2025-09-30,3,22.1,26.6,18.3,0.0,observed
2025-10-01,3,20.5,26.4,15.6,0.0,observed
2025-10-02,3,20.8,27.3,15.0,0.0,observed
2025-10-03,3,24.3,30.7,17.7,0.0,observed
2025-10-04,3,25.7,32.7,19.2,0.0,observed
2025-10-05,3,23.3,31.0,17.4,0.0,observed
2025-10-06,3,20.9,27.1,16.3,0.0,observed
2025-10-07,3,19.7,25.2,15.0,0.0,observed
2025-10-08,3,20.2,25.8,15.5,0.0,observed
2025-10-09,3,19.9,23.9,16.7,0.1,observed
2025-10-10,3,19.0,25.2,13.1,0.0,observed
2025-10-11,3,21.1,28.2,14.7,0.0,observed
2025-10-12,3,18.9,22.9,15.4,0.0,observed
2025-10-13,3,18.7,24.7,13.6,0.0,observed
2025-10-14,3,19.4,26.2,14.2,0.0,observed
2025-10-15,3,18.0,24.5,12.4,0.0,observed
2025-10-16,3,18.9,26.0,12.9,0.0,observed
2025-10-17,3,21.7,28.8,15.9,0.0,observed
2025-10-18,3,19.9,25.5,15.7,0.0,observed
2025-10-19,3,18.2,24.2,13.3,0.0,observed
2025-10-20,3,19.7,25.9,14.6,0.0,observed
2025-10-21,3,21.1,26.8,16.1,0.0,observed
2025-10-22,3,22.2,28.1,17.0,0.0,observed
2025-10-23,3,23.8,30.5,17.4,0.0,observed
2025-10-24,3,22.4,26.7,17.8,0.0,observed
2025-10-25,3,20.0,25.9,13.9,0.0,observed
2025-10-26,3,19.9,25.6,14.8,0.0,observed
2025-10-27,3,20.2,27.3,13.4,0.0,observed
2025-10-28,3,22.1,29.0,16.6,0.0,observed
2025-10-29,3,19.6,25.2,14.3,0.0,observed
2025-10-30,3,19.5,25.3,14.3,0.0,observed
2025-10-31,3,20.2,25.3,15.1,0.0,observed
2025-11-01,3,21.0,27.0,15.2,0.0,observed
2025-11-02,3,22.4,28.8,16.2,0.0,observed
2025-11-03,3,22.7,28.7,17.1,0.0,observed
2025-11-04,3,23.2,28.6,18.8,0.0,observed
2025-11-05,3,23.9,30.4,18.3,0.0,observed
2025-11-06,3,22.9,29.0,17.9,0.0,observed
2025-11-07,3,20.5,26.4,15.0,0.0,observed
2025-11-08,3,19.3,25.4,13.8,0.0,observed
2025-11-09,3,20.0,25.4,13.4,0.0,observed
2025-11-10,3,20.5,26.0,15.3,0.0,observed
2025-11-11,3,20.3,26.5,15.8,0.0,observed
2025-11-12,3,18.3,23.7,13.1,0.0,observed
2025-11-13,3,17.5,23.1,13.7,0.1,observed
2025-11-14,3,13.5,16.5,11.1,2.2,observed
2025-11-15,3,12.7,15.5,11.1,2.6,observed
2025-11-16,3,13.4,17.4,11.3,0.7,observed
2025-11-17,3,13.8,18.6,9.1,0.0,observed
2025-11-18,3,14.8,19.6,10.1,0.0,observed
2025-11-19,3,15.2,19.9,10.3,0.0,observed
2025-11-20,3,16.5,22.9,10.8,0.0,observed
2025-11-21,3,18.0,24.8,11.2,0.0,observed
2025-11-22,3,19.0,24.6,13.2,0.0,observed
2025-11-23,3,17.9,22.8,12.7,0.0,observed
2025-11-24,3,16.7,23.2,10.9,0.0,observed
2025-11-25,3,14.9,18.1,11.0,2.8,observed
2025-11-26,3,12.5,17.0,9.0,0.0,observed
2025-11-27,3,13.6,18.7,8.7,0.0,observed
2025-11-28,3,14.8,19.4,10.4,0.0,observed
2025-11-29,3,15.7,21.5,10.6,0.0,observed
2025-11-30,3,15.2,18.9,11.0,0.0,observed
2025-12-01,3,13.4,18.1,10.3,0.0,observed
2025-12-02,3,13.0,18.4,8.4,0.0,observed
2025-12-03,3,13.3,17.8,9.2,0.0,observed
2025-12-04,3,13.6,17.8,9.9,0.0,observed
2025-12-05,3,13.5,18.5,7.7,0.1,observed
2025-12-06,3,13.9,17.4,10.5,5.7,observed
2025-12-07,3,12.5,15.4,9.6,0.0,observed
2025-12-08,3,10.7,14.6,7.6,0.0,observed
2025-12-09,3,10.2,13.5,8.0,0.5,observed
2025-12-10,3,10.6,13.2,9.0,0.3,observed
2025-12-11,3,9.5,12.8,7.8,15.8,observed
2025-12-12,3,10.2,13.4,8.7,0.7,observed
2025-12-13,3,10.2,14.4,7.2,0.0,observed
2025-12-14,3,9.5,13.7,5.7,0.0,observed
2025-12-15,3,9.4,14.3,5.5,3.6,observed
2025-12-16,3,8.6,11.2,6.6,3.0,observed
2025-12-17,3,5.9,9.2,2.9,4.1,observed
2025-12-18,3,8.0,13.2,4.4,0.0,observed
2025-12-19,3,8.6,13.8,4.9,0.0,observed
2025-12-20,3,9.1,14.1,5.2,0.0,observed
2025-12-21,3,8.2,12.5,5.2,0.0,observed
2025-12-22,3,9.4,15.3,4.9,0.0,observed
2025-12-23,3,9.7,14.2,6.3,0.0,observed
2025-12-24,3,9.6,13.9,6.1,0.0,observed
2025-12-25,3,8.1,12.7,5.0,0.0,observed
2025-12-26,3,9.5,14.9,5.6,0.0,observed
2025-12-27,3,9.5,12.1,8.1,1.1,observed
2025-12-28,3,7.6,9.2,6.5,4.7,observed
2025-12-29,3,7.8,9.6,6.5,5.4,observed
2025-12-30,3,8.4,11.1,6.6,0.8,observed
2025-12-31,3,9.1,12.1,6.6,0.0,observed
2026-01-01,3,9.5,12.0,7.7,0.2,observed
2026-01-02,3,7.8,9.7,5.1,9.6,observed
2026-01-03,3,5.8,10.1,2.7,0.0,observed
2026-01-04,3,6.3,10.9,1.6,0.0,observed
2026-01-05,3,7.5,12.0,3.0,0.0,observed
2026-01-06,3,9.1,15.2,4.0,0.0,observed
2026-01-07,3,11.8,17.0,7.4,0.0,observed
2026-01-08,3,12.9,19.8,7.1,0.0,observed
2026-01-09,3,9.9,14.6,6.4,7.1,observed
2026-01-10,3,8.2,11.6,6.4,0.1,observed
2026-01-11,3,9.4,14.6,5.5,0.0,observed
2026-01-12,3,9.1,11.6,6.7,0.0,observed
2026-01-13,3,5.1,7.1,4.4,26.9,observed
2026-01-14,3,6.1,8.5,4.2,0.5,observed
2026-01-15,3,6.4,10.7,3.4,0.0,observed
2026-01-16,3,6.6,12.5,2.5,0.0,observed
2026-01-17,3,7.6,13.0,3.8,0.0,observed
2026-01-18,3,7.5,10.6,5.0,1.7,observed
2026-01-19,3,6.9,9.8,2.9,0.2,observed
2026-01-20,3,3.8,7.9,1.2,0.0,observed
2026-01-21,3,3.7,7.7,0.0,0.0,observed
2026-01-22,3,5.2,7.5,3.0,2.8,observed
2026-01-23,3,10.0,14.2,6.4,7.0,observed
2026-01-24,3,7.5,12.3,4.7,0.4,observed
2026-01-25,3,8.5,14.0,4.4,0.0,observed
2026-01-26,3,10.3,16.3,5.6,0.0,observed
2026-01-27,3,10.3,15.2,6.6,0.0,observed
2026-01-28,3,9.0,11.7,7.0,0.4,observed
2026-01-29,3,9.5,13.0,7.0,0.1,observed
2026-01-30,3,11.9,16.3,8.6,0.0,observed
2026-01-31,3,12.6,17.0,8.4,0.0,observed
2026-02-01,3,16.5,21.9,11.5,0.0,observed
2026-02-02,3,16.2,20.5,10.1,0.2,observed
2026-02-03,3,9.6,11.5,8.2,1.0,observed
2026-02-04,3,10.0,14.8,6.6,0.0,observed
2026-02-05,3,12.0,19.3,6.8,0.0,observed
2026-02-06,3,14.4,19.4,11.2,0.0,observed
2026-02-07,3,14.8,17.7,12.3,0.0,observed
2026-02-08,3,16.2,20.1,12.8,0.0,observed
2026-02-09,3,17.3,19.8,14.5,0.0,observed
2026-02-10,3,15.3,17.8,11.4,0.0,observed
2026-02-11,3,12.1,15.5,9.4,0.0,observed
2026-02-12,3,13.1,17.5,9.5,0.0,observed
2026-02-13,3,15.6,20.4,11.5,0.0,observed
2026-02-14,3,12.6,15.3,9.2,0.0,observed
2026-02-15,3,12.8,19.6,6.5,0.0,observed
2026-02-16,3,16.1,23.8,9.4,0.0,observed
2026-02-17,3,14.7,16.7,10.0,1.3,observed
2026-02-18,3,11.5,16.0,7.7,0.0,observed
2026-02-19,3,10.4,14.6,7.5,0.0,observed
2026-02-20,3,12.3,19.6,6.3,0.0,observed
2026-02-21,3,14.7,22.4,9.0,0.0,observed
2026-02-22,3,11.7,16.0,7.9,0.0,observed
2026-02-23,3,9.7,14.9,5.5,0.0,observed
2026-02-24,3,9.0,12.8,5.8,0.3,observed
2026-02-25,3,10.1,14.8,6.2,0.0,observed
2026-02-26,3,9.5,12.9,7.1,0.0,observed
2026-02-27,3,7.0,10.8,3.9,0.5,observed
2026-02-28,3,6.1,11.2,1.0,0.0,observed
2026-03-01,3,7.4,14.1,2.0,0.0,observed
2026-03-02,3,8.5,14.1,3.8,0.0,observed
2026-03-03,3,9.7,15.4,4.6,0.0,observed
2026-03-04,3,9.5,14.4,5.1,0.0,observed
2026-03-05,3,10.7,15.9,5.4,0.0,observed
2026-03-06,3,10.9,17.5,5.1,0.0,observed
2026-03-07,3,9.5,13.8,6.1,0.3,observed
2026-03-08,3,8.2,13.1,4.8,0.0,observed
2026-03-09,3,7.7,13.3,1.9,0.0,observed
2026-03-10,3,9.6,15.3,3.5,0.0,observed
2026-03-11,3,12.0,17.3,6.4,0.0,observed
2026-03-12,3,12.7,18.7,7.3,0.0,observed
2026-03-13,3,13.4,18.7,8.7,0.8,observed
2026-03-14,3,13.3,19.2,10.1,12.2,observed
2026-03-15,3,10.9,13.0,8.8,0.5,observed
2026-03-16,3,10.1,14.2,7.0,0.1,observed
2026-03-17,3,11.9,19.1,5.3,0.0,observed
2026-03-18,3,14.9,22.6,9.6,8.7,observed
2026-03-19,3,11.6,14.8,8.9,13.3,observed
2026-03-20,3,11.0,14.3,8.2,1.7,observed
2026-03-21,3,9.8,13.5,7.1,4.5,observed
2026-03-22,3,8.7,12.6,6.0,0.7,observed
2026-03-23,3,10.0,14.8,6.5,0.0,observed
2026-03-24,3,9.5,14.2,5.6,0.0,observed
2026-03-25,3,9.0,13.6,4.9,4.9,observed
2026-03-26,3,7.5,10.8,5.4,2.1,observed
2026-03-27,3,9.6,13.0,7.2,0.8,observed
2026-03-28,3,11.8,16.3,7.8,0.0,observed
2026-03-29,3,11.9,15.4,9.0,1.8,observed
2026-03-30,3,10.2,13.7,7.3,0.0,observed
2026-03-31,3,11.4,16.4,7.2,0.1,observed
2026-04-01,3,12.9,16.6,10.2,12.8,observed
2026-04-02,3,15.4,20.2,11.7,10.9,observed
2026-04-03,3,13.1,16.0,8.6,0.5,observed
2026-04-04,3,12.0,17.3,7.5,0.0,observed
2026-04-05,3,10.5,14.4,7.6,1.1,observed
2026-04-06,3,11.4,16.9,7.1,0.3,observed
2026-04-07,3,10.1,14.3,7.4,1.3,observed
2026-04-08,3,10.8,15.0,7.2,1.8,observed
2026-04-09,3,12.3,16.6,8.8,0.0,observed
2026-04-10,3,13.3,17.6,9.7,0.0,observed
2026-04-11,3,12.3,17.1,7.9,0.0,observed
2026-04-12,3,12.3,17.4,8.1,0.0,observed
2026-04-13,3,13.4,18.8,8.4,0.0,observed
2026-04-14,3,16.8,24.2,9.6,0.0,observed
2026-04-15,3,21.2,27.5,14.9,0.0,observed
2026-04-16,3,22.6,27.9,18.0,0.8,observed
2026-04-17,3,21.8,27.2,16.8,0.4,observed
2026-04-18,3,18.2,22.7,14.3,0.0,observed
2026-04-19,3,15.6,20.4,11.9,0.0,observed
2026-04-20,3,13.7,18.1,10.4,0.0,observed
2026-04-21,3,13.5,19.4,8.4,0.0,observed
2026-04-22,3,15.4,22.7,7.6,0.0,observed
2026-04-23,3,17.8,24.4,9.6,0.0,observed
2026-04-24,3,19.2,26.4,11.2,0.0,observed
2026-04-25,3,22.1,28.9,16.4,0.0,observed
2026-04-26,3,21.7,28.1,15.6,0.0,observed
2026-04-27,3,16.8,21.8,12.7,0.7,observed
2026-04-28,3,16.3,22.0,11.4,0.2,observed
2026-04-29,3,18.0,23.9,11.8,0.0,observed
2026-04-30,3,19.7,26.4,12.4,0.0,observed
2026-05-01,3,18.9,24.0,14.5,0.0,observed
2026-05-02,3,19.5,26.2,11.7,0.2,observed
2026-05-03,3,19.8,24.9,12.7,0.1,observed
2026-05-04,3,12.6,17.6,9.0,0.0,observed
2026-05-05,3,12.0,17.1,8.3,0.0,observed
2026-05-06,3,13.2,18.3,7.9,0.0,observed
2026-05-07,3,16.3,24.3,7.9,0.0,observed
2026-05-08,3,20.5,27.8,12.4,0.0,observed
2026-05-09,3,23.0,30.1,16.7,0.0,observed
2026-05-10,3,23.3,29.8,16.2,0.0,observed
2026-05-11,3,22.4,28.7,16.4,0.0,observed
2026-05-12,3,24.5,31.2,17.5,0.0,observed
2026-05-13,3,23.1,27.7,17.2,0.0,observed
2026-05-14,3,23.9,29.6,18.2,0.0,observed
2026-05-15,3,21.1,25.2,14.7,0.0,observed
2026-05-16,3,16.4,21.3,11.5,0.0,observed
2026-05-17,3,21.8,29.1,13.4,0.0,observed
2026-05-18,3,26.5,31.6,22.5,0.0,observed
2026-05-19,3,21.7,25.8,18.3,0.0,observed
2026-05-20,3,19.3,24.5,13.6,0.0,observed
2026-05-21,3,15.7,20.0,11.7,0.0,observed
2026-05-22,3,18.0,23.8,11.9,0.0,observed
2026-05-23,3,19.0,24.4,13.4,0.0,observed
2026-05-24,3,19.3,24.4,14.3,0.0,observed
2026-05-25,3,19.7,26.5,13.0,0.0,observed
2026-05-26,3,20.6,27.8,13.8,0.0,observed
2026-05-27,3,22.8,29.8,16.5,0.0,observed
2026-05-28,3,20.0,25.4,15.1,0.0,observed
2026-05-29,3,19.5,24.9,14.9,0.0,observed
2026-05-30,3,20.3,26.4,14.6,0.0,observed
2026-05-31,3,22.2,28.3,15.9,0.0,observed
2026-06-01,3,22.8,28.9,16.9,0.0,observed
2026-06-02,3,22.6,28.7,15.8,0.0,observed
2026-06-03,3,24.1,29.3,18.9,0.0,observed
2026-06-04,3,24.8,30.6,19.0,0.0,observed
2026-06-05,3,23.4,29.3,18.2,0.0,observed
2026-06-06,3,23.4,29.3,16.5,0.0,observed
2026-06-07,3,23.3,28.4,18.5,0.0,observed
2026-06-08,3,23.5,29.9,16.8,0.0,observed
2026-06-09,3,24.8,30.6,18.7,0.0,observed
2026-06-10,3,25.0,30.8,18.7,0.0,observed
2026-06-11,3,25.1,30.7,19.7,0.0,observed
2026-06-12,3,23.9,29.5,19.3,0.0,observed
2026-06-13,3,22.9,28.6,17.3,0.0,observed
2026-06-14,3,22.5,28.4,16.6,0.0,observed
2026-06-15,3,22.4,28.9,15.9,0.0,observed
2026-06-16,3,24.5,32.1,16.4,0.0,observed
2026-06-17,3,25.9,33.2,18.3,0.0,observed
2026-06-18,3,24.4,30.9,18.7,0.0,observed
2026-06-19,3,23.7,30.0,17.8,0.0,observed
2026-06-20,3,24.3,31.3,17.3,0.0,observed
2026-06-21,3,26.1,33.6,19.6,0.0,observed
2026-06-22,3,24.2,31.1,18.0,0.0,observed
2026-06-23,3,22.9,28.6,17.2,0.0,observed
2026-06-24,3,24.2,29.9,18.8,0.0,observed
2026-06-25,3,24.0,30.3,18.5,0.0,observed
2026-06-26,3,24.2,29.8,18.8,0.0,observed
2026-06-27,3,25.2,30.8,19.3,0.0,observed
2026-06-28,3,25.6,31.7,19.5,0.0,observed
2026-06-29,3,26.2,32.8,19.8,0.0,observed
2026-06-30,3,26.5,33.5,19.8,0.0,observed
2026-07-01,3,26.3,32.8,20.3,0.0,observed
2026-07-02,3,25.4,32.4,19.3,0.0,observed
2026-07-03,3,24.3,30.4,18.8,0.0,observed
2026-07-04,3,24.6,30.2,19.1,0.0,observed
2026-07-05,3,25.0,30.6,19.4,0.0,observed
2026-07-06,3,25.5,30.5,19.9,0.0,observed
2026-07-07,3,24.7,29.8,19.6,0.0,observed
2026-07-08,3,23.7,29.4,18.4,0.0,observed
2026-07-09,3,23.7,29.5,18.1,0.0,observed
2026-07-10,3,24.6,31.6,17.9,0.0,observed
2026-07-11,3,25.5,33.0,17.9,0.0,observed
2026-07-12,3,26.5,33.9,19.5,0.0,observed
2026-07-13,3,26.6,32.9,20.4,0.0,observed
2026-07-14,3,27.2,33.9,20.6,0.0,observed
2026-07-15,3,27.5,33.9,21.3,0.0,observed
2026-07-16,3,27.0,33.2,21.0,0.0,observed
2026-07-17,3,26.6,32.5,20.8,0.0,observed
2026-07-18,3,27.3,33.0,21.4,0.0,observed
2026-07-19,3,28.1,34.0,21.8,0.0,observed
2026-07-20,3,27.9,33.2,22.6,0.0,observed
2026-07-21,3,27.7,33.3,22.7,0.0,observed
2026-07-22,3,28.3,34.6,22.2,0.0,observed
2026-07-23,3,28.5,33.3,23.1,0.0,observed
2026-07-24,3,26.6,31.2,21.2,0.0,observed
2026-07-25,3,25.0,31.3,18.4,0.0,observed
2026-07-26,3,25.9,31.7,20.6,0.0,observed
2026-07-27,3,25.2,32.2,17.7,0.0,observed
2026-07-28,3,25.5,32.5,18.9,0.0,observed
2026-07-29,3,26.8,33.4,20.0,0.0,observed
2026-07-30,3,28.3,34.8,21.7,0.0,observed
2026-07-31,3,29.3,36.2,21.8,0.0,observed
2026-08-01,3,30.8,38.1,24.2,0.0,observed
2026-08-02,3,30.7,37.7,24.9,0.0,observed
2026-08-03,3,30.2,36.8,23.9,0.0,observed
2026-08-04,3,30.0,37.1,23.1,0.0,observed
2026-08-05,3,30.3,36.3,24.4,0.0,observed
2026-08-06,3,27.5,32.7,22.8,0.0,observed
2026-08-07,3,25.9,32.1,19.8,0.0,observed
2026-08-08,3,27.0,33.7,20.8,0.0,observed
2026-08-09,3,27.8,33.6,22.5,0.0,observed
2026-08-10,3,28.9,35.7,22.2,0.0,observed
2026-08-11,3,29.3,34.9,24.2,0.0,observed
2026-08-12,3,29.2,33.8,25.4,0.0,observed
2026-08-13,3,27.7,33.0,23.2,0.0,observed
2026-08-14,3,25.8,30.2,20.9,0.0,observed
2026-08-15,3,27.3,32.5,22.7,0.0,observed
2026-08-16,3,27.2,32.7,22.0,0.0,observed
2026-08-17,3,25.2,30.4,20.4,0.0,observed
2026-08-18,3,24.4,31.0,18.1,0.0,observed
2026-08-19,3,26.0,33.3,18.9,0.0,observed
2026-08-20,3,29.1,36.4,22.1,0.0,observed
2026-08-21,3,30.0,37.8,23.0,0.0,observed
2026-08-22,3,27.7,34.7,22.1,0.0,observed
2026-08-23,3,27.1,34.1,20.9,0.0,observed
2026-08-24,3,28.3,35.1,22.1,0.0,observed
2026-08-25,3,28.0,34.9,21.5,0.0,observed
2026-08-26,3,29.0,35.2,22.8,0.0,observed
2026-08-27,3,29.3,35.3,23.5,0.0,observed
2026-08-28,3,28.1,33.1,22.8,0.0,observed
2026-08-29,3,26.7,31.7,22.3,0.0,observed
2026-08-30,3,23.1,28.1,18.7,0.1,observed
2026-08-31,3,24.1,30.5,19.2,0.0,observed
2026-09-01,3,25.6,32.3,19.2,0.0,observed
2026-09-02,3,28.0,35.3,21.5,0.0,observed
2026-09-03,3,27.5,33.8,22.4,0.0,observed
2026-09-04,3,25.4,31.4,19.5,0.0,observed
2026-09-05,3,25.1,31.4,19.5,0.0,observed
2026-09-06,3,24.3,29.7,19.5,0.0,observed
2026-09-07,3,26.1,33.8,19.0,0.0,observed
2026-09-08,3,27.2,33.3,21.1,0.0,observed
2026-09-09,3,26.2,32.3,20.1,0.0,observed
2026-09-10,3,25.0,31.0,19.2,0.0,observed
2026-09-11,3,25.0,32.4,18.2,0.0,observed
2026-09-12,3,25.4,32.2,19.2,0.0,observed
2026-09-13,3,26.3,33.2,20.4,0.0,observed
2026-09-14,3,27.0,34.1,20.2,0.0,observed
2026-09-15,3,27.3,34.0,20.8,0.0,observed
2026-09-16,3,28.3,35.1,21.1,0.0,observed
2026-09-17,3,27.1,32.4,22.0,0.0,observed
2026-09-18,3,23.9,27.4,20.0,0.0,observed
2026-09-19,3,22.3,27.5,17.5,0.0,observed
2026-09-20,3,23.4,30.3,17.2,0.0,observed
2026-09-21,3,24.5,31.2,19.1,0.0,observed
2026-09-22,3,23.3,29.2,17.8,0.0,observed
2026-09-23,3,23.2,29.3,18.3,0.0,observed
2026-09-24,3,23.0,29.6,17.6,0.0,observed
2026-09-25,3,22.8,29.0,18.5,0.0,observed
2026-09-26,3,22.3,28.6,17.0,0.0,observed
2026-09-27,3,22.2,27.8,17.0,0.0,observed
2026-09-28,3,22.5,27.4,19.2,0.0,forecast
2026-09-29,3,20.0,23.8,17.3,0.0,forecast
2026-09-30,3,19.4,25.0,15.6,0.0,forecast
2026-10-01,3,19.0,24.8,13.7,0.0,forecast
2026-10-02,3,19.4,24.0,16.0,0.0,forecast
2026-10-03,3,18.7,24.6,13.7,0.0,forecast
2026-10-04,3,17.7,24.2,12.0,0.0,forecast
2026-10-05,3,18.8,22.9,14.2,0.0,forecast
2026-10-06,3,18.6,24.4,14.7,0.0,forecast
2026-10-07,3,20.1,25.8,15.0,0.0,forecast
2026-10-08,3,22.1,27.8,18.3,0.0,forecast
2026-10-09,3,21.2,26.7,17.7,0.0,forecast
2026-10-10,3,20.7,27.3,16.0,0.0,forecast
2026-10-11,3,20.9,27.8,15.4,0.0,forecast
2026-10-12,3,22.0,28.0,17.6,0.0,forecast
2025-01-01,4,7.0,12.3,3.7,0.0,observed
2025-01-02,4,6.8,11.9,3.2,0.0,observed
2025-01-03,4,6.5,13.1,2.0,0.0,observed
2025-01-04,4,7.9,14.1,2.8,0.0,observed
2025-01-05,4,8.1,14.1,3.0,0.0,observed
2025-01-06,4,9.3,14.2,5.4,0.8,observed
2025-01-07,4,6.5,11.8,2.5,0.0,observed
2025-01-08,4,6.7,12.6,2.1,0.0,observed
2025-01-09,4,7.8,12.9,3.5,0.0,observed
2025-01-10,4,7.9,14.1,2.9,0.1,observed
2025-01-11,4,8.5,12.6,5.6,0.0,observed
2025-01-12,4,9.7,15.0,6.3,0.0,observed
2025-01-13,4,9.6,15.3,5.3,0.0,observed
2025-01-14,4,9.6,15.4,4.8,0.0,observed
2025-01-15,4,11.0,18.2,5.8,0.0,observed
2025-01-16,4,12.0,17.5,8.5,0.0,observed
2025-01-17,4,9.9,15.0,6.7,0.0,observed
2025-01-18,4,8.9,14.8,4.9,0.0,observed
2025-01-19,4,8.7,14.3,5.1,0.0,observed
2025-01-20,4,9.1,14.1,5.4,0.0,observed
2025-01-21,4,8.9,14.7,4.9,0.0,observed
2025-01-22,4,8.9,13.8,5.4,0.0,observed
2025-01-23,4,8.9,13.2,6.3,0.9,observed
2025-01-24,4,8.5,13.2,5.8,1.5,observed
2025-01-25,4,9.3,14.7,5.0,0.0,observed
2025-01-26,4,9.4,15.4,4.8,1.8,observed
2025-01-27,4,9.9,15.4,5.3,0.1,observed
2025-01-28,4,8.6,13.8,3.0,0.0,observed
2025-01-29,4,9.5,15.6,4.1,0.0,observed
2025-01-30,4,10.0,16.9,4.1,0.0,observed
2025-01-31,4,9.6,14.1,6.8,0.0,observed
2025-02-01,4,9.3,14.4,5.8,0.0,observed
2025-02-02,4,10.2,17.2,5.2,0.0,observed
2025-02-03,4,11.4,18.1,6.7,0.0,observed
2025-02-04,4,12.5,18.9,8.3,0.0,observed
2025-02-05,4,8.4,10.8,6.3,8.6,observed
2025-02-06,4,4.6,6.3,3.5,19.8,observed
2025-02-07,4,5.0,7.8,3.3,1.3,observed
2025-02-08,4,5.1,9.6,2.2,0.0,observed
2025-02-09,4,5.3,9.2,1.8,0.0,observed
2025-02-10,4,5.9,9.7,3.7,1.9,observed
2025-02-11,4,6.7,11.6,3.2,0.3,observed
2025-02-12,4,6.1,10.9,3.0,1.0,observed
2025-02-13,4,6.3,9.6,4.1,0.5,observed
2025-02-14,4,6.7,12.3,1.9,0.0,observed
2025-02-15,4,7.3,14.3,1.2,3.0,observed
2025-02-16,4,7.4,12.7,3.0,0.5,observed
2025-02-17,4,8.9,15.3,4.3,0.0,observed
2025-02-18,4,10.1,16.5,5.2,0.0,observed
2025-02-19,4,10.5,15.0,7.8,0.0,observed
2025-02-20,4,8.0,10.6,5.6,1.5,observed
2025-02-21,4,5.2,7.3,1.4,1.4,observed
2025-02-22,4,3.3,6.1,0.9,2.8,observed
2025-02-23,4,1.5,5.1,-1.4,0.0,observed
2025-02-24,4,0.4,4.4,-2.2,0.1,observed
2025-02-25,4,1.7,8.3,-3.3,0.0,observed
2025-02-26,4,4.5,10.8,0.1,0.0,observed
2025-02-27,4,6.8,12.6,2.4,0.0,observed
2025-02-28,4,7.7,13.8,3.0,0.0,observed
2025-03-01,4,7.8,12.6,4.4,6.9,observed
2025-03-02,4,9.4,16.3,4.2,0.0,observed
2025-03-03,4,11.6,18.5,5.7,0.0,observed
2025-03-04,4,12.8,18.9,7.7,0.0,observed
2025-03-05,4,11.0,17.2,7.9,0.6,observed
2025-03-06,4,9.9,15.6,5.3,0.2,observed
2025-03-07,4,8.6,11.4,6.6,25.7,observed
2025-03-08,4,10.8,15.9,6.6,0.0,observed
2025-03-09,4,11.3,17.1,7.0,0.0,observed
2025-03-10,4,11.0,16.6,6.9,0.2,observed
2025-03-11,4,12.8,19.1,7.3,0.0,observed
2025-03-12,4,14.3,20.4,8.4,0.0,observed
2025-03-13,4,16.3,23.7,10.4,0.0,observed
2025-03-14,4,17.6,25.3,10.8,0.0,observed
2025-03-15,4,20.2,27.5,13.7,0.0,observed
2025-03-16,4,20.4,27.9,13.7,0.0,observed
2025-03-17,4,20.8,27.9,15.0,0.0,observed
2025-03-18,4,19.9,25.8,13.2,0.0,observed
2025-03-19,4,12.8,17.7,8.5,0.0,observed
2025-03-20,4,7.6,10.4,4.4,2.4,observed
2025-03-21,4,5.2,8.2,2.9,2.7,observed
2025-03-22,4,6.7,11.5,3.1,0.3,observed
2025-03-23,4,8.6,15.2,2.8,0.0,observed
2025-03-24,4,12.3,20.3,5.6,0.0,observed
2025-03-25,4,17.1,24.4,10.5,0.0,observed
2025-03-26,4,19.4,26.6,13.4,0.0,observed
2025-03-27,4,20.9,28.9,13.9,0.0,observed
2025-03-28,4,21.4,28.9,14.5,0.0,observed
2025-03-29,4,16.5,20.3,12.3,2.6,observed
2025-03-30,4,12.5,17.8,9.1,15.1,observed
2025-03-31,4,14.3,21.1,7.3,0.0,observed
2025-04-01,4,17.6,23.9,13.7,0.9,observed
2025-04-02,4,15.8,20.9,11.5,0.0,observed
2025-04-03,4,14.9,21.3,9.6,0.0,observed
2025-04-04,4,14.1,20.2,9.4,0.0,observed
2025-04-05,4,13.0,18.6,7.6,0.0,observed
2025-04-06,4,19.3,27.3,11.4,0.0,observed
2025-04-07,4,21.1,26.2,16.7,0.0,observed
2025-04-08,4,23.7,30.7,17.5,0.0,observed
2025-04-09,4,20.2,25.1,11.4,0.0,observed
2025-04-10,4,11.1,15.9,7.8,0.0,observed
2025-04-11,4,9.5,13.5,6.6,1.3,observed
2025-04-12,4,9.9,14.0,6.8,1.0,observed
2025-04-13,4,10.0,16.2,5.7,1.8,observed
2025-04-14,4,9.8,13.8,5.9,0.3,observed
2025-04-15,4,10.8,16.3,7.4,0.1,observed
2025-04-16,4,13.5,21.3,6.0,0.0,observed
2025-04-17,4,17.0,23.5,9.7,0.0,observed
2025-04-18,4,19.7,27.2,12.1,0.0,observed
2025-04-19,4,21.8,29.1,15.3,0.0,observed
2025-04-20,4,20.9,28.3,14.5,0.0,observed
2025-04-21,4,19.4,25.7,12.7,0.0,observed
2025-04-22,4,24.5,31.7,17.6,0.0,observed
2025-04-23,4,26.0,32.2,19.8,0.0,observed
2025-04-24,4,22.5,28.9,16.9,0.0,observed
2025-04-25,4,17.5,23.5,11.8,0.0,observed
2025-04-26,4,15.3,21.3,9.6,0.0,observed
2025-04-27,4,16.5,23.6,9.2,0.0,observed
2025-04-28,4,18.0,25.1,11.9,0.0,observed
2025-04-29,4,17.2,23.6,10.8,0.0,observed
2025-04-30,4,22.2,31.9,13.6,0.3,observed
2025-05-01,4,17.8,24.0,13.6,1.9,observed
2025-05-02,4,16.7,21.7,11.6,0.0,observed
2025-05-03,4,17.2,24.4,11.1,0.0,observed
2025-05-04,4,15.6,21.3,11.3,0.7,observed
2025-05-05,4,14.4,18.8,10.4,1.0,observed
2025-05-06,4,17.3,23.9,10.4,0.0,observed
2025-05-07,4,20.5,28.2,13.0,0.0,observed
2025-05-08,4,24.0,31.6,17.2,0.0,observed
2025-05-09,4,25.7,33.2,20.0,0.0,observed
2025-05-10,4,26.3,33.7,19.8,0.0,observed
2025-05-11,4,25.3,32.0,19.4,0.0,observed
2025-05-12,4,23.4,29.0,15.3,0.3,observed
2025-05-13,4,19.2,25.0,12.6,0.0,observed
2025-05-14,4,18.2,22.6,13.9,0.1,observed
2025-05-15,4,17.1,23.3,11.2,0.0,observed
2025-05-16,4,21.6,30.3,12.3,0.0,observed
2025-05-17,4,28.9,37.5,20.4,0.0,observed
2025-05-18,4,27.3,33.8,20.9,0.0,observed
2025-05-19,4,22.0,28.2,17.1,0.0,observed
2025-05-20,4,20.7,28.2,14.5,0.0,observed
2025-05-21,4,21.1,29.1,12.9,0.0,observed
2025-05-22,4,23.9,33.8,15.8,0.0,observed
2025-05-23,4,21.8,27.3,16.5,0.0,observed
2025-05-24,4,23.4,29.7,17.6,0.0,observed
2025-05-25,4,25.7,33.0,18.7,0.0,observed
2025-05-26,4,28.2,36.1,19.8,0.0,observed
2025-05-27,4,22.5,27.3,15.8,0.0,observed
2025-05-28,4,18.5,25.0,13.1,0.0,observed
2025-05-29,4,18.6,24.2,13.0,0.0,observed
2025-05-30,4,20.1,25.9,13.9,0.0,observed
2025-05-31,4,23.1,30.7,15.9,0.0,observed
2025-06-01,4,21.4,27.6,16.0,0.0,observed
2025-06-02,4,19.4,25.1,14.9,0.0,observed
2025-06-03,4,18.8,25.4,13.6,0.0,observed
2025-06-04,4,20.6,26.6,14.5,0.0,observed
2025-06-05,4,23.8,32.2,15.1,0.0,observed
2025-06-06,4,25.8,33.3,18.4,0.0,observed
2025-06-07,4,25.2,32.7,18.2,0.0,observed
2025-06-08,4,25.1,31.6,19.2,0.0,observed
2025-06-09,4,24.7,30.8,19.0,0.0,observed
2025-06-10,4,26.9,35.8,19.6,0.0,observed
2025-06-11,4,26.1,32.6,20.2,0.0,observed
2025-06-12,4,26.7,33.4,20.6,0.0,observed
2025-06-13,4,26.9,34.4,19.8,0.0,observed
2025-06-14,4,27.2,34.4,20.6,0.0,observed
2025-06-15,4,24.9,30.5,19.9,0.0,observed
2025-06-16,4,23.6,30.7,16.7,0.0,observed
2025-06-17,4,24.3,31.4,17.9,0.0,observed
2025-06-18,4,25.3,33.7,16.7,0.0,observed
2025-06-19,4,25.4,32.7,18.8,0.0,observed
2025-06-20,4,24.9,31.9,18.9,0.0,observed
2025-06-21,4,25.3,31.9,18.9,0.0,observed
2025-06-22,4,25.0,31.2,19.0,0.0,observed
2025-06-23,4,23.6,30.7,17.0,0.0,observed
2025-06-24,4,24.2,32.0,17.7,0.0,observed
2025-06-25,4,24.8,32.1,19.0,0.0,observed
2025-06-26,4,25.7,33.3,18.7,0.0,observed
2025-06-27,4,27.8,34.9,21.1,0.0,observed
2025-06-28,4,28.9,35.8,23.1,0.0,observed
2025-06-29,4,28.2,33.7,23.6,0.0,observed
2025-06-30,4,26.6,32.0,21.6,0.0,observed
2025-07-01,4,25.8,31.6,20.0,0.0,observed
2025-07-02,4,25.4,31.1,20.9,0.0,observed
2025-07-03,4,25.3,31.1,19.9,0.0,observed
2025-07-04,4,24.7,30.4,19.7,0.0,observed
2025-07-05,4,24.0,30.6,18.2,0.0,observed
2025-07-06,4,24.5,32.0,17.5,0.0,observed
2025-07-07,4,25.4,32.5,18.4,0.0,observed
2025-07-08,4,26.1,32.5,20.4,0.0,observed
2025-07-09,4,26.2,32.4,19.8,0.0,observed
2025-07-10,4,27.3,34.0,21.0,0.0,observed
2025-07-11,4,28.4,34.9,22.5,0.0,observed
2025-07-12,4,28.2,34.9,22.5,0.0,observed
2025-07-13,4,26.4,33.7,20.2,0.0,observed
2025-07-14,4,26.3,33.6,20.0,0.0,observed
2025-07-15,4,25.8,32.3,19.0,0.0,observed
2025-07-16,4,26.4,32.5,20.2,0.0,observed
2025-07-17,4,27.2,33.0,21.4,0.0,observed
2025-07-18,4,27.6,33.4,22.1,0.0,observed
2025-07-19,4,24.5,31.0,18.8,0.0,observed
2025-07-20,4,24.0,30.5,17.7,0.0,observed
2025-07-21,4,26.3,32.7,20.2,0.0,observed
2025-07-22,4,28.3,35.4,21.5,0.0,observed
2025-07-23,4,28.7,34.8,23.2,0.0,observed
2025-07-24,4,28.3,33.4,24.8,0.0,observed
2025-07-25,4,28.3,33.8,23.2,0.0,observed
2025-07-26,4,29.0,35.1,22.7,0.0,observed
2025-07-27,4,29.3,35.1,23.6,0.0,observed
2025-07-28,4,29.1,34.6,24.1,0.0,observed
2025-07-29,4,26.7,32.3,21.2,0.0,observed
2025-07-30,4,26.4,32.9,21.1,0.0,observed
2025-07-31,4,24.1,30.1,19.1,0.0,observed
2025-08-01,4,23.9,30.9,18.1,0.0,observed
2025-08-02,4,24.5,32.2,17.1,0.0,observed
2025-08-03,4,25.3,32.3,19.5,0.0,observed
2025-08-04,4,24.7,31.7,18.9,0.0,observed
2025-08-05,4,23.8,31.1,17.3,0.0,observed
2025-08-06,4,25.0,33.2,17.7,0.0,observed
2025-08-07,4,26.7,34.2,20.0,0.0,observed
2025-08-08,4,30.9,40.8,22.1,0.0,observed
2025-08-09,4,32.2,40.3,25.5,0.0,observed
2025-08-10,4,32.3,39.1,25.6,0.1,observed
2025-08-11,4,33.4,39.4,27.4,0.3,observed
2025-08-12,4,34.5,41.4,28.6,0.0,observed
2025-08-13,4,35.1,41.8,28.6,0.0,observed
2025-08-14,4,34.1,40.5,28.0,0.0,observed
2025-08-15,4,30.9,36.0,25.9,0.0,observed
2025-08-16,4,27.1,33.2,22.2,0.0,observed
2025-08-17,4,24.4,31.6,19.0,0.0,observed
2025-08-18,4,23.6,30.9,18.3,0.0,observed
2025-08-19,4,24.3,31.3,18.5,0.0,observed
2025-08-20,4,25.2,31.5,20.3,0.0,observed
2025-08-21,4,24.4,31.1,18.6,0.0,observed
2025-08-22,4,26.0,33.1,19.4,0.0,observed
2025-08-23,4,26.9,33.5,21.1,0.0,observed
2025-08-24,4,27.2,33.5,21.7,0.0,observed
2025-08-25,4,25.0,31.1,19.5,0.0,observed
2025-08-26,4,23.9,29.7,18.6,0.0,observed
2025-08-27,4,23.1,29.2,18.2,0.0,observed
2025-08-28,4,23.7,30.2,18.5,0.0,observed
2025-08-29,4,24.1,31.1,18.1,0.0,observed
2025-08-30,4,23.6,29.5,18.6,0.0,observed
2025-08-31,4,23.6,30.4,18.3,0.0,observed
2025-09-01,4,23.9,30.8,18.0,0.0,observed
2025-09-02,4,24.1,30.3,18.9,0.0,observed
2025-09-03,4,23.2,29.7,18.1,0.0,observed
2025-09-04,4,23.6,30.1,17.5,0.0,observed
2025-09-05,4,25.3,32.7,18.9,0.0,observed
2025-09-06,4,25.6,32.8,19.6,0.0,observed
2025-09-07,4,23.1,30.0,18.3,0.0,observed
2025-09-08,4,21.8,28.1,15.9,0.0,observed
2025-09-09,4,21.8,28.6,16.3,0.0,observed
2025-09-10,4,22.1,29.5,15.9,0.0,observed
2025-09-11,4,23.5,31.5,16.2,0.0,observed
2025-09-12,4,24.7,32.4,17.7,0.0,observed
2025-09-13,4,25.1,32.5,19.2,0.0,observed
2025-09-14,4,25.5,32.4,19.8,0.0,observed
2025-09-15,4,25.3,31.8,19.3,0.0,observed
2025-09-16,4,23.9,30.4,18.0,0.0,observed
2025-09-17,4,23.3,29.5,18.7,0.0,observed
2025-09-18,4,23.0,29.8,17.3,0.0,observed
2025-09-19,4,22.4,28.1,17.7,0.0,observed
2025-09-20,4,22.8,29.9,16.6,0.0,observed
2025-09-21,4,24.4,31.2,18.1,0.0,observed
2025-09-22,4,25.1,32.0,18.9,0.0,observed
2025-09-23,4,25.7,33.3,19.4,0.0,observed
2025-09-24,4,22.8,28.5,18.3,0.0,observed
2025-09-25,4,19.2,23.8,16.5,0.9,observed
2025-09-26,4,20.7,27.3,15.7,0.0,observed
2025-09-27,4,22.8,29.7,16.5,0.0,observed
2025-09-28,4,25.2,32.1,19.8,0.0,observed
2025-09-29,4,24.1,30.3,19.3,0.0,observed
2025-09-30,4,21.4,26.3,17.7,0.0,observed
2025-10-01,4,19.9,26.0,15.7,0.0,observed
2025-10-02,4,20.2,26.6,14.5,0.0,observed
2025-10-03,4,24.0,31.3,17.9,0.0,observed
2025-10-04,4,24.7,32.5,18.6,0.0,observed
2025-10-05,4,22.3,30.3,16.6,0.0,observed
2025-10-06,4,20.2,26.2,15.8,0.0,observed
2025-10-07,4,19.4,25.4,14.4,0.0,observed
2025-10-08,4,19.8,25.6,15.3,0.0,observed
2025-10-09,4,19.2,23.1,15.3,1.4,observed
2025-10-10,4,18.2,24.8,13.1,0.0,observed
2025-10-11,4,20.5,28.3,14.8,0.0,observed
2025-10-12,4,18.4,22.9,15.0,0.0,observed
2025-10-13,4,18.2,24.3,13.2,0.0,observed
2025-10-14,4,18.8,25.8,14.2,0.0,observed
2025-10-15,4,17.7,24.3,12.6,0.0,observed
2025-10-16,4,18.6,26.0,12.9,0.0,observed
2025-10-17,4,21.1,28.4,16.0,0.0,observed
2025-10-18,4,19.2,25.1,15.2,0.0,observed
2025-10-19,4,17.9,23.7,13.4,0.0,observed
2025-10-20,4,19.2,25.3,14.6,0.0,observed
2025-10-21,4,20.7,26.6,15.8,0.0,observed
2025-10-22,4,21.8,27.9,16.8,0.0,observed
2025-10-23,4,23.2,30.8,17.3,0.0,observed
2025-10-24,4,21.7,26.4,16.6,0.0,observed
2025-10-25,4,19.4,25.4,14.4,0.0,observed
2025-10-26,4,19.5,25.3,15.2,0.0,observed
2025-10-27,4,19.7,27.2,13.5,0.0,observed
2025-10-28,4,21.3,28.4,15.8,0.0,observed
2025-10-29,4,18.9,24.6,14.3,0.0,observed
2025-10-30,4,19.3,25.7,14.3,0.0,observed
2025-10-31,4,19.4,25.6,13.6,0.0,observed
2025-11-01,4,20.7,27.4,14.8,0.0,observed
2025-11-02,4,21.9,29.0,15.7,0.0,observed
2025-11-03,4,21.5,28.8,15.8,0.0,observed
2025-11-04,4,22.5,28.8,18.0,0.0,observed
2025-11-05,4,23.0,30.4,16.9,0.0,observed
2025-11-06,4,22.1,29.0,16.3,0.0,observed
2025-11-07,4,19.5,26.0,14.9,0.0,observed
2025-11-08,4,18.9,25.0,14.0,0.0,observed
2025-11-09,4,19.3,25.5,13.1,0.0,observed
2025-11-10,4,19.6,26.4,14.1,0.0,observed
2025-11-11,4,19.1,26.3,13.6,0.0,observed
2025-11-12,4,17.6,23.5,12.6,0.0,observed
2025-11-13,4,17.0,22.8,13.3,0.0,observed
2025-11-14,4,12.9,16.6,10.4,1.6,observed
2025-11-15,4,12.5,15.3,10.4,2.7,observed
2025-11-16,4,13.0,17.3,10.7,0.6,observed
2025-11-17,4,13.4,18.8,8.7,0.0,observed
2025-11-18,4,14.2,19.5,8.8,0.0,observed
2025-11-19,4,14.4,20.0,9.2,0.0,observed
2025-11-20,4,15.8,22.9,9.7,0.0,observed
2025-11-21,4,17.3,24.9,11.5,0.0,observed
2025-11-22,4,18.2,24.4,12.9,0.0,observed
2025-11-23,4,16.9,23.0,11.0,0.0,observed
2025-11-24,4,16.1,23.2,10.3,0.0,observed
2025-11-25,4,14.0,17.7,10.3,3.8,observed
2025-11-26,4,12.0,17.3,8.3,0.0,observed
2025-11-27,4,12.9,18.8,7.6,0.0,observed
2025-11-28,4,14.2,19.9,9.5,0.0,observed
2025-11-29,4,15.1,21.4,10.1,0.0,observed
2025-11-30,4,14.7,19.0,9.9,0.0,observed
2025-12-01,4,12.6,17.5,9.7,0.0,observed
2025-12-02,4,12.5,18.4,8.6,0.0,observed
2025-12-03,4,12.9,18.1,8.7,0.0,observed
2025-12-04,4,13.1,17.7,9.6,0.0,observed
2025-12-05,4,12.9,19.1,7.2,0.4,observed
2025-12-06,4,13.3,17.3,10.5,3.2,observed
2025-12-07,4,11.6,15.5,7.8,0.0,observed
2025-12-08,4,9.7,14.1,6.5,0.0,observed
2025-12-09,4,9.7,13.2,7.5,0.7,observed
2025-12-10,4,10.1,13.2,8.3,1.5,observed
2025-12-11,4,9.2,12.9,7.3,15.8,observed
2025-12-12,4,9.9,13.5,8.3,1.0,observed
2025-12-13,4,9.8,14.3,7.0,0.0,observed
2025-12-14,4,9.5,14.2,6.3,0.0,observed
2025-12-15,4,9.4,14.1,6.4,3.5,observed
2025-12-16,4,8.5,11.8,6.3,4.2,observed
2025-12-17,4,6.0,10.0,2.9,3.7,observed
2025-12-18,4,7.8,13.5,3.9,0.0,observed
2025-12-19,4,8.9,13.8,5.8,0.0,observed
2025-12-20,4,9.6,15.0,6.6,0.0,observed
2025-12-21,4,8.3,13.0,5.3,0.0,observed
2025-12-22,4,9.5,15.3,5.7,0.0,observed
2025-12-23,4,9.5,14.6,6.2,0.0,observed
2025-12-24,4,9.5,14.7,6.6,0.0,observed
2025-12-25,4,7.8,13.1,4.3,0.0,observed
2025-12-26,4,9.1,14.3,5.5,0.0,observed
2025-12-27,4,9.2,12.2,7.4,1.8,observed
2025-12-28,4,7.6,9.5,6.5,5.0,observed
2025-12-29,4,7.8,9.8,6.3,3.9,observed
2025-12-30,4,8.3,11.8,6.4,0.3,observed
2025-12-31,4,9.1,12.3,7.0,0.1,observed
2026-01-01,4,9.5,12.0,7.9,0.6,observed
2026-01-02,4,7.7,10.1,4.8,12.7,observed
2026-01-03,4,5.7,10.8,2.4,0.0,observed
2026-01-04,4,5.9,11.2,1.1,0.0,observed
2026-01-05,4,7.3,12.4,2.5,0.0,observed
2026-01-06,4,9.1,15.7,4.1,0.0,observed
2026-01-07,4,11.9,17.5,8.1,0.0,observed
2026-01-08,4,13.0,20.4,8.1,0.0,observed
2026-01-09,4,9.7,13.6,6.5,11.3,observed
2026-01-10,4,8.1,11.6,6.4,0.0,observed
2026-01-11,4,9.1,15.1,5.3,0.0,observed
2026-01-12,4,8.7,12.0,5.7,0.0,observed
2026-01-13,4,5.1,6.5,4.4,34.4,observed
2026-01-14,4,6.1,8.7,4.2,0.8,observed
2026-01-15,4,6.4,10.6,3.2,0.0,observed
2026-01-16,4,6.7,12.5,2.7,0.0,observed
2026-01-17,4,7.4,12.9,3.7,0.0,observed
2026-01-18,4,7.2,11.2,5.2,1.0,observed
2026-01-19,4,6.5,9.7,2.0,0.4,observed
2026-01-20,4,3.5,7.8,1.1,0.0,observed
2026-01-21,4,3.6,7.7,-0.7,0.0,observed
2026-01-22,4,5.1,7.3,3.3,3.3,observed
2026-01-23,4,9.4,14.5,5.9,3.6,observed
2026-01-24,4,7.6,12.5,5.3,1.2,observed
2026-01-25,4,8.6,14.5,4.5,0.0,observed
2026-01-26,4,9.7,16.6,5.2,0.0,observed
2026-01-27,4,9.9,15.2,6.5,0.0,observed
2026-01-28,4,8.3,11.3,5.9,0.4,observed
2026-01-29,4,9.3,12.9,7.0,0.1,observed
2026-01-30,4,11.5,16.1,8.6,0.0,observed
2026-01-31,4,11.8,16.9,7.8,0.0,observed
2026-02-01,4,15.6,21.9,10.3,0.0,observed
2026-02-02,4,15.2,20.2,9.1,0.5,observed
2026-02-03,4,9.2,11.3,7.9,2.7,observed
2026-02-04,4,9.5,14.0,6.7,0.0,observed
2026-02-05,4,11.4,19.4,6.1,0.0,observed
2026-02-06,4,13.6,19.0,10.5,0.0,observed
2026-02-07,4,14.1,17.7,11.1,0.0,observed
2026-02-08,4,16.0,20.0,12.3,0.0,observed
2026-02-09,4,16.7,19.6,13.3,0.0,observed
2026-02-10,4,14.5,17.8,9.6,0.0,observed
2026-02-11,4,11.4,15.6,7.8,0.0,observed
2026-02-12,4,12.4,17.1,8.2,0.0,observed
2026-02-13,4,14.8,20.1,10.5,0.0,observed
2026-02-14,4,11.9,15.4,8.0,0.0,observed
2026-02-15,4,12.4,20.0,6.3,0.0,observed
2026-02-16,4,15.1,23.2,8.7,0.0,observed
2026-02-17,4,13.8,17.1,9.0,1.1,observed
2026-02-18,4,11.1,15.9,7.6,0.0,observed
2026-02-19,4,9.8,14.0,7.4,0.0,observed
2026-02-20,4,11.8,19.3,5.0,0.0,observed
2026-02-21,4,14.0,21.9,7.7,0.0,observed
2026-02-22,4,11.0,15.6,7.2,0.0,observed
2026-02-23,4,9.2,14.9,5.4,0.2,observed
2026-02-24,4,8.7,12.6,5.3,0.5,observed
2026-02-25,4,9.5,14.9,5.6,0.0,observed
2026-02-26,4,9.2,12.9,6.5,0.3,observed
2026-02-27,4,6.5,10.5,2.5,0.4,observed
2026-02-28,4,5.5,11.3,0.4,0.0,observed
2026-03-01,4,6.6,13.6,1.7,0.0,observed
2026-03-02,4,7.8,13.9,2.2,0.0,observed
2026-03-03,4,9.0,15.4,3.3,0.0,observed
2026-03-04,4,9.1,14.2,4.9,0.0,observed
2026-03-05,4,10.2,15.6,5.4,0.0,observed
2026-03-06,4,10.4,17.3,4.0,0.0,observed
2026-03-07,4,9.0,13.3,5.9,0.3,observed
2026-03-08,4,7.6,12.7,4.2,0.0,observed
2026-03-09,4,7.2,12.9,1.8,0.0,observed
2026-03-10,4,9.1,15.4,3.0,0.0,observed
2026-03-11,4,10.7,17.3,4.2,0.0,observed
2026-03-12,4,12.2,18.5,6.7,0.0,observed
2026-03-13,4,12.9,18.4,8.1,1.8,observed
2026-03-14,4,13.0,19.1,9.6,16.3,observed
2026-03-15,4,10.7,13.6,8.0,0.7,observed
2026-03-16,4,10.0,14.7,6.7,0.1,observed
2026-03-17,4,11.9,19.5,4.9,0.0,observed
2026-03-18,4,14.8,23.6,9.2,4.1,observed
2026-03-19,4,11.7,15.4,8.9,12.1,observed
2026-03-20,4,11.1,14.6,8.1,2.4,observed
2026-03-21,4,9.6,13.7,7.0,4.7,observed
2026-03-22,4,8.5,12.8,5.7,0.5,observed
2026-03-23,4,9.9,15.3,5.7,0.1,observed
2026-03-24,4,9.7,15.2,5.9,0.0,observed
2026-03-25,4,9.1,13.7,5.4,4.1,observed
2026-03-26,4,7.7,11.3,5.4,2.3,observed
2026-03-27,4,9.6,13.4,7.3,0.9,observed
2026-03-28,4,11.7,16.8,7.3,0.0,observed
2026-03-29,4,11.8,15.5,8.4,1.9,observed
2026-03-30,4,10.2,14.1,7.1,0.2,observed
2026-03-31,4,11.1,16.9,6.4,0.0,observed
2026-04-01,4,12.7,16.6,9.5,13.0,observed
2026-04-02,4,15.3,20.6,11.5,8.9,observed
2026-04-03,4,13.0,16.2,8.3,1.3,observed
2026-04-04,4,11.9,18.0,7.2,0.0,observed
2026-04-05,4,10.2,14.5,6.8,1.0,observed
2026-04-06,4,11.1,16.8,6.5,0.1,observed
2026-04-07,4,9.9,14.0,7.1,8.1,observed
2026-04-08,4,10.5,15.0,6.6,0.7,observed
2026-04-09,4,11.8,17.0,7.4,0.0,observed
2026-04-10,4,12.9,18.1,9.2,0.0,observed
2026-04-11,4,11.9,17.0,7.2,0.0,observed
2026-04-12,4,11.7,16.6,7.2,0.1,observed
2026-04-13,4,12.6,18.3,7.7,0.0,observed
2026-04-14,4,16.1,24.3,7.9,0.0,observed
2026-04-15,4,19.7,27.1,12.3,0.0,observed
2026-04-16,4,21.7,27.6,16.0,1.4,observed
2026-04-17,4,21.1,27.3,16.2,1.0,observed
2026-04-18,4,17.5,22.9,13.4,0.0,observed
2026-04-19,4,15.0,20.4,10.5,0.0,observed
2026-04-20,4,13.1,18.4,8.9,0.0,observed
2026-04-21,4,12.8,19.2,7.4,0.0,observed
2026-04-22,4,14.7,22.1,7.1,0.0,observed
2026-04-23,4,17.1,24.3,10.0,0.0,observed
2026-04-24,4,18.3,25.5,10.9,0.0,observed
2026-04-25,4,21.5,28.8,15.8,0.0,observed
2026-04-26,4,21.3,28.4,15.5,0.0,observed
2026-04-27,4,16.2,21.3,12.0,1.7,observed
2026-04-28,4,15.8,22.2,10.9,0.0,observed
2026-04-29,4,17.4,23.4,11.5,0.0,observed
2026-04-30,4,19.1,26.3,11.9,0.0,observed
2026-05-01,4,18.1,23.8,13.1,0.0,observed
2026-05-02,4,18.9,25.9,11.3,0.0,observed
2026-05-03,4,19.1,25.0,11.9,0.4,observed
2026-05-04,4,12.3,18.0,8.3,0.0,observed
2026-05-05,4,11.7,17.2,7.9,0.0,observed
2026-05-06,4,12.8,18.8,7.1,0.0,observed
2026-05-07,4,15.6,23.8,7.4,0.0,observed
2026-05-08,4,19.7,27.9,11.7,0.0,observed
2026-05-09,4,22.4,29.9,15.9,0.0,observed
2026-05-10,4,22.2,29.0,15.1,0.0,observed
2026-05-11,4,21.7,28.4,15.8,0.0,observed
2026-05-12,4,23.8,30.6,16.8,0.0,observed
2026-05-13,4,22.1,27.3,15.5,0.0,observed
2026-05-14,4,23.2,29.5,16.9,0.0,observed
2026-05-15,4,20.2,25.2,13.6,0.0,observed
2026-05-16,4,15.9,21.0,11.1,0.0,observed
2026-05-17,4,21.4,29.1,12.5,0.0,observed
2026-05-18,4,25.7,30.8,21.0,0.0,observed
2026-05-19,4,20.9,25.4,16.9,0.0,observed
2026-05-20,4,18.8,24.6,13.1,0.0,observed
2026-05-21,4,15.4,19.7,11.6,0.6,observed
2026-05-22,4,17.2,23.5,11.1,0.0,observed
2026-05-23,4,18.3,23.8,12.9,0.0,observed
2026-05-24,4,18.5,23.8,13.7,0.0,observed
2026-05-25,4,18.9,25.7,12.9,0.0,observed
2026-05-26,4,19.6,26.8,12.9,0.0,observed
2026-05-27,4,21.6,28.5,15.4,0.0,observed
2026-05-28,4,19.1,24.9,13.9,0.0,observed
2026-05-29,4,18.8,24.7,13.6,0.0,observed
2026-05-30,4,19.6,25.8,13.6,0.0,observed
2026-05-31,4,21.4,27.3,15.3,0.0,observed
2026-06-01,4,22.0,28.4,16.2,0.0,observed
2026-06-02,4,21.6,28.0,15.0,0.0,observed
2026-06-03,4,23.2,28.9,17.9,0.0,observed
2026-06-04,4,24.1,29.9,19.1,0.0,observed
2026-06-05,4,22.5,28.6,17.6,0.0,observed
2026-06-06,4,22.9,28.9,16.3,0.0,observed
2026-06-07,4,22.7,28.1,17.9,0.0,observed
2026-06-08,4,22.8,29.5,16.4,0.0,observed
2026-06-09,4,24.1,30.2,18.2,0.0,observed
2026-06-10,4,24.6,30.7,18.7,0.0,observed
2026-06-11,4,24.2,30.4,18.6,0.0,observed
2026-06-12,4,23.0,29.2,18.0,0.0,observed
2026-06-13,4,22.2,28.3,16.4,0.0,observed
2026-06-14,4,22.1,28.1,16.5,0.0,observed
2026-06-15,4,21.9,28.8,15.4,0.0,observed
2026-06-16,4,23.8,31.3,16.3,0.0,observed
2026-06-17,4,24.9,32.5,17.8,0.0,observed
2026-06-18,4,23.5,30.4,18.1,0.0,observed
2026-06-19,4,22.9,29.3,16.8,0.0,observed
2026-06-20,4,23.8,30.8,17.1,0.0,observed
2026-06-21,4,25.2,32.3,19.2,0.0,observed
2026-06-22,4,23.2,30.5,17.1,0.0,observed
2026-06-23,4,22.2,28.3,16.5,0.0,observed
2026-06-24,4,23.6,29.6,18.1,0.0,observed
2026-06-25,4,23.3,30.0,17.3,0.0,observed
2026-06-26,4,23.5,29.4,17.5,0.0,observed
2026-06-27,4,24.4,30.3,18.4,0.0,observed
2026-06-28,4,24.8,31.4,18.8,0.0,observed
2026-06-29,4,25.5,32.3,19.5,0.0,observed
2026-06-30,4,25.6,32.8,19.4,0.0,observed
2026-07-01,4,25.4,32.3,19.8,0.0,observed
2026-07-02,4,24.5,31.8,18.8,0.0,observed
2026-07-03,4,23.5,30.0,17.7,0.0,observed
2026-07-04,4,23.9,30.0,17.9,0.0,observed
2026-07-05,4,24.4,30.8,18.4,0.0,observed
2026-07-06,4,25.0,30.3,19.2,0.0,observed
2026-07-07,4,24.2,29.7,19.0,0.0,observed
2026-07-08,4,23.1,29.3,17.6,0.0,observed
2026-07-09,4,23.0,29.3,16.9,0.0,observed
2026-07-10,4,23.9,31.4,17.4,0.0,observed
2026-07-11,4,24.7,32.3,17.8,0.0,observed
2026-07-12,4,25.6,33.1,19.1,0.0,observed
2026-07-13,4,25.8,32.4,19.8,0.0,observed
2026-07-14,4,26.3,33.3,19.8,0.0,observed
2026-07-15,4,26.5,33.2,20.4,0.0,observed
2026-07-16,4,26.2,32.7,20.2,0.0,observed
2026-07-17,4,25.9,32.1,20.2,0.0,observed
2026-07-18,4,26.7,32.7,21.0,0.0,observed
2026-07-19,4,27.3,33.5,21.1,0.0,observed
2026-07-20,4,27.1,33.0,22.2,0.0,observed
2026-07-21,4,26.9,32.9,22.1,0.0,observed
2026-07-22,4,27.5,34.1,21.4,0.0,observed
2026-07-23,4,27.9,33.3,22.0,0.0,observed
2026-07-24,4,26.2,31.5,21.1,0.0,observed
2026-07-25,4,24.4,31.3,17.7,0.0,observed
2026-07-26,4,24.9,30.7,19.8,0.0,observed
2026-07-27,4,24.2,31.7,17.2,0.0,observed
2026-07-28,4,24.6,31.9,18.3,0.0,observed
2026-07-29,4,26.0,32.9,19.4,0.0,observed
2026-07-30,4,27.6,34.4,21.1,0.0,observed
2026-07-31,4,28.6,35.6,21.5,0.0,observed
2026-08-01,4,30.0,37.0,23.9,0.0,observed
2026-08-02,4,29.7,36.5,23.8,0.0,observed
2026-08-03,4,29.0,36.0,23.0,0.0,observed
2026-08-04,4,28.7,36.0,21.9,0.0,observed
2026-08-05,4,29.1,35.6,23.3,0.0,observed
2026-08-06,4,26.5,32.2,21.6,0.0,observed
2026-08-07,4,24.9,31.7,18.9,0.0,observed
2026-08-08,4,26.0,33.0,20.0,0.0,observed
2026-08-09,4,27.0,33.1,21.6,0.0,observed
2026-08-10,4,28.0,34.9,21.7,0.0,observed
2026-08-11,4,28.6,34.5,23.9,0.0,observed
2026-08-12,4,28.4,33.4,24.1,0.0,observed
2026-08-13,4,27.0,32.7,22.4,0.0,observed
2026-08-14,4,25.2,30.2,20.1,0.1,observed
2026-08-15,4,26.1,31.8,21.0,0.0,observed
2026-08-16,4,26.2,32.2,20.5,0.0,observed
2026-08-17,4,24.2,29.9,19.2,0.0,observed
2026-08-18,4,23.5,30.4,17.4,0.0,observed
2026-08-19,4,24.9,32.5,18.1,0.0,observed
2026-08-20,4,28.0,35.8,21.0,0.0,observed
2026-08-21,4,28.9,37.3,21.9,0.0,observed
2026-08-22,4,26.7,33.5,21.0,0.0,observed
2026-08-23,4,26.1,33.2,20.1,0.0,observed
2026-08-24,4,27.4,34.3,21.8,0.0,observed
2026-08-25,4,27.2,34.1,20.9,0.0,observed
2026-08-26,4,28.2,34.7,22.5,0.0,observed
2026-08-27,4,28.4,34.8,23.1,0.0,observed
2026-08-28,4,27.4,32.8,22.2,0.0,observed
2026-08-29,4,26.2,31.6,21.9,0.0,observed
2026-08-30,4,22.6,27.7,18.0,0.0,observed
2026-08-31,4,23.5,29.6,18.4,0.0,observed
2026-09-01,4,25.1,32.1,18.9,0.0,observed
2026-09-02,4,27.3,35.0,21.3,0.0,observed
2026-09-03,4,26.5,32.9,21.6,0.0,observed
2026-09-04,4,24.4,30.8,18.5,0.0,observed
2026-09-05,4,24.2,30.7,18.9,0.0,observed
2026-09-06,4,23.7,29.7,18.6,0.0,observed
2026-09-07,4,25.5,33.0,18.8,0.0,observed
2026-09-08,4,26.5,33.1,20.8,0.0,observed
2026-09-09,4,25.6,31.7,20.4,0.0,observed
2026-09-10,4,24.4,30.5,19.4,0.0,observed
2026-09-11,4,24.3,31.6,18.5,0.0,observed
2026-09-12,4,24.3,31.3,18.5,0.0,observed
2026-09-13,4,25.1,32.3,19.7,0.0,observed
2026-09-14,4,26.1,33.4,19.9,0.0,observed
2026-09-15,4,26.6,33.5,20.5,0.0,observed
2026-09-16,4,27.5,34.6,21.1,0.0,observed
2026-09-17,4,26.3,31.9,21.3,0.0,observed
2026-09-18,4,23.4,27.7,19.5,0.0,observed
2026-09-19,4,21.8,27.0,16.9,0.0,observed
2026-09-20,4,22.7,29.8,16.9,0.0,observed
2026-09-21,4,23.7,30.4,18.5,0.0,observed
2026-09-22,4,22.6,29.0,17.3,0.0,observed
2026-09-23,4,22.4,28.8,17.6,0.0,observed
2026-09-24,4,22.2,28.8,17.3,0.0,observed
2026-09-25,4,21.8,28.0,17.7,0.0,observed
2026-09-26,4,21.4,27.7,16.3,0.0,observed
2026-09-27,4,21.3,27.1,16.0,0.0,observed
2026-09-28,4,21.9,27.5,18.4,0.0,forecast
2026-09-29,4,19.5,23.3,16.8,0.0,forecast
2026-09-30,4,18.7,24.1,15.0,0.0,forecast
2026-10-01,4,18.5,24.0,13.3,0.0,forecast
2026-10-02,4,18.7,23.2,15.4,0.0,forecast
2026-10-03,4,18.2,24.2,13.2,0.0,forecast
2026-10-04,4,17.3,23.7,11.6,0.0,forecast
2026-10-05,4,18.3,22.6,13.8,0.6,forecast
2026-10-06,4,17.4,22.9,13.7,0.0,forecast
2026-10-07,4,19.4,25.8,14.3,0.0,forecast
2026-10-08,4,21.4,27.8,17.6,0.0,forecast
2026-10-09,4,20.3,26.1,16.7,0.0,forecast
2026-10-10,4,19.7,26.5,15.2,0.0,forecast
2026-10-11,4,20.2,27.2,14.8,0.0,forecast
2026-10-12,4,21.7,27.6,17.0,0.0,forecast
