date,cell,tmean,tmax,tmin,precip,kind
2025-01-01,0,28.7,32.5,26.0,1.1,observed
2025-01-02,0,28.9,32.8,26.3,0.6,observed
2025-01-03,0,29.0,32.9,26.2,1.6,observed
2025-01-04,0,28.7,32.7,26.6,0.2,observed
2025-01-05,0,28.6,33.0,25.5,0.4,observed
2025-01-06,0,28.7,32.7,25.8,0.4,observed
2025-01-07,0,28.5,32.2,26.0,0.3,observed
2025-01-08,0,28.1,32.4,25.2,0.2,observed
2025-01-09,0,28.2,33.0,24.9,0.3,observed
2025-01-10,0,28.6,34.2,24.6,0.0,observed
2025-01-11,0,28.3,34.3,24.5,0.0,observed
2025-01-12,0,27.8,35.0,22.0,0.0,observed
2025-01-13,0,28.1,33.2,24.3,0.0,observed
2025-01-14,0,28.2,31.9,25.3,0.5,observed
2025-01-15,0,28.7,33.1,26.0,0.9,observed
2025-01-16,0,29.0,34.0,26.0,0.0,observed
2025-01-17,0,29.3,34.6,26.5,0.2,observed
2025-01-18,0,28.9,34.6,26.9,0.0,observed
2025-01-19,0,28.5,32.2,26.1,1.8,observed
2025-01-20,0,28.2,31.8,25.6,0.0,observed
2025-01-21,0,28.4,32.9,25.7,0.0,observed
2025-01-22,0,28.2,32.3,25.2,0.0,observed
2025-01-23,0,27.7,32.3,25.9,0.4,observed
2025-01-24,0,28.2,32.1,25.3,0.0,observed
2025-01-25,0,28.0,32.2,25.2,0.9,observed
2025-01-26,0,28.1,32.6,25.3,1.2,observed
2025-01-27,0,27.5,32.0,24.9,0.7,observed
2025-01-28,0,27.9,31.9,25.1,0.2,observed
2025-01-29,0,27.8,30.7,26.0,2.4,observed
2025-01-30,0,28.2,32.3,25.5,0.5,observed
2025-01-31,0,28.4,32.8,25.6,1.3,observed
2025-02-01,0,28.4,32.2,25.9,0.2,observed
2025-02-02,0,26.9,29.1,25.0,8.2,observed
2025-02-03,0,27.4,30.6,24.2,0.5,observed
2025-02-04,0,28.8,33.3,26.0,0.0,observed
2025-02-05,0,28.8,32.4,26.9,0.0,observed
2025-02-06,0,28.8,32.1,26.4,0.0,observed
2025-02-07,0,28.8,32.6,26.6,1.0,observed
2025-02-08,0,28.2,31.9,26.7,4.0,observed
2025-02-09,0,27.9,31.3,25.5,0.9,observed
2025-02-10,0,28.3,32.2,26.0,0.1,observed
2025-02-11,0,28.9,32.7,26.7,0.7,observed
2025-02-12,0,28.2,31.4,26.6,2.3,observed
2025-02-13,0,28.5,32.4,26.3,0.8,observed
2025-02-14,0,28.3,32.4,26.0,0.6,observed
2025-02-15,0,28.3,31.7,26.2,0.4,observed
2025-02-16,0,28.5,31.9,25.8,0.5,observed
2025-02-17,0,28.9,33.0,26.6,0.0,observed
2025-02-18,0,28.5,32.0,26.7,0.9,observed
2025-02-19,0,28.6,32.1,26.3,0.6,observed
2025-02-20,0,28.9,33.0,26.2,0.1,observed
2025-02-21,0,28.8,32.6,26.3,0.5,observed
2025-02-22,0,28.8,32.2,26.9,0.4,observed
2025-02-23,0,27.5,30.7,25.8,0.0,observed
2025-02-24,0,27.9,32.0,26.2,0.0,observed
2025-02-25,0,28.3,31.5,25.9,0.2,observed
2025-02-26,0,28.6,31.9,26.4,1.2,observed
2025-02-27,0,28.5,31.6,26.6,0.0,observed
2025-02-28,0,28.5,32.2,25.8,0.1,observed
2025-03-01,0,28.8,32.5,26.3,0.0,observed
2025-03-02,0,28.9,31.9,26.9,1.1,observed
2025-03-03,0,28.9,32.3,26.7,0.5,observed
2025-03-04,0,28.1,31.5,25.9,0.6,observed
2025-03-05,0,28.5,31.0,26.2,5.3,observed
2025-03-06,0,29.2,33.6,26.5,0.0,observed
2025-03-07,0,29.2,32.6,26.8,0.8,observed
2025-03-08,0,29.2,33.0,26.8,0.1,observed
2025-03-09,0,29.0,32.9,27.0,0.5,observed
2025-03-10,0,29.2,32.5,27.1,0.3,observed
2025-03-11,0,29.4,33.5,27.1,0.0,observed
2025-03-12,0,29.2,33.5,26.7,0.0,observed
2025-03-13,0,29.4,33.8,27.1,0.2,observed
2025-03-14,0,28.7,32.3,26.8,0.3,observed
2025-03-15,0,29.1,32.2,26.6,0.8,observed
2025-03-16,0,29.3,32.8,27.1,0.0,observed
2025-03-17,0,29.0,32.0,26.5,0.4,observed
2025-03-18,0,29.1,32.1,27.1,0.1,observed
2025-03-19,0,28.8,32.6,26.9,2.1,observed
2025-03-20,0,29.0,32.5,26.9,0.2,observed
2025-03-21,0,28.6,31.1,26.8,0.6,observed
2025-03-22,0,28.3,31.4,25.6,0.0,observed
2025-03-23,0,28.4,31.8,26.5,0.3,observed
2025-03-24,0,29.0,32.4,26.4,0.0,observed
2025-03-25,0,29.1,32.6,27.2,5.3,observed
2025-03-26,0,28.6,34.5,26.1,6.0,observed
2025-03-27,0,28.4,31.7,26.0,0.0,observed
2025-03-28,0,28.4,31.6,26.2,0.1,observed
2025-03-29,0,28.9,31.8,26.6,0.3,observed
2025-03-30,0,28.3,32.2,25.4,5.7,observed
2025-03-31,0,28.8,32.6,25.7,1.7,observed
2025-04-01,0,29.0,32.6,26.7,0.5,observed
2025-04-02,0,28.4,31.7,25.6,3.2,observed
2025-04-03,0,27.4,32.0,24.0,6.3,observed
2025-04-04,0,29.2,32.8,26.4,0.0,observed
2025-04-05,0,29.4,33.3,27.2,0.4,observed
2025-04-06,0,29.3,32.1,27.5,1.8,observed
2025-04-07,0,29.0,31.8,26.9,0.2,observed
2025-04-08,0,29.0,32.1,26.6,0.3,observed
2025-04-09,0,27.5,29.9,25.0,4.9,observed
2025-04-10,0,28.8,32.7,25.7,0.6,observed
2025-04-11,0,27.9,30.5,25.0,0.6,observed
2025-04-12,0,27.9,31.9,24.6,4.6,observed
2025-04-13,0,29.2,32.5,26.4,0.0,observed
2025-04-14,0,29.5,32.5,27.5,0.3,observed
2025-04-15,0,28.4,32.0,25.2,6.3,observed
2025-04-16,0,29.0,32.6,26.5,0.0,observed
2025-04-17,0,28.7,33.1,25.6,1.2,observed
2025-04-18,0,29.4,33.4,26.4,0.1,observed
2025-04-19,0,28.6,32.3,25.4,3.0,observed
2025-04-20,0,29.4,32.3,27.1,0.1,observed
2025-04-21,0,28.9,32.9,25.8,0.0,observed
2025-04-22,0,29.8,33.2,27.3,0.2,observed
2025-04-23,0,26.6,30.3,23.8,16.1,observed
2025-04-24,0,29.0,32.1,26.3,0.2,observed
2025-04-25,0,29.4,32.6,26.5,0.0,observed
2025-04-26,0,27.4,31.1,25.5,5.5,observed
2025-04-27,0,27.3,31.6,24.0,0.4,observed
2025-04-28,0,29.0,32.0,26.6,0.0,observed
2025-04-29,0,28.3,32.1,26.5,9.1,observed
2025-04-30,0,27.7,31.0,24.7,0.0,observed
2025-05-01,0,27.9,33.1,25.2,1.6,observed
2025-05-02,0,27.3,30.6,25.3,10.1,observed
2025-05-03,0,27.8,31.0,24.3,0.0,observed
2025-05-04,0,28.8,32.0,26.8,2.3,observed
2025-05-05,0,28.8,31.6,26.4,0.0,observed
2025-05-06,0,29.0,32.2,26.3,0.8,observed
2025-05-07,0,29.5,33.1,26.9,0.1,observed
2025-05-08,0,28.8,31.7,26.0,0.6,observed
2025-05-09,0,28.5,31.4,26.9,1.6,observed
2025-05-10,0,29.0,32.2,26.2,0.4,observed
2025-05-11,0,29.3,32.8,26.4,0.1,observed
2025-05-12,0,29.5,32.2,27.0,0.6,observed
2025-05-13,0,28.4,32.0,26.8,5.7,observed
2025-05-14,0,28.8,32.7,25.4,0.0,observed
2025-05-15,0,28.9,31.1,26.9,0.5,observed
2025-05-16,0,29.1,33.1,25.9,0.4,observed
2025-05-17,0,28.0,31.4,25.9,7.2,observed
2025-05-18,0,26.9,30.1,24.4,1.1,observed
2025-05-19,0,28.8,33.8,24.8,0.7,observed
2025-05-20,0,28.0,32.1,24.4,12.6,observed
2025-05-21,0,26.7,29.9,23.8,3.2,observed
2025-05-22,0,27.5,30.3,25.1,1.5,observed
2025-05-23,0,26.9,29.2,24.9,6.6,observed
2025-05-24,0,27.0,29.0,24.8,1.8,observed
2025-05-25,0,27.8,31.2,24.7,0.0,observed
2025-05-26,0,28.6,31.4,26.4,0.0,observed
2025-05-27,0,27.8,30.9,25.6,1.0,observed
2025-05-28,0,27.3,29.7,25.8,4.2,observed
2025-05-29,0,26.5,29.3,25.3,5.5,observed
2025-05-30,0,26.5,29.2,24.6,5.3,observed
2025-05-31,0,27.9,31.3,25.1,0.8,observed
2025-06-01,0,28.7,32.3,26.6,0.6,observed
2025-06-02,0,27.9,31.7,26.1,1.3,observed
2025-06-03,0,27.6,31.8,24.9,2.7,observed
2025-06-04,0,25.1,28.5,23.0,21.8,observed
2025-06-05,0,26.6,29.6,24.0,1.1,observed
2025-06-06,0,27.0,30.0,24.9,0.7,observed
2025-06-07,0,26.0,27.4,25.2,10.0,observed
2025-06-08,0,26.9,30.0,24.0,0.0,observed
2025-06-09,0,26.7,29.2,24.5,4.5,observed
2025-06-10,0,27.2,29.7,25.1,1.0,observed
2025-06-11,0,26.4,29.7,25.0,5.0,observed
2025-06-12,0,26.6,30.5,23.9,0.4,observed
2025-06-13,0,27.3,30.9,25.2,0.5,observed
2025-06-14,0,25.8,27.4,24.2,8.8,observed
2025-06-15,0,25.8,30.1,23.5,5.7,observed
2025-06-16,0,26.6,30.5,24.1,1.5,observed
2025-06-17,0,26.8,30.0,24.8,1.3,observed
2025-06-18,0,26.6,30.8,24.3,6.7,observed
2025-06-19,0,26.5,29.5,24.4,1.2,observed
2025-06-20,0,27.0,31.3,24.6,4.4,observed
2025-06-21,0,26.4,29.7,24.1,1.4,observed
2025-06-22,0,25.5,27.5,24.2,12.7,observed
2025-06-23,0,25.7,29.2,23.6,15.3,observed
2025-06-24,0,26.2,28.3,24.3,6.8,observed
2025-06-25,0,26.4,28.9,24.4,1.3,observed
2025-06-26,0,25.9,29.8,24.1,11.4,observed
2025-06-27,0,24.9,27.9,22.7,2.2,observed
2025-06-28,0,26.0,28.3,23.9,0.1,observed
2025-06-29,0,26.1,28.3,24.5,1.2,observed
2025-06-30,0,26.1,28.1,24.6,1.7,observed
2025-07-01,0,26.1,28.9,24.1,1.7,observed
2025-07-02,0,26.3,30.3,24.2,0.8,observed
2025-07-03,0,26.2,29.3,24.1,1.0,observed
2025-07-04,0,25.7,28.0,24.2,4.3,observed
2025-07-05,0,25.9,28.7,24.2,1.3,observed
2025-07-06,0,26.0,29.8,24.0,1.0,observed
2025-07-07,0,25.7,29.5,24.0,5.8,observed
2025-07-08,0,25.1,27.4,23.9,9.0,observed
2025-07-09,0,24.8,27.7,23.3,6.3,observed
2025-07-10,0,25.0,27.8,23.3,0.7,observed
2025-07-11,0,25.2,28.1,23.7,2.0,observed
2025-07-12,0,24.9,27.3,23.6,0.9,observed
2025-07-13,0,24.6,27.0,22.4,0.3,observed
2025-07-14,0,24.2,28.2,20.8,0.2,observed
2025-07-15,0,24.2,28.1,21.7,0.0,observed
2025-07-16,0,24.9,28.0,22.6,0.1,observed
2025-07-17,0,24.8,27.5,23.1,0.9,observed
2025-07-18,0,24.8,27.8,22.7,0.1,observed
2025-07-19,0,24.9,28.2,22.6,0.0,observed
2025-07-20,0,25.0,27.9,23.2,0.1,observed
2025-07-21,0,25.1,27.0,23.8,1.0,observed
2025-07-22,0,24.8,26.6,23.6,0.8,observed
2025-07-23,0,24.8,26.8,23.5,1.7,observed
2025-07-24,0,24.9,27.5,23.0,0.7,observed
2025-07-25,0,24.8,27.4,23.1,0.3,observed
2025-07-26,0,24.9,28.0,23.0,0.1,observed
2025-07-27,0,24.8,27.5,23.2,0.8,observed
2025-07-28,0,24.7,27.0,23.0,0.1,observed
2025-07-29,0,24.7,27.0,22.6,0.0,observed
2025-07-30,0,24.7,27.1,23.2,0.7,observed
2025-07-31,0,25.2,28.2,23.5,1.2,observed
2025-08-01,0,24.8,27.4,23.0,5.6,observed
2025-08-02,0,25.5,29.6,22.6,0.5,observed
2025-08-03,0,25.4,29.7,23.3,1.0,observed
2025-08-04,0,25.2,29.2,23.6,1.2,observed
2025-08-05,0,24.5,26.8,23.6,1.8,observed
2025-08-06,0,24.4,26.8,23.4,0.6,observed
2025-08-07,0,24.4,26.6,23.1,0.6,observed
2025-08-08,0,24.6,27.5,23.1,1.3,observed
2025-08-09,0,24.4,27.2,23.1,0.4,observed
2025-08-10,0,24.6,27.2,22.9,0.6,observed
2025-08-11,0,24.7,27.6,22.9,0.5,observed
2025-08-12,0,24.5,27.2,23.2,0.7,observed
2025-08-13,0,24.5,27.0,22.5,2.0,observed
2025-08-14,0,24.5,26.8,22.7,0.9,observed
2025-08-15,0,24.6,27.9,22.0,0.0,observed
2025-08-16,0,24.7,26.7,23.4,0.4,observed
2025-08-17,0,24.5,27.2,23.2,1.6,observed
2025-08-18,0,24.2,26.3,22.8,2.0,observed
2025-08-19,0,24.3,26.5,22.7,0.6,observed
2025-08-20,0,24.8,28.1,23.1,1.0,observed
2025-08-21,0,25.2,29.0,22.8,0.6,observed
2025-08-22,0,25.4,28.6,23.4,2.6,observed
2025-08-23,0,25.0,28.5,23.1,0.0,observed
2025-08-24,0,24.8,27.8,23.1,0.2,observed
2025-08-25,0,25.0,28.1,23.2,0.1,observed
2025-08-26,0,24.8,27.6,23.0,0.9,observed
2025-08-27,0,24.6,27.6,22.4,0.5,observed
2025-08-28,0,24.5,28.1,21.7,0.2,observed
2025-08-29,0,25.0,28.6,22.8,0.2,observed
2025-08-30,0,24.9,27.7,23.0,0.9,observed
2025-08-31,0,25.0,28.4,23.1,0.6,observed
2025-09-01,0,25.0,28.0,22.3,0.0,observed
2025-09-02,0,25.4,29.6,22.8,0.0,observed
2025-09-03,0,25.4,28.7,23.7,0.8,observed
2025-09-04,0,25.2,28.9,23.1,0.4,observed
2025-09-05,0,25.3,29.2,22.5,0.2,observed
2025-09-06,0,25.8,29.6,22.9,0.1,observed
2025-09-07,0,25.7,29.2,23.6,0.0,observed
2025-09-08,0,25.9,29.5,23.6,0.0,observed
2025-09-09,0,25.3,27.8,24.0,2.0,observed
2025-09-10,0,25.1,28.0,23.6,0.6,observed
2025-09-11,0,25.7,28.4,23.6,0.9,observed
2025-09-12,0,24.9,27.8,23.9,10.6,observed
2025-09-13,0,24.9,27.7,23.6,9.6,observed
2025-09-14,0,24.9,27.2,22.8,2.4,observed
2025-09-15,0,25.2,28.1,23.3,2.0,observed
2025-09-16,0,24.7,26.7,23.5,7.4,observed
2025-09-17,0,25.2,27.5,23.7,1.5,observed
2025-09-18,0,25.4,28.8,23.7,4.4,observed
2025-09-19,0,25.5,27.9,23.9,0.7,observed
2025-09-20,0,25.6,28.3,23.4,0.5,observed
2025-09-21,0,25.6,28.2,23.9,3.2,observed
2025-09-22,0,25.7,28.9,24.0,9.8,observed
2025-09-23,0,25.6,29.3,23.9,3.8,observed
2025-09-24,0,24.8,27.6,23.3,8.3,observed
2025-09-25,0,25.5,28.3,23.6,4.6,observed
2025-09-26,0,25.7,28.0,24.0,1.2,observed
2025-09-27,0,26.1,28.7,24.4,1.6,observed
2025-09-28,0,25.9,29.5,23.8,8.0,observed
2025-09-29,0,26.5,29.8,24.1,2.3,observed
2025-09-30,0,25.9,30.0,23.7,14.5,observed
2025-10-01,0,24.7,27.9,23.2,6.3,observed
2025-10-02,0,25.7,28.8,23.7,4.2,observed
2025-10-03,0,26.2,28.7,24.1,1.4,observed
2025-10-04,0,26.3,29.2,24.5,0.7,observed
2025-10-05,0,25.6,28.5,24.2,12.1,observed
2025-10-06,0,25.2,27.5,22.5,14.7,observed
2025-10-07,0,25.0,28.6,22.8,12.4,observed
2025-10-08,0,24.1,26.1,22.0,5.4,observed
2025-10-09,0,25.5,28.6,22.9,0.9,observed
2025-10-10,0,26.0,29.9,23.0,6.6,observed
2025-10-11,0,25.5,28.5,23.6,7.0,observed
2025-10-12,0,25.3,28.6,23.5,3.2,observed
2025-10-13,0,26.0,29.6,23.0,0.3,observed
2025-10-14,0,26.3,30.1,24.0,4.6,observed
2025-10-15,0,25.6,28.4,22.8,11.3,observed
2025-10-16,0,26.5,29.7,23.1,1.2,observed
2025-10-17,0,26.9,30.1,24.0,0.5,observed
2025-10-18,0,27.4,31.1,23.9,1.1,observed
2025-10-19,0,27.2,30.6,24.7,4.0,observed
2025-10-20,0,27.4,30.9,25.0,0.6,observed
2025-10-21,0,27.8,32.2,23.8,0.6,observed
2025-10-22,0,27.9,31.8,24.9,0.7,observed
2025-10-23,0,27.3,31.2,24.5,2.3,observed
2025-10-24,0,26.5,29.9,24.0,1.1,observed
2025-10-25,0,27.6,31.1,24.3,0.3,observed
2025-10-26,0,27.6,31.9,25.0,2.6,observed
2025-10-27,0,27.6,30.8,25.1,1.3,observed
2025-10-28,0,27.5,31.0,25.2,3.0,observed
2025-10-29,0,26.6,29.3,25.0,0.6,observed
2025-10-30,0,27.0,29.9,25.3,0.6,observed
2025-10-31,0,27.2,30.5,25.1,0.8,observed
2025-11-01,0,27.4,31.0,25.0,1.5,observed
2025-11-02,0,27.3,30.5,24.8,1.0,observed
2025-11-03,0,27.3,30.9,25.3,1.8,observed
2025-11-04,0,27.1,30.0,24.4,0.2,observed
2025-11-05,0,27.2,30.9,24.4,5.3,observed
2025-11-06,0,26.9,30.3,24.3,2.9,observed
2025-11-07,0,26.3,28.1,24.3,2.4,observed
2025-11-08,0,26.8,30.1,23.6,0.5,observed
2025-11-09,0,27.4,30.2,24.9,0.3,observed
2025-11-10,0,27.4,30.5,24.5,0.2,observed
2025-11-11,0,27.7,31.0,25.2,1.2,observed
2025-11-12,0,27.2,29.6,25.2,2.2,observed
2025-11-13,0,26.7,30.7,25.0,2.9,observed
2025-11-14,0,27.5,30.0,25.3,0.2,observed
2025-11-15,0,27.6,30.9,25.4,0.7,observed
2025-11-16,0,27.3,30.3,25.2,8.6,observed
2025-11-17,0,26.6,30.0,24.0,3.8,observed
2025-11-18,0,27.2,30.1,25.3,0.2,observed
2025-11-19,0,27.6,30.8,24.7,3.8,observed
2025-11-20,0,27.9,31.1,25.3,2.6,observed
2025-11-21,0,27.8,31.1,25.5,1.9,observed
2025-11-22,0,27.3,30.3,24.8,0.1,observed
2025-11-23,0,27.2,29.9,24.8,0.5,observed
2025-11-24,0,27.7,30.9,24.8,0.6,observed
2025-11-25,0,27.7,31.0,25.2,0.8,observed
2025-11-26,0,28.1,31.5,25.7,2.7,observed
2025-11-27,0,27.9,31.0,25.7,1.5,observed
2025-11-28,0,28.4,32.0,26.2,1.1,observed
2025-11-29,0,27.8,31.2,25.3,0.0,observed
2025-11-30,0,28.2,31.9,25.1,0.4,observed
2025-12-01,0,28.0,31.9,25.4,0.1,observed
2025-12-02,0,28.3,32.7,25.4,2.6,observed
2025-12-03,0,28.6,32.5,26.2,0.3,observed
2025-12-04,0,27.8,31.4,24.9,0.1,observed
2025-12-05,0,27.6,30.9,25.4,0.6,observed
2025-12-06,0,27.9,31.7,24.8,0.9,observed
2025-12-07,0,28.1,32.8,25.3,1.0,observed
2025-12-08,0,25.7,30.7,23.7,2.2,observed
2025-12-09,0,26.5,30.0,22.9,0.1,observed
2025-12-10,0,27.6,31.3,25.6,2.5,observed
2025-12-11,0,26.8,29.5,25.6,4.7,observed
2025-12-12,0,27.1,30.5,24.3,1.9,observed
2025-12-13,0,27.8,30.8,25.4,0.2,observed
2025-12-14,0,28.0,31.0,25.6,0.2,observed
2025-12-15,0,27.8,32.0,25.4,1.5,observed
2025-12-16,0,27.7,31.6,25.9,3.5,observed
2025-12-17,0,27.7,31.1,25.0,0.5,observed
2025-12-18,0,27.8,32.0,25.2,0.4,observed
2025-12-19,0,28.2,31.7,25.7,0.5,observed
2025-12-20,0,28.4,32.8,25.6,1.5,observed
2025-12-21,0,28.3,32.0,26.3,2.7,observed
2025-12-22,0,28.0,30.8,26.0,1.1,observed
2025-12-23,0,28.0,30.8,25.6,0.0,observed
2025-12-24,0,28.1,31.5,25.9,1.6,observed
2025-12-25,0,27.8,31.8,24.4,2.5,observed
2025-12-26,0,27.7,31.7,26.0,5.8,observed
2025-12-27,0,27.5,29.5,26.1,0.6,observed
2025-12-28,0,28.0,31.7,25.6,0.6,observed
2025-12-29,0,27.8,31.2,25.7,0.5,observed
2025-12-30,0,28.4,31.6,25.5,0.0,observed
2025-12-31,0,28.2,31.8,25.3,0.1,observed
2026-01-01,0,28.3,32.0,25.7,0.2,observed
2026-01-02,0,27.4,30.8,25.8,2.8,observed
2026-01-03,0,27.9,31.7,24.6,0.4,observed
2026-01-04,0,28.0,31.7,24.9,0.5,observed
2026-01-05,0,28.3,32.4,25.3,0.2,observed
2026-01-06,0,28.6,32.3,26.1,0.4,observed
2026-01-07,0,28.7,33.0,26.2,0.4,observed
2026-01-08,0,28.5,32.4,25.9,0.8,observed
2026-01-09,0,27.2,30.3,24.7,1.5,observed
2026-01-10,0,28.1,31.8,25.1,0.9,observed
2026-01-11,0,27.7,31.1,25.6,1.1,observed
2026-01-12,0,27.8,31.4,25.0,0.5,observed
2026-01-13,0,27.7,31.3,25.0,0.5,observed
2026-01-14,0,28.3,32.8,25.5,0.0,observed
2026-01-15,0,28.4,31.7,25.9,0.0,observed
2026-01-16,0,28.2,31.7,25.8,0.1,observed
2026-01-17,0,27.9,31.1,25.5,0.2,observed
2026-01-18,0,28.4,31.7,26.3,0.3,observed
2026-01-19,0,28.5,32.3,25.9,0.0,observed
2026-01-20,0,28.6,32.6,26.5,0.3,observed
2026-01-21,0,27.9,32.4,24.9,0.5,observed
2026-01-22,0,28.1,32.1,25.6,0.7,observed
2026-01-23,0,28.0,32.7,25.0,0.0,observed
2026-01-24,0,27.7,32.3,24.4,0.0,observed
2026-01-25,0,28.4,33.1,25.7,0.0,observed
2026-01-26,0,28.4,33.5,25.1,0.0,observed
2026-01-27,0,28.0,32.5,24.7,0.0,observed
2026-01-28,0,28.5,33.2,25.2,0.0,observed
2026-01-29,0,28.6,32.8,26.1,0.1,observed
2026-01-30,0,28.8,33.5,26.3,0.8,observed
2026-01-31,0,28.9,32.6,26.7,0.1,observed
2026-02-01,0,28.8,32.9,26.3,0.9,observed
2026-02-02,0,28.6,32.1,26.3,1.9,observed
2026-02-03,0,28.0,31.6,24.9,0.5,observed
2026-02-04,0,28.6,34.9,24.7,0.0,observed
2026-02-05,0,28.8,32.4,26.0,0.1,observed
2026-02-06,0,28.8,32.4,26.8,2.4,observed
2026-02-07,0,28.2,31.6,24.3,1.0,observed
2026-02-08,0,28.7,32.2,26.4,0.0,observed
2026-02-09,0,29.0,32.4,26.9,0.2,observed
2026-02-10,0,27.7,31.9,25.0,6.7,observed
2026-02-11,0,27.2,30.9,23.9,0.0,observed
2026-02-12,0,28.1,31.8,24.6,0.0,observed
2026-02-13,0,28.4,31.6,25.9,0.9,observed
2026-02-14,0,26.6,29.2,23.4,19.9,observed
2026-02-15,0,27.9,30.7,25.2,0.0,observed
2026-02-16,0,28.6,32.4,25.6,0.7,observed
2026-02-17,0,28.6,33.0,25.8,0.8,observed
2026-02-18,0,28.8,33.5,26.1,0.3,observed
2026-02-19,0,28.3,32.3,26.3,5.9,observed
2026-02-20,0,28.3,31.5,25.6,0.3,observed
2026-02-21,0,28.7,32.4,26.2,0.9,observed
2026-02-22,0,29.0,33.1,26.7,0.8,observed
2026-02-23,0,28.9,32.9,26.6,3.0,observed
2026-02-24,0,28.5,33.2,26.7,6.9,observed
2026-02-25,0,28.3,31.9,25.6,1.2,observed
2026-02-26,0,28.4,32.0,25.7,0.9,observed
2026-02-27,0,28.6,31.8,26.6,1.0,observed
2026-02-28,0,29.0,32.2,26.5,0.5,observed
2026-03-01,0,28.5,32.3,25.9,0.3,observed
2026-03-02,0,28.4,31.7,25.8,0.2,observed
2026-03-03,0,28.6,33.7,24.5,3.2,observed
2026-03-04,0,29.2,32.5,26.7,0.6,observed
2026-03-05,0,29.4,33.1,26.7,0.6,observed
2026-03-06,0,29.5,33.3,27.3,0.0,observed
2026-03-07,0,29.5,33.1,27.1,0.2,observed
2026-03-08,0,29.6,33.2,27.0,0.0,observed
2026-03-09,0,29.0,31.8,27.6,0.6,observed
2026-03-10,0,29.3,33.1,27.2,0.2,observed
2026-03-11,0,27.8,31.7,25.6,1.1,observed
2026-03-12,0,29.0,32.4,26.4,0.0,observed
2026-03-13,0,29.1,33.0,26.5,0.0,observed
2026-03-14,0,28.2,30.8,27.3,0.0,observed
2026-03-15,0,28.6,31.6,26.7,0.0,observed
2026-03-16,0,28.5,31.4,26.7,0.0,observed
2026-03-17,0,28.3,31.2,26.7,0.3,observed
2026-03-18,0,28.8,32.1,26.3,0.2,observed
2026-03-19,0,29.2,32.8,26.5,0.2,observed
2026-03-20,0,29.2,32.6,26.8,0.2,observed
2026-03-21,0,29.5,32.9,27.1,0.0,observed
2026-03-22,0,29.0,32.6,27.0,0.9,observed
2026-03-23,0,29.3,33.2,26.5,1.8,observed
2026-03-24,0,29.2,32.4,27.1,0.0,observed
2026-03-25,0,28.8,32.6,26.7,0.1,observed
2026-03-26,0,28.8,32.2,26.0,0.0,observed
2026-03-27,0,29.1,33.0,26.4,0.0,observed
2026-03-28,0,28.9,33.7,25.9,6.5,observed
2026-03-29,0,25.9,28.7,23.0,22.9,observed
2026-03-30,0,27.6,30.8,25.4,0.0,observed
2026-03-31,0,27.3,31.5,23.9,12.7,observed
2026-04-01,0,26.9,30.5,23.8,0.0,observed
2026-04-02,0,27.6,31.0,26.0,6.8,observed
2026-04-03,0,26.7,29.9,24.8,1.1,observed
2026-04-04,0,27.6,30.0,25.4,0.1,observed
2026-04-05,0,28.0,31.1,24.6,0.0,observed
2026-04-06,0,29.0,31.4,27.2,0.7,observed
2026-04-07,0,29.0,32.0,26.5,1.1,observed
2026-04-08,0,28.1,31.6,25.2,0.2,observed
2026-04-09,0,28.2,31.4,25.5,1.1,observed
2026-04-10,0,28.8,32.5,25.8,0.4,observed
2026-04-11,0,29.5,32.7,27.2,0.5,observed
2026-04-12,0,29.7,33.3,26.4,0.0,observed
2026-04-13,0,29.6,34.1,27.6,11.8,observed
2026-04-14,0,29.2,33.0,26.8,0.1,observed
2026-04-15,0,29.3,32.9,26.5,1.7,observed
2026-04-16,0,29.6,32.3,27.6,0.4,observed
2026-04-17,0,29.4,32.5,27.4,0.2,observed
2026-04-18,0,29.6,32.7,26.8,0.0,observed
2026-04-19,0,29.0,32.2,26.4,2.3,observed
2026-04-20,0,29.7,33.0,27.1,0.1,observed
2026-04-21,0,28.6,33.4,25.8,2.8,observed
2026-04-22,0,28.6,31.7,25.2,0.2,observed
2026-04-23,0,29.6,32.7,27.1,1.9,observed
2026-04-24,0,29.1,32.1,27.2,4.2,observed
2026-04-25,0,28.7,31.8,26.6,1.8,observed
2026-04-26,0,27.1,29.4,25.3,1.4,observed
2026-04-27,0,27.2,31.6,24.1,5.4,observed
2026-04-28,0,28.8,32.8,26.1,2.5,observed
2026-04-29,0,27.1,30.7,23.7,13.0,observed
2026-04-30,0,28.8,32.5,25.6,0.0,observed
2026-05-01,0,28.9,33.0,25.1,0.4,observed
2026-05-02,0,29.4,31.9,27.7,0.5,observed
2026-05-03,0,29.0,32.1,27.3,4.9,observed
2026-05-04,0,28.7,32.0,25.3,0.7,observed
2026-05-05,0,29.5,33.3,26.7,0.1,observed
2026-05-06,0,26.9,29.2,24.7,4.3,observed
2026-05-07,0,28.6,31.3,26.0,0.6,observed
2026-05-08,0,27.3,30.4,25.0,8.7,observed
2026-05-09,0,27.9,31.1,25.4,0.5,observed
2026-05-10,0,28.7,31.7,25.8,0.1,observed
2026-05-11,0,29.0,31.8,26.9,1.2,observed
2026-05-12,0,29.7,32.9,27.3,0.2,observed
2026-05-13,0,30.0,33.4,27.4,0.8,observed
2026-05-14,0,29.2,32.8,27.6,2.7,observed
2026-05-15,0,27.4,29.4,26.2,8.6,observed
2026-05-16,0,28.3,32.0,25.2,1.3,observed
2026-05-17,0,28.5,32.7,25.5,4.3,observed
2026-05-18,0,27.5,31.3,24.0,0.0,observed
2026-05-19,0,27.6,31.0,25.1,16.0,observed
2026-05-20,0,27.3,31.7,25.0,9.9,observed
2026-05-21,0,28.2,30.7,26.8,6.4,observed
2026-05-22,0,26.8,30.0,25.0,14.4,observed
2026-05-23,0,27.1,30.2,24.0,7.5,observed
2026-05-24,0,28.5,32.4,25.9,2.2,observed
2026-05-25,0,26.0,28.4,24.2,10.5,observed
2026-05-26,0,25.2,26.9,23.9,13.6,observed
2026-05-27,0,27.5,31.5,24.0,0.3,observed
2026-05-28,0,26.9,29.2,25.5,5.9,observed
2026-05-29,0,28.0,31.9,24.5,1.3,observed
2026-05-30,0,27.7,31.6,26.0,3.3,observed
2026-05-31,0,28.0,30.9,25.0,0.1,observed
2026-06-01,0,28.3,32.6,25.0,1.8,observed
2026-06-02,0,29.0,32.4,26.6,4.8,observed
2026-06-03,0,28.3,33.4,24.8,23.6,observed
2026-06-04,0,27.5,30.9,24.2,5.1,observed
2026-06-05,0,28.5,33.1,25.5,3.8,observed
2026-06-06,0,25.4,27.4,23.1,20.1,observed
2026-06-07,0,26.7,29.3,24.1,14.1,observed
2026-06-08,0,27.0,30.2,24.8,11.4,observed
2026-06-09,0,26.9,28.9,24.9,9.5,observed
2026-06-10,0,27.1,29.9,25.0,1.3,observed
2026-06-11,0,26.9,31.5,23.7,0.5,observed
2026-06-12,0,27.3,32.1,25.9,19.0,observed
2026-06-13,0,26.9,28.7,24.8,2.9,observed
2026-06-14,0,25.9,27.8,24.5,17.6,observed
2026-06-15,0,26.3,28.2,24.8,5.9,observed
2026-06-16,0,27.5,30.7,25.3,0.3,observed
2026-06-17,0,26.1,27.6,25.1,22.9,observed
2026-06-18,0,27.4,30.1,25.4,2.6,observed
2026-06-19,0,26.6,29.2,25.2,4.1,observed
2026-06-20,0,26.7,28.9,24.1,7.3,observed
2026-06-21,0,24.8,25.9,23.6,33.5,observed
2026-06-22,0,25.9,29.1,23.6,1.8,observed
2026-06-23,0,26.2,29.1,23.6,3.2,observed
2026-06-24,0,26.3,28.4,24.3,10.8,observed
2026-06-25,0,26.6,29.1,25.2,2.9,observed
2026-06-26,0,26.5,29.4,23.6,0.5,observed
2026-06-27,0,27.1,29.0,25.7,1.1,observed
2026-06-28,0,26.4,28.0,24.8,3.7,observed
2026-06-29,0,25.2,26.9,24.1,23.1,observed
2026-06-30,0,25.8,28.9,24.1,18.4,observed
2026-07-01,0,26.5,28.6,24.8,2.0,observed
2026-07-02,0,26.4,29.4,24.5,2.8,observed
2026-07-03,0,26.6,28.8,25.0,1.2,observed
2026-07-04,0,26.6,28.5,24.7,3.0,observed
2026-07-05,0,26.9,30.5,24.7,2.2,observed
2026-07-06,0,27.0,29.4,25.0,2.2,observed
2026-07-07,0,26.9,29.5,24.4,5.3,observed
2026-07-08,0,26.9,29.3,25.6,6.8,observed
2026-07-09,0,26.5,29.3,24.6,8.7,observed
2026-07-10,0,25.5,29.4,24.2,21.0,observed
2026-07-11,0,26.3,29.6,24.7,4.0,observed
2026-07-12,0,26.3,30.0,24.7,6.6,observed
2026-07-13,0,25.4,27.3,23.5,16.5,observed
2026-07-14,0,26.0,27.8,24.2,1.9,observed
2026-07-15,0,25.9,28.0,24.3,1.1,observed
2026-07-16,0,25.6,28.8,23.5,8.1,observed
2026-07-17,0,25.3,28.4,23.5,1.7,observed
2026-07-18,0,25.3,27.2,24.2,0.0,observed
2026-07-19,0,25.1,27.0,23.6,0.2,observed
2026-07-20,0,25.6,27.8,24.3,0.5,observed
2026-07-21,0,25.6,28.0,23.9,0.0,observed
2026-07-22,0,25.8,28.4,24.2,0.2,observed
2026-07-23,0,25.2,27.7,24.2,4.0,observed
2026-07-24,0,25.4,28.3,23.8,0.2,observed
2026-07-25,0,25.5,28.1,23.5,0.3,observed
2026-07-26,0,25.6,27.9,23.5,3.1,observed
2026-07-27,0,26.0,29.9,24.3,1.7,observed
2026-07-28,0,25.1,26.4,24.0,2.2,observed
2026-07-29,0,24.3,26.2,22.5,17.3,observed
2026-07-30,0,24.6,26.4,23.2,0.6,observed
2026-07-31,0,24.3,26.4,22.7,0.1,observed
2026-08-01,0,24.7,27.5,23.0,0.3,observed
2026-08-02,0,25.0,28.2,23.3,0.2,observed
2026-08-03,0,25.2,27.9,23.4,0.4,observed
2026-08-04,0,25.2,28.4,22.6,0.1,observed
2026-08-05,0,25.9,29.9,23.4,0.7,observed
2026-08-06,0,25.7,27.8,24.5,3.4,observed
2026-08-07,0,26.0,28.8,24.3,0.6,observed
2026-08-08,0,25.7,28.4,24.1,0.8,observed
2026-08-09,0,25.1,26.4,24.0,0.5,observed
2026-08-10,0,25.8,30.1,23.8,0.0,observed
2026-08-11,0,25.8,29.0,23.7,1.0,observed
2026-08-12,0,25.7,28.3,23.8,0.4,observed
2026-08-13,0,25.9,29.6,23.8,0.4,observed
2026-08-14,0,25.9,28.7,24.3,0.2,observed
2026-08-15,0,25.8,28.6,24.0,0.1,observed
2026-08-16,0,26.0,28.5,24.0,0.4,observed
2026-08-17,0,25.9,29.3,24.2,0.8,observed
2026-08-18,0,25.9,28.8,23.7,1.2,observed
2026-08-19,0,25.2,27.8,23.5,13.9,observed
2026-08-20,0,25.7,28.1,24.2,0.2,observed
2026-08-21,0,26.0,29.0,24.6,3.6,observed
2026-08-22,0,25.8,27.8,24.5,8.5,observed
2026-08-23,0,25.9,28.5,24.4,2.0,observed
2026-08-24,0,26.2,29.0,24.8,1.0,observed
2026-08-25,0,26.3,29.0,24.4,0.0,observed
2026-08-26,0,26.6,29.6,24.7,0.2,observed
2026-08-27,0,27.0,31.4,24.7,1.7,observed
2026-08-28,0,26.9,30.5,25.2,6.2,observed
2026-08-29,0,25.9,28.8,25.0,12.1,observed
2026-08-30,0,26.6,30.7,24.7,2.8,observed
2026-08-31,0,25.9,29.5,23.4,2.6,observed
2026-09-01,0,26.4,30.0,24.5,0.2,observed
2026-09-02,0,26.1,29.8,24.5,2.1,observed
2026-09-03,0,26.1,28.8,24.6,0.4,observed
2026-09-04,0,26.2,29.4,24.2,3.7,observed
2026-09-05,0,26.5,29.8,24.7,4.4,observed
2026-09-06,0,26.4,29.6,24.0,0.6,observed
2026-09-07,0,26.6,29.4,24.4,3.4,observed
2026-09-08,0,27.2,30.7,25.0,0.5,observed
2026-09-09,0,27.3,31.4,25.4,0.5,observed
2026-09-10,0,26.2,29.3,24.5,9.3,observed
2026-09-11,0,26.7,29.2,24.9,3.4,observed
2026-09-12,0,26.4,30.5,24.8,6.8,observed
2026-09-13,0,26.8,30.0,24.6,2.0,observed
2026-09-14,0,26.7,30.1,24.6,1.2,observed
2026-09-15,0,26.9,30.2,24.7,0.6,observed
2026-09-16,0,26.7,28.8,25.2,3.2,observed
2026-09-17,0,26.5,29.0,24.9,2.0,observed
2026-09-18,0,26.6,29.6,24.8,4.0,observed
2026-09-19,0,26.9,30.6,24.6,1.5,observed
2026-09-20,0,26.8,30.3,24.1,4.2,observed
2026-09-21,0,26.4,30.7,24.5,2.9,observed
2026-09-22,0,25.3,28.2,23.0,17.3,observed
2026-09-23,0,25.2,27.5,23.9,0.8,observed
2026-09-24,0,25.8,29.1,23.6,0.3,observed
2026-09-25,0,26.2,29.4,24.6,1.2,observed
2026-09-26,0,26.3,29.9,24.5,4.7,observed
2026-09-27,0,26.6,30.3,23.9,5.0,observed
2026-09-28,0,25.4,29.5,23.7,16.3,observed
2026-09-29,0,25.6,28.2,24.3,0.6,observed
2026-09-30,0,25.6,28.7,23.7,0.2,observed
2026-10-01,0,25.7,28.9,23.6,0.5,observed
2026-10-02,0,26.2,29.9,23.7,0.0,observed
2026-10-03,0,26.8,31.3,24.1,1.5,observed
2026-10-04,0,26.7,30.2,24.3,0.5,forecast
2026-10-05,0,26.2,28.4,24.2,0.8,forecast
2026-10-06,0,26.2,29.3,23.9,2.2,forecast
2026-10-07,0,26.2,29.8,24.0,2.2,forecast
2026-10-08,0,26.4,29.6,23.6,0.9,forecast
2026-10-09,0,26.6,29.8,24.0,0.9,forecast
2026-10-10,0,26.2,29.5,24.0,0.6,forecast
2026-10-11,0,26.9,31.2,24.4,0.0,forecast
2026-10-12,0,26.3,29.0,24.4,2.4,forecast
2026-10-13,0,26.9,30.5,24.8,0.6,forecast
2026-10-14,0,26.7,30.4,24.0,0.0,forecast
2026-10-15,0,26.8,30.7,23.9,0.0,forecast
2026-10-16,0,26.9,30.3,24.6,1.2,forecast
2026-10-17,0,26.7,30.0,24.2,2.2,forecast
2026-10-18,0,26.6,29.9,23.5,0.2,forecast
2025-01-01,1,28.8,32.6,26.0,1.1,observed
2025-01-02,1,29.0,32.8,26.4,0.6,observed
2025-01-03,1,29.0,33.0,26.2,1.6,observed
2025-01-04,1,28.8,32.7,26.6,0.2,observed
2025-01-05,1,28.6,33.1,25.6,0.4,observed
2025-01-06,1,28.7,32.8,25.9,0.4,observed
2025-01-07,1,28.6,32.2,26.0,0.3,observed
2025-01-08,1,28.2,32.5,25.2,0.2,observed
2025-01-09,1,28.3,33.0,25.0,0.3,observed
2025-01-10,1,28.6,34.2,24.7,0.0,observed
2025-01-11,1,28.4,34.4,24.5,0.0,observed
2025-01-12,1,27.9,35.1,22.1,0.0,observed
2025-01-13,1,28.2,33.3,24.3,0.0,observed
2025-01-14,1,28.3,31.9,25.4,0.5,observed
2025-01-15,1,28.8,33.1,26.1,0.9,observed
2025-01-16,1,29.1,34.0,26.1,0.0,observed
2025-01-17,1,29.4,34.7,26.5,0.2,observed
2025-01-18,1,29.0,34.7,26.9,0.0,observed
2025-01-19,1,28.6,32.3,26.1,1.8,observed
2025-01-20,1,28.3,31.8,25.6,0.0,observed
2025-01-21,1,28.4,32.9,25.8,0.0,observed
2025-01-22,1,28.3,32.4,25.2,0.0,observed
2025-01-23,1,27.8,32.4,26.0,0.4,observed
2025-01-24,1,28.3,32.2,25.4,0.0,observed
2025-01-25,1,28.0,32.3,25.2,0.9,observed
2025-01-26,1,28.2,32.7,25.3,1.2,observed
2025-01-27,1,27.6,32.1,25.0,0.7,observed
2025-01-28,1,28.0,32.0,25.1,0.2,observed
2025-01-29,1,27.9,30.8,26.1,2.4,observed
2025-01-30,1,28.3,32.4,25.5,0.5,observed
2025-01-31,1,28.5,32.9,25.6,1.3,observed
2025-02-01,1,28.4,32.2,25.9,0.2,observed
2025-02-02,1,27.0,29.1,25.0,8.2,observed
2025-02-03,1,27.4,30.7,24.3,0.5,observed
2025-02-04,1,28.9,33.4,26.0,0.0,observed
2025-02-05,1,28.9,32.4,26.9,0.0,observed
2025-02-06,1,28.8,32.2,26.4,0.0,observed
2025-02-07,1,28.9,32.6,26.6,1.0,observed
2025-02-08,1,28.3,31.9,26.8,4.0,observed
2025-02-09,1,28.0,31.4,25.5,0.9,observed
2025-02-10,1,28.4,32.3,26.0,0.1,observed
2025-02-11,1,28.9,32.7,26.8,0.7,observed
2025-02-12,1,28.3,31.4,26.6,2.3,observed
2025-02-13,1,28.5,32.5,26.4,0.8,observed
2025-02-14,1,28.3,32.5,26.0,0.6,observed
2025-02-15,1,28.3,31.7,26.2,0.4,observed
2025-02-16,1,28.5,32.0,25.9,0.5,observed
2025-02-17,1,28.9,33.1,26.6,0.0,observed
2025-02-18,1,28.6,32.0,26.7,0.9,observed
2025-02-19,1,28.7,32.1,26.3,0.6,observed
2025-02-20,1,29.0,33.0,26.3,0.1,observed
2025-02-21,1,28.8,32.7,26.4,0.5,observed
2025-02-22,1,28.9,32.3,26.9,0.4,observed
2025-02-23,1,27.6,30.8,25.9,0.0,observed
2025-02-24,1,28.0,32.0,26.2,0.0,observed
2025-02-25,1,28.4,31.6,26.0,0.2,observed
2025-02-26,1,28.6,32.0,26.4,1.2,observed
2025-02-27,1,28.6,31.7,26.7,0.0,observed
2025-02-28,1,28.6,32.2,25.9,0.1,observed
2025-03-01,1,28.9,32.6,26.3,0.0,observed
2025-03-02,1,28.9,32.0,27.0,1.1,observed
2025-03-03,1,28.9,32.4,26.7,0.5,observed
2025-03-04,1,28.1,31.6,26.0,0.6,observed
2025-03-05,1,28.6,31.0,26.2,5.3,observed
2025-03-06,1,29.3,33.6,26.6,0.0,observed
2025-03-07,1,29.2,32.7,26.9,0.8,observed
2025-03-08,1,29.3,33.1,26.9,0.1,observed
2025-03-09,1,29.1,33.0,27.0,0.5,observed
2025-03-10,1,29.2,32.5,27.1,0.3,observed
2025-03-11,1,29.5,33.5,27.1,0.0,observed
2025-03-12,1,29.3,33.6,26.8,0.0,observed
2025-03-13,1,29.5,33.9,27.1,0.2,observed
2025-03-14,1,28.8,32.4,26.8,0.3,observed
2025-03-15,1,29.1,32.3,26.7,0.8,observed
2025-03-16,1,29.4,32.9,27.2,0.0,observed
2025-03-17,1,29.1,32.1,26.6,0.4,observed
2025-03-18,1,29.2,32.1,27.2,0.1,observed
2025-03-19,1,28.9,32.7,26.9,2.1,observed
2025-03-20,1,29.1,32.6,26.9,0.2,observed
2025-03-21,1,28.6,31.1,26.8,0.6,observed
2025-03-22,1,28.4,31.5,25.7,0.0,observed
2025-03-23,1,28.5,31.8,26.6,0.3,observed
2025-03-24,1,29.1,32.4,26.5,0.0,observed
2025-03-25,1,29.2,32.7,27.2,5.3,observed
2025-03-26,1,28.6,34.6,26.1,6.0,observed
2025-03-27,1,28.5,31.7,26.0,0.0,observed
2025-03-28,1,28.5,31.6,26.3,0.1,observed
2025-03-29,1,29.0,31.9,26.6,0.3,observed
2025-03-30,1,28.4,32.2,25.4,5.7,observed
2025-03-31,1,28.8,32.7,25.7,1.7,observed
2025-04-01,1,29.1,32.6,26.7,0.5,observed
2025-04-02,1,28.5,31.7,25.6,3.2,observed
2025-04-03,1,27.5,32.0,24.1,6.3,observed
2025-04-04,1,29.3,32.8,26.5,0.0,observed
2025-04-05,1,29.5,33.3,27.2,0.4,observed
2025-04-06,1,29.3,32.1,27.5,1.8,observed
2025-04-07,1,29.1,31.8,26.9,0.2,observed
2025-04-08,1,29.1,32.1,26.7,0.3,observed
2025-04-09,1,27.5,30.0,25.1,4.9,observed
2025-04-10,1,28.8,32.7,25.8,0.6,observed
2025-04-11,1,28.0,30.6,25.1,0.6,observed
2025-04-12,1,28.0,31.9,24.7,4.6,observed
2025-04-13,1,29.2,32.5,26.5,0.0,observed
2025-04-14,1,29.5,32.6,27.5,0.3,observed
2025-04-15,1,28.5,32.0,25.3,6.3,observed
2025-04-16,1,29.1,32.7,26.5,0.0,observed
2025-04-17,1,28.8,33.2,25.6,1.2,observed
2025-04-18,1,29.5,33.5,26.5,0.1,observed
2025-04-19,1,28.6,32.3,25.4,3.0,observed
2025-04-20,1,29.4,32.3,27.1,0.1,observed
2025-04-21,1,29.0,33.0,25.9,0.0,observed
2025-04-22,1,29.9,33.2,27.4,0.2,observed
2025-04-23,1,26.7,30.3,23.8,16.1,observed
2025-04-24,1,29.0,32.1,26.3,0.2,observed
2025-04-25,1,29.5,32.6,26.5,0.0,observed
2025-04-26,1,27.5,31.2,25.5,5.5,observed
2025-04-27,1,27.4,31.7,24.1,0.4,observed
2025-04-28,1,29.1,32.1,26.6,0.0,observed
2025-04-29,1,28.4,32.2,26.6,9.1,observed
2025-04-30,1,27.7,31.0,24.8,0.0,observed
2025-05-01,1,28.0,33.1,25.2,1.6,observed
2025-05-02,1,27.4,30.6,25.4,10.1,observed
2025-05-03,1,27.9,31.0,24.3,0.0,observed
2025-05-04,1,28.9,32.1,26.9,2.3,observed
2025-05-05,1,28.9,31.6,26.5,0.0,observed
2025-05-06,1,29.1,32.3,26.4,0.8,observed
2025-05-07,1,29.6,33.1,27.0,0.1,observed
2025-05-08,1,28.9,31.7,26.0,0.6,observed
2025-05-09,1,28.6,31.5,27.0,1.6,observed
2025-05-10,1,29.1,32.3,26.3,0.4,observed
2025-05-11,1,29.4,32.8,26.4,0.1,observed
2025-05-12,1,29.6,32.2,27.0,0.6,observed
2025-05-13,1,28.5,32.0,26.8,5.7,observed
2025-05-14,1,28.9,32.7,25.5,0.0,observed
2025-05-15,1,29.0,31.2,27.0,0.5,observed
2025-05-16,1,29.2,33.2,26.0,0.4,observed
2025-05-17,1,28.1,31.5,25.9,7.2,observed
2025-05-18,1,27.0,30.1,24.5,1.1,observed
2025-05-19,1,28.8,33.9,24.9,0.7,observed
2025-05-20,1,28.0,32.2,24.4,12.6,observed
2025-05-21,1,26.7,29.9,23.8,3.2,observed
2025-05-22,1,27.5,30.3,25.1,1.5,observed
2025-05-23,1,26.9,29.2,24.9,6.6,observed
2025-05-24,1,27.0,29.0,24.8,1.8,observed
2025-05-25,1,27.9,31.2,24.7,0.0,observed
2025-05-26,1,28.7,31.5,26.4,0.0,observed
2025-05-27,1,27.9,31.0,25.6,1.0,observed
2025-05-28,1,27.4,29.7,25.8,4.2,observed
2025-05-29,1,26.6,29.3,25.3,5.5,observed
2025-05-30,1,26.5,29.2,24.6,5.3,observed
2025-05-31,1,28.0,31.3,25.2,0.8,observed
2025-06-01,1,28.8,32.3,26.7,0.6,observed
2025-06-02,1,28.0,31.7,26.1,1.3,observed
2025-06-03,1,27.7,31.8,24.9,2.7,observed
2025-06-04,1,25.1,28.5,23.0,21.8,observed
2025-06-05,1,26.7,29.7,24.1,1.1,observed
2025-06-06,1,27.1,30.0,24.9,0.7,observed
2025-06-07,1,26.1,27.4,25.3,10.0,observed
2025-06-08,1,27.0,30.1,24.1,0.0,observed
2025-06-09,1,26.7,29.2,24.5,4.5,observed
2025-06-10,1,27.2,29.7,25.1,1.0,observed
2025-06-11,1,26.5,29.7,25.0,5.0,observed
2025-06-12,1,26.7,30.5,24.0,0.4,observed
2025-06-13,1,27.4,30.9,25.2,0.5,observed
2025-06-14,1,25.8,27.4,24.2,8.8,observed
2025-06-15,1,25.8,30.2,23.6,5.7,observed
2025-06-16,1,26.7,30.5,24.2,1.5,observed
2025-06-17,1,26.9,30.1,24.9,1.3,observed
2025-06-18,1,26.6,30.9,24.3,6.7,observed
2025-06-19,1,26.6,29.5,24.4,1.2,observed
2025-06-20,1,27.1,31.4,24.6,4.4,observed
2025-06-21,1,26.4,29.8,24.1,1.4,observed
2025-06-22,1,25.5,27.6,24.3,12.7,observed
2025-06-23,1,25.8,29.3,23.7,15.3,observed
2025-06-24,1,26.3,28.3,24.4,6.8,observed
2025-06-25,1,26.5,29.0,24.5,1.3,observed
2025-06-26,1,26.0,29.9,24.1,11.4,observed
2025-06-27,1,25.0,28.0,22.7,2.2,observed
2025-06-28,1,26.1,28.4,24.0,0.1,observed
2025-06-29,1,26.2,28.3,24.6,1.2,observed
2025-06-30,1,26.2,28.2,24.6,1.7,observed
2025-07-01,1,26.2,29.0,24.2,1.7,observed
2025-07-02,1,26.4,30.4,24.3,0.8,observed
2025-07-03,1,26.2,29.4,24.2,1.0,observed
2025-07-04,1,25.8,28.1,24.3,4.3,observed
2025-07-05,1,25.9,28.8,24.2,1.3,observed
2025-07-06,1,26.1,29.8,24.0,1.0,observed
2025-07-07,1,25.8,29.6,24.1,5.8,observed
2025-07-08,1,25.2,27.4,23.9,9.0,observed
2025-07-09,1,24.9,27.7,23.3,6.3,observed
2025-07-10,1,25.1,27.8,23.3,0.7,observed
2025-07-11,1,25.3,28.2,23.8,2.0,observed
2025-07-12,1,25.0,27.3,23.7,0.9,observed
2025-07-13,1,24.6,27.1,22.5,0.3,observed
2025-07-14,1,24.2,28.3,20.9,0.2,observed
2025-07-15,1,24.3,28.2,21.7,0.0,observed
2025-07-16,1,24.9,28.1,22.7,0.1,observed
2025-07-17,1,24.8,27.6,23.1,0.9,observed
2025-07-18,1,24.9,27.8,22.7,0.1,observed
2025-07-19,1,25.0,28.2,22.7,0.0,observed
2025-07-20,1,25.0,28.0,23.2,0.1,observed
2025-07-21,1,25.1,27.0,23.9,1.0,observed
2025-07-22,1,24.8,26.6,23.7,0.8,observed
2025-07-23,1,24.9,26.8,23.5,1.7,observed
2025-07-24,1,25.0,27.6,23.1,0.7,observed
2025-07-25,1,24.9,27.4,23.2,0.3,observed
2025-07-26,1,25.0,28.0,23.0,0.1,observed
2025-07-27,1,24.8,27.5,23.2,0.8,observed
2025-07-28,1,24.8,27.1,23.1,0.1,observed
2025-07-29,1,24.7,27.0,22.7,0.0,observed
2025-07-30,1,24.7,27.1,23.3,0.7,observed
2025-07-31,1,25.2,28.3,23.6,1.2,observed
2025-08-01,1,24.9,27.5,23.1,5.6,observed
2025-08-02,1,25.6,29.7,22.7,0.5,observed
2025-08-03,1,25.5,29.7,23.4,1.0,observed
2025-08-04,1,25.3,29.2,23.6,1.2,observed
2025-08-05,1,24.6,26.9,23.6,1.8,observed
2025-08-06,1,24.5,26.8,23.4,0.6,observed
2025-08-07,1,24.4,26.7,23.1,0.6,observed
2025-08-08,1,24.6,27.6,23.1,1.3,observed
2025-08-09,1,24.5,27.2,23.2,0.4,observed
2025-08-10,1,24.7,27.2,23.0,0.6,observed
2025-08-11,1,24.8,27.6,22.9,0.5,observed
2025-08-12,1,24.6,27.3,23.2,0.7,observed
2025-08-13,1,24.6,27.0,22.5,2.0,observed
2025-08-14,1,24.6,26.9,22.7,0.9,observed
2025-08-15,1,24.6,27.9,22.0,0.0,observed
2025-08-16,1,24.8,26.7,23.4,0.4,observed
2025-08-17,1,24.6,27.2,23.2,1.6,observed
2025-08-18,1,24.3,26.4,22.8,2.0,observed
2025-08-19,1,24.4,26.5,22.8,0.6,observed
2025-08-20,1,24.9,28.2,23.1,1.0,observed
2025-08-21,1,25.3,29.1,22.9,0.6,observed
2025-08-22,1,25.5,28.6,23.4,2.6,observed
2025-08-23,1,25.1,28.5,23.2,0.0,observed
2025-08-24,1,24.9,27.9,23.1,0.2,observed
2025-08-25,1,25.0,28.2,23.2,0.1,observed
2025-08-26,1,24.9,27.7,23.0,0.9,observed
2025-08-27,1,24.7,27.6,22.5,0.5,observed
2025-08-28,1,24.5,28.1,21.7,0.2,observed
2025-08-29,1,25.1,28.7,22.9,0.2,observed
2025-08-30,1,25.0,27.8,23.0,0.9,observed
2025-08-31,1,25.1,28.4,23.1,0.6,observed
2025-09-01,1,25.0,28.1,22.4,0.0,observed
2025-09-02,1,25.5,29.7,22.9,0.0,observed
2025-09-03,1,25.5,28.7,23.7,0.8,observed
2025-09-04,1,25.3,28.9,23.2,0.4,observed
2025-09-05,1,25.3,29.2,22.5,0.2,observed
2025-09-06,1,25.8,29.6,23.0,0.1,observed
2025-09-07,1,25.7,29.3,23.6,0.0,observed
2025-09-08,1,26.0,29.6,23.6,0.0,observed
2025-09-09,1,25.4,27.9,24.0,2.0,observed
2025-09-10,1,25.2,28.1,23.7,0.6,observed
2025-09-11,1,25.7,28.5,23.6,0.9,observed
2025-09-12,1,24.9,27.8,24.0,10.6,observed
2025-09-13,1,25.0,27.8,23.6,9.6,observed
2025-09-14,1,25.0,27.3,22.8,2.4,observed
2025-09-15,1,25.3,28.2,23.4,2.0,observed
2025-09-16,1,24.8,26.8,23.5,7.4,observed
2025-09-17,1,25.3,27.6,23.8,1.5,observed
2025-09-18,1,25.5,28.9,23.7,4.4,observed
2025-09-19,1,25.6,28.0,24.0,0.7,observed
2025-09-20,1,25.7,28.4,23.5,0.5,observed
2025-09-21,1,25.6,28.3,24.0,3.2,observed
2025-09-22,1,25.8,29.0,24.1,9.8,observed
2025-09-23,1,25.7,29.4,24.0,3.8,observed
2025-09-24,1,24.9,27.7,23.4,8.3,observed
2025-09-25,1,25.6,28.4,23.7,4.6,observed
2025-09-26,1,25.8,28.0,24.0,1.2,observed
2025-09-27,1,26.2,28.7,24.5,1.6,observed
2025-09-28,1,26.0,29.5,23.8,8.0,observed
2025-09-29,1,26.6,29.9,24.1,2.3,observed
2025-09-30,1,26.0,30.0,23.8,14.5,observed
2025-10-01,1,24.8,27.9,23.2,6.3,observed
2025-10-02,1,25.8,28.8,23.7,4.2,observed
2025-10-03,1,26.3,28.8,24.1,1.4,observed
2025-10-04,1,26.4,29.3,24.6,0.7,observed
2025-10-05,1,25.7,28.5,24.3,12.1,observed
2025-10-06,1,25.3,27.6,22.5,14.7,observed
2025-10-07,1,25.1,28.7,22.9,12.4,observed
2025-10-08,1,24.2,26.1,22.1,5.4,observed
2025-10-09,1,25.5,28.7,22.9,0.9,observed
2025-10-10,1,26.0,29.9,23.0,6.6,observed
2025-10-11,1,25.5,28.5,23.6,7.0,observed
2025-10-12,1,25.4,28.7,23.5,3.2,observed
2025-10-13,1,26.1,29.6,23.0,0.3,observed
2025-10-14,1,26.3,30.1,24.0,4.6,observed
2025-10-15,1,25.6,28.4,22.8,11.3,observed
2025-10-16,1,26.6,29.7,23.2,1.2,observed
2025-10-17,1,27.0,30.1,24.1,0.5,observed
2025-10-18,1,27.5,31.1,23.9,1.1,observed
2025-10-19,1,27.3,30.6,24.8,4.0,observed
2025-10-20,1,27.5,30.9,25.0,0.6,observed
2025-10-21,1,27.8,32.2,23.9,0.6,observed
2025-10-22,1,27.9,31.9,25.0,0.7,observed
2025-10-23,1,27.3,31.2,24.5,2.3,observed
2025-10-24,1,26.5,29.9,24.1,1.1,observed
2025-10-25,1,27.6,31.2,24.4,0.3,observed
2025-10-26,1,27.6,31.9,25.0,2.6,observed
2025-10-27,1,27.6,30.9,25.2,1.3,observed
2025-10-28,1,27.5,31.0,25.3,3.0,observed
2025-10-29,1,26.7,29.4,25.0,0.6,observed
2025-10-30,1,27.1,29.9,25.3,0.6,observed
2025-10-31,1,27.3,30.6,25.2,0.8,observed
2025-11-01,1,27.5,31.0,25.0,1.5,observed
2025-11-02,1,27.3,30.6,24.9,1.0,observed
2025-11-03,1,27.3,31.0,25.3,1.8,observed
2025-11-04,1,27.2,30.1,24.4,0.2,observed
2025-11-05,1,27.3,31.0,24.5,5.3,observed
2025-11-06,1,27.0,30.4,24.4,2.9,observed
2025-11-07,1,26.4,28.2,24.3,2.4,observed
2025-11-08,1,26.9,30.2,23.6,0.5,observed
2025-11-09,1,27.4,30.2,25.0,0.3,observed
2025-11-10,1,27.4,30.5,24.5,0.2,observed
2025-11-11,1,27.8,31.1,25.3,1.2,observed
2025-11-12,1,27.2,29.6,25.2,2.2,observed
2025-11-13,1,26.8,30.7,25.0,2.9,observed
2025-11-14,1,27.6,30.0,25.3,0.2,observed
2025-11-15,1,27.7,30.9,25.4,0.7,observed
2025-11-16,1,27.4,30.3,25.2,8.6,observed
2025-11-17,1,26.6,30.1,24.1,3.8,observed
2025-11-18,1,27.3,30.1,25.3,0.2,observed
2025-11-19,1,27.7,30.8,24.8,3.8,observed
2025-11-20,1,28.0,31.2,25.3,2.6,observed
2025-11-21,1,27.9,31.1,25.5,1.9,observed
2025-11-22,1,27.4,30.4,24.8,0.1,observed
2025-11-23,1,27.2,30.0,24.9,0.5,observed
2025-11-24,1,27.8,31.0,24.9,0.6,observed
2025-11-25,1,27.8,31.1,25.3,0.8,observed
2025-11-26,1,28.2,31.6,25.8,2.7,observed
2025-11-27,1,28.0,31.0,25.7,1.5,observed
2025-11-28,1,28.5,32.0,26.2,1.1,observed
2025-11-29,1,27.9,31.2,25.3,0.0,observed
2025-11-30,1,28.3,32.0,25.1,0.4,observed
2025-12-01,1,28.1,31.9,25.5,0.1,observed
2025-12-02,1,28.3,32.7,25.4,2.6,observed
2025-12-03,1,28.6,32.5,26.3,0.3,observed
2025-12-04,1,27.9,31.4,24.9,0.1,observed
2025-12-05,1,27.6,31.0,25.5,0.6,observed
2025-12-06,1,27.9,31.8,24.8,0.9,observed
2025-12-07,1,28.2,32.8,25.3,1.0,observed
2025-12-08,1,25.8,30.7,23.8,2.2,observed
2025-12-09,1,26.6,30.1,23.0,0.1,observed
2025-12-10,1,27.7,31.3,25.6,2.5,observed
2025-12-11,1,26.9,29.6,25.6,4.7,observed
2025-12-12,1,27.2,30.5,24.3,1.9,observed
2025-12-13,1,27.9,30.8,25.4,0.2,observed
2025-12-14,1,28.1,31.0,25.7,0.2,observed
2025-12-15,1,27.9,32.0,25.4,1.5,observed
2025-12-16,1,27.8,31.6,25.9,3.5,observed
2025-12-17,1,27.8,31.1,25.0,0.5,observed
2025-12-18,1,27.9,32.0,25.2,0.4,observed
2025-12-19,1,28.3,31.8,25.7,0.5,observed
2025-12-20,1,28.4,32.9,25.7,1.5,observed
2025-12-21,1,28.4,32.0,26.4,2.7,observed
2025-12-22,1,28.1,30.9,26.0,1.1,observed
2025-12-23,1,28.0,30.8,25.6,0.0,observed
2025-12-24,1,28.1,31.5,25.9,1.6,observed
2025-12-25,1,27.9,31.9,24.5,2.5,observed
2025-12-26,1,27.7,31.7,26.0,5.8,observed
2025-12-27,1,27.6,29.6,26.2,0.6,observed
2025-12-28,1,28.0,31.7,25.7,0.6,observed
2025-12-29,1,27.9,31.2,25.7,0.5,observed
2025-12-30,1,28.4,31.6,25.5,0.0,observed
2025-12-31,1,28.3,31.8,25.3,0.1,observed
2026-01-01,1,28.3,32.1,25.7,0.2,observed
2026-01-02,1,27.5,30.9,25.9,2.8,observed
2026-01-03,1,27.9,31.7,24.6,0.4,observed
2026-01-04,1,28.1,31.7,24.9,0.5,observed
2026-01-05,1,28.4,32.4,25.3,0.2,observed
2026-01-06,1,28.7,32.4,26.2,0.4,observed
2026-01-07,1,28.8,33.1,26.2,0.4,observed
2026-01-08,1,28.6,32.5,25.9,0.8,observed
2026-01-09,1,27.3,30.3,24.8,1.5,observed
2026-01-10,1,28.2,31.8,25.1,0.9,observed
2026-01-11,1,27.8,31.1,25.6,1.1,observed
2026-01-12,1,27.9,31.4,25.1,0.5,observed
2026-01-13,1,27.8,31.4,25.1,0.5,observed
2026-01-14,1,28.3,32.9,25.6,0.0,observed
2026-01-15,1,28.4,31.8,26.0,0.0,observed
2026-01-16,1,28.3,31.8,25.9,0.1,observed
2026-01-17,1,28.0,31.1,25.5,0.2,observed
2026-01-18,1,28.5,31.7,26.3,0.3,observed
2026-01-19,1,28.6,32.4,25.9,0.0,observed
2026-01-20,1,28.7,32.7,26.5,0.3,observed
2026-01-21,1,27.9,32.4,25.0,0.5,observed
2026-01-22,1,28.1,32.2,25.7,0.7,observed
2026-01-23,1,28.1,32.8,25.0,0.0,observed
2026-01-24,1,27.7,32.4,24.5,0.0,observed
2026-01-25,1,28.5,33.1,25.8,0.0,observed
2026-01-26,1,28.5,33.6,25.1,0.0,observed
2026-01-27,1,28.1,32.6,24.8,0.0,observed
2026-01-28,1,28.6,33.2,25.3,0.0,observed
2026-01-29,1,28.7,32.8,26.1,0.1,observed
2026-01-30,1,28.9,33.6,26.4,0.8,observed
2026-01-31,1,29.0,32.6,26.7,0.1,observed
2026-02-01,1,28.8,32.9,26.4,0.9,observed
2026-02-02,1,28.7,32.2,26.4,1.9,observed
2026-02-03,1,28.1,31.6,25.0,0.5,observed
2026-02-04,1,28.6,35.0,24.8,0.0,observed
2026-02-05,1,28.8,32.4,26.0,0.1,observed
2026-02-06,1,28.9,32.5,26.9,2.4,observed
2026-02-07,1,28.3,31.7,24.3,1.0,observed
2026-02-08,1,28.8,32.2,26.5,0.0,observed
2026-02-09,1,29.0,32.4,27.0,0.2,observed
2026-02-10,1,27.8,32.0,25.1,6.7,observed
2026-02-11,1,27.3,30.9,23.9,0.0,observed
2026-02-12,1,28.2,31.8,24.6,0.0,observed
2026-02-13,1,28.4,31.6,25.9,0.9,observed
2026-02-14,1,26.6,29.3,23.5,19.9,observed
2026-02-15,1,28.0,30.8,25.2,0.0,observed
2026-02-16,1,28.7,32.5,25.6,0.7,observed
2026-02-17,1,28.7,33.1,25.8,0.8,observed
2026-02-18,1,28.9,33.5,26.1,0.3,observed
2026-02-19,1,28.4,32.3,26.4,5.9,observed
2026-02-20,1,28.4,31.6,25.7,0.3,observed
2026-02-21,1,28.8,32.5,26.3,0.9,observed
2026-02-22,1,29.1,33.2,26.8,0.8,observed
2026-02-23,1,29.0,32.9,26.7,3.0,observed
2026-02-24,1,28.6,33.2,26.7,6.9,observed
2026-02-25,1,28.3,31.9,25.7,1.2,observed
2026-02-26,1,28.4,32.0,25.8,0.9,observed
2026-02-27,1,28.7,31.8,26.7,1.0,observed
2026-02-28,1,29.1,32.2,26.6,0.5,observed
2026-03-01,1,28.6,32.3,25.9,0.3,observed
2026-03-02,1,28.4,31.8,25.9,0.2,observed
2026-03-03,1,28.7,33.7,24.6,3.2,observed
2026-03-04,1,29.3,32.6,26.7,0.6,observed
2026-03-05,1,29.5,33.1,26.8,0.6,observed
2026-03-06,1,29.6,33.4,27.3,0.0,observed
2026-03-07,1,29.6,33.2,27.2,0.2,observed
2026-03-08,1,29.6,33.2,27.0,0.0,observed
2026-03-09,1,29.1,31.8,27.7,0.6,observed
2026-03-10,1,29.4,33.1,27.2,0.2,observed
2026-03-11,1,27.9,31.8,25.6,1.1,observed
2026-03-12,1,29.1,32.5,26.5,0.0,observed
2026-03-13,1,29.1,33.0,26.5,0.0,observed
2026-03-14,1,28.2,30.9,27.3,0.0,observed
2026-03-15,1,28.6,31.6,26.8,0.0,observed
2026-03-16,1,28.6,31.4,26.8,0.0,observed
2026-03-17,1,28.4,31.2,26.8,0.3,observed
2026-03-18,1,28.9,32.1,26.4,0.2,observed
2026-03-19,1,29.3,32.9,26.5,0.2,observed
2026-03-20,1,29.3,32.7,26.8,0.2,observed
2026-03-21,1,29.5,33.0,27.1,0.0,observed
2026-03-22,1,29.1,32.6,27.0,0.9,observed
2026-03-23,1,29.3,33.3,26.6,1.8,observed
2026-03-24,1,29.2,32.4,27.2,0.0,observed
2026-03-25,1,28.9,32.7,26.8,0.1,observed
2026-03-26,1,28.9,32.2,26.1,0.0,observed
2026-03-27,1,29.2,33.0,26.4,0.0,observed
2026-03-28,1,28.9,33.7,26.0,6.5,observed
2026-03-29,1,26.0,28.8,23.0,22.9,observed
2026-03-30,1,27.7,30.8,25.4,0.0,observed
2026-03-31,1,27.3,31.6,23.9,12.7,observed
2026-04-01,1,27.0,30.6,23.8,0.0,observed
2026-04-02,1,27.7,31.1,26.0,6.8,observed
2026-04-03,1,26.8,30.0,24.9,1.1,observed
2026-04-04,1,27.6,30.0,25.4,0.1,observed
2026-04-05,1,28.1,31.2,24.6,0.0,observed
2026-04-06,1,29.1,31.5,27.2,0.7,observed
2026-04-07,1,29.1,32.0,26.6,1.1,observed
2026-04-08,1,28.2,31.6,25.2,0.2,observed
2026-04-09,1,28.3,31.4,25.5,1.1,observed
2026-04-10,1,28.8,32.6,25.8,0.4,observed
2026-04-11,1,29.6,32.8,27.3,0.5,observed
2026-04-12,1,29.7,33.3,26.5,0.0,observed
2026-04-13,1,29.7,34.1,27.7,11.8,observed
2026-04-14,1,29.2,33.0,26.9,0.1,observed
2026-04-15,1,29.4,32.9,26.5,1.7,observed
2026-04-16,1,29.6,32.4,27.6,0.4,observed
2026-04-17,1,29.5,32.6,27.4,0.2,observed
2026-04-18,1,29.7,32.8,26.8,0.0,observed
2026-04-19,1,29.0,32.2,26.4,2.3,observed
2026-04-20,1,29.8,33.1,27.1,0.1,observed
2026-04-21,1,28.7,33.4,25.8,2.8,observed
2026-04-22,1,28.6,31.8,25.2,0.2,observed
2026-04-23,1,29.6,32.8,27.1,1.9,observed
2026-04-24,1,29.2,32.2,27.2,4.2,observed
2026-04-25,1,28.7,31.8,26.7,1.8,observed
2026-04-26,1,27.1,29.5,25.4,1.4,observed
2026-04-27,1,27.3,31.7,24.1,5.4,observed
2026-04-28,1,28.9,32.8,26.1,2.5,observed
2026-04-29,1,27.1,30.7,23.7,13.0,observed
2026-04-30,1,28.9,32.6,25.7,0.0,observed
2026-05-01,1,29.0,33.1,25.2,0.4,observed
2026-05-02,1,29.5,32.0,27.8,0.5,observed
2026-05-03,1,29.1,32.2,27.4,4.9,observed
2026-05-04,1,28.8,32.0,25.3,0.7,observed
2026-05-05,1,29.6,33.3,26.7,0.1,observed
2026-05-06,1,27.0,29.3,24.7,4.3,observed
2026-05-07,1,28.6,31.4,26.0,0.6,observed
2026-05-08,1,27.4,30.4,25.0,8.7,observed
2026-05-09,1,28.0,31.2,25.4,0.5,observed
2026-05-10,1,28.8,31.7,25.9,0.1,observed
2026-05-11,1,29.1,31.8,26.9,1.2,observed
2026-05-12,1,29.8,33.0,27.3,0.2,observed
2026-05-13,1,30.1,33.5,27.4,0.8,observed
2026-05-14,1,29.2,32.9,27.6,2.7,observed
2026-05-15,1,27.5,29.4,26.2,8.6,observed
2026-05-16,1,28.4,32.1,25.2,1.3,observed
2026-05-17,1,28.5,32.8,25.6,4.3,observed
2026-05-18,1,27.6,31.3,24.0,0.0,observed
2026-05-19,1,27.7,31.1,25.2,16.0,observed
2026-05-20,1,27.4,31.7,25.0,9.9,observed
2026-05-21,1,28.3,30.7,26.9,6.4,observed
2026-05-22,1,26.8,30.1,25.1,14.4,observed
2026-05-23,1,27.2,30.2,24.1,7.5,observed
2026-05-24,1,28.5,32.5,25.9,2.2,observed
2026-05-25,1,26.0,28.5,24.2,10.5,observed
2026-05-26,1,25.3,26.9,23.9,13.6,observed
2026-05-27,1,27.5,31.5,24.0,0.3,observed
2026-05-28,1,27.0,29.3,25.6,5.9,observed
2026-05-29,1,28.0,31.9,24.6,1.3,observed
2026-05-30,1,27.7,31.7,26.1,3.3,observed
2026-05-31,1,28.1,30.9,25.1,0.1,observed
2026-06-01,1,28.3,32.7,25.0,1.8,observed
2026-06-02,1,29.0,32.5,26.7,4.8,observed
2026-06-03,1,28.4,33.4,24.9,23.6,observed
2026-06-04,1,27.5,30.9,24.2,5.1,observed
2026-06-05,1,28.5,33.2,25.5,3.8,observed
2026-06-06,1,25.5,27.5,23.2,20.1,observed
2026-06-07,1,26.7,29.3,24.1,14.1,observed
2026-06-08,1,27.1,30.2,24.8,11.4,observed
2026-06-09,1,26.9,29.0,24.9,9.5,observed
2026-06-10,1,27.2,29.9,25.0,1.3,observed
2026-06-11,1,27.0,31.5,23.7,0.5,observed
2026-06-12,1,27.3,32.1,25.9,19.0,observed
2026-06-13,1,26.9,28.8,24.9,2.9,observed
2026-06-14,1,26.0,27.8,24.5,17.6,observed
2026-06-15,1,26.4,28.3,24.8,5.9,observed
2026-06-16,1,27.5,30.7,25.3,0.3,observed
2026-06-17,1,26.2,27.7,25.1,22.9,observed
2026-06-18,1,27.5,30.2,25.5,2.6,observed
2026-06-19,1,26.6,29.2,25.3,4.1,observed
2026-06-20,1,26.7,29.0,24.1,7.3,observed
2026-06-21,1,24.9,25.9,23.7,33.5,observed
2026-06-22,1,26.0,29.1,23.7,1.8,observed
2026-06-23,1,26.2,29.2,23.7,3.2,observed
2026-06-24,1,26.4,28.4,24.4,10.8,observed
2026-06-25,1,26.7,29.1,25.3,2.9,observed
2026-06-26,1,26.5,29.4,23.7,0.5,observed
2026-06-27,1,27.1,29.1,25.8,1.1,observed
2026-06-28,1,26.5,28.1,24.9,3.7,observed
2026-06-29,1,25.3,26.9,24.2,23.1,observed
2026-06-30,1,25.9,29.0,24.1,18.4,observed
2026-07-01,1,26.6,28.7,24.9,2.0,observed
2026-07-02,1,26.5,29.4,24.5,2.8,observed
2026-07-03,1,26.7,28.9,25.1,1.2,observed
2026-07-04,1,26.6,28.5,24.8,3.0,observed
2026-07-05,1,27.0,30.5,24.7,2.2,observed
2026-07-06,1,27.1,29.4,25.1,2.2,observed
2026-07-07,1,27.0,29.6,24.4,5.3,observed
2026-07-08,1,27.0,29.3,25.6,6.8,observed
2026-07-09,1,26.6,29.3,24.7,8.7,observed
2026-07-10,1,25.6,29.4,24.3,21.0,observed
2026-07-11,1,26.4,29.7,24.7,4.0,observed
2026-07-12,1,26.3,30.0,24.7,6.6,observed
2026-07-13,1,25.5,27.4,23.6,16.5,observed
2026-07-14,1,26.0,27.8,24.2,1.9,observed
2026-07-15,1,25.9,28.0,24.3,1.1,observed
2026-07-16,1,25.7,28.9,23.5,8.1,observed
2026-07-17,1,25.4,28.5,23.5,1.7,observed
2026-07-18,1,25.4,27.3,24.2,0.0,observed
2026-07-19,1,25.2,27.1,23.6,0.2,observed
2026-07-20,1,25.6,27.8,24.3,0.5,observed
2026-07-21,1,25.7,28.0,23.9,0.0,observed
2026-07-22,1,25.9,28.5,24.3,0.2,observed
2026-07-23,1,25.2,27.7,24.3,4.0,observed
2026-07-24,1,25.5,28.3,23.9,0.2,observed
2026-07-25,1,25.6,28.1,23.6,0.3,observed
2026-07-26,1,25.7,27.9,23.5,3.1,observed
2026-07-27,1,26.0,29.9,24.4,1.7,observed
2026-07-28,1,25.2,26.5,24.1,2.2,observed
2026-07-29,1,24.3,26.3,22.5,17.3,observed
2026-07-30,1,24.7,26.5,23.2,0.6,observed
2026-07-31,1,24.4,26.5,22.7,0.1,observed
2026-08-01,1,24.7,27.6,23.0,0.3,observed
2026-08-02,1,25.0,28.2,23.3,0.2,observed
2026-08-03,1,25.2,28.0,23.4,0.4,observed
2026-08-04,1,25.3,28.5,22.7,0.1,observed
2026-08-05,1,26.0,29.9,23.5,0.7,observed
2026-08-06,1,25.8,27.8,24.5,3.4,observed
2026-08-07,1,26.1,28.9,24.3,0.6,observed
2026-08-08,1,25.7,28.4,24.1,0.8,observed
2026-08-09,1,25.1,26.5,24.0,0.5,observed
2026-08-10,1,25.9,30.1,23.9,0.0,observed
2026-08-11,1,25.8,29.1,23.8,1.0,observed
2026-08-12,1,25.8,28.4,23.8,0.4,observed
2026-08-13,1,26.0,29.7,23.9,0.4,observed
2026-08-14,1,26.0,28.7,24.4,0.2,observed
2026-08-15,1,25.9,28.6,24.0,0.1,observed
2026-08-16,1,26.0,28.6,24.1,0.4,observed
2026-08-17,1,25.9,29.3,24.3,0.8,observed
2026-08-18,1,26.0,28.8,23.7,1.2,observed
2026-08-19,1,25.3,27.8,23.5,13.9,observed
2026-08-20,1,25.8,28.2,24.3,0.2,observed
2026-08-21,1,26.1,29.0,24.7,3.6,observed
2026-08-22,1,25.9,27.8,24.6,8.5,observed
2026-08-23,1,26.0,28.6,24.4,2.0,observed
2026-08-24,1,26.3,29.1,24.8,1.0,observed
2026-08-25,1,26.4,29.1,24.5,0.0,observed
2026-08-26,1,26.7,29.6,24.8,0.2,observed
2026-08-27,1,27.1,31.5,24.7,1.7,observed
2026-08-28,1,27.0,30.6,25.3,6.2,observed
2026-08-29,1,25.9,28.9,25.1,12.1,observed
2026-08-30,1,26.7,30.7,24.7,2.8,observed
2026-08-31,1,26.0,29.5,23.4,2.6,observed
2026-09-01,1,26.5,30.1,24.5,0.2,observed
2026-09-02,1,26.1,29.8,24.5,2.1,observed
2026-09-03,1,26.2,28.8,24.7,0.4,observed
2026-09-04,1,26.3,29.4,24.3,3.7,observed
2026-09-05,1,26.6,29.9,24.7,4.4,observed
2026-09-06,1,26.5,29.7,24.1,0.6,observed
2026-09-07,1,26.7,29.5,24.4,3.4,observed
2026-09-08,1,27.2,30.8,25.1,0.5,observed
2026-09-09,1,27.4,31.4,25.4,0.5,observed
2026-09-10,1,26.3,29.4,24.5,9.3,observed
2026-09-11,1,26.8,29.3,25.0,3.4,observed
2026-09-12,1,26.5,30.6,24.9,6.8,observed
2026-09-13,1,26.8,30.1,24.7,2.0,observed
2026-09-14,1,26.7,30.2,24.7,1.2,observed
2026-09-15,1,27.0,30.2,24.7,0.6,observed
2026-09-16,1,26.8,28.8,25.3,3.2,observed
2026-09-17,1,26.6,29.0,25.0,2.0,observed
2026-09-18,1,26.6,29.7,24.9,4.0,observed
2026-09-19,1,27.0,30.7,24.6,1.5,observed
2026-09-20,1,26.9,30.3,24.1,4.2,observed
2026-09-21,1,26.5,30.8,24.5,2.9,observed
2026-09-22,1,25.4,28.3,23.1,17.3,observed
2026-09-23,1,25.3,27.6,23.9,0.8,observed
2026-09-24,1,25.9,29.2,23.6,0.3,observed
2026-09-25,1,26.3,29.5,24.6,1.2,observed
2026-09-26,1,26.4,30.0,24.6,4.7,observed
2026-09-27,1,26.7,30.4,23.9,5.0,observed
2026-09-28,1,25.5,29.5,23.7,16.3,observed
2026-09-29,1,25.6,28.2,24.3,0.6,observed
2026-09-30,1,25.7,28.7,23.8,0.2,observed
2026-10-01,1,25.8,28.9,23.6,0.5,observed
2026-10-02,1,26.3,29.9,23.8,0.0,observed
2026-10-03,1,26.9,31.4,24.1,1.5,observed
2026-10-04,1,26.7,30.3,24.3,0.5,forecast
2026-10-05,1,26.2,28.5,24.2,0.8,forecast
2026-10-06,1,26.3,29.4,23.9,2.2,forecast
2026-10-07,1,26.3,29.8,24.0,2.2,forecast
2026-10-08,1,26.5,29.7,23.7,0.9,forecast
2026-10-09,1,26.7,29.8,24.1,0.9,forecast
2026-10-10,1,26.3,29.6,24.0,0.6,forecast
2026-10-11,1,26.9,31.2,24.4,0.0,forecast
2026-10-12,1,26.3,29.0,24.5,2.4,forecast
2026-10-13,1,27.0,30.6,24.8,0.6,forecast
2026-10-14,1,26.7,30.5,24.1,0.0,forecast
2026-10-15,1,26.9,30.8,24.0,0.0,forecast
2026-10-16,1,27.0,30.4,24.6,1.2,forecast
2026-10-17,1,26.8,30.1,24.2,2.2,forecast
2026-10-18,1,26.7,30.0,23.5,0.2,forecast
2025-01-01,2,28.7,32.5,26.0,1.1,observed
2025-01-02,2,28.9,32.8,26.3,0.6,observed
2025-01-03,2,29.0,32.9,26.2,1.6,observed
2025-01-04,2,28.7,32.7,26.6,0.2,observed
2025-01-05,2,28.6,33.0,25.5,0.4,observed
2025-01-06,2,28.7,32.7,25.8,0.4,observed
2025-01-07,2,28.5,32.2,26.0,0.3,observed
2025-01-08,2,28.1,32.4,25.2,0.2,observed
2025-01-09,2,28.2,33.0,24.9,0.3,observed
2025-01-10,2,28.6,34.2,24.6,0.0,observed
2025-01-11,2,28.3,34.3,24.5,0.0,observed
2025-01-12,2,27.8,35.0,22.0,0.0,observed
2025-01-13,2,28.1,33.2,24.3,0.0,observed
2025-01-14,2,28.2,31.9,25.3,0.5,observed
2025-01-15,2,28.7,33.1,26.0,0.9,observed
2025-01-16,2,29.0,34.0,26.0,0.0,observed
2025-01-17,2,29.3,34.6,26.5,0.2,observed
2025-01-18,2,28.9,34.6,26.9,0.0,observed
2025-01-19,2,28.5,32.2,26.1,1.8,observed
2025-01-20,2,28.2,31.8,25.6,0.0,observed
2025-01-21,2,28.4,32.9,25.7,0.0,observed
2025-01-22,2,28.2,32.3,25.2,0.0,observed
2025-01-23,2,27.7,32.3,25.9,0.4,observed
2025-01-24,2,28.2,32.1,25.3,0.0,observed
2025-01-25,2,28.0,32.2,25.2,0.9,observed
2025-01-26,2,28.1,32.6,25.3,1.2,observed
2025-01-27,2,27.5,32.0,24.9,0.7,observed
2025-01-28,2,27.9,31.9,25.1,0.2,observed
2025-01-29,2,27.8,30.7,26.0,2.4,observed
2025-01-30,2,28.2,32.3,25.5,0.5,observed
2025-01-31,2,28.4,32.8,25.6,1.3,observed
2025-02-01,2,28.4,32.2,25.9,0.2,observed
2025-02-02,2,26.9,29.1,25.0,8.2,observed
2025-02-03,2,27.4,30.6,24.2,0.5,observed
2025-02-04,2,28.8,33.3,26.0,0.0,observed
2025-02-05,2,28.8,32.4,26.9,0.0,observed
2025-02-06,2,28.8,32.1,26.4,0.0,observed
2025-02-07,2,28.8,32.6,26.6,1.0,observed
2025-02-08,2,28.2,31.9,26.7,4.0,observed
2025-02-09,2,27.9,31.3,25.5,0.9,observed
2025-02-10,2,28.3,32.2,26.0,0.1,observed
2025-02-11,2,28.9,32.7,26.7,0.7,observed
2025-02-12,2,28.2,31.4,26.6,2.3,observed
2025-02-13,2,28.5,32.4,26.3,0.8,observed
2025-02-14,2,28.3,32.4,26.0,0.6,observed
2025-02-15,2,28.3,31.7,26.2,0.4,observed
2025-02-16,2,28.5,31.9,25.8,0.5,observed
2025-02-17,2,28.9,33.0,26.6,0.0,observed
2025-02-18,2,28.5,32.0,26.7,0.9,observed
2025-02-19,2,28.6,32.1,26.3,0.6,observed
2025-02-20,2,28.9,33.0,26.2,0.1,observed
2025-02-21,2,28.8,32.6,26.3,0.5,observed
2025-02-22,2,28.8,32.2,26.9,0.4,observed
2025-02-23,2,27.5,30.7,25.8,0.0,observed
2025-02-24,2,27.9,32.0,26.2,0.0,observed
2025-02-25,2,28.3,31.5,25.9,0.2,observed
2025-02-26,2,28.6,31.9,26.4,1.2,observed
2025-02-27,2,28.5,31.6,26.6,0.0,observed
2025-02-28,2,28.5,32.2,25.8,0.1,observed
2025-03-01,2,28.8,32.5,26.3,0.0,observed
2025-03-02,2,28.9,31.9,26.9,1.1,observed
2025-03-03,2,28.9,32.3,26.7,0.5,observed
2025-03-04,2,28.1,31.5,25.9,0.6,observed
2025-03-05,2,28.5,31.0,26.2,5.3,observed
2025-03-06,2,29.2,33.6,26.5,0.0,observed
2025-03-07,2,29.2,32.6,26.8,0.8,observed
2025-03-08,2,29.2,33.0,26.8,0.1,observed
2025-03-09,2,29.0,32.9,27.0,0.5,observed
2025-03-10,2,29.2,32.5,27.1,0.3,observed
2025-03-11,2,29.4,33.5,27.1,0.0,observed
2025-03-12,2,29.2,33.5,26.7,0.0,observed
2025-03-13,2,29.4,33.8,27.1,0.2,observed
2025-03-14,2,28.7,32.3,26.8,0.3,observed
2025-03-15,2,29.1,32.2,26.6,0.8,observed
2025-03-16,2,29.3,32.8,27.1,0.0,observed
2025-03-17,2,29.0,32.0,26.5,0.4,observed
2025-03-18,2,29.1,32.1,27.1,0.1,observed
2025-03-19,2,28.8,32.6,26.9,2.1,observed
2025-03-20,2,29.0,32.5,26.9,0.2,observed
2025-03-21,2,28.6,31.1,26.8,0.6,observed
2025-03-22,2,28.3,31.4,25.6,0.0,observed
2025-03-23,2,28.4,31.8,26.5,0.3,observed
2025-03-24,2,29.0,32.4,26.4,0.0,observed
2025-03-25,2,29.1,32.6,27.2,5.3,observed
2025-03-26,2,28.6,34.5,26.1,6.0,observed
2025-03-27,2,28.4,31.7,26.0,0.0,observed
2025-03-28,2,28.4,31.6,26.2,0.1,observed
2025-03-29,2,28.9,31.8,26.6,0.3,observed
2025-03-30,2,28.3,32.2,25.4,5.7,observed
2025-03-31,2,28.8,32.6,25.7,1.7,observed
2025-04-01,2,29.0,32.6,26.7,0.5,observed
2025-04-02,2,28.4,31.7,25.6,3.2,observed
2025-04-03,2,27.4,32.0,24.0,6.3,observed
2025-04-04,2,29.2,32.8,26.4,0.0,observed
2025-04-05,2,29.4,33.3,27.2,0.4,observed
2025-04-06,2,29.3,32.1,27.5,1.8,observed
2025-04-07,2,29.0,31.8,26.9,0.2,observed
2025-04-08,2,29.0,32.1,26.6,0.3,observed
2025-04-09,2,27.5,29.9,25.0,4.9,observed
2025-04-10,2,28.8,32.7,25.7,0.6,observed
2025-04-11,2,27.9,30.5,25.0,0.6,observed
2025-04-12,2,27.9,31.9,24.6,4.6,observed
2025-04-13,2,29.2,32.5,26.4,0.0,observed
2025-04-14,2,29.5,32.5,27.5,0.3,observed
2025-04-15,2,28.4,32.0,25.2,6.3,observed
2025-04-16,2,29.0,32.6,26.5,0.0,observed
2025-04-17,2,28.7,33.1,25.6,1.2,observed
2025-04-18,2,29.4,33.4,26.4,0.1,observed
2025-04-19,2,28.6,32.3,25.4,3.0,observed
2025-04-20,2,29.4,32.3,27.1,0.1,observed
2025-04-21,2,28.9,32.9,25.8,0.0,observed
2025-04-22,2,29.8,33.2,27.3,0.2,observed
2025-04-23,2,26.6,30.3,23.8,16.1,observed
2025-04-24,2,29.0,32.1,26.3,0.2,observed
2025-04-25,2,29.4,32.6,26.5,0.0,observed
2025-04-26,2,27.4,31.1,25.5,5.5,observed
2025-04-27,2,27.3,31.6,24.0,0.4,observed
2025-04-28,2,29.0,32.0,26.6,0.0,observed
2025-04-29,2,28.3,32.1,26.5,9.1,observed
2025-04-30,2,27.7,31.0,24.7,0.0,observed
2025-05-01,2,27.9,33.1,25.2,1.6,observed
2025-05-02,2,27.3,30.6,25.3,10.1,observed
2025-05-03,2,27.8,31.0,24.3,0.0,observed
2025-05-04,2,28.8,32.0,26.8,2.3,observed
2025-05-05,2,28.8,31.6,26.4,0.0,observed
2025-05-06,2,29.0,32.2,26.3,0.8,observed
2025-05-07,2,29.5,33.1,26.9,0.1,observed
2025-05-08,2,28.8,31.7,26.0,0.6,observed
2025-05-09,2,28.5,31.4,26.9,1.6,observed
2025-05-10,2,29.0,32.2,26.2,0.4,observed
2025-05-11,2,29.3,32.8,26.4,0.1,observed
2025-05-12,2,29.5,32.2,27.0,0.6,observed
2025-05-13,2,28.4,32.0,26.8,5.7,observed
2025-05-14,2,28.8,32.7,25.4,0.0,observed
2025-05-15,2,28.9,31.1,26.9,0.5,observed
2025-05-16,2,29.1,33.1,25.9,0.4,observed
2025-05-17,2,28.0,31.4,25.9,7.2,observed
2025-05-18,2,26.9,30.1,24.4,1.1,observed
2025-05-19,2,28.8,33.8,24.8,0.7,observed
2025-05-20,2,28.0,32.1,24.4,12.6,observed
2025-05-21,2,26.7,29.9,23.8,3.2,observed
2025-05-22,2,27.5,30.3,25.1,1.5,observed
2025-05-23,2,26.9,29.2,24.9,6.6,observed
2025-05-24,2,27.0,29.0,24.8,1.8,observed
2025-05-25,2,27.8,31.2,24.7,0.0,observed
2025-05-26,2,28.6,31.4,26.4,0.0,observed
2025-05-27,2,27.8,30.9,25.6,1.0,observed
2025-05-28,2,27.3,29.7,25.8,4.2,observed
2025-05-29,2,26.5,29.3,25.3,5.5,observed
2025-05-30,2,26.5,29.2,24.6,5.3,observed
2025-05-31,2,27.9,31.3,25.1,0.8,observed
2025-06-01,2,28.7,32.3,26.6,0.6,observed
2025-06-02,2,27.9,31.7,26.1,1.3,observed
2025-06-03,2,27.6,31.8,24.9,2.7,observed
2025-06-04,2,25.1,28.5,23.0,21.8,observed
2025-06-05,2,26.6,29.6,24.0,1.1,observed
2025-06-06,2,27.0,30.0,24.9,0.7,observed
2025-06-07,2,26.0,27.4,25.2,10.0,observed
2025-06-08,2,26.9,30.0,24.0,0.0,observed
2025-06-09,2,26.7,29.2,24.5,4.5,observed
2025-06-10,2,27.2,29.7,25.1,1.0,observed
2025-06-11,2,26.4,29.7,25.0,5.0,observed
2025-06-12,2,26.6,30.5,23.9,0.4,observed
2025-06-13,2,27.3,30.9,25.2,0.5,observed
2025-06-14,2,25.8,27.4,24.2,8.8,observed
2025-06-15,2,25.8,30.1,23.5,5.7,observed
2025-06-16,2,26.6,30.5,24.1,1.5,observed
2025-06-17,2,26.8,30.0,24.8,1.3,observed
2025-06-18,2,26.6,30.8,24.3,6.7,observed
2025-06-19,2,26.5,29.5,24.4,1.2,observed
2025-06-20,2,27.0,31.3,24.6,4.4,observed
2025-06-21,2,26.4,29.7,24.1,1.4,observed
2025-06-22,2,25.5,27.5,24.2,12.7,observed
2025-06-23,2,25.7,29.2,23.6,15.3,observed
2025-06-24,2,26.2,28.3,24.3,6.8,observed
2025-06-25,2,26.4,28.9,24.4,1.3,observed
2025-06-26,2,25.9,29.8,24.1,11.4,observed
2025-06-27,2,24.9,27.9,22.7,2.2,observed
2025-06-28,2,26.0,28.3,23.9,0.1,observed
2025-06-29,2,26.1,28.3,24.5,1.2,observed
2025-06-30,2,26.1,28.1,24.6,1.7,observed
2025-07-01,2,26.1,28.9,24.1,1.7,observed
2025-07-02,2,26.3,30.3,24.2,0.8,observed
2025-07-03,2,26.2,29.3,24.1,1.0,observed
2025-07-04,2,25.7,28.0,24.2,4.3,observed
2025-07-05,2,25.9,28.7,24.2,1.3,observed
2025-07-06,2,26.0,29.8,24.0,1.0,observed
2025-07-07,2,25.7,29.5,24.0,5.8,observed
2025-07-08,2,25.1,27.4,23.9,9.0,observed
2025-07-09,2,24.8,27.7,23.3,6.3,observed
2025-07-10,2,25.0,27.8,23.3,0.7,observed
2025-07-11,2,25.2,28.1,23.7,2.0,observed
2025-07-12,2,24.9,27.3,23.6,0.9,observed
2025-07-13,2,24.6,27.0,22.4,0.3,observed
2025-07-14,2,24.2,28.2,20.8,0.2,observed
2025-07-15,2,24.2,28.1,21.7,0.0,observed
2025-07-16,2,24.9,28.0,22.6,0.1,observed
2025-07-17,2,24.8,27.5,23.1,0.9,observed
2025-07-18,2,24.8,27.8,22.7,0.1,observed
2025-07-19,2,24.9,28.2,22.6,0.0,observed
2025-07-20,2,25.0,27.9,23.2,0.1,observed
2025-07-21,2,25.1,27.0,23.8,1.0,observed
2025-07-22,2,24.8,26.6,23.6,0.8,observed
2025-07-23,2,24.8,26.8,23.5,1.7,observed
2025-07-24,2,24.9,27.5,23.0,0.7,observed
2025-07-25,2,24.8,27.4,23.1,0.3,observed
2025-07-26,2,24.9,28.0,23.0,0.1,observed
2025-07-27,2,24.8,27.5,23.2,0.8,observed
2025-07-28,2,24.7,27.0,23.0,0.1,observed
2025-07-29,2,24.7,27.0,22.6,0.0,observed
2025-07-30,2,24.7,27.1,23.2,0.7,observed
2025-07-31,2,25.2,28.2,23.5,1.2,observed
2025-08-01,2,24.8,27.4,23.0,5.6,observed
2025-08-02,2,25.5,29.6,22.6,0.5,observed
2025-08-03,2,25.4,29.7,23.3,1.0,observed
2025-08-04,2,25.2,29.2,23.6,1.2,observed
2025-08-05,2,24.5,26.8,23.6,1.8,observed
2025-08-06,2,24.4,26.8,23.4,0.6,observed
2025-08-07,2,24.4,26.6,23.1,0.6,observed
2025-08-08,2,24.6,27.5,23.1,1.3,observed
2025-08-09,2,24.4,27.2,23.1,0.4,observed
2025-08-10,2,24.6,27.2,22.9,0.6,observed
2025-08-11,2,24.7,27.6,22.9,0.5,observed
2025-08-12,2,24.5,27.2,23.2,0.7,observed
2025-08-13,2,24.5,27.0,22.5,2.0,observed
2025-08-14,2,24.5,26.8,22.7,0.9,observed
2025-08-15,2,24.6,27.9,22.0,0.0,observed
2025-08-16,2,24.7,26.7,23.4,0.4,observed
2025-08-17,2,24.5,27.2,23.2,1.6,observed
2025-08-18,2,24.2,26.3,22.8,2.0,observed
2025-08-19,2,24.3,26.5,22.7,0.6,observed
2025-08-20,2,24.8,28.1,23.1,1.0,observed
2025-08-21,2,25.2,29.0,22.8,0.6,observed
2025-08-22,2,25.4,28.6,23.4,2.6,observed
2025-08-23,2,25.0,28.5,23.1,0.0,observed
2025-08-24,2,24.8,27.8,23.1,0.2,observed
2025-08-25,2,25.0,28.1,23.2,0.1,observed
2025-08-26,2,24.8,27.6,23.0,0.9,observed
2025-08-27,2,24.6,27.6,22.4,0.5,observed
2025-08-28,2,24.5,28.1,21.7,0.2,observed
2025-08-29,2,25.0,28.6,22.8,0.2,observed
2025-08-30,2,24.9,27.7,23.0,0.9,observed
2025-08-31,2,25.0,28.4,23.1,0.6,observed
2025-09-01,2,25.0,28.0,22.3,0.0,observed
2025-09-02,2,25.4,29.6,22.8,0.0,observed
2025-09-03,2,25.4,28.7,23.7,0.8,observed
2025-09-04,2,25.2,28.9,23.1,0.4,observed
2025-09-05,2,25.3,29.2,22.5,0.2,observed
2025-09-06,2,25.8,29.6,22.9,0.1,observed
2025-09-07,2,25.7,29.2,23.6,0.0,observed
2025-09-08,2,25.9,29.5,23.6,0.0,observed
2025-09-09,2,25.3,27.8,24.0,2.0,observed
2025-09-10,2,25.1,28.0,23.6,0.6,observed
2025-09-11,2,25.7,28.4,23.6,0.9,observed
2025-09-12,2,24.9,27.8,23.9,10.6,observed
2025-09-13,2,24.9,27.7,23.6,9.6,observed
2025-09-14,2,24.9,27.2,22.8,2.4,observed
2025-09-15,2,25.2,28.1,23.3,2.0,observed
2025-09-16,2,24.7,26.7,23.5,7.4,observed
2025-09-17,2,25.2,27.5,23.7,1.5,observed
2025-09-18,2,25.4,28.8,23.7,4.4,observed
2025-09-19,2,25.5,27.9,23.9,0.7,observed
2025-09-20,2,25.6,28.3,23.4,0.5,observed
2025-09-21,2,25.6,28.2,23.9,3.2,observed
2025-09-22,2,25.7,28.9,24.0,9.8,observed
2025-09-23,2,25.6,29.3,23.9,3.8,observed
2025-09-24,2,24.8,27.6,23.3,8.3,observed
2025-09-25,2,25.5,28.3,23.6,4.6,observed
2025-09-26,2,25.7,28.0,24.0,1.2,observed
2025-09-27,2,26.1,28.7,24.4,1.6,observed
2025-09-28,2,25.9,29.5,23.8,8.0,observed
2025-09-29,2,26.5,29.8,24.1,2.3,observed
2025-09-30,2,25.9,30.0,23.7,14.5,observed
2025-10-01,2,24.7,27.9,23.2,6.3,observed
2025-10-02,2,25.7,28.8,23.7,4.2,observed
2025-10-03,2,26.2,28.7,24.1,1.4,observed
2025-10-04,2,26.3,29.2,24.5,0.7,observed
2025-10-05,2,25.6,28.5,24.2,12.1,observed
2025-10-06,2,25.2,27.5,22.5,14.7,observed
2025-10-07,2,25.0,28.6,22.8,12.4,observed
2025-10-08,2,24.1,26.1,22.0,5.4,observed
2025-10-09,2,25.5,28.6,22.9,0.9,observed
2025-10-10,2,26.0,29.9,23.0,6.6,observed
2025-10-11,2,25.5,28.5,23.6,7.0,observed
2025-10-12,2,25.3,28.6,23.5,3.2,observed
2025-10-13,2,26.0,29.6,23.0,0.3,observed
2025-10-14,2,26.3,30.1,24.0,4.6,observed
2025-10-15,2,25.6,28.4,22.8,11.3,observed
2025-10-16,2,26.5,29.7,23.1,1.2,observed
2025-10-17,2,26.9,30.1,24.0,0.5,observed
2025-10-18,2,27.4,31.1,23.9,1.1,observed
2025-10-19,2,27.2,30.6,24.7,4.0,observed
2025-10-20,2,27.4,30.9,25.0,0.6,observed
2025-10-21,2,27.8,32.2,23.8,0.6,observed
2025-10-22,2,27.9,31.8,24.9,0.7,observed
2025-10-23,2,27.3,31.2,24.5,2.3,observed
2025-10-24,2,26.5,29.9,24.0,1.1,observed
2025-10-25,2,27.6,31.1,24.3,0.3,observed
2025-10-26,2,27.6,31.9,25.0,2.6,observed
2025-10-27,2,27.6,30.8,25.1,1.3,observed
2025-10-28,2,27.5,31.0,25.2,3.0,observed
2025-10-29,2,26.6,29.3,25.0,0.6,observed
2025-10-30,2,27.0,29.9,25.3,0.6,observed
2025-10-31,2,27.2,30.5,25.1,0.8,observed
2025-11-01,2,27.4,31.0,25.0,1.5,observed
2025-11-02,2,27.3,30.5,24.8,1.0,observed
2025-11-03,2,27.3,30.9,25.3,1.8,observed
2025-11-04,2,27.1,30.0,24.4,0.2,observed
2025-11-05,2,27.2,30.9,24.4,5.3,observed
2025-11-06,2,26.9,30.3,24.3,2.9,observed
2025-11-07,2,26.3,28.1,24.3,2.4,observed
2025-11-08,2,26.8,30.1,23.6,0.5,observed
2025-11-09,2,27.4,30.2,24.9,0.3,observed
2025-11-10,2,27.4,30.5,24.5,0.2,observed
2025-11-11,2,27.7,31.0,25.2,1.2,observed
2025-11-12,2,27.2,29.6,25.2,2.2,observed
2025-11-13,2,26.7,30.7,25.0,2.9,observed
2025-11-14,2,27.5,30.0,25.3,0.2,observed
2025-11-15,2,27.6,30.9,25.4,0.7,observed
2025-11-16,2,27.3,30.3,25.2,8.6,observed
2025-11-17,2,26.6,30.0,24.0,3.8,observed
2025-11-18,2,27.2,30.1,25.3,0.2,observed
2025-11-19,2,27.6,30.8,24.7,3.8,observed
2025-11-20,2,27.9,31.1,25.3,2.6,observed
2025-11-21,2,27.8,31.1,25.5,1.9,observed
2025-11-22,2,27.3,30.3,24.8,0.1,observed
2025-11-23,2,27.2,29.9,24.8,0.5,observed
2025-11-24,2,27.7,30.9,24.8,0.6,observed
2025-11-25,2,27.7,31.0,25.2,0.8,observed
2025-11-26,2,28.1,31.5,25.7,2.7,observed
2025-11-27,2,27.9,31.0,25.7,1.5,observed
2025-11-28,2,28.4,32.0,26.2,1.1,observed
2025-11-29,2,27.8,31.2,25.3,0.0,observed
2025-11-30,2,28.2,31.9,25.1,0.4,observed
2025-12-01,2,28.0,31.9,25.4,0.1,observed
2025-12-02,2,28.3,32.7,25.4,2.6,observed
2025-12-03,2,28.6,32.5,26.2,0.3,observed
2025-12-04,2,27.8,31.4,24.9,0.1,observed
2025-12-05,2,27.6,30.9,25.4,0.6,observed
2025-12-06,2,27.9,31.7,24.8,0.9,observed
2025-12-07,2,28.1,32.8,25.3,1.0,observed
2025-12-08,2,25.7,30.7,23.7,2.2,observed
2025-12-09,2,26.5,30.0,22.9,0.1,observed
2025-12-10,2,27.6,31.3,25.6,2.5,observed
2025-12-11,2,26.8,29.5,25.6,4.7,observed
2025-12-12,2,27.1,30.5,24.3,1.9,observed
2025-12-13,2,27.8,30.8,25.4,0.2,observed
2025-12-14,2,28.0,31.0,25.6,0.2,observed
2025-12-15,2,27.8,32.0,25.4,1.5,observed
2025-12-16,2,27.7,31.6,25.9,3.5,observed
2025-12-17,2,27.7,31.1,25.0,0.5,observed
2025-12-18,2,27.8,32.0,25.2,0.4,observed
2025-12-19,2,28.2,31.7,25.7,0.5,observed
2025-12-20,2,28.4,32.8,25.6,1.5,observed
2025-12-21,2,28.3,32.0,26.3,2.7,observed
2025-12-22,2,28.0,30.8,26.0,1.1,observed
2025-12-23,2,28.0,30.8,25.6,0.0,observed
2025-12-24,2,28.1,31.5,25.9,1.6,observed
2025-12-25,2,27.8,31.8,24.4,2.5,observed
2025-12-26,2,27.7,31.7,26.0,5.8,observed
2025-12-27,2,27.5,29.5,26.1,0.6,observed
2025-12-28,2,28.0,31.7,25.6,0.6,observed
2025-12-29,2,27.8,31.2,25.7,0.5,observed
2025-12-30,2,28.4,31.6,25.5,0.0,observed
2025-12-31,2,28.2,31.8,25.3,0.1,observed
2026-01-01,2,28.3,32.0,25.7,0.2,observed
2026-01-02,2,27.4,30.8,25.8,2.8,observed
2026-01-03,2,27.9,31.7,24.6,0.4,observed
2026-01-04,2,28.0,31.7,24.9,0.5,observed
2026-01-05,2,28.3,32.4,25.3,0.2,observed
2026-01-06,2,28.6,32.3,26.1,0.4,observed
2026-01-07,2,28.7,33.0,26.2,0.4,observed
2026-01-08,2,28.5,32.4,25.9,0.8,observed
2026-01-09,2,27.2,30.3,24.7,1.5,observed
2026-01-10,2,28.1,31.8,25.1,0.9,observed
2026-01-11,2,27.7,31.1,25.6,1.1,observed
2026-01-12,2,27.8,31.4,25.0,0.5,observed
2026-01-13,2,27.7,31.3,25.0,0.5,observed
2026-01-14,2,28.3,32.8,25.5,0.0,observed
2026-01-15,2,28.4,31.7,25.9,0.0,observed
2026-01-16,2,28.2,31.7,25.8,0.1,observed
2026-01-17,2,27.9,31.1,25.5,0.2,observed
2026-01-18,2,28.4,31.7,26.3,0.3,observed
2026-01-19,2,28.5,32.3,25.9,0.0,observed
2026-01-20,2,28.6,32.6,26.5,0.3,observed
2026-01-21,2,27.9,32.4,24.9,0.5,observed
2026-01-22,2,28.1,32.1,25.6,0.7,observed
2026-01-23,2,28.0,32.7,25.0,0.0,observed
2026-01-24,2,27.7,32.3,24.4,0.0,observed
2026-01-25,2,28.4,33.1,25.7,0.0,observed
2026-01-26,2,28.4,33.5,25.1,0.0,observed
2026-01-27,2,28.0,32.5,24.7,0.0,observed
2026-01-28,2,28.5,33.2,25.2,0.0,observed
2026-01-29,2,28.6,32.8,26.1,0.1,observed
2026-01-30,2,28.8,33.5,26.3,0.8,observed
2026-01-31,2,28.9,32.6,26.7,0.1,observed
2026-02-01,2,28.8,32.9,26.3,0.9,observed
2026-02-02,2,28.6,32.1,26.3,1.9,observed
2026-02-03,2,28.0,31.6,24.9,0.5,observed
2026-02-04,2,28.6,34.9,24.7,0.0,observed
2026-02-05,2,28.8,32.4,26.0,0.1,observed
2026-02-06,2,28.8,32.4,26.8,2.4,observed
2026-02-07,2,28.2,31.6,24.3,1.0,observed
2026-02-08,2,28.7,32.2,26.4,0.0,observed
2026-02-09,2,29.0,32.4,26.9,0.2,observed
2026-02-10,2,27.7,31.9,25.0,6.7,observed
2026-02-11,2,27.2,30.9,23.9,0.0,observed
2026-02-12,2,28.1,31.8,24.6,0.0,observed
2026-02-13,2,28.4,31.6,25.9,0.9,observed
2026-02-14,2,26.6,29.2,23.4,19.9,observed
2026-02-15,2,27.9,30.7,25.2,0.0,observed
2026-02-16,2,28.6,32.4,25.6,0.7,observed
2026-02-17,2,28.6,33.0,25.8,0.8,observed
2026-02-18,2,28.8,33.5,26.1,0.3,observed
2026-02-19,2,28.3,32.3,26.3,5.9,observed
2026-02-20,2,28.3,31.5,25.6,0.3,observed
2026-02-21,2,28.7,32.4,26.2,0.9,observed
2026-02-22,2,29.0,33.1,26.7,0.8,observed
2026-02-23,2,28.9,32.9,26.6,3.0,observed
2026-02-24,2,28.5,33.2,26.7,6.9,observed
2026-02-25,2,28.3,31.9,25.6,1.2,observed
2026-02-26,2,28.4,32.0,25.7,0.9,observed
2026-02-27,2,28.6,31.8,26.6,1.0,observed
2026-02-28,2,29.0,32.2,26.5,0.5,observed
2026-03-01,2,28.5,32.3,25.9,0.3,observed
2026-03-02,2,28.4,31.7,25.8,0.2,observed
2026-03-03,2,28.6,33.7,24.5,3.2,observed
2026-03-04,2,29.2,32.5,26.7,0.6,observed
2026-03-05,2,29.4,33.1,26.7,0.6,observed
2026-03-06,2,29.5,33.3,27.3,0.0,observed
2026-03-07,2,29.5,33.1,27.1,0.2,observed
2026-03-08,2,29.6,33.2,27.0,0.0,observed
2026-03-09,2,29.0,31.8,27.6,0.6,observed
2026-03-10,2,29.3,33.1,27.2,0.2,observed
2026-03-11,2,27.8,31.7,25.6,1.1,observed
2026-03-12,2,29.0,32.4,26.4,0.0,observed
2026-03-13,2,29.1,33.0,26.5,0.0,observed
2026-03-14,2,28.2,30.8,27.3,0.0,observed
2026-03-15,2,28.6,31.6,26.7,0.0,observed
2026-03-16,2,28.5,31.4,26.7,0.0,observed
2026-03-17,2,28.3,31.2,26.7,0.3,observed
2026-03-18,2,28.8,32.1,26.3,0.2,observed
2026-03-19,2,29.2,32.8,26.5,0.2,observed
2026-03-20,2,29.2,32.6,26.8,0.2,observed
2026-03-21,2,29.5,32.9,27.1,0.0,observed
2026-03-22,2,29.0,32.6,27.0,0.9,observed
2026-03-23,2,29.3,33.2,26.5,1.8,observed
2026-03-24,2,29.2,32.4,27.1,0.0,observed
2026-03-25,2,28.8,32.6,26.7,0.1,observed
2026-03-26,2,28.8,32.2,26.0,0.0,observed
2026-03-27,2,29.1,33.0,26.4,0.0,observed
2026-03-28,2,28.9,33.7,25.9,6.5,observed
2026-03-29,2,25.9,28.7,23.0,22.9,observed
2026-03-30,2,27.6,30.8,25.4,0.0,observed
2026-03-31,2,27.3,31.5,23.9,12.7,observed
2026-04-01,2,26.9,30.5,23.8,0.0,observed
2026-04-02,2,27.6,31.0,26.0,6.8,observed
2026-04-03,2,26.7,29.9,24.8,1.1,observed
2026-04-04,2,27.6,30.0,25.4,0.1,observed
2026-04-05,2,28.0,31.1,24.6,0.0,observed
2026-04-06,2,29.0,31.4,27.2,0.7,observed
2026-04-07,2,29.0,32.0,26.5,1.1,observed
2026-04-08,2,28.1,31.6,25.2,0.2,observed
2026-04-09,2,28.2,31.4,25.5,1.1,observed
2026-04-10,2,28.8,32.5,25.8,0.4,observed
2026-04-11,2,29.5,32.7,27.2,0.5,observed
2026-04-12,2,29.7,33.3,26.4,0.0,observed
2026-04-13,2,29.6,34.1,27.6,11.8,observed
2026-04-14,2,29.2,33.0,26.8,0.1,observed
2026-04-15,2,29.3,32.9,26.5,1.7,observed
2026-04-16,2,29.6,32.3,27.6,0.4,observed
2026-04-17,2,29.4,32.5,27.4,0.2,observed
2026-04-18,2,29.6,32.7,26.8,0.0,observed
2026-04-19,2,29.0,32.2,26.4,2.3,observed
2026-04-20,2,29.7,33.0,27.1,0.1,observed
2026-04-21,2,28.6,33.4,25.8,2.8,observed
2026-04-22,2,28.6,31.7,25.2,0.2,observed
2026-04-23,2,29.6,32.7,27.1,1.9,observed
2026-04-24,2,29.1,32.1,27.2,4.2,observed
2026-04-25,2,28.7,31.8,26.6,1.8,observed
2026-04-26,2,27.1,29.4,25.3,1.4,observed
2026-04-27,2,27.2,31.6,24.1,5.4,observed
2026-04-28,2,28.8,32.8,26.1,2.5,observed
2026-04-29,2,27.1,30.7,23.7,13.0,observed
2026-04-30,2,28.8,32.5,25.6,0.0,observed
2026-05-01,2,28.9,33.0,25.1,0.4,observed
2026-05-02,2,29.4,31.9,27.7,0.5,observed
2026-05-03,2,29.0,32.1,27.3,4.9,observed
2026-05-04,2,28.7,32.0,25.3,0.7,observed
2026-05-05,2,29.5,33.3,26.7,0.1,observed
2026-05-06,2,26.9,29.2,24.7,4.3,observed
2026-05-07,2,28.6,31.3,26.0,0.6,observed
2026-05-08,2,27.3,30.4,25.0,8.7,observed
2026-05-09,2,27.9,31.1,25.4,0.5,observed
2026-05-10,2,28.7,31.7,25.8,0.1,observed
2026-05-11,2,29.0,31.8,26.9,1.2,observed
2026-05-12,2,29.7,32.9,27.3,0.2,observed
2026-05-13,2,30.0,33.4,27.4,0.8,observed
2026-05-14,2,29.2,32.8,27.6,2.7,observed
2026-05-15,2,27.4,29.4,26.2,8.6,observed
2026-05-16,2,28.3,32.0,25.2,1.3,observed
2026-05-17,2,28.5,32.7,25.5,4.3,observed
2026-05-18,2,27.5,31.3,24.0,0.0,observed
2026-05-19,2,27.6,31.0,25.1,16.0,observed
2026-05-20,2,27.3,31.7,25.0,9.9,observed
2026-05-21,2,28.2,30.7,26.8,6.4,observed
2026-05-22,2,26.8,30.0,25.0,14.4,observed
2026-05-23,2,27.1,30.2,24.0,7.5,observed
2026-05-24,2,28.5,32.4,25.9,2.2,observed
2026-05-25,2,26.0,28.4,24.2,10.5,observed
2026-05-26,2,25.2,26.9,23.9,13.6,observed
2026-05-27,2,27.5,31.5,24.0,0.3,observed
2026-05-28,2,26.9,29.2,25.5,5.9,observed
2026-05-29,2,28.0,31.9,24.5,1.3,observed
2026-05-30,2,27.7,31.6,26.0,3.3,observed
2026-05-31,2,28.0,30.9,25.0,0.1,observed
2026-06-01,2,28.3,32.6,25.0,1.8,observed
2026-06-02,2,29.0,32.4,26.6,4.8,observed
2026-06-03,2,28.3,33.4,24.8,23.6,observed
2026-06-04,2,27.5,30.9,24.2,5.1,observed
2026-06-05,2,28.5,33.1,25.5,3.8,observed
2026-06-06,2,25.4,27.4,23.1,20.1,observed
2026-06-07,2,26.7,29.3,24.1,14.1,observed
2026-06-08,2,27.0,30.2,24.8,11.4,observed
2026-06-09,2,26.9,28.9,24.9,9.5,observed
2026-06-10,2,27.1,29.9,25.0,1.3,observed
2026-06-11,2,26.9,31.5,23.7,0.5,observed
2026-06-12,2,27.3,32.1,25.9,19.0,observed
2026-06-13,2,26.9,28.7,24.8,2.9,observed
2026-06-14,2,25.9,27.8,24.5,17.6,observed
2026-06-15,2,26.3,28.2,24.8,5.9,observed
2026-06-16,2,27.5,30.7,25.3,0.3,observed
2026-06-17,2,26.1,27.6,25.1,22.9,observed
2026-06-18,2,27.4,30.1,25.4,2.6,observed
2026-06-19,2,26.6,29.2,25.2,4.1,observed
2026-06-20,2,26.7,28.9,24.1,7.3,observed
2026-06-21,2,24.8,25.9,23.6,33.5,observed
2026-06-22,2,25.9,29.1,23.6,1.8,observed
2026-06-23,2,26.2,29.1,23.6,3.2,observed
2026-06-24,2,26.3,28.4,24.3,10.8,observed
2026-06-25,2,26.6,29.1,25.2,2.9,observed
2026-06-26,2,26.5,29.4,23.6,0.5,observed
2026-06-27,2,27.1,29.0,25.7,1.1,observed
2026-06-28,2,26.4,28.0,24.8,3.7,observed
2026-06-29,2,25.2,26.9,24.1,23.1,observed
2026-06-30,2,25.8,28.9,24.1,18.4,observed
2026-07-01,2,26.5,28.6,24.8,2.0,observed
2026-07-02,2,26.4,29.4,24.5,2.8,observed
2026-07-03,2,26.6,28.8,25.0,1.2,observed
2026-07-04,2,26.6,28.5,24.7,3.0,observed
2026-07-05,2,26.9,30.5,24.7,2.2,observed
2026-07-06,2,27.0,29.4,25.0,2.2,observed
2026-07-07,2,26.9,29.5,24.4,5.3,observed
2026-07-08,2,26.9,29.3,25.6,6.8,observed
2026-07-09,2,26.5,29.3,24.6,8.7,observed
2026-07-10,2,25.5,29.4,24.2,21.0,observed
2026-07-11,2,26.3,29.6,24.7,4.0,observed
2026-07-12,2,26.3,30.0,24.7,6.6,observed
2026-07-13,2,25.4,27.3,23.5,16.5,observed
2026-07-14,2,26.0,27.8,24.2,1.9,observed
2026-07-15,2,25.9,28.0,24.3,1.1,observed
2026-07-16,2,25.6,28.8,23.5,8.1,observed
2026-07-17,2,25.3,28.4,23.5,1.7,observed
2026-07-18,2,25.3,27.2,24.2,0.0,observed
2026-07-19,2,25.1,27.0,23.6,0.2,observed
2026-07-20,2,25.6,27.8,24.3,0.5,observed
2026-07-21,2,25.6,28.0,23.9,0.0,observed
2026-07-22,2,25.8,28.4,24.2,0.2,observed
2026-07-23,2,25.2,27.7,24.2,4.0,observed
2026-07-24,2,25.4,28.3,23.8,0.2,observed
2026-07-25,2,25.5,28.1,23.5,0.3,observed
2026-07-26,2,25.6,27.9,23.5,3.1,observed
2026-07-27,2,26.0,29.9,24.3,1.7,observed
2026-07-28,2,25.1,26.4,24.0,2.2,observed
2026-07-29,2,24.3,26.2,22.5,17.3,observed
2026-07-30,2,24.6,26.4,23.2,0.6,observed
2026-07-31,2,24.3,26.4,22.7,0.1,observed
2026-08-01,2,24.7,27.5,23.0,0.3,observed
2026-08-02,2,25.0,28.2,23.3,0.2,observed
2026-08-03,2,25.2,27.9,23.4,0.4,observed
2026-08-04,2,25.2,28.4,22.6,0.1,observed
2026-08-05,2,25.9,29.9,23.4,0.7,observed
2026-08-06,2,25.7,27.8,24.5,3.4,observed
2026-08-07,2,26.0,28.8,24.3,0.6,observed
2026-08-08,2,25.7,28.4,24.1,0.8,observed
2026-08-09,2,25.1,26.4,24.0,0.5,observed
2026-08-10,2,25.8,30.1,23.8,0.0,observed
2026-08-11,2,25.8,29.0,23.7,1.0,observed
2026-08-12,2,25.7,28.3,23.8,0.4,observed
2026-08-13,2,25.9,29.6,23.8,0.4,observed
2026-08-14,2,25.9,28.7,24.3,0.2,observed
2026-08-15,2,25.8,28.6,24.0,0.1,observed
2026-08-16,2,26.0,28.5,24.0,0.4,observed
2026-08-17,2,25.9,29.3,24.2,0.8,observed
2026-08-18,2,25.9,28.8,23.7,1.2,observed
2026-08-19,2,25.2,27.8,23.5,13.9,observed
2026-08-20,2,25.7,28.1,24.2,0.2,observed
2026-08-21,2,26.0,29.0,24.6,3.6,observed
2026-08-22,2,25.8,27.8,24.5,8.5,observed
2026-08-23,2,25.9,28.5,24.4,2.0,observed
2026-08-24,2,26.2,29.0,24.8,1.0,observed
2026-08-25,2,26.3,29.0,24.4,0.0,observed
2026-08-26,2,26.6,29.6,24.7,0.2,observed
2026-08-27,2,27.0,31.4,24.7,1.7,observed
2026-08-28,2,26.9,30.5,25.2,6.2,observed
2026-08-29,2,25.9,28.8,25.0,12.1,observed
2026-08-30,2,26.6,30.7,24.7,2.8,observed
2026-08-31,2,25.9,29.5,23.4,2.6,observed
2026-09-01,2,26.4,30.0,24.5,0.2,observed
2026-09-02,2,26.1,29.8,24.5,2.1,observed
2026-09-03,2,26.1,28.8,24.6,0.4,observed
2026-09-04,2,26.2,29.4,24.2,3.7,observed
2026-09-05,2,26.5,29.8,24.7,4.4,observed
2026-09-06,2,26.4,29.6,24.0,0.6,observed
2026-09-07,2,26.6,29.4,24.4,3.4,observed
2026-09-08,2,27.2,30.7,25.0,0.5,observed
2026-09-09,2,27.3,31.4,25.4,0.5,observed
2026-09-10,2,26.2,29.3,24.5,9.3,observed
2026-09-11,2,26.7,29.2,24.9,3.4,observed
2026-09-12,2,26.4,30.5,24.8,6.8,observed
2026-09-13,2,26.8,30.0,24.6,2.0,observed
2026-09-14,2,26.7,30.1,24.6,1.2,observed
2026-09-15,2,26.9,30.2,24.7,0.6,observed
2026-09-16,2,26.7,28.8,25.2,3.2,observed
2026-09-17,2,26.5,29.0,24.9,2.0,observed
2026-09-18,2,26.6,29.6,24.8,4.0,observed
2026-09-19,2,26.9,30.6,24.6,1.5,observed
2026-09-20,2,26.8,30.3,24.1,4.2,observed
2026-09-21,2,26.4,30.7,24.5,2.9,observed
2026-09-22,2,25.3,28.2,23.0,17.3,observed
2026-09-23,2,25.2,27.5,23.9,0.8,observed
2026-09-24,2,25.8,29.1,23.6,0.3,observed
2026-09-25,2,26.2,29.4,24.6,1.2,observed
2026-09-26,2,26.3,29.9,24.5,4.7,observed
2026-09-27,2,26.6,30.3,23.9,5.0,observed
2026-09-28,2,25.4,29.5,23.7,16.3,observed
2026-09-29,2,25.6,28.2,24.3,0.6,observed
2026-09-30,2,25.6,28.7,23.7,0.2,observed
2026-10-01,2,25.7,28.9,23.6,0.5,observed
2026-10-02,2,26.2,29.9,23.7,0.0,observed
2026-10-03,2,26.8,31.3,24.1,1.5,observed
2026-10-04,2,26.7,30.2,24.3,0.5,forecast
2026-10-05,2,26.2,28.4,24.2,0.8,forecast
2026-10-06,2,26.2,29.3,23.9,2.2,forecast
2026-10-07,2,26.2,29.8,24.0,2.2,forecast
2026-10-08,2,26.4,29.6,23.6,0.9,forecast
2026-10-09,2,26.6,29.8,24.0,0.9,forecast
2026-10-10,2,26.2,29.5,24.0,0.6,forecast
2026-10-11,2,26.9,31.2,24.4,0.0,forecast
2026-10-12,2,26.3,29.0,24.4,2.4,forecast
2026-10-13,2,26.9,30.5,24.8,0.6,forecast
2026-10-14,2,26.7,30.4,24.0,0.0,forecast
2026-10-15,2,26.8,30.7,23.9,0.0,forecast
2026-10-16,2,26.9,30.3,24.6,1.2,forecast
2026-10-17,2,26.7,30.0,24.2,2.2,forecast
2026-10-18,2,26.7,29.9,23.5,0.2,forecast
2025-01-01,3,28.7,32.5,26.0,1.1,observed
2025-01-02,3,28.9,32.8,26.3,0.6,observed
2025-01-03,3,29.0,32.9,26.2,1.6,observed
2025-01-04,3,28.7,32.7,26.6,0.2,observed
2025-01-05,3,28.6,33.0,25.5,0.4,observed
2025-01-06,3,28.7,32.7,25.8,0.4,observed
2025-01-07,3,28.5,32.2,26.0,0.3,observed
2025-01-08,3,28.1,32.4,25.2,0.2,observed
2025-01-09,3,28.2,33.0,24.9,0.3,observed
2025-01-10,3,28.6,34.2,24.6,0.0,observed
2025-01-11,3,28.3,34.3,24.5,0.0,observed
2025-01-12,3,27.8,35.0,22.0,0.0,observed
2025-01-13,3,28.1,33.2,24.3,0.0,observed
2025-01-14,3,28.2,31.9,25.3,0.5,observed
2025-01-15,3,28.7,33.1,26.0,0.9,observed
2025-01-16,3,29.0,34.0,26.0,0.0,observed
2025-01-17,3,29.3,34.6,26.5,0.2,observed
2025-01-18,3,28.9,34.6,26.9,0.0,observed
2025-01-19,3,28.5,32.2,26.1,1.8,observed
2025-01-20,3,28.2,31.8,25.6,0.0,observed
2025-01-21,3,28.4,32.9,25.7,0.0,observed
2025-01-22,3,28.2,32.3,25.2,0.0,observed
2025-01-23,3,27.7,32.3,25.9,0.4,observed
2025-01-24,3,28.2,32.1,25.3,0.0,observed
2025-01-25,3,28.0,32.2,25.2,0.9,observed
2025-01-26,3,28.1,32.6,25.3,1.2,observed
2025-01-27,3,27.5,32.0,24.9,0.7,observed
2025-01-28,3,27.9,31.9,25.1,0.2,observed
2025-01-29,3,27.8,30.7,26.0,2.4,observed
2025-01-30,3,28.2,32.3,25.5,0.5,observed
2025-01-31,3,28.4,32.8,25.6,1.3,observed
2025-02-01,3,28.4,32.2,25.9,0.2,observed
2025-02-02,3,26.9,29.1,25.0,8.2,observed
2025-02-03,3,27.4,30.6,24.2,0.5,observed
2025-02-04,3,28.8,33.3,26.0,0.0,observed
2025-02-05,3,28.8,32.4,26.9,0.0,observed
2025-02-06,3,28.8,32.1,26.4,0.0,observed
2025-02-07,3,28.8,32.6,26.6,1.0,observed
2025-02-08,3,28.2,31.9,26.7,4.0,observed
2025-02-09,3,27.9,31.3,25.5,0.9,observed
2025-02-10,3,28.3,32.2,26.0,0.1,observed
2025-02-11,3,28.9,32.7,26.7,0.7,observed
2025-02-12,3,28.2,31.4,26.6,2.3,observed
2025-02-13,3,28.5,32.4,26.3,0.8,observed
2025-02-14,3,28.3,32.4,26.0,0.6,observed
2025-02-15,3,28.3,31.7,26.2,0.4,observed
2025-02-16,3,28.5,31.9,25.8,0.5,observed
2025-02-17,3,28.9,33.0,26.6,0.0,observed
2025-02-18,3,28.5,32.0,26.7,0.9,observed
2025-02-19,3,28.6,32.1,26.3,0.6,observed
2025-02-20,3,28.9,33.0,26.2,0.1,observed
2025-02-21,3,28.8,32.6,26.3,0.5,observed
2025-02-22,3,28.8,32.2,26.9,0.4,observed
2025-02-23,3,27.5,30.7,25.8,0.0,observed
2025-02-24,3,27.9,32.0,26.2,0.0,observed
2025-02-25,3,28.3,31.5,25.9,0.2,observed
2025-02-26,3,28.6,31.9,26.4,1.2,observed
2025-02-27,3,28.5,31.6,26.6,0.0,observed
2025-02-28,3,28.5,32.2,25.8,0.1,observed
2025-03-01,3,28.8,32.5,26.3,0.0,observed
2025-03-02,3,28.9,31.9,26.9,1.1,observed
2025-03-03,3,28.9,32.3,26.7,0.5,observed
2025-03-04,3,28.1,31.5,25.9,0.6,observed
2025-03-05,3,28.5,31.0,26.2,5.3,observed
2025-03-06,3,29.2,33.6,26.5,0.0,observed
2025-03-07,3,29.2,32.6,26.8,0.8,observed
2025-03-08,3,29.2,33.0,26.8,0.1,observed
2025-03-09,3,29.0,32.9,27.0,0.5,observed
2025-03-10,3,29.2,32.5,27.1,0.3,observed
2025-03-11,3,29.4,33.5,27.1,0.0,observed
2025-03-12,3,29.2,33.5,26.7,0.0,observed
2025-03-13,3,29.4,33.8,27.1,0.2,observed
2025-03-14,3,28.7,32.3,26.8,0.3,observed
2025-03-15,3,29.1,32.2,26.6,0.8,observed
2025-03-16,3,29.3,32.8,27.1,0.0,observed
2025-03-17,3,29.0,32.0,26.5,0.4,observed
2025-03-18,3,29.1,32.1,27.1,0.1,observed
2025-03-19,3,28.8,32.6,26.9,2.1,observed
2025-03-20,3,29.0,32.5,26.9,0.2,observed
2025-03-21,3,28.6,31.1,26.8,0.6,observed
2025-03-22,3,28.3,31.4,25.6,0.0,observed
2025-03-23,3,28.4,31.8,26.5,0.3,observed
2025-03-24,3,29.0,32.4,26.4,0.0,observed
2025-03-25,3,29.1,32.6,27.2,5.3,observed
2025-03-26,3,28.6,34.5,26.1,6.0,observed
2025-03-27,3,28.4,31.7,26.0,0.0,observed
2025-03-28,3,28.4,31.6,26.2,0.1,observed
2025-03-29,3,28.9,31.8,26.6,0.3,observed
2025-03-30,3,28.3,32.2,25.4,5.7,observed
2025-03-31,3,28.8,32.6,25.7,1.7,observed
2025-04-01,3,29.0,32.6,26.7,0.5,observed
2025-04-02,3,28.4,31.7,25.6,3.2,observed
2025-04-03,3,27.4,32.0,24.0,6.3,observed
2025-04-04,3,29.2,32.8,26.4,0.0,observed
2025-04-05,3,29.4,33.3,27.2,0.4,observed
2025-04-06,3,29.3,32.1,27.5,1.8,observed
2025-04-07,3,29.0,31.8,26.9,0.2,observed
2025-04-08,3,29.0,32.1,26.6,0.3,observed
2025-04-09,3,27.5,29.9,25.0,4.9,observed
2025-04-10,3,28.8,32.7,25.7,0.6,observed
2025-04-11,3,27.9,30.5,25.0,0.6,observed
2025-04-12,3,27.9,31.9,24.6,4.6,observed
2025-04-13,3,29.2,32.5,26.4,0.0,observed
2025-04-14,3,29.5,32.5,27.5,0.3,observed
2025-04-15,3,28.4,32.0,25.2,6.3,observed
2025-04-16,3,29.0,32.6,26.5,0.0,observed
2025-04-17,3,28.7,33.1,25.6,1.2,observed
2025-04-18,3,29.4,33.4,26.4,0.1,observed
2025-04-19,3,28.6,32.3,25.4,3.0,observed
2025-04-20,3,29.4,32.3,27.1,0.1,observed
2025-04-21,3,28.9,32.9,25.8,0.0,observed
2025-04-22,3,29.8,33.2,27.3,0.2,observed
2025-04-23,3,26.6,30.3,23.8,16.1,observed
2025-04-24,3,29.0,32.1,26.3,0.2,observed
2025-04-25,3,29.4,32.6,26.5,0.0,observed
2025-04-26,3,27.4,31.1,25.5,5.5,observed
2025-04-27,3,27.3,31.6,24.0,0.4,observed
2025-04-28,3,29.0,32.0,26.6,0.0,observed
2025-04-29,3,28.3,32.1,26.5,9.1,observed
2025-04-30,3,27.7,31.0,24.7,0.0,observed
2025-05-01,3,27.9,33.1,25.2,1.6,observed
2025-05-02,3,27.3,30.6,25.3,10.1,observed
2025-05-03,3,27.8,31.0,24.3,0.0,observed
2025-05-04,3,28.8,32.0,26.8,2.3,observed
2025-05-05,3,28.8,31.6,26.4,0.0,observed
2025-05-06,3,29.0,32.2,26.3,0.8,observed
2025-05-07,3,29.5,33.1,26.9,0.1,observed
2025-05-08,3,28.8,31.7,26.0,0.6,observed
2025-05-09,3,28.5,31.4,26.9,1.6,observed
2025-05-10,3,29.0,32.2,26.2,0.4,observed
2025-05-11,3,29.3,32.8,26.4,0.1,observed
2025-05-12,3,29.5,32.2,27.0,0.6,observed
2025-05-13,3,28.4,32.0,26.8,5.7,observed
2025-05-14,3,28.8,32.7,25.4,0.0,observed
2025-05-15,3,28.9,31.1,26.9,0.5,observed
2025-05-16,3,29.1,33.1,25.9,0.4,observed
2025-05-17,3,28.0,31.4,25.9,7.2,observed
2025-05-18,3,26.9,30.1,24.4,1.1,observed
2025-05-19,3,28.8,33.8,24.8,0.7,observed
2025-05-20,3,28.0,32.1,24.4,12.6,observed
2025-05-21,3,26.7,29.9,23.8,3.2,observed
2025-05-22,3,27.5,30.3,25.1,1.5,observed
2025-05-23,3,26.9,29.2,24.9,6.6,observed
2025-05-24,3,27.0,29.0,24.8,1.8,observed
2025-05-25,3,27.8,31.2,24.7,0.0,observed
2025-05-26,3,28.6,31.4,26.4,0.0,observed
2025-05-27,3,27.8,30.9,25.6,1.0,observed
2025-05-28,3,27.3,29.7,25.8,4.2,observed
2025-05-29,3,26.5,29.3,25.3,5.5,observed
2025-05-30,3,26.5,29.2,24.6,5.3,observed
2025-05-31,3,27.9,31.3,25.1,0.8,observed
2025-06-01,3,28.7,32.3,26.6,0.6,observed
2025-06-02,3,27.9,31.7,26.1,1.3,observed
2025-06-03,3,27.6,31.8,24.9,2.7,observed
2025-06-04,3,25.1,28.5,23.0,21.8,observed
2025-06-05,3,26.6,29.6,24.0,1.1,observed
2025-06-06,3,27.0,30.0,24.9,0.7,observed
2025-06-07,3,26.0,27.4,25.2,10.0,observed
2025-06-08,3,26.9,30.0,24.0,0.0,observed
2025-06-09,3,26.7,29.2,24.5,4.5,observed
2025-06-10,3,27.2,29.7,25.1,1.0,observed
2025-06-11,3,26.4,29.7,25.0,5.0,observed
2025-06-12,3,26.6,30.5,23.9,0.4,observed
2025-06-13,3,27.3,30.9,25.2,0.5,observed
2025-06-14,3,25.8,27.4,24.2,8.8,observed
2025-06-15,3,25.8,30.1,23.5,5.7,observed
2025-06-16,3,26.6,30.5,24.1,1.5,observed
2025-06-17,3,26.8,30.0,24.8,1.3,observed
2025-06-18,3,26.6,30.8,24.3,6.7,observed
2025-06-19,3,26.5,29.5,24.4,1.2,observed
2025-06-20,3,27.0,31.3,24.6,4.4,observed
2025-06-21,3,26.4,29.7,24.1,1.4,observed
2025-06-22,3,25.5,27.5,24.2,12.7,observed
2025-06-23,3,25.7,29.2,23.6,15.3,observed
2025-06-24,3,26.2,28.3,24.3,6.8,observed
2025-06-25,3,26.4,28.9,24.4,1.3,observed
2025-06-26,3,25.9,29.8,24.1,11.4,observed
2025-06-27,3,24.9,27.9,22.7,2.2,observed
2025-06-28,3,26.0,28.3,23.9,0.1,observed
2025-06-29,3,26.1,28.3,24.5,1.2,observed
2025-06-30,3,26.1,28.1,24.6,1.7,observed
2025-07-01,3,26.1,28.9,24.1,1.7,observed
2025-07-02,3,26.3,30.3,24.2,0.8,observed
2025-07-03,3,26.2,29.3,24.1,1.0,observed
2025-07-04,3,25.7,28.0,24.2,4.3,observed
2025-07-05,3,25.9,28.7,24.2,1.3,observed
2025-07-06,3,26.0,29.8,24.0,1.0,observed
2025-07-07,3,25.7,29.5,24.0,5.8,observed
2025-07-08,3,25.1,27.4,23.9,9.0,observed
2025-07-09,3,24.8,27.7,23.3,6.3,observed
2025-07-10,3,25.0,27.8,23.3,0.7,observed
2025-07-11,3,25.2,28.1,23.7,2.0,observed
2025-07-12,3,24.9,27.3,23.6,0.9,observed
2025-07-13,3,24.6,27.0,22.4,0.3,observed
2025-07-14,3,24.2,28.2,20.8,0.2,observed
2025-07-15,3,24.2,28.1,21.7,0.0,observed
2025-07-16,3,24.9,28.0,22.6,0.1,observed
2025-07-17,3,24.8,27.5,23.1,0.9,observed
2025-07-18,3,24.8,27.8,22.7,0.1,observed
2025-07-19,3,24.9,28.2,22.6,0.0,observed
2025-07-20,3,25.0,27.9,23.2,0.1,observed
2025-07-21,3,25.1,27.0,23.8,1.0,observed
2025-07-22,3,24.8,26.6,23.6,0.8,observed
2025-07-23,3,24.8,26.8,23.5,1.7,observed
2025-07-24,3,24.9,27.5,23.0,0.7,observed
2025-07-25,3,24.8,27.4,23.1,0.3,observed
2025-07-26,3,24.9,28.0,23.0,0.1,observed
2025-07-27,3,24.8,27.5,23.2,0.8,observed
2025-07-28,3,24.7,27.0,23.0,0.1,observed
2025-07-29,3,24.7,27.0,22.6,0.0,observed
2025-07-30,3,24.7,27.1,23.2,0.7,observed
2025-07-31,3,25.2,28.2,23.5,1.2,observed
2025-08-01,3,24.8,27.4,23.0,5.6,observed
2025-08-02,3,25.5,29.6,22.6,0.5,observed
2025-08-03,3,25.4,29.7,23.3,1.0,observed
2025-08-04,3,25.2,29.2,23.6,1.2,observed
2025-08-05,3,24.5,26.8,23.6,1.8,observed
2025-08-06,3,24.4,26.8,23.4,0.6,observed
2025-08-07,3,24.4,26.6,23.1,0.6,observed
2025-08-08,3,24.6,27.5,23.1,1.3,observed
2025-08-09,3,24.4,27.2,23.1,0.4,observed
2025-08-10,3,24.6,27.2,22.9,0.6,observed
2025-08-11,3,24.7,27.6,22.9,0.5,observed
2025-08-12,3,24.5,27.2,23.2,0.7,observed
2025-08-13,3,24.5,27.0,22.5,2.0,observed
2025-08-14,3,24.5,26.8,22.7,0.9,observed
2025-08-15,3,24.6,27.9,22.0,0.0,observed
2025-08-16,3,24.7,26.7,23.4,0.4,observed
2025-08-17,3,24.5,27.2,23.2,1.6,observed
2025-08-18,3,24.2,26.3,22.8,2.0,observed
2025-08-19,3,24.3,26.5,22.7,0.6,observed
2025-08-20,3,24.8,28.1,23.1,1.0,observed
2025-08-21,3,25.2,29.0,22.8,0.6,observed
2025-08-22,3,25.4,28.6,23.4,2.6,observed
2025-08-23,3,25.0,28.5,23.1,0.0,observed
2025-08-24,3,24.8,27.8,23.1,0.2,observed
2025-08-25,3,25.0,28.1,23.2,0.1,observed
2025-08-26,3,24.8,27.6,23.0,0.9,observed
2025-08-27,3,24.6,27.6,22.4,0.5,observed
2025-08-28,3,24.5,28.1,21.7,0.2,observed
2025-08-29,3,25.0,28.6,22.8,0.2,observed
2025-08-30,3,24.9,27.7,23.0,0.9,observed
2025-08-31,3,25.0,28.4,23.1,0.6,observed
2025-09-01,3,25.0,28.0,22.3,0.0,observed
2025-09-02,3,25.4,29.6,22.8,0.0,observed
2025-09-03,3,25.4,28.7,23.7,0.8,observed
2025-09-04,3,25.2,28.9,23.1,0.4,observed
2025-09-05,3,25.3,29.2,22.5,0.2,observed
2025-09-06,3,25.8,29.6,22.9,0.1,observed
2025-09-07,3,25.7,29.2,23.6,0.0,observed
2025-09-08,3,25.9,29.5,23.6,0.0,observed
2025-09-09,3,25.3,27.8,24.0,2.0,observed
2025-09-10,3,25.1,28.0,23.6,0.6,observed
2025-09-11,3,25.7,28.4,23.6,0.9,observed
2025-09-12,3,24.9,27.8,23.9,10.6,observed
2025-09-13,3,24.9,27.7,23.6,9.6,observed
2025-09-14,3,24.9,27.2,22.8,2.4,observed
2025-09-15,3,25.2,28.1,23.3,2.0,observed
2025-09-16,3,24.7,26.7,23.5,7.4,observed
2025-09-17,3,25.2,27.5,23.7,1.5,observed
2025-09-18,3,25.4,28.8,23.7,4.4,observed
2025-09-19,3,25.5,27.9,23.9,0.7,observed
2025-09-20,3,25.6,28.3,23.4,0.5,observed
2025-09-21,3,25.6,28.2,23.9,3.2,observed
2025-09-22,3,25.7,28.9,24.0,9.8,observed
2025-09-23,3,25.6,29.3,23.9,3.8,observed
2025-09-24,3,24.8,27.6,23.3,8.3,observed
2025-09-25,3,25.5,28.3,23.6,4.6,observed
2025-09-26,3,25.7,28.0,24.0,1.2,observed
2025-09-27,3,26.1,28.7,24.4,1.6,observed
2025-09-28,3,25.9,29.5,23.8,8.0,observed
2025-09-29,3,26.5,29.8,24.1,2.3,observed
2025-09-30,3,25.9,30.0,23.7,14.5,observed
2025-10-01,3,24.7,27.9,23.2,6.3,observed
2025-10-02,3,25.7,28.8,23.7,4.2,observed
2025-10-03,3,26.2,28.7,24.1,1.4,observed
2025-10-04,3,26.3,29.2,24.5,0.7,observed
2025-10-05,3,25.6,28.5,24.2,12.1,observed
2025-10-06,3,25.2,27.5,22.5,14.7,observed
2025-10-07,3,25.0,28.6,22.8,12.4,observed
2025-10-08,3,24.1,26.1,22.0,5.4,observed
2025-10-09,3,25.5,28.6,22.9,0.9,observed
2025-10-10,3,26.0,29.9,23.0,6.6,observed
2025-10-11,3,25.5,28.5,23.6,7.0,observed
2025-10-12,3,25.3,28.6,23.5,3.2,observed
2025-10-13,3,26.0,29.6,23.0,0.3,observed
2025-10-14,3,26.3,30.1,24.0,4.6,observed
2025-10-15,3,25.6,28.4,22.8,11.3,observed
2025-10-16,3,26.5,29.7,23.1,1.2,observed
2025-10-17,3,26.9,30.1,24.0,0.5,observed
2025-10-18,3,27.4,31.1,23.9,1.1,observed
2025-10-19,3,27.2,30.6,24.7,4.0,observed
2025-10-20,3,27.4,30.9,25.0,0.6,observed
2025-10-21,3,27.8,32.2,23.8,0.6,observed
2025-10-22,3,27.9,31.8,24.9,0.7,observed
2025-10-23,3,27.3,31.2,24.5,2.3,observed
2025-10-24,3,26.5,29.9,24.0,1.1,observed
2025-10-25,3,27.6,31.1,24.3,0.3,observed
2025-10-26,3,27.6,31.9,25.0,2.6,observed
2025-10-27,3,27.6,30.8,25.1,1.3,observed
2025-10-28,3,27.5,31.0,25.2,3.0,observed
2025-10-29,3,26.6,29.3,25.0,0.6,observed
2025-10-30,3,27.0,29.9,25.3,0.6,observed
2025-10-31,3,27.2,30.5,25.1,0.8,observed
2025-11-01,3,27.4,31.0,25.0,1.5,observed
2025-11-02,3,27.3,30.5,24.8,1.0,observed
2025-11-03,3,27.3,30.9,25.3,1.8,observed
2025-11-04,3,27.1,30.0,24.4,0.2,observed
2025-11-05,3,27.2,30.9,24.4,5.3,observed
2025-11-06,3,26.9,30.3,24.3,2.9,observed
2025-11-07,3,26.3,28.1,24.3,2.4,observed
2025-11-08,3,26.8,30.1,23.6,0.5,observed
2025-11-09,3,27.4,30.2,24.9,0.3,observed
2025-11-10,3,27.4,30.5,24.5,0.2,observed
2025-11-11,3,27.7,31.0,25.2,1.2,observed
2025-11-12,3,27.2,29.6,25.2,2.2,observed
2025-11-13,3,26.7,30.7,25.0,2.9,observed
2025-11-14,3,27.5,30.0,25.3,0.2,observed
2025-11-15,3,27.6,30.9,25.4,0.7,observed
2025-11-16,3,27.3,30.3,25.2,8.6,observed
2025-11-17,3,26.6,30.0,24.0,3.8,observed
2025-11-18,3,27.2,30.1,25.3,0.2,observed
2025-11-19,3,27.6,30.8,24.7,3.8,observed
2025-11-20,3,27.9,31.1,25.3,2.6,observed
2025-11-21,3,27.8,31.1,25.5,1.9,observed
2025-11-22,3,27.3,30.3,24.8,0.1,observed
2025-11-23,3,27.2,29.9,24.8,0.5,observed
2025-11-24,3,27.7,30.9,24.8,0.6,observed
2025-11-25,3,27.7,31.0,25.2,0.8,observed
2025-11-26,3,28.1,31.5,25.7,2.7,observed
2025-11-27,3,27.9,31.0,25.7,1.5,observed
2025-11-28,3,28.4,32.0,26.2,1.1,observed
2025-11-29,3,27.8,31.2,25.3,0.0,observed
2025-11-30,3,28.2,31.9,25.1,0.4,observed
2025-12-01,3,28.0,31.9,25.4,0.1,observed
2025-12-02,3,28.3,32.7,25.4,2.6,observed
2025-12-03,3,28.6,32.5,26.2,0.3,observed
2025-12-04,3,27.8,31.4,24.9,0.1,observed
2025-12-05,3,27.6,30.9,25.4,0.6,observed
2025-12-06,3,27.9,31.7,24.8,0.9,observed
2025-12-07,3,28.1,32.8,25.3,1.0,observed
2025-12-08,3,25.7,30.7,23.7,2.2,observed
2025-12-09,3,26.5,30.0,22.9,0.1,observed
2025-12-10,3,27.6,31.3,25.6,2.5,observed
2025-12-11,3,26.8,29.5,25.6,4.7,observed
2025-12-12,3,27.1,30.5,24.3,1.9,observed
2025-12-13,3,27.8,30.8,25.4,0.2,observed
2025-12-14,3,28.0,31.0,25.6,0.2,observed
2025-12-15,3,27.8,32.0,25.4,1.5,observed
2025-12-16,3,27.7,31.6,25.9,3.5,observed
2025-12-17,3,27.7,31.1,25.0,0.5,observed
2025-12-18,3,27.8,32.0,25.2,0.4,observed
2025-12-19,3,28.2,31.7,25.7,0.5,observed
2025-12-20,3,28.4,32.8,25.6,1.5,observed
2025-12-21,3,28.3,32.0,26.3,2.7,observed
2025-12-22,3,28.0,30.8,26.0,1.1,observed
2025-12-23,3,28.0,30.8,25.6,0.0,observed
2025-12-24,3,28.1,31.5,25.9,1.6,observed
2025-12-25,3,27.8,31.8,24.4,2.5,observed
2025-12-26,3,27.7,31.7,26.0,5.8,observed
2025-12-27,3,27.5,29.5,26.1,0.6,observed
2025-12-28,3,28.0,31.7,25.6,0.6,observed
2025-12-29,3,27.8,31.2,25.7,0.5,observed
2025-12-30,3,28.4,31.6,25.5,0.0,observed
2025-12-31,3,28.2,31.8,25.3,0.1,observed
2026-01-01,3,28.3,32.0,25.7,0.2,observed
2026-01-02,3,27.4,30.8,25.8,2.8,observed
2026-01-03,3,27.9,31.7,24.6,0.4,observed
2026-01-04,3,28.0,31.7,24.9,0.5,observed
2026-01-05,3,28.3,32.4,25.3,0.2,observed
2026-01-06,3,28.6,32.3,26.1,0.4,observed
2026-01-07,3,28.7,33.0,26.2,0.4,observed
2026-01-08,3,28.5,32.4,25.9,0.8,observed
2026-01-09,3,27.2,30.3,24.7,1.5,observed
2026-01-10,3,28.1,31.8,25.1,0.9,observed
2026-01-11,3,27.7,31.1,25.6,1.1,observed
2026-01-12,3,27.8,31.4,25.0,0.5,observed
2026-01-13,3,27.7,31.3,25.0,0.5,observed
2026-01-14,3,28.3,32.8,25.5,0.0,observed
2026-01-15,3,28.4,31.7,25.9,0.0,observed
2026-01-16,3,28.2,31.7,25.8,0.1,observed
2026-01-17,3,27.9,31.1,25.5,0.2,observed
2026-01-18,3,28.4,31.7,26.3,0.3,observed
2026-01-19,3,28.5,32.3,25.9,0.0,observed
2026-01-20,3,28.6,32.6,26.5,0.3,observed
2026-01-21,3,27.9,32.4,24.9,0.5,observed
2026-01-22,3,28.1,32.1,25.6,0.7,observed
2026-01-23,3,28.0,32.7,25.0,0.0,observed
2026-01-24,3,27.7,32.3,24.4,0.0,observed
2026-01-25,3,28.4,33.1,25.7,0.0,observed
2026-01-26,3,28.4,33.5,25.1,0.0,observed
2026-01-27,3,28.0,32.5,24.7,0.0,observed
2026-01-28,3,28.5,33.2,25.2,0.0,observed
2026-01-29,3,28.6,32.8,26.1,0.1,observed
2026-01-30,3,28.8,33.5,26.3,0.8,observed
2026-01-31,3,28.9,32.6,26.7,0.1,observed
2026-02-01,3,28.8,32.9,26.3,0.9,observed
2026-02-02,3,28.6,32.1,26.3,1.9,observed
2026-02-03,3,28.0,31.6,24.9,0.5,observed
2026-02-04,3,28.6,34.9,24.7,0.0,observed
2026-02-05,3,28.8,32.4,26.0,0.1,observed
2026-02-06,3,28.8,32.4,26.8,2.4,observed
2026-02-07,3,28.2,31.6,24.3,1.0,observed
2026-02-08,3,28.7,32.2,26.4,0.0,observed
2026-02-09,3,29.0,32.4,26.9,0.2,observed
2026-02-10,3,27.7,31.9,25.0,6.7,observed
2026-02-11,3,27.2,30.9,23.9,0.0,observed
2026-02-12,3,28.1,31.8,24.6,0.0,observed
2026-02-13,3,28.4,31.6,25.9,0.9,observed
2026-02-14,3,26.6,29.2,23.4,19.9,observed
2026-02-15,3,27.9,30.7,25.2,0.0,observed
2026-02-16,3,28.6,32.4,25.6,0.7,observed
2026-02-17,3,28.6,33.0,25.8,0.8,observed
2026-02-18,3,28.8,33.5,26.1,0.3,observed
2026-02-19,3,28.3,32.3,26.3,5.9,observed
2026-02-20,3,28.3,31.5,25.6,0.3,observed
2026-02-21,3,28.7,32.4,26.2,0.9,observed
2026-02-22,3,29.0,33.1,26.7,0.8,observed
2026-02-23,3,28.9,32.9,26.6,3.0,observed
2026-02-24,3,28.5,33.2,26.7,6.9,observed
2026-02-25,3,28.3,31.9,25.6,1.2,observed
2026-02-26,3,28.4,32.0,25.7,0.9,observed
2026-02-27,3,28.6,31.8,26.6,1.0,observed
2026-02-28,3,29.0,32.2,26.5,0.5,observed
2026-03-01,3,28.5,32.3,25.9,0.3,observed
2026-03-02,3,28.4,31.7,25.8,0.2,observed
2026-03-03,3,28.6,33.7,24.5,3.2,observed
2026-03-04,3,29.2,32.5,26.7,0.6,observed
2026-03-05,3,29.4,33.1,26.7,0.6,observed
2026-03-06,3,29.5,33.3,27.3,0.0,observed
2026-03-07,3,29.5,33.1,27.1,0.2,observed
2026-03-08,3,29.6,33.2,27.0,0.0,observed
2026-03-09,3,29.0,31.8,27.6,0.6,observed
2026-03-10,3,29.3,33.1,27.2,0.2,observed
2026-03-11,3,27.8,31.7,25.6,1.1,observed
2026-03-12,3,29.0,32.4,26.4,0.0,observed
2026-03-13,3,29.1,33.0,26.5,0.0,observed
2026-03-14,3,28.2,30.8,27.3,0.0,observed
2026-03-15,3,28.6,31.6,26.7,0.0,observed
2026-03-16,3,28.5,31.4,26.7,0.0,observed
2026-03-17,3,28.3,31.2,26.7,0.3,observed
2026-03-18,3,28.8,32.1,26.3,0.2,observed
2026-03-19,3,29.2,32.8,26.5,0.2,observed
2026-03-20,3,29.2,32.6,26.8,0.2,observed
2026-03-21,3,29.5,32.9,27.1,0.0,observed
2026-03-22,3,29.0,32.6,27.0,0.9,observed
2026-03-23,3,29.3,33.2,26.5,1.8,observed
2026-03-24,3,29.2,32.4,27.1,0.0,observed
2026-03-25,3,28.8,32.6,26.7,0.1,observed
2026-03-26,3,28.8,32.2,26.0,0.0,observed
2026-03-27,3,29.1,33.0,26.4,0.0,observed
2026-03-28,3,28.9,33.7,25.9,6.5,observed
2026-03-29,3,25.9,28.7,23.0,22.9,observed
2026-03-30,3,27.6,30.8,25.4,0.0,observed
2026-03-31,3,27.3,31.5,23.9,12.7,observed
2026-04-01,3,26.9,30.5,23.8,0.0,observed
2026-04-02,3,27.6,31.0,26.0,6.8,observed
2026-04-03,3,26.7,29.9,24.8,1.1,observed
2026-04-04,3,27.6,30.0,25.4,0.1,observed
2026-04-05,3,28.0,31.1,24.6,0.0,observed
2026-04-06,3,29.0,31.4,27.2,0.7,observed
2026-04-07,3,29.0,32.0,26.5,1.1,observed
2026-04-08,3,28.1,31.6,25.2,0.2,observed
2026-04-09,3,28.2,31.4,25.5,1.1,observed
2026-04-10,3,28.8,32.5,25.8,0.4,observed
2026-04-11,3,29.5,32.7,27.2,0.5,observed
2026-04-12,3,29.7,33.3,26.4,0.0,observed
2026-04-13,3,29.6,34.1,27.6,11.8,observed
2026-04-14,3,29.2,33.0,26.8,0.1,observed
2026-04-15,3,29.3,32.9,26.5,1.7,observed
2026-04-16,3,29.6,32.3,27.6,0.4,observed
2026-04-17,3,29.4,32.5,27.4,0.2,observed
2026-04-18,3,29.6,32.7,26.8,0.0,observed
2026-04-19,3,29.0,32.2,26.4,2.3,observed
2026-04-20,3,29.7,33.0,27.1,0.1,observed
2026-04-21,3,28.6,33.4,25.8,2.8,observed
2026-04-22,3,28.6,31.7,25.2,0.2,observed
2026-04-23,3,29.6,32.7,27.1,1.9,observed
2026-04-24,3,29.1,32.1,27.2,4.2,observed
2026-04-25,3,28.7,31.8,26.6,1.8,observed
2026-04-26,3,27.1,29.4,25.3,1.4,observed
2026-04-27,3,27.2,31.6,24.1,5.4,observed
2026-04-28,3,28.8,32.8,26.1,2.5,observed
2026-04-29,3,27.1,30.7,23.7,13.0,observed
2026-04-30,3,28.8,32.5,25.6,0.0,observed
2026-05-01,3,28.9,33.0,25.1,0.4,observed
2026-05-02,3,29.4,31.9,27.7,0.5,observed
2026-05-03,3,29.0,32.1,27.3,4.9,observed
2026-05-04,3,28.7,32.0,25.3,0.7,observed
2026-05-05,3,29.5,33.3,26.7,0.1,observed
2026-05-06,3,26.9,29.2,24.7,4.3,observed
2026-05-07,3,28.6,31.3,26.0,0.6,observed
2026-05-08,3,27.3,30.4,25.0,8.7,observed
2026-05-09,3,27.9,31.1,25.4,0.5,observed
2026-05-10,3,28.7,31.7,25.8,0.1,observed
2026-05-11,3,29.0,31.8,26.9,1.2,observed
2026-05-12,3,29.7,32.9,27.3,0.2,observed
2026-05-13,3,30.0,33.4,27.4,0.8,observed
2026-05-14,3,29.2,32.8,27.6,2.7,observed
2026-05-15,3,27.4,29.4,26.2,8.6,observed
2026-05-16,3,28.3,32.0,25.2,1.3,observed
2026-05-17,3,28.5,32.7,25.5,4.3,observed
2026-05-18,3,27.5,31.3,24.0,0.0,observed
2026-05-19,3,27.6,31.0,25.1,16.0,observed
2026-05-20,3,27.3,31.7,25.0,9.9,observed
2026-05-21,3,28.2,30.7,26.8,6.4,observed
2026-05-22,3,26.8,30.0,25.0,14.4,observed
2026-05-23,3,27.1,30.2,24.0,7.5,observed
2026-05-24,3,28.5,32.4,25.9,2.2,observed
2026-05-25,3,26.0,28.4,24.2,10.5,observed
2026-05-26,3,25.2,26.9,23.9,13.6,observed
2026-05-27,3,27.5,31.5,24.0,0.3,observed
2026-05-28,3,26.9,29.2,25.5,5.9,observed
2026-05-29,3,28.0,31.9,24.5,1.3,observed
2026-05-30,3,27.7,31.6,26.0,3.3,observed
2026-05-31,3,28.0,30.9,25.0,0.1,observed
2026-06-01,3,28.3,32.6,25.0,1.8,observed
2026-06-02,3,29.0,32.4,26.6,4.8,observed
2026-06-03,3,28.3,33.4,24.8,23.6,observed
2026-06-04,3,27.5,30.9,24.2,5.1,observed
2026-06-05,3,28.5,33.1,25.5,3.8,observed
2026-06-06,3,25.4,27.4,23.1,20.1,observed
2026-06-07,3,26.7,29.3,24.1,14.1,observed
2026-06-08,3,27.0,30.2,24.8,11.4,observed
2026-06-09,3,26.9,28.9,24.9,9.5,observed
2026-06-10,3,27.1,29.9,25.0,1.3,observed
2026-06-11,3,26.9,31.5,23.7,0.5,observed
2026-06-12,3,27.3,32.1,25.9,19.0,observed
2026-06-13,3,26.9,28.7,24.8,2.9,observed
2026-06-14,3,25.9,27.8,24.5,17.6,observed
2026-06-15,3,26.3,28.2,24.8,5.9,observed
2026-06-16,3,27.5,30.7,25.3,0.3,observed
2026-06-17,3,26.1,27.6,25.1,22.9,observed
2026-06-18,3,27.4,30.1,25.4,2.6,observed
2026-06-19,3,26.6,29.2,25.2,4.1,observed
2026-06-20,3,26.7,28.9,24.1,7.3,observed
2026-06-21,3,24.8,25.9,23.6,33.5,observed
2026-06-22,3,25.9,29.1,23.6,1.8,observed
2026-06-23,3,26.2,29.1,23.6,3.2,observed
2026-06-24,3,26.3,28.4,24.3,10.8,observed
2026-06-25,3,26.6,29.1,25.2,2.9,observed
2026-06-26,3,26.5,29.4,23.6,0.5,observed
2026-06-27,3,27.1,29.0,25.7,1.1,observed
2026-06-28,3,26.4,28.0,24.8,3.7,observed
2026-06-29,3,25.2,26.9,24.1,23.1,observed
2026-06-30,3,25.8,28.9,24.1,18.4,observed
2026-07-01,3,26.5,28.6,24.8,2.0,observed
2026-07-02,3,26.4,29.4,24.5,2.8,observed
2026-07-03,3,26.6,28.8,25.0,1.2,observed
2026-07-04,3,26.6,28.5,24.7,3.0,observed
2026-07-05,3,26.9,30.5,24.7,2.2,observed
2026-07-06,3,27.0,29.4,25.0,2.2,observed
2026-07-07,3,26.9,29.5,24.4,5.3,observed
2026-07-08,3,26.9,29.3,25.6,6.8,observed
2026-07-09,3,26.5,29.3,24.6,8.7,observed
2026-07-10,3,25.5,29.4,24.2,21.0,observed
2026-07-11,3,26.3,29.6,24.7,4.0,observed
2026-07-12,3,26.3,30.0,24.7,6.6,observed
2026-07-13,3,25.4,27.3,23.5,16.5,observed
2026-07-14,3,26.0,27.8,24.2,1.9,observed
2026-07-15,3,25.9,28.0,24.3,1.1,observed
2026-07-16,3,25.6,28.8,23.5,8.1,observed
2026-07-17,3,25.3,28.4,23.5,1.7,observed
2026-07-18,3,25.3,27.2,24.2,0.0,observed
2026-07-19,3,25.1,27.0,23.6,0.2,observed
2026-07-20,3,25.6,27.8,24.3,0.5,observed
2026-07-21,3,25.6,28.0,23.9,0.0,observed
2026-07-22,3,25.8,28.4,24.2,0.2,observed
2026-07-23,3,25.2,27.7,24.2,4.0,observed
2026-07-24,3,25.4,28.3,23.8,0.2,observed
2026-07-25,3,25.5,28.1,23.5,0.3,observed
2026-07-26,3,25.6,27.9,23.5,3.1,observed
2026-07-27,3,26.0,29.9,24.3,1.7,observed
2026-07-28,3,25.1,26.4,24.0,2.2,observed
2026-07-29,3,24.3,26.2,22.5,17.3,observed
2026-07-30,3,24.6,26.4,23.2,0.6,observed
2026-07-31,3,24.3,26.4,22.7,0.1,observed
2026-08-01,3,24.7,27.5,23.0,0.3,observed
2026-08-02,3,25.0,28.2,23.3,0.2,observed
2026-08-03,3,25.2,27.9,23.4,0.4,observed
2026-08-04,3,25.2,28.4,22.6,0.1,observed
2026-08-05,3,25.9,29.9,23.4,0.7,observed
2026-08-06,3,25.7,27.8,24.5,3.4,observed
2026-08-07,3,26.0,28.8,24.3,0.6,observed
2026-08-08,3,25.7,28.4,24.1,0.8,observed
2026-08-09,3,25.1,26.4,24.0,0.5,observed
2026-08-10,3,25.8,30.1,23.8,0.0,observed
2026-08-11,3,25.8,29.0,23.7,1.0,observed
2026-08-12,3,25.7,28.3,23.8,0.4,observed
2026-08-13,3,25.9,29.6,23.8,0.4,observed
2026-08-14,3,25.9,28.7,24.3,0.2,observed
2026-08-15,3,25.8,28.6,24.0,0.1,observed
2026-08-16,3,26.0,28.5,24.0,0.4,observed
2026-08-17,3,25.9,29.3,24.2,0.8,observed
2026-08-18,3,25.9,28.8,23.7,1.2,observed
2026-08-19,3,25.2,27.8,23.5,13.9,observed
2026-08-20,3,25.7,28.1,24.2,0.2,observed
2026-08-21,3,26.0,29.0,24.6,3.6,observed
2026-08-22,3,25.8,27.8,24.5,8.5,observed
2026-08-23,3,25.9,28.5,24.4,2.0,observed
2026-08-24,3,26.2,29.0,24.8,1.0,observed
2026-08-25,3,26.3,29.0,24.4,0.0,observed
2026-08-26,3,26.6,29.6,24.7,0.2,observed
2026-08-27,3,27.0,31.4,24.7,1.7,observed
2026-08-28,3,26.9,30.5,25.2,6.2,observed
2026-08-29,3,25.9,28.8,25.0,12.1,observed
2026-08-30,3,26.6,30.7,24.7,2.8,observed
2026-08-31,3,25.9,29.5,23.4,2.6,observed
2026-09-01,3,26.4,30.0,24.5,0.2,observed
2026-09-02,3,26.1,29.8,24.5,2.1,observed
2026-09-03,3,26.1,28.8,24.6,0.4,observed
2026-09-04,3,26.2,29.4,24.2,3.7,observed
2026-09-05,3,26.5,29.8,24.7,4.4,observed
2026-09-06,3,26.4,29.6,24.0,0.6,observed
2026-09-07,3,26.6,29.4,24.4,3.4,observed
2026-09-08,3,27.2,30.7,25.0,0.5,observed
2026-09-09,3,27.3,31.4,25.4,0.5,observed
2026-09-10,3,26.2,29.3,24.5,9.3,observed
2026-09-11,3,26.7,29.2,24.9,3.4,observed
2026-09-12,3,26.4,30.5,24.8,6.8,observed
2026-09-13,3,26.8,30.0,24.6,2.0,observed
2026-09-14,3,26.7,30.1,24.6,1.2,observed
2026-09-15,3,26.9,30.2,24.7,0.6,observed
2026-09-16,3,26.7,28.8,25.2,3.2,observed
2026-09-17,3,26.5,29.0,24.9,2.0,observed
2026-09-18,3,26.6,29.6,24.8,4.0,observed
2026-09-19,3,26.9,30.6,24.6,1.5,observed
2026-09-20,3,26.8,30.3,24.1,4.2,observed
2026-09-21,3,26.4,30.7,24.5,2.9,observed
2026-09-22,3,25.3,28.2,23.0,17.3,observed
2026-09-23,3,25.2,27.5,23.9,0.8,observed
2026-09-24,3,25.8,29.1,23.6,0.3,observed
2026-09-25,3,26.2,29.4,24.6,1.2,observed
2026-09-26,3,26.3,29.9,24.5,4.7,observed
2026-09-27,3,26.6,30.3,23.9,5.0,observed
2026-09-28,3,25.4,29.5,23.7,16.3,observed
2026-09-29,3,25.6,28.2,24.3,0.6,observed
2026-09-30,3,25.6,28.7,23.7,0.2,observed
2026-10-01,3,25.7,28.9,23.6,0.5,observed
2026-10-02,3,26.2,29.9,23.7,0.0,observed
2026-10-03,3,26.8,31.3,24.1,1.5,observed
2026-10-04,3,26.7,30.2,24.3,0.5,forecast
2026-10-05,3,26.2,28.4,24.2,0.8,forecast
2026-10-06,3,26.2,29.3,23.9,2.2,forecast
2026-10-07,3,26.2,29.8,24.0,2.2,forecast
2026-10-08,3,26.4,29.6,23.6,0.9,forecast
2026-10-09,3,26.6,29.8,24.0,0.9,forecast
2026-10-10,3,26.2,29.5,24.0,0.6,forecast
2026-10-11,3,26.9,31.2,24.4,0.0,forecast
2026-10-12,3,26.3,29.0,24.4,2.4,forecast
2026-10-13,3,26.9,30.5,24.8,0.6,forecast
2026-10-14,3,26.7,30.4,24.0,0.0,forecast
2026-10-15,3,26.8,30.7,23.9,0.0,forecast
2026-10-16,3,26.9,30.3,24.6,1.2,forecast
2026-10-17,3,26.7,30.0,24.2,2.2,forecast
2026-10-18,3,26.6,29.8,23.5,0.2,forecast
2025-01-01,4,28.7,32.5,26.0,1.1,observed
2025-01-02,4,28.9,32.8,26.3,0.6,observed
2025-01-03,4,29.0,32.9,26.2,1.6,observed
2025-01-04,4,28.7,32.7,26.6,0.2,observed
2025-01-05,4,28.6,33.0,25.5,0.4,observed
2025-01-06,4,28.7,32.7,25.8,0.4,observed
2025-01-07,4,28.5,32.2,26.0,0.3,observed
2025-01-08,4,28.1,32.4,25.2,0.2,observed
2025-01-09,4,28.2,33.0,24.9,0.3,observed
2025-01-10,4,28.6,34.2,24.6,0.0,observed
2025-01-11,4,28.3,34.3,24.5,0.0,observed
2025-01-12,4,27.8,35.0,22.0,0.0,observed
2025-01-13,4,28.1,33.2,24.3,0.0,observed
2025-01-14,4,28.2,31.9,25.3,0.5,observed
2025-01-15,4,28.7,33.1,26.0,0.9,observed
2025-01-16,4,29.0,34.0,26.0,0.0,observed
2025-01-17,4,29.3,34.6,26.5,0.2,observed
2025-01-18,4,28.9,34.6,26.9,0.0,observed
2025-01-19,4,28.5,32.2,26.1,1.8,observed
2025-01-20,4,28.2,31.8,25.6,0.0,observed
2025-01-21,4,28.4,32.9,25.7,0.0,observed
2025-01-22,4,28.2,32.3,25.2,0.0,observed
2025-01-23,4,27.7,32.3,25.9,0.4,observed
2025-01-24,4,28.2,32.1,25.3,0.0,observed
2025-01-25,4,28.0,32.2,25.2,0.9,observed
2025-01-26,4,28.1,32.6,25.3,1.2,observed
2025-01-27,4,27.5,32.0,24.9,0.7,observed
2025-01-28,4,27.9,31.9,25.1,0.2,observed
2025-01-29,4,27.8,30.7,26.0,2.4,observed
2025-01-30,4,28.2,32.3,25.5,0.5,observed
2025-01-31,4,28.4,32.8,25.6,1.3,observed
2025-02-01,4,28.4,32.2,25.9,0.2,observed
2025-02-02,4,26.9,29.1,25.0,8.2,observed
2025-02-03,4,27.4,30.6,24.2,0.5,observed
2025-02-04,4,28.8,33.3,26.0,0.0,observed
2025-02-05,4,28.8,32.4,26.9,0.0,observed
2025-02-06,4,28.8,32.1,26.4,0.0,observed
2025-02-07,4,28.8,32.6,26.6,1.0,observed
2025-02-08,4,28.2,31.9,26.7,4.0,observed
2025-02-09,4,27.9,31.3,25.5,0.9,observed
2025-02-10,4,28.3,32.2,26.0,0.1,observed
2025-02-11,4,28.9,32.7,26.7,0.7,observed
2025-02-12,4,28.2,31.4,26.6,2.3,observed
2025-02-13,4,28.5,32.4,26.3,0.8,observed
2025-02-14,4,28.3,32.4,26.0,0.6,observed
2025-02-15,4,28.3,31.7,26.2,0.4,observed
2025-02-16,4,28.5,31.9,25.8,0.5,observed
2025-02-17,4,28.9,33.0,26.6,0.0,observed
2025-02-18,4,28.5,32.0,26.7,0.9,observed
2025-02-19,4,28.6,32.1,26.3,0.6,observed
2025-02-20,4,28.9,33.0,26.2,0.1,observed
2025-02-21,4,28.8,32.6,26.3,0.5,observed
2025-02-22,4,28.8,32.2,26.9,0.4,observed
2025-02-23,4,27.5,30.7,25.8,0.0,observed
2025-02-24,4,27.9,32.0,26.2,0.0,observed
2025-02-25,4,28.3,31.5,25.9,0.2,observed
2025-02-26,4,28.6,31.9,26.4,1.2,observed
2025-02-27,4,28.5,31.6,26.6,0.0,observed
2025-02-28,4,28.5,32.2,25.8,0.1,observed
2025-03-01,4,28.8,32.5,26.3,0.0,observed
2025-03-02,4,28.9,31.9,26.9,1.1,observed
2025-03-03,4,28.9,32.3,26.7,0.5,observed
2025-03-04,4,28.1,31.5,25.9,0.6,observed
2025-03-05,4,28.5,31.0,26.2,5.3,observed
2025-03-06,4,29.2,33.6,26.5,0.0,observed
2025-03-07,4,29.2,32.6,26.8,0.8,observed
2025-03-08,4,29.2,33.0,26.8,0.1,observed
2025-03-09,4,29.0,32.9,27.0,0.5,observed
2025-03-10,4,29.2,32.5,27.1,0.3,observed
2025-03-11,4,29.4,33.5,27.1,0.0,observed
2025-03-12,4,29.2,33.5,26.7,0.0,observed
2025-03-13,4,29.4,33.8,27.1,0.2,observed
2025-03-14,4,28.7,32.3,26.8,0.3,observed
2025-03-15,4,29.1,32.2,26.6,0.8,observed
2025-03-16,4,29.3,32.8,27.1,0.0,observed
2025-03-17,4,29.0,32.0,26.5,0.4,observed
2025-03-18,4,29.1,32.1,27.1,0.1,observed
2025-03-19,4,28.8,32.6,26.9,2.1,observed
2025-03-20,4,29.0,32.5,26.9,0.2,observed
2025-03-21,4,28.6,31.1,26.8,0.6,observed
2025-03-22,4,28.3,31.4,25.6,0.0,observed
2025-03-23,4,28.4,31.8,26.5,0.3,observed
2025-03-24,4,29.0,32.4,26.4,0.0,observed
2025-03-25,4,29.1,32.6,27.2,5.3,observed
2025-03-26,4,28.6,34.5,26.1,6.0,observed
2025-03-27,4,28.4,31.7,26.0,0.0,observed
2025-03-28,4,28.4,31.6,26.2,0.1,observed
2025-03-29,4,28.9,31.8,26.6,0.3,observed
2025-03-30,4,28.3,32.2,25.4,5.7,observed
2025-03-31,4,28.8,32.6,25.7,1.7,observed
2025-04-01,4,29.0,32.6,26.7,0.5,observed
2025-04-02,4,28.4,31.7,25.6,3.2,observed
2025-04-03,4,27.4,32.0,24.0,6.3,observed
2025-04-04,4,29.2,32.8,26.4,0.0,observed
2025-04-05,4,29.4,33.3,27.2,0.4,observed
2025-04-06,4,29.3,32.1,27.5,1.8,observed
2025-04-07,4,29.0,31.8,26.9,0.2,observed
2025-04-08,4,29.0,32.1,26.6,0.3,observed
2025-04-09,4,27.5,29.9,25.0,4.9,observed
2025-04-10,4,28.8,32.7,25.7,0.6,observed
2025-04-11,4,27.9,30.5,25.0,0.6,observed
2025-04-12,4,27.9,31.9,24.6,4.6,observed
2025-04-13,4,29.2,32.5,26.4,0.0,observed
2025-04-14,4,29.5,32.5,27.5,0.3,observed
2025-04-15,4,28.4,32.0,25.2,6.3,observed
2025-04-16,4,29.0,32.6,26.5,0.0,observed
2025-04-17,4,28.7,33.1,25.6,1.2,observed
2025-04-18,4,29.4,33.4,26.4,0.1,observed
2025-04-19,4,28.6,32.3,25.4,3.0,observed
2025-04-20,4,29.4,32.3,27.1,0.1,observed
2025-04-21,4,28.9,32.9,25.8,0.0,observed
2025-04-22,4,29.8,33.2,27.3,0.2,observed
2025-04-23,4,26.6,30.3,23.8,16.1,observed
2025-04-24,4,29.0,32.1,26.3,0.2,observed
2025-04-25,4,29.4,32.6,26.5,0.0,observed
2025-04-26,4,27.4,31.1,25.5,5.5,observed
2025-04-27,4,27.3,31.6,24.0,0.4,observed
2025-04-28,4,29.0,32.0,26.6,0.0,observed
2025-04-29,4,28.3,32.1,26.5,9.1,observed
2025-04-30,4,27.7,31.0,24.7,0.0,observed
2025-05-01,4,27.9,33.1,25.2,1.6,observed
2025-05-02,4,27.3,30.6,25.3,10.1,observed
2025-05-03,4,27.8,31.0,24.3,0.0,observed
2025-05-04,4,28.8,32.0,26.8,2.3,observed
2025-05-05,4,28.8,31.6,26.4,0.0,observed
2025-05-06,4,29.0,32.2,26.3,0.8,observed
2025-05-07,4,29.5,33.1,26.9,0.1,observed
2025-05-08,4,28.8,31.7,26.0,0.6,observed
2025-05-09,4,28.5,31.4,26.9,1.6,observed
2025-05-10,4,29.0,32.2,26.2,0.4,observed
2025-05-11,4,29.3,32.8,26.4,0.1,observed
2025-05-12,4,29.5,32.2,27.0,0.6,observed
2025-05-13,4,28.4,32.0,26.8,5.7,observed
2025-05-14,4,28.8,32.7,25.4,0.0,observed
2025-05-15,4,28.9,31.1,26.9,0.5,observed
2025-05-16,4,29.1,33.1,25.9,0.4,observed
2025-05-17,4,28.0,31.4,25.9,7.2,observed
2025-05-18,4,26.9,30.1,24.4,1.1,observed
2025-05-19,4,28.8,33.8,24.8,0.7,observed
2025-05-20,4,28.0,32.1,24.4,12.6,observed
2025-05-21,4,26.7,29.9,23.8,3.2,observed
2025-05-22,4,27.5,30.3,25.1,1.5,observed
2025-05-23,4,26.9,29.2,24.9,6.6,observed
2025-05-24,4,27.0,29.0,24.8,1.8,observed
2025-05-25,4,27.8,31.2,24.7,0.0,observed
2025-05-26,4,28.6,31.4,26.4,0.0,observed
2025-05-27,4,27.8,30.9,25.6,1.0,observed
2025-05-28,4,27.3,29.7,25.8,4.2,observed
2025-05-29,4,26.5,29.3,25.3,5.5,observed
2025-05-30,4,26.5,29.2,24.6,5.3,observed
2025-05-31,4,27.9,31.3,25.1,0.8,observed
2025-06-01,4,28.7,32.3,26.6,0.6,observed
2025-06-02,4,27.9,31.7,26.1,1.3,observed
2025-06-03,4,27.6,31.8,24.9,2.7,observed
2025-06-04,4,25.1,28.5,23.0,21.8,observed
2025-06-05,4,26.6,29.6,24.0,1.1,observed
2025-06-06,4,27.0,30.0,24.9,0.7,observed
2025-06-07,4,26.0,27.4,25.2,10.0,observed
2025-06-08,4,26.9,30.0,24.0,0.0,observed
2025-06-09,4,26.7,29.2,24.5,4.5,observed
2025-06-10,4,27.2,29.7,25.1,1.0,observed
2025-06-11,4,26.4,29.7,25.0,5.0,observed
2025-06-12,4,26.6,30.5,23.9,0.4,observed
2025-06-13,4,27.3,30.9,25.2,0.5,observed
2025-06-14,4,25.8,27.4,24.2,8.8,observed
2025-06-15,4,25.8,30.1,23.5,5.7,observed
2025-06-16,4,26.6,30.5,24.1,1.5,observed
2025-06-17,4,26.8,30.0,24.8,1.3,observed
2025-06-18,4,26.6,30.8,24.3,6.7,observed
2025-06-19,4,26.5,29.5,24.4,1.2,observed
2025-06-20,4,27.0,31.3,24.6,4.4,observed
2025-06-21,4,26.4,29.7,24.1,1.4,observed
2025-06-22,4,25.5,27.5,24.2,12.7,observed
2025-06-23,4,25.7,29.2,23.6,15.3,observed
2025-06-24,4,26.2,28.3,24.3,6.8,observed
2025-06-25,4,26.4,28.9,24.4,1.3,observed
2025-06-26,4,25.9,29.8,24.1,11.4,observed
2025-06-27,4,24.9,27.9,22.7,2.2,observed
2025-06-28,4,26.0,28.3,23.9,0.1,observed
2025-06-29,4,26.1,28.3,24.5,1.2,observed
2025-06-30,4,26.1,28.1,24.6,1.7,observed
2025-07-01,4,26.1,28.9,24.1,1.7,observed
2025-07-02,4,26.3,30.3,24.2,0.8,observed
2025-07-03,4,26.2,29.3,24.1,1.0,observed
2025-07-04,4,25.7,28.0,24.2,4.3,observed
2025-07-05,4,25.9,28.7,24.2,1.3,observed
2025-07-06,4,26.0,29.8,24.0,1.0,observed
2025-07-07,4,25.7,29.5,24.0,5.8,observed
2025-07-08,4,25.1,27.4,23.9,9.0,observed
2025-07-09,4,24.8,27.7,23.3,6.3,observed
2025-07-10,4,25.0,27.8,23.3,0.7,observed
2025-07-11,4,25.2,28.1,23.7,2.0,observed
2025-07-12,4,24.9,27.3,23.6,0.9,observed
2025-07-13,4,24.6,27.0,22.4,0.3,observed
2025-07-14,4,24.2,28.2,20.8,0.2,observed
2025-07-15,4,24.2,28.1,21.7,0.0,observed
2025-07-16,4,24.9,28.0,22.6,0.1,observed
2025-07-17,4,24.8,27.5,23.1,0.9,observed
2025-07-18,4,24.8,27.8,22.7,0.1,observed
2025-07-19,4,24.9,28.2,22.6,0.0,observed
2025-07-20,4,25.0,27.9,23.2,0.1,observed
2025-07-21,4,25.1,27.0,23.8,1.0,observed
2025-07-22,4,24.8,26.6,23.6,0.8,observed
2025-07-23,4,24.8,26.8,23.5,1.7,observed
2025-07-24,4,24.9,27.5,23.0,0.7,observed
2025-07-25,4,24.8,27.4,23.1,0.3,observed
2025-07-26,4,24.9,28.0,23.0,0.1,observed
2025-07-27,4,24.8,27.5,23.2,0.8,observed
2025-07-28,4,24.7,27.0,23.0,0.1,observed
2025-07-29,4,24.7,27.0,22.6,0.0,observed
2025-07-30,4,24.7,27.1,23.2,0.7,observed
2025-07-31,4,25.2,28.2,23.5,1.2,observed
2025-08-01,4,24.8,27.4,23.0,5.6,observed
2025-08-02,4,25.5,29.6,22.6,0.5,observed
2025-08-03,4,25.4,29.7,23.3,1.0,observed
2025-08-04,4,25.2,29.2,23.6,1.2,observed
2025-08-05,4,24.5,26.8,23.6,1.8,observed
2025-08-06,4,24.4,26.8,23.4,0.6,observed
2025-08-07,4,24.4,26.6,23.1,0.6,observed
2025-08-08,4,24.6,27.5,23.1,1.3,observed
2025-08-09,4,24.4,27.2,23.1,0.4,observed
2025-08-10,4,24.6,27.2,22.9,0.6,observed
2025-08-11,4,24.7,27.6,22.9,0.5,observed
2025-08-12,4,24.5,27.2,23.2,0.7,observed
2025-08-13,4,24.5,27.0,22.5,2.0,observed
2025-08-14,4,24.5,26.8,22.7,0.9,observed
2025-08-15,4,24.6,27.9,22.0,0.0,observed
2025-08-16,4,24.7,26.7,23.4,0.4,observed
2025-08-17,4,24.5,27.2,23.2,1.6,observed
2025-08-18,4,24.2,26.3,22.8,2.0,observed
2025-08-19,4,24.3,26.5,22.7,0.6,observed
2025-08-20,4,24.8,28.1,23.1,1.0,observed
2025-08-21,4,25.2,29.0,22.8,0.6,observed
2025-08-22,4,25.4,28.6,23.4,2.6,observed
2025-08-23,4,25.0,28.5,23.1,0.0,observed
2025-08-24,4,24.8,27.8,23.1,0.2,observed
2025-08-25,4,25.0,28.1,23.2,0.1,observed
2025-08-26,4,24.8,27.6,23.0,0.9,observed
2025-08-27,4,24.6,27.6,22.4,0.5,observed
2025-08-28,4,24.5,28.1,21.7,0.2,observed
2025-08-29,4,25.0,28.6,22.8,0.2,observed
2025-08-30,4,24.9,27.7,23.0,0.9,observed
2025-08-31,4,25.0,28.4,23.1,0.6,observed
2025-09-01,4,25.0,28.0,22.3,0.0,observed
2025-09-02,4,25.4,29.6,22.8,0.0,observed
2025-09-03,4,25.4,28.7,23.7,0.8,observed
2025-09-04,4,25.2,28.9,23.1,0.4,observed
2025-09-05,4,25.3,29.2,22.5,0.2,observed
2025-09-06,4,25.8,29.6,22.9,0.1,observed
2025-09-07,4,25.7,29.2,23.6,0.0,observed
2025-09-08,4,25.9,29.5,23.6,0.0,observed
2025-09-09,4,25.3,27.8,24.0,2.0,observed
2025-09-10,4,25.1,28.0,23.6,0.6,observed
2025-09-11,4,25.7,28.4,23.6,0.9,observed
2025-09-12,4,24.9,27.8,23.9,10.6,observed
2025-09-13,4,24.9,27.7,23.6,9.6,observed
2025-09-14,4,24.9,27.2,22.8,2.4,observed
2025-09-15,4,25.2,28.1,23.3,2.0,observed
2025-09-16,4,24.7,26.7,23.5,7.4,observed
2025-09-17,4,25.2,27.5,23.7,1.5,observed
2025-09-18,4,25.4,28.8,23.7,4.4,observed
2025-09-19,4,25.5,27.9,23.9,0.7,observed
2025-09-20,4,25.6,28.3,23.4,0.5,observed
2025-09-21,4,25.6,28.2,23.9,3.2,observed
2025-09-22,4,25.7,28.9,24.0,9.8,observed
2025-09-23,4,25.6,29.3,23.9,3.8,observed
2025-09-24,4,24.8,27.6,23.3,8.3,observed
2025-09-25,4,25.5,28.3,23.6,4.6,observed
2025-09-26,4,25.7,28.0,24.0,1.2,observed
2025-09-27,4,26.1,28.7,24.4,1.6,observed
2025-09-28,4,25.9,29.5,23.8,8.0,observed
2025-09-29,4,26.5,29.8,24.1,2.3,observed
2025-09-30,4,25.9,30.0,23.7,14.5,observed
2025-10-01,4,24.7,27.9,23.2,6.3,observed
2025-10-02,4,25.7,28.8,23.7,4.2,observed
2025-10-03,4,26.2,28.7,24.1,1.4,observed
2025-10-04,4,26.3,29.2,24.5,0.7,observed
2025-10-05,4,25.6,28.5,24.2,12.1,observed
2025-10-06,4,25.2,27.5,22.5,14.7,observed
2025-10-07,4,25.0,28.6,22.8,12.4,observed
2025-10-08,4,24.1,26.1,22.0,5.4,observed
2025-10-09,4,25.5,28.6,22.9,0.9,observed
2025-10-10,4,26.0,29.9,23.0,6.6,observed
2025-10-11,4,25.5,28.5,23.6,7.0,observed
2025-10-12,4,25.3,28.6,23.5,3.2,observed
2025-10-13,4,26.0,29.6,23.0,0.3,observed
2025-10-14,4,26.3,30.1,24.0,4.6,observed
2025-10-15,4,25.6,28.4,22.8,11.3,observed
2025-10-16,4,26.5,29.7,23.1,1.2,observed
2025-10-17,4,26.9,30.1,24.0,0.5,observed
2025-10-18,4,27.4,31.1,23.9,1.1,observed
2025-10-19,4,27.2,30.6,24.7,4.0,observed
2025-10-20,4,27.4,30.9,25.0,0.6,observed
2025-10-21,4,27.8,32.2,23.8,0.6,observed
2025-10-22,4,27.9,31.8,24.9,0.7,observed
2025-10-23,4,27.3,31.2,24.5,2.3,observed
2025-10-24,4,26.5,29.9,24.0,1.1,observed
2025-10-25,4,27.6,31.1,24.3,0.3,observed
2025-10-26,4,27.6,31.9,25.0,2.6,observed
2025-10-27,4,27.6,30.8,25.1,1.3,observed
2025-10-28,4,27.5,31.0,25.2,3.0,observed
2025-10-29,4,26.6,29.3,25.0,0.6,observed
2025-10-30,4,27.0,29.9,25.3,0.6,observed
2025-10-31,4,27.2,30.5,25.1,0.8,observed
2025-11-01,4,27.4,31.0,25.0,1.5,observed
2025-11-02,4,27.3,30.5,24.8,1.0,observed
2025-11-03,4,27.3,30.9,25.3,1.8,observed
2025-11-04,4,27.1,30.0,24.4,0.2,observed
2025-11-05,4,27.2,30.9,24.4,5.3,observed
2025-11-06,4,26.9,30.3,24.3,2.9,observed
2025-11-07,4,26.3,28.1,24.3,2.4,observed
2025-11-08,4,26.8,30.1,23.6,0.5,observed
2025-11-09,4,27.4,30.2,24.9,0.3,observed
2025-11-10,4,27.4,30.5,24.5,0.2,observed
2025-11-11,4,27.7,31.0,25.2,1.2,observed
2025-11-12,4,27.2,29.6,25.2,2.2,observed
2025-11-13,4,26.7,30.7,25.0,2.9,observed
2025-11-14,4,27.5,30.0,25.3,0.2,observed
2025-11-15,4,27.6,30.9,25.4,0.7,observed
2025-11-16,4,27.3,30.3,25.2,8.6,observed
2025-11-17,4,26.6,30.0,24.0,3.8,observed
2025-11-18,4,27.2,30.1,25.3,0.2,observed
2025-11-19,4,27.6,30.8,24.7,3.8,observed
2025-11-20,4,27.9,31.1,25.3,2.6,observed
2025-11-21,4,27.8,31.1,25.5,1.9,observed
2025-11-22,4,27.3,30.3,24.8,0.1,observed
2025-11-23,4,27.2,29.9,24.8,0.5,observed
2025-11-24,4,27.7,30.9,24.8,0.6,observed
2025-11-25,4,27.7,31.0,25.2,0.8,observed
2025-11-26,4,28.1,31.5,25.7,2.7,observed
2025-11-27,4,27.9,31.0,25.7,1.5,observed
2025-11-28,4,28.4,32.0,26.2,1.1,observed
2025-11-29,4,27.8,31.2,25.3,0.0,observed
2025-11-30,4,28.2,31.9,25.1,0.4,observed
2025-12-01,4,28.0,31.9,25.4,0.1,observed
2025-12-02,4,28.3,32.7,25.4,2.6,observed
2025-12-03,4,28.6,32.5,26.2,0.3,observed
2025-12-04,4,27.8,31.4,24.9,0.1,observed
2025-12-05,4,27.6,30.9,25.4,0.6,observed
2025-12-06,4,27.9,31.7,24.8,0.9,observed
2025-12-07,4,28.1,32.8,25.3,1.0,observed
2025-12-08,4,25.7,30.7,23.7,2.2,observed
2025-12-09,4,26.5,30.0,22.9,0.1,observed
2025-12-10,4,27.6,31.3,25.6,2.5,observed
2025-12-11,4,26.8,29.5,25.6,4.7,observed
2025-12-12,4,27.1,30.5,24.3,1.9,observed
2025-12-13,4,27.8,30.8,25.4,0.2,observed
2025-12-14,4,28.0,31.0,25.6,0.2,observed
2025-12-15,4,27.8,32.0,25.4,1.5,observed
2025-12-16,4,27.7,31.6,25.9,3.5,observed
2025-12-17,4,27.7,31.1,25.0,0.5,observed
2025-12-18,4,27.8,32.0,25.2,0.4,observed
2025-12-19,4,28.2,31.7,25.7,0.5,observed
2025-12-20,4,28.4,32.8,25.6,1.5,observed
2025-12-21,4,28.3,32.0,26.3,2.7,observed
2025-12-22,4,28.0,30.8,26.0,1.1,observed
2025-12-23,4,28.0,30.8,25.6,0.0,observed
2025-12-24,4,28.1,31.5,25.9,1.6,observed
2025-12-25,4,27.8,31.8,24.4,2.5,observed
2025-12-26,4,27.7,31.7,26.0,5.8,observed
2025-12-27,4,27.5,29.5,26.1,0.6,observed
2025-12-28,4,28.0,31.7,25.6,0.6,observed
2025-12-29,4,27.8,31.2,25.7,0.5,observed
2025-12-30,4,28.4,31.6,25.5,0.0,observed
2025-12-31,4,28.2,31.8,25.3,0.1,observed
2026-01-01,4,28.3,32.0,25.7,0.2,observed
2026-01-02,4,27.4,30.8,25.8,2.8,observed
2026-01-03,4,27.9,31.7,24.6,0.4,observed
2026-01-04,4,28.0,31.7,24.9,0.5,observed
2026-01-05,4,28.3,32.4,25.3,0.2,observed
2026-01-06,4,28.6,32.3,26.1,0.4,observed
2026-01-07,4,28.7,33.0,26.2,0.4,observed
2026-01-08,4,28.5,32.4,25.9,0.8,observed
2026-01-09,4,27.2,30.3,24.7,1.5,observed
2026-01-10,4,28.1,31.8,25.1,0.9,observed
2026-01-11,4,27.7,31.1,25.6,1.1,observed
2026-01-12,4,27.8,31.4,25.0,0.5,observed
2026-01-13,4,27.7,31.3,25.0,0.5,observed
2026-01-14,4,28.3,32.8,25.5,0.0,observed
2026-01-15,4,28.4,31.7,25.9,0.0,observed
2026-01-16,4,28.2,31.7,25.8,0.1,observed
2026-01-17,4,27.9,31.1,25.5,0.2,observed
2026-01-18,4,28.4,31.7,26.3,0.3,observed
2026-01-19,4,28.5,32.3,25.9,0.0,observed
2026-01-20,4,28.6,32.6,26.5,0.3,observed
2026-01-21,4,27.9,32.4,24.9,0.5,observed
2026-01-22,4,28.1,32.1,25.6,0.7,observed
2026-01-23,4,28.0,32.7,25.0,0.0,observed
2026-01-24,4,27.7,32.3,24.4,0.0,observed
2026-01-25,4,28.4,33.1,25.7,0.0,observed
2026-01-26,4,28.4,33.5,25.1,0.0,observed
2026-01-27,4,28.0,32.5,24.7,0.0,observed
2026-01-28,4,28.5,33.2,25.2,0.0,observed
2026-01-29,4,28.6,32.8,26.1,0.1,observed
2026-01-30,4,28.8,33.5,26.3,0.8,observed
2026-01-31,4,28.9,32.6,26.7,0.1,observed
2026-02-01,4,28.8,32.9,26.3,0.9,observed
2026-02-02,4,28.6,32.1,26.3,1.9,observed
2026-02-03,4,28.0,31.6,24.9,0.5,observed
2026-02-04,4,28.6,34.9,24.7,0.0,observed
2026-02-05,4,28.8,32.4,26.0,0.1,observed
2026-02-06,4,28.8,32.4,26.8,2.4,observed
2026-02-07,4,28.2,31.6,24.3,1.0,observed
2026-02-08,4,28.7,32.2,26.4,0.0,observed
2026-02-09,4,29.0,32.4,26.9,0.2,observed
2026-02-10,4,27.7,31.9,25.0,6.7,observed
2026-02-11,4,27.2,30.9,23.9,0.0,observed
2026-02-12,4,28.1,31.8,24.6,0.0,observed
2026-02-13,4,28.4,31.6,25.9,0.9,observed
2026-02-14,4,26.6,29.2,23.4,19.9,observed
2026-02-15,4,27.9,30.7,25.2,0.0,observed
2026-02-16,4,28.6,32.4,25.6,0.7,observed
2026-02-17,4,28.6,33.0,25.8,0.8,observed
2026-02-18,4,28.8,33.5,26.1,0.3,observed
2026-02-19,4,28.3,32.3,26.3,5.9,observed
2026-02-20,4,28.3,31.5,25.6,0.3,observed
2026-02-21,4,28.7,32.4,26.2,0.9,observed
2026-02-22,4,29.0,33.1,26.7,0.8,observed
2026-02-23,4,28.9,32.9,26.6,3.0,observed
2026-02-24,4,28.5,33.2,26.7,6.9,observed
2026-02-25,4,28.3,31.9,25.6,1.2,observed
2026-02-26,4,28.4,32.0,25.7,0.9,observed
2026-02-27,4,28.6,31.8,26.6,1.0,observed
2026-02-28,4,29.0,32.2,26.5,0.5,observed
2026-03-01,4,28.5,32.3,25.9,0.3,observed
2026-03-02,4,28.4,31.7,25.8,0.2,observed
2026-03-03,4,28.6,33.7,24.5,3.2,observed
2026-03-04,4,29.2,32.5,26.7,0.6,observed
2026-03-05,4,29.4,33.1,26.7,0.6,observed
2026-03-06,4,29.5,33.3,27.3,0.0,observed
2026-03-07,4,29.5,33.1,27.1,0.2,observed
2026-03-08,4,29.6,33.2,27.0,0.0,observed
2026-03-09,4,29.0,31.8,27.6,0.6,observed
2026-03-10,4,29.3,33.1,27.2,0.2,observed
2026-03-11,4,27.8,31.7,25.6,1.1,observed
2026-03-12,4,29.0,32.4,26.4,0.0,observed
2026-03-13,4,29.1,33.0,26.5,0.0,observed
2026-03-14,4,28.2,30.8,27.3,0.0,observed
2026-03-15,4,28.6,31.6,26.7,0.0,observed
2026-03-16,4,28.5,31.4,26.7,0.0,observed
2026-03-17,4,28.3,31.2,26.7,0.3,observed
2026-03-18,4,28.8,32.1,26.3,0.2,observed
2026-03-19,4,29.2,32.8,26.5,0.2,observed
2026-03-20,4,29.2,32.6,26.8,0.2,observed
2026-03-21,4,29.5,32.9,27.1,0.0,observed
2026-03-22,4,29.0,32.6,27.0,0.9,observed
2026-03-23,4,29.3,33.2,26.5,1.8,observed
2026-03-24,4,29.2,32.4,27.1,0.0,observed
2026-03-25,4,28.8,32.6,26.7,0.1,observed
2026-03-26,4,28.8,32.2,26.0,0.0,observed
2026-03-27,4,29.1,33.0,26.4,0.0,observed
2026-03-28,4,28.9,33.7,25.9,6.5,observed
2026-03-29,4,25.9,28.7,23.0,22.9,observed
2026-03-30,4,27.6,30.8,25.4,0.0,observed
2026-03-31,4,27.3,31.5,23.9,12.7,observed
2026-04-01,4,26.9,30.5,23.8,0.0,observed
2026-04-02,4,27.6,31.0,26.0,6.8,observed
2026-04-03,4,26.7,29.9,24.8,1.1,observed
2026-04-04,4,27.6,30.0,25.4,0.1,observed
2026-04-05,4,28.0,31.1,24.6,0.0,observed
2026-04-06,4,29.0,31.4,27.2,0.7,observed
2026-04-07,4,29.0,32.0,26.5,1.1,observed
2026-04-08,4,28.1,31.6,25.2,0.2,observed
2026-04-09,4,28.2,31.4,25.5,1.1,observed
2026-04-10,4,28.8,32.5,25.8,0.4,observed
2026-04-11,4,29.5,32.7,27.2,0.5,observed
2026-04-12,4,29.7,33.3,26.4,0.0,observed
2026-04-13,4,29.6,34.1,27.6,11.8,observed
2026-04-14,4,29.2,33.0,26.8,0.1,observed
2026-04-15,4,29.3,32.9,26.5,1.7,observed
2026-04-16,4,29.6,32.3,27.6,0.4,observed
2026-04-17,4,29.4,32.5,27.4,0.2,observed
2026-04-18,4,29.6,32.7,26.8,0.0,observed
2026-04-19,4,29.0,32.2,26.4,2.3,observed
2026-04-20,4,29.7,33.0,27.1,0.1,observed
2026-04-21,4,28.6,33.4,25.8,2.8,observed
2026-04-22,4,28.6,31.7,25.2,0.2,observed
2026-04-23,4,29.6,32.7,27.1,1.9,observed
2026-04-24,4,29.1,32.1,27.2,4.2,observed
2026-04-25,4,28.7,31.8,26.6,1.8,observed
2026-04-26,4,27.1,29.4,25.3,1.4,observed
2026-04-27,4,27.2,31.6,24.1,5.4,observed
2026-04-28,4,28.8,32.8,26.1,2.5,observed
2026-04-29,4,27.1,30.7,23.7,13.0,observed
2026-04-30,4,28.8,32.5,25.6,0.0,observed
2026-05-01,4,28.9,33.0,25.1,0.4,observed
2026-05-02,4,29.4,31.9,27.7,0.5,observed
2026-05-03,4,29.0,32.1,27.3,4.9,observed
2026-05-04,4,28.7,32.0,25.3,0.7,observed
2026-05-05,4,29.5,33.3,26.7,0.1,observed
2026-05-06,4,26.9,29.2,24.7,4.3,observed
2026-05-07,4,28.6,31.3,26.0,0.6,observed
2026-05-08,4,27.3,30.4,25.0,8.7,observed
2026-05-09,4,27.9,31.1,25.4,0.5,observed
2026-05-10,4,28.7,31.7,25.8,0.1,observed
2026-05-11,4,29.0,31.8,26.9,1.2,observed
2026-05-12,4,29.7,32.9,27.3,0.2,observed
2026-05-13,4,30.0,33.4,27.4,0.8,observed
2026-05-14,4,29.2,32.8,27.6,2.7,observed
2026-05-15,4,27.4,29.4,26.2,8.6,observed
2026-05-16,4,28.3,32.0,25.2,1.3,observed
2026-05-17,4,28.5,32.7,25.5,4.3,observed
2026-05-18,4,27.5,31.3,24.0,0.0,observed
2026-05-19,4,27.6,31.0,25.1,16.0,observed
2026-05-20,4,27.3,31.7,25.0,9.9,observed
2026-05-21,4,28.2,30.7,26.8,6.4,observed
2026-05-22,4,26.8,30.0,25.0,14.4,observed
2026-05-23,4,27.1,30.2,24.0,7.5,observed
2026-05-24,4,28.5,32.4,25.9,2.2,observed
2026-05-25,4,26.0,28.4,24.2,10.5,observed
2026-05-26,4,25.2,26.9,23.9,13.6,observed
2026-05-27,4,27.5,31.5,24.0,0.3,observed
2026-05-28,4,26.9,29.2,25.5,5.9,observed
2026-05-29,4,28.0,31.9,24.5,1.3,observed
2026-05-30,4,27.7,31.6,26.0,3.3,observed
2026-05-31,4,28.0,30.9,25.0,0.1,observed
2026-06-01,4,28.3,32.6,25.0,1.8,observed
2026-06-02,4,29.0,32.4,26.6,4.8,observed
2026-06-03,4,28.3,33.4,24.8,23.6,observed
2026-06-04,4,27.5,30.9,24.2,5.1,observed
2026-06-05,4,28.5,33.1,25.5,3.8,observed
2026-06-06,4,25.4,27.4,23.1,20.1,observed
2026-06-07,4,26.7,29.3,24.1,14.1,observed
2026-06-08,4,27.0,30.2,24.8,11.4,observed
2026-06-09,4,26.9,28.9,24.9,9.5,observed
2026-06-10,4,27.1,29.9,25.0,1.3,observed
2026-06-11,4,26.9,31.5,23.7,0.5,observed
2026-06-12,4,27.3,32.1,25.9,19.0,observed
2026-06-13,4,26.9,28.7,24.8,2.9,observed
2026-06-14,4,25.9,27.8,24.5,17.6,observed
2026-06-15,4,26.3,28.2,24.8,5.9,observed
2026-06-16,4,27.5,30.7,25.3,0.3,observed
2026-06-17,4,26.1,27.6,25.1,22.9,observed
2026-06-18,4,27.4,30.1,25.4,2.6,observed
2026-06-19,4,26.6,29.2,25.2,4.1,observed
2026-06-20,4,26.7,28.9,24.1,7.3,observed
2026-06-21,4,24.8,25.9,23.6,33.5,observed
2026-06-22,4,25.9,29.1,23.6,1.8,observed
2026-06-23,4,26.2,29.1,23.6,3.2,observed
2026-06-24,4,26.3,28.4,24.3,10.8,observed
2026-06-25,4,26.6,29.1,25.2,2.9,observed
2026-06-26,4,26.5,29.4,23.6,0.5,observed
2026-06-27,4,27.1,29.0,25.7,1.1,observed
2026-06-28,4,26.4,28.0,24.8,3.7,observed
2026-06-29,4,25.2,26.9,24.1,23.1,observed
2026-06-30,4,25.8,28.9,24.1,18.4,observed
2026-07-01,4,26.5,28.6,24.8,2.0,observed
2026-07-02,4,26.4,29.4,24.5,2.8,observed
2026-07-03,4,26.6,28.8,25.0,1.2,observed
2026-07-04,4,26.6,28.5,24.7,3.0,observed
2026-07-05,4,26.9,30.5,24.7,2.2,observed
2026-07-06,4,27.0,29.4,25.0,2.2,observed
2026-07-07,4,26.9,29.5,24.4,5.3,observed
2026-07-08,4,26.9,29.3,25.6,6.8,observed
2026-07-09,4,26.5,29.3,24.6,8.7,observed
2026-07-10,4,25.5,29.4,24.2,21.0,observed
2026-07-11,4,26.3,29.6,24.7,4.0,observed
2026-07-12,4,26.3,30.0,24.7,6.6,observed
2026-07-13,4,25.4,27.3,23.5,16.5,observed
2026-07-14,4,26.0,27.8,24.2,1.9,observed
2026-07-15,4,25.9,28.0,24.3,1.1,observed
2026-07-16,4,25.6,28.8,23.5,8.1,observed
2026-07-17,4,25.3,28.4,23.5,1.7,observed
2026-07-18,4,25.3,27.2,24.2,0.0,observed
2026-07-19,4,25.1,27.0,23.6,0.2,observed
2026-07-20,4,25.6,27.8,24.3,0.5,observed
2026-07-21,4,25.6,28.0,23.9,0.0,observed
2026-07-22,4,25.8,28.4,24.2,0.2,observed
2026-07-23,4,25.2,27.7,24.2,4.0,observed
2026-07-24,4,25.4,28.3,23.8,0.2,observed
2026-07-25,4,25.5,28.1,23.5,0.3,observed
2026-07-26,4,25.6,27.9,23.5,3.1,observed
2026-07-27,4,26.0,29.9,24.3,1.7,observed
2026-07-28,4,25.1,26.4,24.0,2.2,observed
2026-07-29,4,24.3,26.2,22.5,17.3,observed
2026-07-30,4,24.6,26.4,23.2,0.6,observed
2026-07-31,4,24.3,26.4,22.7,0.1,observed
2026-08-01,4,24.7,27.5,23.0,0.3,observed
2026-08-02,4,25.0,28.2,23.3,0.2,observed
2026-08-03,4,25.2,27.9,23.4,0.4,observed
2026-08-04,4,25.2,28.4,22.6,0.1,observed
2026-08-05,4,25.9,29.9,23.4,0.7,observed
2026-08-06,4,25.7,27.8,24.5,3.4,observed
2026-08-07,4,26.0,28.8,24.3,0.6,observed
2026-08-08,4,25.7,28.4,24.1,0.8,observed
2026-08-09,4,25.1,26.4,24.0,0.5,observed
2026-08-10,4,25.8,30.1,23.8,0.0,observed
2026-08-11,4,25.8,29.0,23.7,1.0,observed
2026-08-12,4,25.7,28.3,23.8,0.4,observed
2026-08-13,4,25.9,29.6,23.8,0.4,observed
2026-08-14,4,25.9,28.7,24.3,0.2,observed
2026-08-15,4,25.8,28.6,24.0,0.1,observed
2026-08-16,4,26.0,28.5,24.0,0.4,observed
2026-08-17,4,25.9,29.3,24.2,0.8,observed
2026-08-18,4,25.9,28.8,23.7,1.2,observed
2026-08-19,4,25.2,27.8,23.5,13.9,observed
2026-08-20,4,25.7,28.1,24.2,0.2,observed
2026-08-21,4,26.0,29.0,24.6,3.6,observed
2026-08-22,4,25.8,27.8,24.5,8.5,observed
2026-08-23,4,25.9,28.5,24.4,2.0,observed
2026-08-24,4,26.2,29.0,24.8,1.0,observed
2026-08-25,4,26.3,29.0,24.4,0.0,observed
2026-08-26,4,26.6,29.6,24.7,0.2,observed
2026-08-27,4,27.0,31.4,24.7,1.7,observed
2026-08-28,4,26.9,30.5,25.2,6.2,observed
2026-08-29,4,25.9,28.8,25.0,12.1,observed
2026-08-30,4,26.6,30.7,24.7,2.8,observed
2026-08-31,4,25.9,29.5,23.4,2.6,observed
2026-09-01,4,26.4,30.0,24.5,0.2,observed
2026-09-02,4,26.1,29.8,24.5,2.1,observed
2026-09-03,4,26.1,28.8,24.6,0.4,observed
2026-09-04,4,26.2,29.4,24.2,3.7,observed
2026-09-05,4,26.5,29.8,24.7,4.4,observed
2026-09-06,4,26.4,29.6,24.0,0.6,observed
2026-09-07,4,26.6,29.4,24.4,3.4,observed
2026-09-08,4,27.2,30.7,25.0,0.5,observed
2026-09-09,4,27.3,31.4,25.4,0.5,observed
2026-09-10,4,26.2,29.3,24.5,9.3,observed
2026-09-11,4,26.7,29.2,24.9,3.4,observed
2026-09-12,4,26.4,30.5,24.8,6.8,observed
2026-09-13,4,26.8,30.0,24.6,2.0,observed
2026-09-14,4,26.7,30.1,24.6,1.2,observed
2026-09-15,4,26.9,30.2,24.7,0.6,observed
2026-09-16,4,26.7,28.8,25.2,3.2,observed
2026-09-17,4,26.5,29.0,24.9,2.0,observed
2026-09-18,4,26.6,29.6,24.8,4.0,observed
2026-09-19,4,26.9,30.6,24.6,1.5,observed
2026-09-20,4,26.8,30.3,24.1,4.2,observed
2026-09-21,4,26.4,30.7,24.5,2.9,observed
2026-09-22,4,25.3,28.2,23.0,17.3,observed
2026-09-23,4,25.2,27.5,23.9,0.8,observed
2026-09-24,4,25.8,29.1,23.6,0.3,observed
2026-09-25,4,26.2,29.4,24.6,1.2,observed
2026-09-26,4,26.3,29.9,24.5,4.7,observed
2026-09-27,4,26.6,30.3,23.9,5.0,observed
2026-09-28,4,25.4,29.5,23.7,16.3,observed
2026-09-29,4,25.6,28.2,24.3,0.6,observed
2026-09-30,4,25.6,28.7,23.7,0.2,observed
2026-10-01,4,25.7,28.9,23.6,0.5,observed
2026-10-02,4,26.2,29.9,23.7,0.0,observed
2026-10-03,4,26.8,31.3,24.1,1.5,observed
2026-10-04,4,26.7,30.2,24.3,0.5,forecast
2026-10-05,4,26.2,28.4,24.2,0.8,forecast
2026-10-06,4,26.2,29.3,23.9,2.2,forecast
2026-10-07,4,26.2,29.8,24.0,2.2,forecast
2026-10-08,4,26.4,29.6,23.6,0.9,forecast
2026-10-09,4,26.6,29.8,24.0,0.9,forecast
2026-10-10,4,26.2,29.5,24.0,0.6,forecast
2026-10-11,4,26.9,31.2,24.4,0.0,forecast
2026-10-12,4,26.3,29.0,24.4,2.4,forecast
2026-10-13,4,26.9,30.5,24.8,0.6,forecast
2026-10-14,4,26.7,30.4,24.0,0.0,forecast
2026-10-15,4,26.8,30.7,23.9,0.0,forecast
2026-10-16,4,26.9,30.3,24.6,1.2,forecast
2026-10-17,4,26.7,30.0,24.2,2.2,forecast
2026-10-18,4,26.6,29.9,23.5,0.2,forecast
