date,cell,tmean,tmax,tmin,precip,kind
2025-01-01,0,20.1,26.1,14.8,0.7,observed
2025-01-02,0,20.0,25.3,15.1,0.7,observed
2025-01-03,0,19.9,25.6,14.7,0.0,observed
2025-01-04,0,20.0,25.8,15.5,1.3,observed
2025-01-05,0,19.6,24.9,15.2,0.9,observed
2025-01-06,0,19.5,26.3,13.4,0.0,observed
2025-01-07,0,20.3,28.0,13.9,0.0,observed
2025-01-08,0,21.1,28.2,14.6,0.0,observed
2025-01-09,0,21.0,27.7,15.9,0.5,observed
2025-01-10,0,20.4,26.1,15.6,1.3,observed
2025-01-11,0,21.0,27.6,15.5,0.1,observed
2025-01-12,0,21.8,27.6,16.1,0.2,observed
2025-01-13,0,22.0,27.7,16.7,0.0,observed
2025-01-14,0,21.0,27.0,16.2,0.0,observed
2025-01-15,0,19.1,25.3,14.1,0.2,observed
2025-01-16,0,19.6,26.0,14.2,0.0,observed
2025-01-17,0,20.2,26.7,14.6,0.0,observed
2025-01-18,0,21.3,28.0,15.0,0.0,observed
2025-01-19,0,21.7,27.6,16.3,0.0,observed
2025-01-20,0,22.1,28.9,16.1,0.0,observed
2025-01-21,0,22.0,28.6,15.8,0.0,observed
2025-01-22,0,22.3,28.8,16.3,0.0,observed
2025-01-23,0,21.8,27.9,15.8,0.0,observed
2025-01-24,0,21.7,28.8,15.8,0.1,observed
2025-01-25,0,21.8,28.5,16.0,0.4,observed
2025-01-26,0,19.8,25.8,16.5,8.0,observed
2025-01-27,0,19.2,23.8,15.7,0.3,observed
2025-01-28,0,18.5,24.2,15.1,5.4,observed
2025-01-29,0,19.3,24.9,14.4,4.7,observed
2025-01-30,0,17.8,22.5,15.1,25.5,observed
2025-01-31,0,19.3,25.0,14.6,0.4,observed
2025-02-01,0,19.4,24.8,15.4,1.2,observed
2025-02-02,0,20.2,26.0,15.3,0.3,observed
2025-02-03,0,20.7,26.9,15.3,0.0,observed
2025-02-04,0,20.2,26.7,15.2,0.0,observed
2025-02-05,0,20.4,27.4,14.5,0.5,observed
2025-02-06,0,21.1,27.2,15.5,0.2,observed
2025-02-07,0,21.1,26.9,16.4,0.3,observed
2025-02-08,0,21.8,29.9,15.1,0.0,observed
2025-02-09,0,22.3,29.3,15.5,0.0,observed
2025-02-10,0,22.2,29.1,16.1,0.0,observed
2025-02-11,0,21.7,27.7,16.2,0.0,observed
2025-02-12,0,20.6,26.4,15.7,1.1,observed
2025-02-13,0,20.5,26.1,17.0,3.2,observed
2025-02-14,0,21.6,28.7,15.2,0.0,observed
2025-02-15,0,22.8,29.8,16.3,0.0,observed
2025-02-16,0,22.6,29.3,16.7,0.8,observed
2025-02-17,0,22.1,28.1,16.3,0.1,observed
2025-02-18,0,22.0,29.5,15.2,0.0,observed
2025-02-19,0,22.6,30.1,15.2,0.0,observed
2025-02-20,0,23.3,31.1,16.2,0.0,observed
2025-02-21,0,23.0,30.0,15.9,0.0,observed
2025-02-22,0,22.0,28.3,15.2,0.0,observed
2025-02-23,0,22.0,29.0,15.4,0.0,observed
2025-02-24,0,22.0,28.6,15.1,0.0,observed
2025-02-25,0,22.0,28.9,15.3,0.0,observed
2025-02-26,0,22.4,29.3,15.9,0.0,observed
2025-02-27,0,23.1,30.1,16.1,0.0,observed
2025-02-28,0,23.5,31.1,16.0,0.0,observed
2025-03-01,0,23.5,29.7,16.9,0.0,observed
2025-03-02,0,22.9,29.9,16.0,0.0,observed
2025-03-03,0,22.9,29.3,15.9,0.0,observed
2025-03-04,0,22.7,29.5,16.3,0.0,observed
2025-03-05,0,23.1,30.1,16.9,0.0,observed
2025-03-06,0,23.1,30.5,16.2,0.0,observed
2025-03-07,0,23.7,31.3,16.8,0.7,observed
2025-03-08,0,23.0,29.5,17.9,0.9,observed
2025-03-09,0,22.1,28.5,17.7,2.3,observed
2025-03-10,0,20.1,25.2,16.8,13.8,observed
2025-03-11,0,20.6,26.6,16.4,1.6,observed
2025-03-12,0,20.3,26.1,16.3,1.0,observed
2025-03-13,0,20.2,26.1,15.7,2.2,observed
2025-03-14,0,22.6,30.5,15.9,0.0,observed
2025-03-15,0,22.9,29.9,16.7,0.0,observed
2025-03-16,0,22.3,28.9,16.2,0.0,observed
2025-03-17,0,21.5,28.0,16.3,0.9,observed
2025-03-18,0,20.4,26.3,16.5,3.8,observed
2025-03-19,0,19.6,24.4,16.0,11.2,observed
2025-03-20,0,19.2,23.7,16.0,7.5,observed
2025-03-21,0,20.3,27.0,15.9,2.1,observed
2025-03-22,0,20.5,26.2,16.2,2.1,observed
2025-03-23,0,20.5,26.6,16.0,3.7,observed
2025-03-24,0,21.1,27.8,17.0,1.0,observed
2025-03-25,0,20.1,26.4,15.3,2.1,observed
2025-03-26,0,19.8,25.7,15.9,1.8,observed
2025-03-27,0,19.6,25.7,15.7,4.4,observed
2025-03-28,0,18.5,23.6,15.9,7.6,observed
2025-03-29,0,19.3,24.2,16.1,3.5,observed
2025-03-30,0,19.3,24.0,15.8,2.8,observed
2025-03-31,0,18.8,23.1,16.2,9.6,observed
2025-04-01,0,19.6,25.1,16.1,3.9,observed
2025-04-02,0,20.2,25.8,15.8,0.1,observed
2025-04-03,0,19.8,25.4,16.3,5.0,observed
2025-04-04,0,19.5,25.6,16.7,2.4,observed
2025-04-05,0,19.6,25.7,16.6,3.9,observed
2025-04-06,0,17.6,21.6,16.3,9.8,observed
2025-04-07,0,18.8,23.4,15.9,2.0,observed
2025-04-08,0,19.5,24.7,15.8,2.2,observed
2025-04-09,0,20.1,26.0,15.8,0.2,observed
2025-04-10,0,19.4,24.1,16.7,1.1,observed
2025-04-11,0,19.3,25.1,15.1,1.3,observed
2025-04-12,0,19.5,25.1,16.6,2.7,observed
2025-04-13,0,19.2,24.4,16.0,5.3,observed
2025-04-14,0,19.6,25.3,16.3,3.7,observed
2025-04-15,0,19.7,25.3,16.4,3.3,observed
2025-04-16,0,19.7,25.5,15.6,2.8,observed
2025-04-17,0,20.1,25.7,15.8,1.3,observed
2025-04-18,0,20.3,26.2,16.7,3.8,observed
2025-04-19,0,19.4,26.2,16.6,14.0,observed
2025-04-20,0,18.8,24.7,15.7,10.0,observed
2025-04-21,0,18.3,23.2,15.2,11.8,observed
2025-04-22,0,18.9,23.9,16.4,5.7,observed
2025-04-23,0,17.7,22.2,16.1,9.1,observed
2025-04-24,0,18.2,22.3,15.2,2.3,observed
2025-04-25,0,18.3,23.3,15.4,3.4,observed
2025-04-26,0,18.8,24.7,14.6,0.0,observed
2025-04-27,0,19.1,24.9,15.4,1.0,observed
2025-04-28,0,19.8,24.8,15.4,0.3,observed
2025-04-29,0,19.9,25.6,16.0,2.5,observed
2025-04-30,0,19.5,25.0,16.2,2.2,observed
2025-05-01,0,19.6,25.3,15.7,0.7,observed
2025-05-02,0,20.2,26.2,15.9,0.9,observed
2025-05-03,0,20.5,26.4,16.2,3.0,observed
2025-05-04,0,20.0,26.7,15.9,10.5,observed
2025-05-05,0,18.8,23.6,15.4,12.5,observed
2025-05-06,0,18.2,23.6,14.5,17.8,observed
2025-05-07,0,18.6,23.5,15.0,10.2,observed
2025-05-08,0,18.9,24.0,14.8,2.1,observed
2025-05-09,0,19.1,23.6,15.6,2.1,observed
2025-05-10,0,19.1,24.4,15.9,1.5,observed
2025-05-11,0,18.9,24.3,15.5,3.6,observed
2025-05-12,0,19.2,25.3,15.9,15.9,observed
2025-05-13,0,18.3,23.2,15.1,26.8,observed
2025-05-14,0,18.4,23.6,14.6,2.2,observed
2025-05-15,0,18.7,23.3,14.7,1.4,observed
2025-05-16,0,18.8,23.5,15.3,1.1,observed
2025-05-17,0,18.9,23.8,15.1,0.7,observed
2025-05-18,0,18.6,23.5,15.8,2.9,observed
2025-05-19,0,18.7,22.8,15.1,2.6,observed
2025-05-20,0,19.5,24.6,16.1,1.8,observed
2025-05-21,0,19.6,24.5,16.4,0.9,observed
2025-05-22,0,19.6,25.1,16.8,1.8,observed
2025-05-23,0,19.5,24.7,15.7,2.4,observed
2025-05-24,0,19.8,26.4,14.0,0.0,observed
2025-05-25,0,18.5,23.3,14.4,0.8,observed
2025-05-26,0,19.0,25.0,14.0,2.2,observed
2025-05-27,0,18.0,22.9,14.6,10.3,observed
2025-05-28,0,19.0,24.4,14.9,0.5,observed
2025-05-29,0,19.2,24.3,15.3,1.3,observed
2025-05-30,0,19.1,25.6,13.9,0.0,observed
2025-05-31,0,18.9,26.3,13.3,0.0,observed
2025-06-01,0,18.4,23.9,13.6,2.2,observed
2025-06-02,0,19.2,23.9,15.4,2.2,observed
2025-06-03,0,19.5,25.6,15.0,0.0,observed
2025-06-04,0,19.0,25.6,14.4,0.5,observed
2025-06-05,0,19.0,25.3,15.8,3.4,observed
2025-06-06,0,18.0,22.9,15.2,6.8,observed
2025-06-07,0,18.5,23.0,15.3,4.4,observed
2025-06-08,0,18.5,23.5,14.4,1.5,observed
2025-06-09,0,17.9,23.6,14.1,8.4,observed
2025-06-10,0,18.2,24.2,13.1,0.8,observed
2025-06-11,0,18.1,23.5,13.9,0.9,observed
2025-06-12,0,18.5,23.2,15.4,2.4,observed
2025-06-13,0,18.8,25.4,14.0,0.2,observed
2025-06-14,0,18.1,24.9,11.8,0.0,observed
2025-06-15,0,18.7,24.5,13.9,0.0,observed
2025-06-16,0,18.4,23.8,12.7,0.0,observed
2025-06-17,0,19.0,24.6,13.9,0.5,observed
2025-06-18,0,18.9,24.7,13.4,0.3,observed
2025-06-19,0,19.2,24.8,14.6,0.0,observed
2025-06-20,0,18.5,23.5,14.8,3.0,observed
2025-06-21,0,18.9,25.3,12.8,0.1,observed
2025-06-22,0,18.8,24.6,14.5,1.2,observed
2025-06-23,0,18.8,24.9,15.1,1.1,observed
2025-06-24,0,18.5,25.6,12.1,0.0,observed
2025-06-25,0,18.4,24.2,13.1,0.7,observed
2025-06-26,0,18.7,23.8,15.6,4.1,observed
2025-06-27,0,19.6,25.6,15.6,0.2,observed
2025-06-28,0,18.6,24.9,14.5,0.7,observed
2025-06-29,0,18.0,21.6,14.9,0.0,observed
2025-06-30,0,17.4,21.6,13.6,0.0,observed
2025-07-01,0,17.8,23.1,13.5,0.6,observed
2025-07-02,0,18.6,23.7,13.4,0.0,observed
2025-07-03,0,18.2,22.9,14.7,0.5,observed
2025-07-04,0,18.8,24.0,15.1,0.5,observed
2025-07-05,0,18.2,22.2,14.9,1.0,observed
2025-07-06,0,18.6,23.5,15.0,0.9,observed
2025-07-07,0,18.1,22.2,15.1,0.7,observed
2025-07-08,0,17.8,22.4,14.4,0.6,observed
2025-07-09,0,17.3,20.0,14.4,0.1,observed
2025-07-10,0,18.4,22.9,14.9,0.0,observed
2025-07-11,0,18.1,22.3,15.0,1.4,observed
2025-07-12,0,18.4,23.3,14.2,1.4,observed
2025-07-13,0,18.3,22.4,15.3,2.0,observed
2025-07-14,0,18.6,23.8,13.3,0.2,observed
2025-07-15,0,18.6,23.7,13.4,0.2,observed
2025-07-16,0,18.6,23.3,14.0,0.7,observed
2025-07-17,0,18.8,24.1,13.6,1.3,observed
2025-07-18,0,18.5,23.6,13.6,0.9,observed
2025-07-19,0,19.4,26.6,13.2,0.4,observed
2025-07-20,0,17.7,25.0,12.3,0.0,observed
2025-07-21,0,17.8,24.8,11.6,0.0,observed
2025-07-22,0,17.6,24.5,11.8,0.1,observed
2025-07-23,0,16.5,20.2,13.1,0.5,observed
2025-07-24,0,18.0,26.5,11.5,0.0,observed
2025-07-25,0,18.9,26.8,11.8,0.0,observed
2025-07-26,0,18.9,26.8,12.2,0.0,observed
2025-07-27,0,18.5,25.7,11.7,0.0,observed
2025-07-28,0,18.5,26.2,12.0,0.0,observed
2025-07-29,0,18.0,23.7,14.1,0.2,observed
2025-07-30,0,18.4,27.5,13.0,0.1,observed
2025-07-31,0,19.0,27.0,13.8,0.4,observed
2025-08-01,0,18.1,22.9,14.8,0.9,observed
2025-08-02,0,18.0,23.9,13.6,0.6,observed
2025-08-03,0,18.0,23.0,13.4,0.5,observed
2025-08-04,0,18.2,24.9,12.7,0.0,observed
2025-08-05,0,17.2,24.3,11.5,0.0,observed
2025-08-06,0,18.4,25.8,11.5,0.0,observed
2025-08-07,0,19.3,26.8,14.6,0.8,observed
2025-08-08,0,16.8,22.5,14.4,10.1,observed
2025-08-09,0,15.8,18.8,14.4,9.0,observed
2025-08-10,0,16.8,22.2,12.9,1.0,observed
2025-08-11,0,17.3,22.1,13.3,0.1,observed
2025-08-12,0,16.6,19.9,14.2,1.5,observed
2025-08-13,0,17.7,23.4,12.0,0.1,observed
2025-08-14,0,18.1,24.7,11.4,0.1,observed
2025-08-15,0,18.4,23.8,13.8,0.0,observed
2025-08-16,0,18.0,24.3,13.3,4.6,observed
2025-08-17,0,17.4,21.9,13.2,6.6,observed
2025-08-18,0,16.8,19.9,15.5,16.0,observed
2025-08-19,0,16.6,20.7,13.5,2.8,observed
2025-08-20,0,16.8,22.7,12.5,0.4,observed
2025-08-21,0,16.8,21.7,13.8,1.3,observed
2025-08-22,0,16.9,21.6,13.2,0.0,observed
2025-08-23,0,16.1,19.5,12.7,0.0,observed
2025-08-24,0,17.4,22.8,12.2,1.4,observed
2025-08-25,0,18.3,23.5,14.4,0.9,observed
2025-08-26,0,18.5,25.2,13.7,0.2,observed
2025-08-27,0,18.9,25.1,13.1,0.4,observed
2025-08-28,0,18.7,25.6,13.6,0.0,observed
2025-08-29,0,18.2,26.7,11.7,0.0,observed
2025-08-30,0,18.5,25.8,13.7,0.5,observed
2025-08-31,0,18.2,24.9,11.9,0.0,observed
2025-09-01,0,19.1,26.1,13.5,0.0,observed
2025-09-02,0,18.8,26.9,11.8,0.0,observed
2025-09-03,0,18.5,24.3,12.3,0.0,observed
2025-09-04,0,19.2,26.8,12.2,0.0,observed
2025-09-05,0,19.3,26.4,13.0,0.0,observed
2025-09-06,0,19.9,27.7,12.4,0.0,observed
2025-09-07,0,19.3,26.8,12.2,0.0,observed
2025-09-08,0,19.9,26.9,13.3,0.1,observed
2025-09-09,0,19.9,25.9,15.6,1.3,observed
2025-09-10,0,19.9,27.4,14.0,0.7,observed
2025-09-11,0,19.4,27.0,14.6,0.0,observed
2025-09-12,0,19.4,27.3,13.0,0.0,observed
2025-09-13,0,19.6,27.5,12.7,0.0,observed
2025-09-14,0,20.3,28.0,13.2,0.1,observed
2025-09-15,0,19.6,27.3,13.5,2.1,observed
2025-09-16,0,19.5,26.4,13.8,0.3,observed
2025-09-17,0,20.0,27.0,12.9,0.1,observed
2025-09-18,0,19.8,25.9,15.6,2.4,observed
2025-09-19,0,20.4,27.3,15.3,3.0,observed
2025-09-20,0,19.4,27.3,13.0,0.0,observed
2025-09-21,0,19.5,25.4,14.8,0.8,observed
2025-09-22,0,19.7,25.9,13.2,0.8,observed
2025-09-23,0,20.0,27.8,15.7,2.5,observed
2025-09-24,0,19.7,28.5,12.1,0.0,observed
2025-09-25,0,20.3,28.2,13.1,0.0,observed
2025-09-26,0,20.5,28.1,14.7,0.2,observed
2025-09-27,0,20.9,28.3,15.1,0.8,observed
2025-09-28,0,20.3,27.2,14.9,0.1,observed
2025-09-29,0,20.5,29.1,14.1,0.6,observed
2025-09-30,0,20.4,29.2,13.9,0.0,observed
2025-10-01,0,20.9,29.3,13.4,0.0,observed
2025-10-02,0,21.0,28.3,12.8,0.0,observed
2025-10-03,0,20.5,27.0,15.8,1.0,observed
2025-10-04,0,18.5,22.8,16.0,0.8,observed
2025-10-05,0,19.2,25.2,15.6,1.2,observed
2025-10-06,0,19.3,25.0,14.9,0.8,observed
2025-10-07,0,19.0,26.0,15.7,2.7,observed
2025-10-08,0,18.9,24.1,15.0,4.2,observed
2025-10-09,0,19.2,25.5,14.8,3.5,observed
2025-10-10,0,19.3,24.9,15.1,3.8,observed
2025-10-11,0,19.8,27.5,13.5,0.0,observed
2025-10-12,0,19.9,26.7,13.5,0.1,observed
2025-10-13,0,19.9,26.5,14.9,0.3,observed
2025-10-14,0,20.1,26.3,15.3,0.2,observed
2025-10-15,0,20.3,27.7,14.6,0.1,observed
2025-10-16,0,20.2,25.9,14.8,0.9,observed
2025-10-17,0,19.3,25.7,15.5,5.2,observed
2025-10-18,0,19.6,25.1,15.6,2.6,observed
2025-10-19,0,19.7,25.8,14.3,0.1,observed
2025-10-20,0,20.7,28.5,13.1,0.0,observed
2025-10-21,0,21.2,28.0,14.7,0.3,observed
2025-10-22,0,19.5,23.6,16.6,1.0,observed
2025-10-23,0,20.4,26.4,16.0,0.7,observed
2025-10-24,0,19.2,24.7,16.0,4.0,observed
2025-10-25,0,20.2,25.8,16.0,0.7,observed
2025-10-26,0,20.4,25.9,14.8,0.8,observed
2025-10-27,0,19.8,26.3,14.9,5.1,observed
2025-10-28,0,19.4,25.5,16.3,13.2,observed
2025-10-29,0,18.2,22.1,16.2,10.4,observed
2025-10-30,0,18.3,23.8,15.7,8.0,observed
2025-10-31,0,18.3,23.7,15.2,11.5,observed
2025-11-01,0,18.1,21.8,16.0,5.1,observed
2025-11-02,0,18.4,23.6,15.8,5.2,observed
2025-11-03,0,18.6,24.2,14.9,3.3,observed
2025-11-04,0,18.8,25.4,15.2,2.4,observed
2025-11-05,0,19.5,25.7,14.4,0.1,observed
2025-11-06,0,19.7,25.7,15.9,1.1,observed
2025-11-07,0,19.7,25.6,16.0,4.5,observed
2025-11-08,0,19.4,26.1,15.6,1.8,observed
2025-11-09,0,17.2,20.5,15.4,4.4,observed
2025-11-10,0,18.4,24.4,13.5,1.2,observed
2025-11-11,0,19.3,24.6,15.5,1.4,observed
2025-11-12,0,19.1,24.9,15.2,2.8,observed
2025-11-13,0,18.8,23.9,15.7,3.5,observed
2025-11-14,0,18.6,25.2,14.7,2.1,observed
2025-11-15,0,19.7,25.4,15.2,1.1,observed
2025-11-16,0,20.0,25.3,16.3,1.9,observed
2025-11-17,0,19.6,25.0,15.3,0.6,observed
2025-11-18,0,19.2,26.0,16.1,2.4,observed
2025-11-19,0,19.2,25.8,14.1,0.4,observed
2025-11-20,0,19.6,26.1,14.1,0.1,observed
2025-11-21,0,20.1,26.4,15.2,1.0,observed
2025-11-22,0,19.5,25.3,13.5,0.2,observed
2025-11-23,0,18.6,23.6,14.7,4.1,observed
2025-11-24,0,19.0,25.5,13.1,0.7,observed
2025-11-25,0,19.5,25.4,15.8,3.9,observed
2025-11-26,0,18.8,23.7,15.4,7.0,observed
2025-11-27,0,19.0,24.0,15.6,3.9,observed
2025-11-28,0,19.7,25.4,15.6,1.7,observed
2025-11-29,0,19.9,26.1,15.7,1.0,observed
2025-11-30,0,20.2,26.1,15.2,0.0,observed
2025-12-01,0,19.8,25.8,14.3,0.0,observed
2025-12-02,0,19.9,26.8,13.6,0.0,observed
2025-12-03,0,20.1,26.4,15.1,0.5,observed
2025-12-04,0,20.1,26.0,16.0,2.1,observed
2025-12-05,0,19.6,25.6,15.4,1.4,observed
2025-12-06,0,19.4,25.3,15.1,1.6,observed
2025-12-07,0,19.2,24.5,14.8,1.2,observed
2025-12-08,0,19.0,24.4,15.4,1.5,observed
2025-12-09,0,19.5,25.3,14.7,0.3,observed
2025-12-10,0,20.1,26.4,14.8,0.0,observed
2025-12-11,0,20.2,26.0,15.8,1.0,observed
2025-12-12,0,20.0,26.3,15.8,2.0,observed
2025-12-13,0,19.6,26.2,14.2,6.4,observed
2025-12-14,0,18.7,24.6,15.8,5.5,observed
2025-12-15,0,19.7,25.4,15.2,2.4,observed
2025-12-16,0,20.2,26.0,16.1,2.3,observed
2025-12-17,0,20.8,27.2,16.4,1.6,observed
2025-12-18,0,20.5,26.8,16.0,1.5,observed
2025-12-19,0,19.2,25.6,16.1,4.2,observed
2025-12-20,0,19.8,25.7,15.8,3.9,observed
2025-12-21,0,18.4,24.0,15.9,4.5,observed
2025-12-22,0,19.0,24.5,15.3,2.9,observed
2025-12-23,0,19.7,25.6,14.7,0.3,observed
2025-12-24,0,19.9,26.1,15.5,1.6,observed
2025-12-25,0,20.6,26.7,14.8,0.9,observed
2025-12-26,0,21.9,28.8,15.9,0.1,observed
2025-12-27,0,21.2,29.5,16.3,10.1,observed
2025-12-28,0,18.1,23.8,15.8,9.5,observed
2025-12-29,0,19.1,25.5,15.3,5.1,observed
2025-12-30,0,18.8,24.3,14.7,3.6,observed
2025-12-31,0,19.0,24.7,14.6,0.5,observed
2026-01-01,0,18.7,24.0,14.8,1.8,observed
2026-01-02,0,19.5,25.7,14.6,0.1,observed
2026-01-03,0,20.4,27.1,14.7,0.0,observed
2026-01-04,0,20.9,26.7,15.3,0.0,observed
2026-01-05,0,20.9,27.0,15.7,0.0,observed
2026-01-06,0,20.5,26.4,14.9,0.0,observed
2026-01-07,0,21.1,27.6,15.2,0.0,observed
2026-01-08,0,21.2,26.3,16.6,0.0,observed
2026-01-09,0,21.0,27.0,16.0,0.3,observed
2026-01-10,0,20.4,26.7,14.8,2.0,observed
2026-01-11,0,21.3,28.0,15.9,0.4,observed
2026-01-12,0,19.9,25.3,15.0,7.5,observed
2026-01-13,0,20.3,26.2,15.5,0.1,observed
2026-01-14,0,20.0,26.6,13.7,0.0,observed
2026-01-15,0,20.8,27.7,14.3,0.0,observed
2026-01-16,0,21.9,29.7,15.0,0.0,observed
2026-01-17,0,21.0,27.7,15.9,0.7,observed
2026-01-18,0,20.9,26.7,15.9,1.1,observed
2026-01-19,0,20.5,26.1,15.2,0.7,observed
2026-01-20,0,21.1,27.8,14.9,0.0,observed
2026-01-21,0,21.6,28.7,15.0,0.0,observed
2026-01-22,0,20.6,26.3,15.5,0.3,observed
2026-01-23,0,21.3,27.6,14.9,0.0,observed
2026-01-24,0,22.0,29.4,15.2,0.0,observed
2026-01-25,0,23.0,31.3,16.0,0.0,observed
2026-01-26,0,22.9,30.1,16.0,0.0,observed
2026-01-27,0,22.2,28.9,15.9,0.0,observed
2026-01-28,0,22.2,28.1,16.6,0.1,observed
2026-01-29,0,22.7,29.9,16.1,0.0,observed
2026-01-30,0,22.4,28.7,16.0,0.0,observed
2026-01-31,0,22.4,28.5,16.4,0.0,observed
2026-02-01,0,22.4,28.6,16.4,0.0,observed
2026-02-02,0,21.9,27.7,15.7,0.0,observed
2026-02-03,0,22.1,28.7,15.8,0.0,observed
2026-02-04,0,22.4,29.9,15.6,0.0,observed
2026-02-05,0,22.3,28.8,17.1,0.1,observed
2026-02-06,0,22.2,27.8,17.5,0.2,observed
2026-02-07,0,22.4,29.5,15.6,0.0,observed
2026-02-08,0,22.1,28.6,16.4,0.4,observed
2026-02-09,0,21.4,27.4,16.5,1.2,observed
2026-02-10,0,22.4,28.7,17.0,0.0,observed
2026-02-11,0,22.2,28.7,15.6,0.0,observed
2026-02-12,0,22.4,29.6,15.5,0.0,observed
2026-02-13,0,22.6,30.0,15.7,0.0,observed
2026-02-14,0,22.0,28.6,16.5,0.1,observed
2026-02-15,0,21.1,28.3,16.3,1.9,observed
2026-02-16,0,20.9,28.0,15.8,0.4,observed
2026-02-17,0,21.2,27.1,16.8,1.2,observed
2026-02-18,0,20.2,25.4,16.1,0.9,observed
2026-02-19,0,21.6,28.2,15.2,0.6,observed
2026-02-20,0,22.7,28.9,16.7,0.4,observed
2026-02-21,0,19.4,23.5,16.3,6.9,observed
2026-02-22,0,18.7,24.5,15.7,10.6,observed
2026-02-23,0,18.2,21.4,16.1,8.9,observed
2026-02-24,0,18.8,23.7,15.2,4.7,observed
2026-02-25,0,18.5,24.2,15.3,17.1,observed
2026-02-26,0,19.1,25.1,15.2,16.3,observed
2026-02-27,0,19.1,25.4,15.9,13.2,observed
2026-02-28,0,18.5,23.5,15.0,8.0,observed
2026-03-01,0,18.5,23.3,15.9,8.9,observed
2026-03-02,0,18.5,23.6,15.6,7.2,observed
2026-03-03,0,19.0,24.0,16.0,6.6,observed
2026-03-04,0,18.7,23.9,15.9,20.5,observed
2026-03-05,0,18.5,23.7,15.7,15.7,observed
2026-03-06,0,18.3,23.5,16.2,21.9,observed
2026-03-07,0,18.3,22.7,14.8,8.4,observed
2026-03-08,0,18.8,24.4,14.5,5.4,observed
2026-03-09,0,19.1,24.0,15.6,3.4,observed
2026-03-10,0,19.0,24.3,16.1,3.6,observed
2026-03-11,0,19.6,25.2,16.0,0.9,observed
2026-03-12,0,19.9,25.2,16.2,0.6,observed
2026-03-13,0,20.2,26.3,15.2,1.8,observed
2026-03-14,0,19.7,24.8,16.2,2.0,observed
2026-03-15,0,19.8,25.2,16.6,1.3,observed
2026-03-16,0,19.6,25.1,15.4,0.5,observed
2026-03-17,0,19.9,26.0,16.4,2.2,observed
2026-03-18,0,19.9,26.4,16.2,5.2,observed
2026-03-19,0,19.9,25.7,16.3,3.5,observed
2026-03-20,0,18.6,23.9,15.7,30.5,observed
2026-03-21,0,18.9,23.6,16.2,31.5,observed
2026-03-22,0,18.7,23.8,15.9,9.3,observed
2026-03-23,0,18.3,23.2,15.9,7.1,observed
2026-03-24,0,18.5,23.7,15.7,11.9,observed
2026-03-25,0,18.6,23.5,15.7,3.1,observed
2026-03-26,0,19.1,24.5,15.7,2.7,observed
2026-03-27,0,18.3,23.1,15.8,7.3,observed
2026-03-28,0,18.7,23.8,15.8,3.8,observed
2026-03-29,0,19.0,24.3,15.0,0.5,observed
2026-03-30,0,19.1,24.5,15.8,1.8,observed
2026-03-31,0,18.8,24.1,15.2,3.2,observed
2026-04-01,0,19.4,24.5,16.1,1.7,observed
2026-04-02,0,19.2,24.5,15.4,2.4,observed
2026-04-03,0,19.6,25.2,15.4,1.1,observed
2026-04-04,0,19.6,25.1,15.2,1.0,observed
2026-04-05,0,18.9,24.0,15.2,4.6,observed
2026-04-06,0,19.5,24.9,15.0,1.3,observed
2026-04-07,0,19.5,24.6,16.0,2.6,observed
2026-04-08,0,19.9,25.2,16.1,2.0,observed
2026-04-09,0,19.8,25.4,16.0,0.5,observed
2026-04-10,0,19.9,25.9,16.0,0.7,observed
2026-04-11,0,20.5,27.0,15.5,0.6,observed
2026-04-12,0,20.2,25.5,16.6,4.2,observed
2026-04-13,0,19.4,25.2,16.4,4.5,observed
2026-04-14,0,18.8,23.3,16.3,9.4,observed
2026-04-15,0,18.9,23.9,16.2,4.2,observed
2026-04-16,0,18.8,24.2,16.1,4.2,observed
2026-04-17,0,18.3,22.8,15.8,8.4,observed
2026-04-18,0,18.6,23.2,15.8,12.1,observed
2026-04-19,0,18.8,23.2,15.9,4.2,observed
2026-04-20,0,19.1,23.7,15.8,2.5,observed
2026-04-21,0,19.2,24.0,16.1,1.2,observed
2026-04-22,0,19.2,24.2,16.4,2.9,observed
2026-04-23,0,18.2,22.3,16.1,9.7,observed
2026-04-24,0,18.8,23.3,15.2,0.7,observed
2026-04-25,0,18.8,23.4,14.1,2.3,observed
2026-04-26,0,18.9,24.0,15.5,9.7,observed
2026-04-27,0,18.8,23.9,15.9,18.6,observed
2026-04-28,0,18.3,23.0,16.3,32.5,observed
2026-04-29,0,17.1,20.6,14.6,7.1,observed
2026-04-30,0,18.1,22.6,15.4,10.4,observed
2026-05-01,0,18.4,23.0,16.0,10.8,observed
2026-05-02,0,18.5,23.2,16.1,5.3,observed
2026-05-03,0,19.0,23.9,14.4,2.3,observed
2026-05-04,0,19.1,23.8,15.0,2.3,observed
2026-05-05,0,19.4,23.8,16.4,1.8,observed
2026-05-06,0,19.6,24.8,16.4,2.5,observed
2026-05-07,0,19.5,24.3,16.1,1.2,observed
2026-05-08,0,19.7,25.0,16.6,1.7,observed
2026-05-09,0,19.0,23.5,16.6,8.4,observed
2026-05-10,0,19.0,23.8,15.3,0.7,observed
2026-05-11,0,19.5,24.8,15.1,1.1,observed
2026-05-12,0,18.8,23.2,16.2,2.4,observed
2026-05-13,0,19.0,23.9,16.4,8.0,observed
2026-05-14,0,19.3,24.1,16.2,0.9,observed
2026-05-15,0,19.1,23.3,16.0,0.7,observed
2026-05-16,0,19.1,24.4,16.0,1.7,observed
2026-05-17,0,18.8,23.4,15.4,1.6,observed
2026-05-18,0,19.2,23.7,15.7,0.7,observed
2026-05-19,0,19.2,24.4,14.3,0.0,observed
2026-05-20,0,19.3,24.5,14.6,0.0,observed
2026-05-21,0,19.4,24.8,16.0,0.7,observed
2026-05-22,0,19.8,25.9,15.0,0.5,observed
2026-05-23,0,19.9,25.7,16.5,0.6,observed
2026-05-24,0,19.8,25.3,15.1,0.2,observed
2026-05-25,0,19.1,24.4,15.7,0.6,observed
2026-05-26,0,19.1,24.6,15.1,0.3,observed
2026-05-27,0,18.9,23.2,15.8,0.4,observed
2026-05-28,0,19.1,24.1,15.6,0.5,observed
2026-05-29,0,18.9,23.5,14.5,0.9,observed
2026-05-30,0,18.4,23.3,16.3,3.5,observed
2026-05-31,0,19.1,23.6,16.1,2.9,observed
2026-06-01,0,18.6,22.1,15.8,6.7,observed
2026-06-02,0,18.4,23.0,15.9,5.0,observed
2026-06-03,0,18.3,22.2,15.4,0.8,observed
2026-06-04,0,19.0,24.0,15.6,2.3,observed
2026-06-05,0,18.9,25.0,13.3,0.1,observed
2026-06-06,0,19.9,26.5,15.5,0.2,observed
2026-06-07,0,19.3,26.0,15.2,0.2,observed
2026-06-08,0,19.3,25.8,14.6,0.5,observed
2026-06-09,0,19.0,25.9,13.6,0.0,observed
2026-06-10,0,19.1,24.9,14.9,0.3,observed
2026-06-11,0,19.1,24.6,15.2,0.1,observed
2026-06-12,0,19.7,25.8,15.6,1.5,observed
2026-06-13,0,18.1,22.7,15.6,2.1,observed
2026-06-14,0,17.5,22.3,13.8,0.3,observed
2026-06-15,0,18.1,24.4,13.0,0.1,observed
2026-06-16,0,17.7,24.1,10.6,0.2,observed
2026-06-17,0,17.4,21.7,12.5,1.4,observed
2026-06-18,0,18.0,23.6,14.0,1.2,observed
2026-06-19,0,18.7,24.2,14.4,0.5,observed
2026-06-20,0,18.5,23.0,14.7,0.9,observed
2026-06-21,0,18.0,22.7,14.6,0.6,observed
2026-06-22,0,17.1,21.3,13.3,0.2,observed
2026-06-23,0,17.3,22.6,12.3,0.0,observed
2026-06-24,0,17.4,22.3,13.0,1.2,observed
2026-06-25,0,18.1,23.9,13.4,2.4,observed
2026-06-26,0,18.9,24.7,13.0,0.6,observed
2026-06-27,0,18.1,24.9,12.1,0.2,observed
2026-06-28,0,18.1,24.4,12.3,0.0,observed
2026-06-29,0,17.5,23.4,12.4,0.1,observed
2026-06-30,0,18.1,22.6,14.7,0.9,observed
2026-07-01,0,17.5,23.0,14.3,0.1,observed
2026-07-02,0,18.4,25.2,11.6,0.1,observed
2026-07-03,0,18.8,25.8,12.6,0.1,observed
2026-07-04,0,18.1,24.1,13.6,0.2,observed
2026-07-05,0,17.2,21.5,14.2,0.0,observed
2026-07-06,0,18.2,24.7,13.0,0.0,observed
2026-07-07,0,17.6,23.3,11.6,0.1,observed
2026-07-08,0,18.5,24.8,13.8,0.2,observed
2026-07-09,0,18.7,24.7,14.2,0.0,observed
2026-07-10,0,18.1,23.6,14.2,0.7,observed
2026-07-11,0,17.7,21.7,15.7,2.8,observed
2026-07-12,0,18.1,23.5,13.3,0.2,observed
2026-07-13,0,18.6,24.9,12.7,0.0,observed
2026-07-14,0,18.0,25.0,12.3,0.0,observed
2026-07-15,0,18.9,25.2,14.3,0.1,observed
2026-07-16,0,19.5,26.4,13.2,0.3,observed
2026-07-17,0,17.8,24.4,12.8,0.0,observed
2026-07-18,0,18.9,25.3,13.0,0.6,observed
2026-07-19,0,19.3,26.3,12.7,0.0,observed
2026-07-20,0,18.0,24.6,12.8,0.1,observed
2026-07-21,0,18.9,25.9,13.1,0.4,observed
2026-07-22,0,18.2,24.2,12.8,0.1,observed
2026-07-23,0,17.9,24.3,13.0,0.2,observed
2026-07-24,0,19.0,24.9,13.7,0.2,observed
2026-07-25,0,18.1,23.4,13.6,0.3,observed
2026-07-26,0,17.1,21.6,12.9,0.4,observed
2026-07-27,0,17.3,22.1,13.9,0.4,observed
2026-07-28,0,17.2,22.2,12.0,0.0,observed
2026-07-29,0,18.2,24.3,13.2,0.0,observed
2026-07-30,0,18.4,24.8,12.6,0.3,observed
2026-07-31,0,18.6,25.3,13.0,0.6,observed
2026-08-01,0,17.6,25.2,12.8,0.1,observed
2026-08-02,0,17.3,22.8,13.2,0.7,observed
2026-08-03,0,16.6,21.5,12.5,0.1,observed
2026-08-04,0,16.4,20.6,12.7,0.8,observed
2026-08-05,0,18.3,25.6,11.6,0.0,observed
2026-08-06,0,17.7,25.1,12.6,0.0,observed
2026-08-07,0,18.4,23.8,13.3,0.0,observed
2026-08-08,0,18.2,24.3,13.1,0.1,observed
2026-08-09,0,18.2,23.6,14.1,0.6,observed
2026-08-10,0,18.2,27.9,12.5,0.4,observed
2026-08-11,0,18.6,26.4,11.5,0.0,observed
2026-08-12,0,19.4,27.0,11.7,0.0,observed
2026-08-13,0,19.4,26.3,12.0,0.0,observed
2026-08-14,0,19.3,26.7,11.6,0.0,observed
2026-08-15,0,18.5,24.0,12.7,0.0,observed
2026-08-16,0,17.9,20.9,15.0,0.4,observed
2026-08-17,0,18.3,23.6,14.6,0.4,observed
2026-08-18,0,18.2,22.2,15.1,2.5,observed
2026-08-19,0,18.2,23.3,15.5,3.9,observed
2026-08-20,0,18.2,25.1,13.1,0.2,observed
2026-08-21,0,18.2,25.0,11.1,0.0,observed
2026-08-22,0,19.8,27.5,12.0,0.0,observed
2026-08-23,0,20.7,27.3,16.1,2.8,observed
2026-08-24,0,20.6,27.1,16.7,0.9,observed
2026-08-25,0,19.7,27.1,13.0,0.0,observed
2026-08-26,0,19.4,27.4,12.1,0.0,observed
2026-08-27,0,19.0,26.5,11.7,0.0,observed
2026-08-28,0,19.0,25.9,12.5,0.0,observed
2026-08-29,0,18.1,27.1,11.2,0.2,observed
2026-08-30,0,18.9,25.7,14.0,0.2,observed
2026-08-31,0,17.4,21.7,13.8,3.7,observed
2026-09-01,0,17.8,23.2,13.2,2.5,observed
2026-09-02,0,19.1,26.5,14.7,0.7,observed
2026-09-03,0,18.2,25.0,12.6,0.0,observed
2026-09-04,0,19.1,26.9,12.5,0.2,observed
2026-09-05,0,20.2,27.8,13.5,0.1,observed
2026-09-06,0,20.2,28.1,13.7,0.0,observed
2026-09-07,0,20.2,27.1,13.3,0.0,observed
2026-09-08,0,17.8,21.9,13.7,0.6,observed
2026-09-09,0,17.5,21.9,13.4,1.1,observed
2026-09-10,0,18.8,24.0,14.3,1.8,observed
2026-09-11,0,19.1,24.3,15.4,0.9,observed
2026-09-12,0,18.6,23.5,15.4,6.2,observed
2026-09-13,0,19.1,24.9,14.9,0.9,observed
2026-09-14,0,19.9,27.0,13.4,0.4,observed
2026-09-15,0,17.7,20.3,15.5,0.9,observed
2026-09-16,0,17.8,21.9,14.5,2.8,observed
2026-09-17,0,18.5,24.5,15.0,0.1,observed
2026-09-18,0,16.9,20.9,13.1,3.7,observed
2026-09-19,0,18.7,25.1,14.4,1.4,observed
2026-09-20,0,17.6,22.6,13.7,4.0,observed
2026-09-21,0,18.0,22.4,15.5,4.8,observed
2026-09-22,0,19.3,24.6,15.5,0.6,observed
2026-09-23,0,19.0,24.9,14.7,0.8,observed
2026-09-24,0,19.9,27.5,13.0,0.0,observed
2026-09-25,0,20.2,28.5,13.4,0.2,observed
2026-09-26,0,20.3,28.6,14.5,0.0,observed
2026-09-27,0,20.6,27.5,15.3,0.6,observed
2026-09-28,0,20.7,27.7,16.8,1.6,observed
2026-09-29,0,20.3,25.8,16.4,1.3,observed
2026-09-30,0,20.1,27.7,14.0,0.0,observed
2026-10-01,0,21.0,29.2,13.9,0.0,observed
2026-10-02,0,21.0,28.1,14.4,0.0,observed
2026-10-03,0,21.6,28.9,14.6,0.0,observed
2026-10-04,0,21.1,27.5,15.8,1.2,forecast
2026-10-05,0,21.4,28.2,16.5,1.8,forecast
2026-10-06,0,20.6,27.3,16.3,3.9,forecast
2026-10-07,0,19.1,26.1,16.0,9.1,forecast
2026-10-08,0,18.6,24.6,15.7,26.5,forecast
2026-10-09,0,18.4,24.3,15.6,17.8,forecast
2026-10-10,0,18.9,23.8,16.0,22.0,forecast
2026-10-11,0,18.7,23.5,15.8,32.2,forecast
2026-10-12,0,19.5,25.0,15.7,3.6,forecast
2026-10-13,0,18.8,23.4,15.8,31.6,forecast
2026-10-14,0,17.1,19.0,15.7,24.0,forecast
2026-10-15,0,18.7,23.6,15.8,27.6,forecast
2026-10-16,0,18.8,23.9,16.0,19.8,forecast
2026-10-17,0,19.7,25.5,15.9,4.4,forecast
2026-10-18,0,19.6,25.1,16.3,2.0,forecast
2025-01-01,1,19.2,25.2,13.8,0.4,observed
2025-01-02,1,19.0,24.4,14.4,0.9,observed
2025-01-03,1,18.9,24.6,13.8,0.0,observed
2025-01-04,1,19.0,25.0,14.5,1.2,observed
2025-01-05,1,18.7,24.0,14.1,1.0,observed
2025-01-06,1,18.5,25.5,12.3,0.0,observed
2025-01-07,1,19.1,26.8,12.9,0.0,observed
2025-01-08,1,19.8,26.8,12.9,0.2,observed
2025-01-09,1,20.0,26.6,14.6,0.7,observed
2025-01-10,1,19.6,26.1,14.7,1.3,observed
2025-01-11,1,20.2,27.1,14.6,0.0,observed
2025-01-12,1,20.9,27.1,15.0,0.1,observed
2025-01-13,1,21.1,27.2,15.8,0.0,observed
2025-01-14,1,20.1,26.2,14.7,0.0,observed
2025-01-15,1,18.0,24.3,13.0,0.0,observed
2025-01-16,1,18.5,25.1,13.1,0.0,observed
2025-01-17,1,18.9,25.9,13.1,0.0,observed
2025-01-18,1,20.0,27.1,13.6,0.0,observed
2025-01-19,1,20.6,26.7,15.4,0.0,observed
2025-01-20,1,21.0,27.8,14.9,0.0,observed
2025-01-21,1,20.9,27.7,14.3,0.0,observed
2025-01-22,1,21.1,27.6,14.8,0.0,observed
2025-01-23,1,20.9,27.0,14.9,0.3,observed
2025-01-24,1,20.7,27.8,14.4,0.1,observed
2025-01-25,1,21.0,28.2,15.1,0.5,observed
2025-01-26,1,19.5,25.8,16.1,13.1,observed
2025-01-27,1,18.7,24.5,15.0,1.1,observed
2025-01-28,1,18.1,24.7,14.9,12.5,observed
2025-01-29,1,19.1,25.9,14.4,14.8,observed
2025-01-30,1,17.3,22.1,14.6,20.1,observed
2025-01-31,1,18.9,25.1,13.5,0.0,observed
2025-02-01,1,19.1,25.1,14.4,1.5,observed
2025-02-02,1,19.9,26.2,14.3,0.3,observed
2025-02-03,1,20.2,27.0,14.8,0.0,observed
2025-02-04,1,19.5,26.3,14.5,0.0,observed
2025-02-05,1,19.6,27.0,13.3,0.1,observed
2025-02-06,1,20.3,26.8,14.0,0.3,observed
2025-02-07,1,20.2,26.4,15.2,0.3,observed
2025-02-08,1,21.0,29.3,14.0,0.0,observed
2025-02-09,1,21.4,28.8,14.0,0.0,observed
2025-02-10,1,21.2,28.6,14.6,0.0,observed
2025-02-11,1,20.8,27.1,15.3,0.0,observed
2025-02-12,1,19.8,26.0,14.7,1.2,observed
2025-02-13,1,19.8,25.9,16.0,2.7,observed
2025-02-14,1,20.6,28.5,14.2,0.0,observed
2025-02-15,1,21.6,29.3,15.4,0.0,observed
2025-02-16,1,21.6,28.7,14.9,0.2,observed
2025-02-17,1,21.1,27.6,15.0,0.1,observed
2025-02-18,1,21.2,29.0,14.2,0.0,observed
2025-02-19,1,21.5,29.5,14.4,0.0,observed
2025-02-20,1,22.3,30.4,14.9,0.0,observed
2025-02-21,1,22.1,29.5,15.0,0.0,observed
2025-02-22,1,21.1,28.0,14.1,0.0,observed
2025-02-23,1,21.1,28.5,14.2,0.0,observed
2025-02-24,1,21.1,28.2,14.2,0.0,observed
2025-02-25,1,21.1,28.3,14.1,0.0,observed
2025-02-26,1,21.4,28.7,14.3,0.0,observed
2025-02-27,1,22.0,29.6,14.9,0.0,observed
2025-02-28,1,22.4,30.7,14.6,0.0,observed
2025-03-01,1,22.6,29.4,15.7,0.0,observed
2025-03-02,1,22.0,29.1,14.7,0.0,observed
2025-03-03,1,21.6,28.7,14.2,0.0,observed
2025-03-04,1,21.6,29.0,14.9,0.0,observed
2025-03-05,1,22.0,29.5,15.6,0.0,observed
2025-03-06,1,22.0,30.2,14.7,0.0,observed
2025-03-07,1,22.9,30.8,15.7,0.3,observed
2025-03-08,1,22.2,29.0,16.9,2.2,observed
2025-03-09,1,21.5,28.0,17.1,2.6,observed
2025-03-10,1,19.7,25.0,16.0,15.1,observed
2025-03-11,1,20.1,26.8,15.5,1.5,observed
2025-03-12,1,19.7,26.0,15.4,0.3,observed
2025-03-13,1,19.8,26.0,15.6,1.3,observed
2025-03-14,1,21.6,29.8,15.0,0.0,observed
2025-03-15,1,21.7,29.2,15.2,0.0,observed
2025-03-16,1,21.2,28.2,14.6,0.0,observed
2025-03-17,1,20.7,27.5,15.3,1.2,observed
2025-03-18,1,19.7,25.7,15.9,3.7,observed
2025-03-19,1,19.0,24.3,15.1,7.8,observed
2025-03-20,1,18.8,24.0,15.5,1.6,observed
2025-03-21,1,19.7,26.6,14.8,1.4,observed
2025-03-22,1,20.0,26.5,15.2,2.0,observed
2025-03-23,1,20.0,26.7,15.8,3.6,observed
2025-03-24,1,20.4,27.3,16.3,0.8,observed
2025-03-25,1,19.6,26.1,14.6,4.0,observed
2025-03-26,1,19.3,25.8,15.2,1.6,observed
2025-03-27,1,19.0,25.9,14.7,3.4,observed
2025-03-28,1,18.0,23.9,15.3,3.3,observed
2025-03-29,1,18.9,24.0,15.4,2.6,observed
2025-03-30,1,18.9,24.3,15.1,1.9,observed
2025-03-31,1,18.3,22.8,15.6,9.8,observed
2025-04-01,1,19.0,25.1,15.3,3.1,observed
2025-04-02,1,19.6,26.2,14.8,0.0,observed
2025-04-03,1,19.3,25.5,15.4,2.8,observed
2025-04-04,1,18.8,25.7,15.9,7.4,observed
2025-04-05,1,19.1,25.9,16.0,3.0,observed
2025-04-06,1,16.9,21.3,15.6,9.0,observed
2025-04-07,1,18.3,23.5,15.2,2.9,observed
2025-04-08,1,19.0,24.6,15.1,0.9,observed
2025-04-09,1,19.8,26.2,14.8,0.3,observed
2025-04-10,1,18.8,24.7,15.8,2.2,observed
2025-04-11,1,18.7,25.5,13.8,0.7,observed
2025-04-12,1,18.9,23.9,15.8,2.1,observed
2025-04-13,1,18.9,24.6,15.2,3.6,observed
2025-04-14,1,19.4,25.6,15.1,1.1,observed
2025-04-15,1,19.4,25.6,15.5,2.1,observed
2025-04-16,1,19.6,26.2,15.3,1.1,observed
2025-04-17,1,20.0,26.0,15.2,0.6,observed
2025-04-18,1,20.0,26.7,15.7,2.6,observed
2025-04-19,1,18.8,26.7,15.8,11.3,observed
2025-04-20,1,18.4,24.6,15.1,10.9,observed
2025-04-21,1,17.7,23.2,14.6,10.8,observed
2025-04-22,1,18.3,23.5,15.8,5.9,observed
2025-04-23,1,17.1,21.4,15.4,10.9,observed
2025-04-24,1,17.7,22.1,14.4,2.3,observed
2025-04-25,1,17.6,23.2,14.3,3.9,observed
2025-04-26,1,18.1,24.1,12.9,0.1,observed
2025-04-27,1,18.5,24.6,13.9,0.6,observed
2025-04-28,1,19.3,25.0,14.4,0.1,observed
2025-04-29,1,19.7,26.1,16.0,1.6,observed
2025-04-30,1,19.2,25.0,15.6,3.2,observed
2025-05-01,1,19.3,25.1,15.4,0.7,observed
2025-05-02,1,19.6,26.1,14.9,0.7,observed
2025-05-03,1,20.0,26.9,15.4,1.3,observed
2025-05-04,1,19.6,26.5,15.6,5.1,observed
2025-05-05,1,18.7,23.8,15.0,12.7,observed
2025-05-06,1,17.7,23.5,13.9,9.8,observed
2025-05-07,1,18.2,23.5,14.9,4.6,observed
2025-05-08,1,18.4,23.6,13.9,2.1,observed
2025-05-09,1,18.7,23.7,14.6,1.4,observed
2025-05-10,1,18.6,24.4,15.2,4.9,observed
2025-05-11,1,18.4,24.4,14.5,1.4,observed
2025-05-12,1,18.6,24.5,15.4,10.1,observed
2025-05-13,1,17.7,23.0,14.4,17.7,observed
2025-05-14,1,17.8,23.0,14.0,2.4,observed
2025-05-15,1,17.9,22.7,14.1,1.8,observed
2025-05-16,1,18.0,22.9,14.4,0.4,observed
2025-05-17,1,18.1,23.7,14.2,0.4,observed
2025-05-18,1,18.0,23.5,14.7,5.2,observed
2025-05-19,1,18.0,22.6,14.1,2.7,observed
2025-05-20,1,18.8,24.1,15.3,2.1,observed
2025-05-21,1,19.1,24.5,15.4,0.2,observed
2025-05-22,1,19.3,25.1,15.7,0.9,observed
2025-05-23,1,19.3,25.2,15.2,0.0,observed
2025-05-24,1,19.5,26.0,13.7,0.1,observed
2025-05-25,1,18.0,23.2,13.8,0.6,observed
2025-05-26,1,18.2,24.5,12.4,1.5,observed
2025-05-27,1,17.3,22.9,14.1,10.8,observed
2025-05-28,1,18.4,24.5,13.8,0.1,observed
2025-05-29,1,18.7,24.1,14.6,1.0,observed
2025-05-30,1,18.6,25.2,13.0,0.0,observed
2025-05-31,1,18.0,25.6,11.8,0.0,observed
2025-06-01,1,17.6,23.8,11.8,1.0,observed
2025-06-02,1,18.5,23.6,14.6,0.8,observed
2025-06-03,1,18.7,24.7,14.1,0.1,observed
2025-06-04,1,18.4,25.4,13.8,0.4,observed
2025-06-05,1,18.5,24.7,15.1,2.3,observed
2025-06-06,1,17.6,23.1,14.5,4.6,observed
2025-06-07,1,18.1,22.6,14.7,5.0,observed
2025-06-08,1,17.9,23.5,13.3,1.9,observed
2025-06-09,1,17.4,23.1,13.0,8.9,observed
2025-06-10,1,17.8,24.3,12.0,0.3,observed
2025-06-11,1,17.6,23.5,12.8,1.1,observed
2025-06-12,1,18.2,23.7,14.8,2.3,observed
2025-06-13,1,18.9,26.1,13.3,0.0,observed
2025-06-14,1,18.0,25.3,11.1,0.0,observed
2025-06-15,1,18.4,24.5,13.0,0.0,observed
2025-06-16,1,18.0,23.7,12.4,0.0,observed
2025-06-17,1,18.4,24.1,12.9,0.3,observed
2025-06-18,1,18.6,24.7,12.0,0.5,observed
2025-06-19,1,18.5,24.2,13.3,0.5,observed
2025-06-20,1,17.8,24.2,13.9,11.2,observed
2025-06-21,1,18.4,24.9,12.3,0.1,observed
2025-06-22,1,17.9,24.0,13.0,1.5,observed
2025-06-23,1,18.2,24.4,14.5,0.3,observed
2025-06-24,1,17.4,24.9,10.8,0.0,observed
2025-06-25,1,17.3,23.4,12.2,0.8,observed
2025-06-26,1,18.0,23.2,15.0,2.0,observed
2025-06-27,1,19.1,25.5,14.8,0.1,observed
2025-06-28,1,17.7,24.6,13.6,0.9,observed
2025-06-29,1,17.1,21.0,14.0,0.0,observed
2025-06-30,1,16.6,21.6,12.3,0.0,observed
2025-07-01,1,17.2,22.6,12.5,0.2,observed
2025-07-02,1,17.9,23.1,12.7,0.0,observed
2025-07-03,1,17.5,22.6,13.9,0.3,observed
2025-07-04,1,18.2,23.3,13.8,0.5,observed
2025-07-05,1,17.5,21.9,13.7,0.8,observed
2025-07-06,1,18.0,23.2,14.1,0.4,observed
2025-07-07,1,17.5,21.9,14.0,0.6,observed
2025-07-08,1,17.0,22.3,13.8,0.6,observed
2025-07-09,1,16.7,19.8,13.6,0.2,observed
2025-07-10,1,17.8,22.1,13.7,0.0,observed
2025-07-11,1,17.6,21.4,14.2,1.5,observed
2025-07-12,1,17.8,22.9,13.4,0.4,observed
2025-07-13,1,17.6,22.3,14.3,2.0,observed
2025-07-14,1,17.8,23.2,11.9,0.4,observed
2025-07-15,1,17.8,23.0,12.1,0.4,observed
2025-07-16,1,17.8,22.5,12.6,1.2,observed
2025-07-17,1,18.1,23.6,12.7,0.4,observed
2025-07-18,1,17.6,22.8,13.1,0.8,observed
2025-07-19,1,18.7,25.7,12.3,0.0,observed
2025-07-20,1,17.0,24.5,11.2,0.0,observed
2025-07-21,1,17.5,24.8,10.9,0.0,observed
2025-07-22,1,16.8,23.5,10.9,0.7,observed
2025-07-23,1,15.6,20.1,11.8,0.4,observed
2025-07-24,1,17.3,25.7,9.9,0.0,observed
2025-07-25,1,18.1,25.9,11.0,0.0,observed
2025-07-26,1,17.8,26.2,10.8,0.0,observed
2025-07-27,1,17.4,25.4,10.6,0.0,observed
2025-07-28,1,17.5,26.1,10.2,0.0,observed
2025-07-29,1,17.0,22.7,13.0,0.1,observed
2025-07-30,1,17.1,25.0,11.3,0.0,observed
2025-07-31,1,17.8,25.0,12.6,0.4,observed
2025-08-01,1,17.3,22.8,13.9,0.2,observed
2025-08-02,1,17.2,23.5,12.5,1.1,observed
2025-08-03,1,17.0,22.5,11.7,0.2,observed
2025-08-04,1,17.3,24.2,11.5,0.0,observed
2025-08-05,1,16.3,24.1,9.8,0.0,observed
2025-08-06,1,17.2,25.1,9.8,0.2,observed
2025-08-07,1,18.5,25.9,13.6,0.9,observed
2025-08-08,1,16.0,21.8,13.3,8.3,observed
2025-08-09,1,15.3,18.8,13.7,4.9,observed
2025-08-10,1,16.4,22.4,12.0,0.5,observed
2025-08-11,1,16.9,21.9,12.0,0.2,observed
2025-08-12,1,16.2,19.5,13.7,1.3,observed
2025-08-13,1,17.0,23.1,10.5,0.4,observed
2025-08-14,1,17.6,24.4,10.6,0.5,observed
2025-08-15,1,17.9,23.3,12.9,0.2,observed
2025-08-16,1,17.4,24.7,12.1,7.3,observed
2025-08-17,1,17.1,22.6,13.1,11.7,observed
2025-08-18,1,16.2,19.2,14.3,18.7,observed
2025-08-19,1,16.0,20.7,12.6,2.0,observed
2025-08-20,1,16.1,22.4,11.5,0.0,observed
2025-08-21,1,16.2,21.4,13.1,1.5,observed
2025-08-22,1,16.5,21.8,11.8,0.3,observed
2025-08-23,1,15.6,18.8,11.6,0.0,observed
2025-08-24,1,16.8,22.7,11.5,1.1,observed
2025-08-25,1,17.7,23.0,13.6,0.9,observed
2025-08-26,1,17.9,25.2,12.5,0.3,observed
2025-08-27,1,18.3,24.9,12.4,0.4,observed
2025-08-28,1,18.0,25.4,12.7,0.0,observed
2025-08-29,1,17.3,26.6,10.1,0.0,observed
2025-08-30,1,17.6,25.3,12.0,0.0,observed
2025-08-31,1,17.3,24.3,10.9,0.0,observed
2025-09-01,1,18.3,25.4,12.1,0.0,observed
2025-09-02,1,18.0,26.0,10.4,0.2,observed
2025-09-03,1,17.7,24.1,11.4,0.0,observed
2025-09-04,1,18.2,25.8,11.0,0.4,observed
2025-09-05,1,18.3,25.5,11.4,0.0,observed
2025-09-06,1,19.0,26.8,10.8,0.0,observed
2025-09-07,1,18.3,26.0,11.0,0.0,observed
2025-09-08,1,18.6,26.5,12.2,0.1,observed
2025-09-09,1,19.1,25.0,14.1,1.1,observed
2025-09-10,1,19.0,26.2,12.5,0.3,observed
2025-09-11,1,18.6,26.4,12.8,0.0,observed
2025-09-12,1,18.5,26.4,11.7,0.0,observed
2025-09-13,1,18.8,27.1,11.0,0.0,observed
2025-09-14,1,19.5,28.0,12.6,0.0,observed
2025-09-15,1,18.7,27.0,12.4,0.4,observed
2025-09-16,1,19.2,26.9,12.8,0.4,observed
2025-09-17,1,19.6,27.0,12.0,0.2,observed
2025-09-18,1,19.2,25.6,14.7,3.8,observed
2025-09-19,1,19.8,27.0,14.9,2.6,observed
2025-09-20,1,18.5,26.6,11.2,0.0,observed
2025-09-21,1,18.5,24.2,14.0,1.9,observed
2025-09-22,1,18.7,25.0,12.0,0.4,observed
2025-09-23,1,19.0,26.7,14.7,1.7,observed
2025-09-24,1,18.6,27.4,10.2,0.0,observed
2025-09-25,1,19.2,27.4,11.1,0.0,observed
2025-09-26,1,19.1,26.5,14.0,3.3,observed
2025-09-27,1,20.0,27.1,13.9,0.0,observed
2025-09-28,1,19.4,26.2,13.5,0.3,observed
2025-09-29,1,19.4,27.7,12.5,1.4,observed
2025-09-30,1,19.7,28.6,12.5,0.1,observed
2025-10-01,1,19.9,28.4,11.6,0.0,observed
2025-10-02,1,20.2,28.1,11.4,0.0,observed
2025-10-03,1,19.5,26.7,13.9,0.0,observed
2025-10-04,1,17.6,21.9,15.0,4.7,observed
2025-10-05,1,18.7,25.0,15.0,1.5,observed
2025-10-06,1,18.8,24.4,14.2,0.5,observed
2025-10-07,1,18.4,25.4,15.0,2.0,observed
2025-10-08,1,18.6,24.3,14.5,3.9,observed
2025-10-09,1,18.7,25.2,14.3,3.0,observed
2025-10-10,1,18.8,25.2,14.6,3.4,observed
2025-10-11,1,18.9,26.8,12.3,0.0,observed
2025-10-12,1,18.8,26.3,11.8,0.3,observed
2025-10-13,1,19.1,26.2,13.6,0.6,observed
2025-10-14,1,19.2,25.7,13.6,0.2,observed
2025-10-15,1,19.3,27.2,12.9,0.2,observed
2025-10-16,1,19.1,25.7,13.1,0.7,observed
2025-10-17,1,18.4,25.6,14.2,2.6,observed
2025-10-18,1,19.1,25.1,14.3,1.3,observed
2025-10-19,1,18.9,25.1,13.3,0.4,observed
2025-10-20,1,19.5,27.9,11.6,0.0,observed
2025-10-21,1,20.2,27.0,13.4,0.1,observed
2025-10-22,1,18.8,22.4,15.4,0.4,observed
2025-10-23,1,19.6,25.4,15.0,0.8,observed
2025-10-24,1,18.6,25.1,15.1,8.4,observed
2025-10-25,1,19.8,25.9,15.0,1.7,observed
2025-10-26,1,20.1,26.5,13.4,1.0,observed
2025-10-27,1,19.5,26.6,13.7,0.9,observed
2025-10-28,1,19.0,25.6,15.6,7.8,observed
2025-10-29,1,17.8,23.1,15.9,17.8,observed
2025-10-30,1,17.8,24.3,15.1,10.2,observed
2025-10-31,1,17.8,23.9,14.7,8.0,observed
2025-11-01,1,17.6,21.7,15.3,8.9,observed
2025-11-02,1,18.0,23.3,15.4,2.5,observed
2025-11-03,1,18.3,24.0,14.4,3.1,observed
2025-11-04,1,18.5,25.2,14.7,2.4,observed
2025-11-05,1,18.9,25.3,13.4,0.0,observed
2025-11-06,1,19.1,25.4,14.8,1.1,observed
2025-11-07,1,19.2,25.6,14.8,3.4,observed
2025-11-08,1,19.0,26.0,14.8,3.5,observed
2025-11-09,1,16.6,20.5,14.3,4.8,observed
2025-11-10,1,18.2,24.5,13.7,0.9,observed
2025-11-11,1,18.9,24.8,14.7,1.1,observed
2025-11-12,1,18.8,24.8,14.8,2.4,observed
2025-11-13,1,18.5,23.8,15.2,3.2,observed
2025-11-14,1,18.2,25.4,14.1,2.0,observed
2025-11-15,1,19.2,25.5,14.8,1.0,observed
2025-11-16,1,19.4,25.0,15.4,1.6,observed
2025-11-17,1,19.3,25.2,14.9,0.9,observed
2025-11-18,1,18.8,26.2,15.4,2.7,observed
2025-11-19,1,18.7,25.9,13.1,0.5,observed
2025-11-20,1,19.0,26.0,13.3,0.0,observed
2025-11-21,1,19.6,26.4,14.8,0.4,observed
2025-11-22,1,18.9,25.5,12.5,0.1,observed
2025-11-23,1,18.1,23.7,14.1,3.0,observed
2025-11-24,1,18.4,25.3,12.2,0.7,observed
2025-11-25,1,19.0,25.3,15.1,4.5,observed
2025-11-26,1,18.2,23.5,14.8,8.3,observed
2025-11-27,1,18.5,23.9,14.6,4.3,observed
2025-11-28,1,19.2,25.0,14.9,1.5,observed
2025-11-29,1,19.2,25.5,14.6,0.9,observed
2025-11-30,1,19.5,26.2,14.5,0.1,observed
2025-12-01,1,19.1,25.8,13.3,0.0,observed
2025-12-02,1,19.1,26.6,12.3,0.0,observed
2025-12-03,1,19.4,26.2,14.2,0.5,observed
2025-12-04,1,19.4,25.8,14.9,2.1,observed
2025-12-05,1,19.1,25.4,14.4,1.7,observed
2025-12-06,1,18.9,24.8,14.3,1.6,observed
2025-12-07,1,18.8,24.4,14.1,1.7,observed
2025-12-08,1,18.4,24.5,14.5,2.3,observed
2025-12-09,1,19.1,25.4,13.9,0.0,observed
2025-12-10,1,19.5,26.2,13.8,0.0,observed
2025-12-11,1,19.6,25.6,14.6,0.8,observed
2025-12-12,1,19.5,25.9,15.2,0.7,observed
2025-12-13,1,19.1,25.5,14.1,7.3,observed
2025-12-14,1,18.2,24.4,15.1,5.3,observed
2025-12-15,1,19.2,25.2,14.8,2.1,observed
2025-12-16,1,19.7,26.0,15.6,2.1,observed
2025-12-17,1,20.2,27.1,15.4,1.1,observed
2025-12-18,1,19.9,26.4,15.1,1.1,observed
2025-12-19,1,18.6,25.5,15.2,5.3,observed
2025-12-20,1,19.3,25.5,15.3,3.4,observed
2025-12-21,1,17.8,23.7,15.1,3.9,observed
2025-12-22,1,18.7,24.4,14.9,1.4,observed
2025-12-23,1,19.1,25.4,14.1,0.5,observed
2025-12-24,1,19.3,25.9,14.8,1.2,observed
2025-12-25,1,20.0,26.7,14.2,0.4,observed
2025-12-26,1,21.2,28.3,14.6,0.0,observed
2025-12-27,1,20.8,29.5,15.4,5.4,observed
2025-12-28,1,17.4,23.8,15.1,17.3,observed
2025-12-29,1,18.6,24.8,14.7,1.9,observed
2025-12-30,1,18.2,23.8,14.4,2.9,observed
2025-12-31,1,18.5,24.2,13.9,0.3,observed
2026-01-01,1,18.1,23.2,14.0,1.9,observed
2026-01-02,1,18.8,25.0,13.8,0.0,observed
2026-01-03,1,19.6,26.6,13.9,0.0,observed
2026-01-04,1,19.9,26.3,14.2,0.1,observed
2026-01-05,1,19.8,26.2,14.1,0.0,observed
2026-01-06,1,19.6,25.9,13.8,0.0,observed
2026-01-07,1,20.2,26.8,13.7,0.0,observed
2026-01-08,1,20.3,25.5,15.7,0.0,observed
2026-01-09,1,20.0,25.9,14.9,0.2,observed
2026-01-10,1,19.4,25.9,13.4,0.6,observed
2026-01-11,1,20.5,27.3,14.9,0.1,observed
2026-01-12,1,19.1,24.9,14.0,3.0,observed
2026-01-13,1,19.5,25.8,13.9,0.0,observed
2026-01-14,1,19.0,25.9,11.9,0.0,observed
2026-01-15,1,19.6,27.0,12.5,0.0,observed
2026-01-16,1,20.7,28.8,13.6,0.0,observed
2026-01-17,1,20.1,27.1,14.7,2.0,observed
2026-01-18,1,20.1,26.4,14.9,0.8,observed
2026-01-19,1,19.8,25.8,14.4,0.4,observed
2026-01-20,1,20.4,27.3,14.3,0.0,observed
2026-01-21,1,20.7,28.3,13.7,0.0,observed
2026-01-22,1,19.7,25.8,14.5,0.2,observed
2026-01-23,1,20.5,27.2,14.2,0.0,observed
2026-01-24,1,21.1,28.9,14.1,0.0,observed
2026-01-25,1,22.0,30.3,14.6,0.0,observed
2026-01-26,1,22.1,29.8,14.7,0.0,observed
2026-01-27,1,21.3,28.8,14.6,0.0,observed
2026-01-28,1,21.4,27.6,15.6,0.0,observed
2026-01-29,1,21.8,29.5,14.4,0.0,observed
2026-01-30,1,21.6,28.6,14.8,0.0,observed
2026-01-31,1,21.5,28.1,15.4,0.0,observed
2026-02-01,1,21.5,28.4,15.3,0.0,observed
2026-02-02,1,20.9,27.6,14.4,0.0,observed
2026-02-03,1,21.3,28.5,14.6,0.0,observed
2026-02-04,1,21.5,29.4,14.2,0.0,observed
2026-02-05,1,21.6,28.2,16.2,0.0,observed
2026-02-06,1,21.4,27.2,16.5,0.5,observed
2026-02-07,1,21.8,29.1,14.8,0.0,observed
2026-02-08,1,21.4,28.1,15.1,1.0,observed
2026-02-09,1,20.8,26.7,15.9,0.2,observed
2026-02-10,1,21.8,28.0,16.4,0.0,observed
2026-02-11,1,21.2,28.0,14.0,0.0,observed
2026-02-12,1,21.3,28.5,13.7,0.0,observed
2026-02-13,1,21.4,29.0,13.8,0.0,observed
2026-02-14,1,21.2,27.8,15.2,0.4,observed
2026-02-15,1,20.4,27.7,14.9,0.9,observed
2026-02-16,1,19.9,27.9,14.1,3.2,observed
2026-02-17,1,20.4,27.0,15.3,0.5,observed
2026-02-18,1,19.6,25.4,14.9,0.9,observed
2026-02-19,1,20.7,27.5,14.2,0.7,observed
2026-02-20,1,21.5,28.5,15.7,0.5,observed
2026-02-21,1,18.9,23.2,15.6,4.0,observed
2026-02-22,1,18.1,24.2,14.8,8.8,observed
2026-02-23,1,17.5,21.1,15.4,10.3,observed
2026-02-24,1,18.2,23.5,14.3,3.5,observed
2026-02-25,1,18.0,24.0,14.9,17.8,observed
2026-02-26,1,18.5,24.8,14.5,10.4,observed
2026-02-27,1,18.7,25.1,15.4,11.7,observed
2026-02-28,1,17.9,22.7,14.8,5.0,observed
2026-03-01,1,18.1,23.0,15.2,8.1,observed
2026-03-02,1,17.9,23.0,14.9,7.0,observed
2026-03-03,1,18.4,23.7,15.3,4.7,observed
2026-03-04,1,18.1,23.8,15.0,6.6,observed
2026-03-05,1,18.1,23.7,15.7,11.9,observed
2026-03-06,1,17.9,23.8,15.6,35.4,observed
2026-03-07,1,17.9,23.3,14.3,15.3,observed
2026-03-08,1,18.5,24.2,14.3,3.8,observed
2026-03-09,1,18.7,24.0,15.1,1.6,observed
2026-03-10,1,18.3,23.8,15.5,2.6,observed
2026-03-11,1,19.1,24.7,15.4,1.2,observed
2026-03-12,1,19.3,24.7,15.6,0.6,observed
2026-03-13,1,19.8,25.9,14.5,1.5,observed
2026-03-14,1,19.2,24.7,15.9,2.0,observed
2026-03-15,1,19.3,24.9,15.8,0.8,observed
2026-03-16,1,19.1,24.9,14.7,0.0,observed
2026-03-17,1,19.3,25.6,15.6,1.2,observed
2026-03-18,1,19.1,26.1,15.3,3.3,observed
2026-03-19,1,19.3,25.3,15.4,2.5,observed
2026-03-20,1,18.0,23.6,15.1,31.4,observed
2026-03-21,1,18.5,23.4,15.7,24.5,observed
2026-03-22,1,18.1,23.5,15.1,6.3,observed
2026-03-23,1,17.7,22.5,15.3,5.5,observed
2026-03-24,1,18.0,23.5,15.2,9.8,observed
2026-03-25,1,18.0,23.0,15.0,3.4,observed
2026-03-26,1,18.5,23.9,14.7,1.7,observed
2026-03-27,1,17.8,22.8,15.1,7.2,observed
2026-03-28,1,18.1,23.5,14.7,3.6,observed
2026-03-29,1,18.3,23.7,14.0,0.5,observed
2026-03-30,1,18.6,24.0,15.3,1.8,observed
2026-03-31,1,18.4,23.6,15.0,3.0,observed
2026-04-01,1,18.8,24.1,15.2,1.6,observed
2026-04-02,1,18.7,24.0,14.9,1.1,observed
2026-04-03,1,18.8,24.6,13.5,0.7,observed
2026-04-04,1,19.0,24.6,14.5,1.1,observed
2026-04-05,1,18.4,23.8,14.5,1.4,observed
2026-04-06,1,18.9,24.8,14.0,0.8,observed
2026-04-07,1,18.9,24.6,15.2,2.2,observed
2026-04-08,1,19.2,25.2,15.4,3.0,observed
2026-04-09,1,19.1,25.1,15.2,0.8,observed
2026-04-10,1,19.2,25.3,15.3,1.9,observed
2026-04-11,1,19.7,26.3,14.4,0.2,observed
2026-04-12,1,19.4,24.9,15.5,2.3,observed
2026-04-13,1,18.7,24.5,15.6,4.1,observed
2026-04-14,1,18.3,23.3,15.6,6.8,observed
2026-04-15,1,18.3,23.2,15.5,4.2,observed
2026-04-16,1,18.2,23.6,15.4,2.8,observed
2026-04-17,1,17.8,22.7,14.9,6.5,observed
2026-04-18,1,17.9,22.3,15.2,14.2,observed
2026-04-19,1,18.3,23.0,15.5,4.8,observed
2026-04-20,1,18.6,23.9,15.2,3.4,observed
2026-04-21,1,18.5,23.9,15.4,2.2,observed
2026-04-22,1,18.7,24.0,15.8,3.6,observed
2026-04-23,1,17.7,22.0,15.0,4.9,observed
2026-04-24,1,17.9,22.8,13.4,0.1,observed
2026-04-25,1,17.9,23.0,13.2,1.9,observed
2026-04-26,1,18.3,23.9,15.2,6.6,observed
2026-04-27,1,18.3,23.6,15.8,19.5,observed
2026-04-28,1,17.7,22.4,15.6,53.4,observed
2026-04-29,1,16.5,20.2,14.5,6.1,observed
2026-04-30,1,17.6,22.7,14.9,10.1,observed
2026-05-01,1,17.8,22.6,15.4,9.0,observed
2026-05-02,1,18.0,22.8,15.3,2.3,observed
2026-05-03,1,18.2,23.2,13.8,4.6,observed
2026-05-04,1,18.3,23.2,14.4,1.9,observed
2026-05-05,1,18.5,23.3,15.6,1.4,observed
2026-05-06,1,18.8,24.3,15.2,2.4,observed
2026-05-07,1,18.8,23.8,15.4,0.4,observed
2026-05-08,1,19.0,25.0,15.8,3.9,observed
2026-05-09,1,18.3,23.3,15.4,7.9,observed
2026-05-10,1,18.4,24.0,14.3,0.3,observed
2026-05-11,1,18.8,24.5,14.3,1.1,observed
2026-05-12,1,18.1,22.4,15.7,1.9,observed
2026-05-13,1,18.3,23.0,15.3,5.8,observed
2026-05-14,1,18.4,23.1,15.3,0.5,observed
2026-05-15,1,18.1,22.5,14.5,0.2,observed
2026-05-16,1,18.5,23.6,15.1,2.6,observed
2026-05-17,1,18.0,22.8,14.5,2.4,observed
2026-05-18,1,18.4,23.3,14.9,0.5,observed
2026-05-19,1,18.4,23.4,13.7,0.0,observed
2026-05-20,1,18.6,24.3,14.1,0.0,observed
2026-05-21,1,18.6,24.1,15.1,0.2,observed
2026-05-22,1,19.1,25.3,14.1,0.3,observed
2026-05-23,1,19.0,24.3,15.8,0.4,observed
2026-05-24,1,18.8,24.2,14.3,0.3,observed
2026-05-25,1,18.0,22.6,15.0,0.6,observed
2026-05-26,1,18.1,23.3,14.4,0.5,observed
2026-05-27,1,17.7,21.7,14.8,0.5,observed
2026-05-28,1,18.2,23.1,14.4,0.4,observed
2026-05-29,1,17.8,22.9,13.8,0.3,observed
2026-05-30,1,17.7,22.6,15.2,1.9,observed
2026-05-31,1,18.3,23.1,15.1,2.2,observed
2026-06-01,1,17.9,21.7,15.1,6.2,observed
2026-06-02,1,17.5,21.7,15.1,3.7,observed
2026-06-03,1,17.6,21.5,14.7,0.6,observed
2026-06-04,1,18.2,23.0,14.9,1.8,observed
2026-06-05,1,18.2,24.2,12.6,0.3,observed
2026-06-06,1,19.1,25.6,14.7,0.4,observed
2026-06-07,1,18.4,25.1,14.2,0.0,observed
2026-06-08,1,18.5,24.5,13.7,0.4,observed
2026-06-09,1,18.2,25.3,12.8,0.0,observed
2026-06-10,1,18.1,23.8,13.9,0.2,observed
2026-06-11,1,18.2,23.8,14.1,0.0,observed
2026-06-12,1,18.7,24.3,14.3,0.5,observed
2026-06-13,1,17.5,22.3,14.3,2.0,observed
2026-06-14,1,16.6,21.3,12.9,0.1,observed
2026-06-15,1,16.9,23.4,12.1,0.1,observed
2026-06-16,1,17.0,23.9,10.4,0.1,observed
2026-06-17,1,16.5,21.0,12.2,0.3,observed
2026-06-18,1,17.3,23.0,12.6,0.4,observed
2026-06-19,1,18.0,23.5,14.1,0.3,observed
2026-06-20,1,17.8,22.2,14.1,0.2,observed
2026-06-21,1,17.4,22.7,13.8,0.5,observed
2026-06-22,1,16.3,20.8,12.3,0.0,observed
2026-06-23,1,16.5,22.0,11.3,0.0,observed
2026-06-24,1,16.6,21.7,12.0,1.8,observed
2026-06-25,1,17.3,23.6,12.6,1.8,observed
2026-06-26,1,18.2,24.4,12.4,0.0,observed
2026-06-27,1,17.4,23.9,11.1,0.0,observed
2026-06-28,1,17.5,23.7,11.5,0.1,observed
2026-06-29,1,16.8,23.1,11.8,0.0,observed
2026-06-30,1,17.1,22.0,13.5,0.1,observed
2026-07-01,1,16.5,22.3,12.8,0.0,observed
2026-07-02,1,17.5,24.1,10.9,0.5,observed
2026-07-03,1,18.2,24.9,12.3,0.4,observed
2026-07-04,1,17.7,24.0,13.1,0.3,observed
2026-07-05,1,16.2,20.8,12.9,0.0,observed
2026-07-06,1,17.2,23.4,11.9,0.0,observed
2026-07-07,1,16.5,22.3,11.1,0.2,observed
2026-07-08,1,17.5,24.0,12.5,0.1,observed
2026-07-09,1,17.8,24.0,13.1,0.1,observed
2026-07-10,1,17.2,22.8,13.0,0.4,observed
2026-07-11,1,17.2,21.2,14.9,1.0,observed
2026-07-12,1,17.4,22.9,12.4,0.4,observed
2026-07-13,1,17.6,24.3,11.9,0.0,observed
2026-07-14,1,17.2,24.0,11.6,0.1,observed
2026-07-15,1,17.8,24.0,13.1,0.0,observed
2026-07-16,1,18.4,25.3,12.2,0.3,observed
2026-07-17,1,16.8,23.6,11.6,0.0,observed
2026-07-18,1,18.0,24.0,12.3,0.3,observed
2026-07-19,1,18.2,24.7,11.6,0.0,observed
2026-07-20,1,17.2,23.6,11.9,0.1,observed
2026-07-21,1,17.9,24.9,12.1,0.3,observed
2026-07-22,1,17.3,23.4,12.1,0.0,observed
2026-07-23,1,16.9,23.2,12.2,0.2,observed
2026-07-24,1,17.6,24.0,11.9,0.7,observed
2026-07-25,1,17.1,22.9,13.2,0.1,observed
2026-07-26,1,16.2,21.1,11.9,0.1,observed
2026-07-27,1,16.4,21.5,12.9,0.1,observed
2026-07-28,1,16.3,21.9,11.1,0.2,observed
2026-07-29,1,17.2,23.6,11.8,0.0,observed
2026-07-30,1,17.5,23.6,11.9,0.4,observed
2026-07-31,1,17.5,24.4,12.0,1.6,observed
2026-08-01,1,16.8,23.8,11.6,0.5,observed
2026-08-02,1,16.8,23.3,12.4,0.4,observed
2026-08-03,1,15.7,21.2,11.4,0.0,observed
2026-08-04,1,15.5,19.6,11.6,0.0,observed
2026-08-05,1,17.1,24.3,10.8,0.0,observed
2026-08-06,1,16.9,23.8,12.0,0.0,observed
2026-08-07,1,17.2,22.9,12.1,0.0,observed
2026-08-08,1,17.1,24.0,11.7,0.0,observed
2026-08-09,1,16.9,22.6,12.6,0.4,observed
2026-08-10,1,16.9,25.3,11.3,0.3,observed
2026-08-11,1,17.2,24.6,10.6,0.0,observed
2026-08-12,1,18.0,25.9,10.1,0.0,observed
2026-08-13,1,17.8,25.1,10.6,0.0,observed
2026-08-14,1,18.1,26.0,10.5,0.0,observed
2026-08-15,1,17.4,22.9,11.6,0.0,observed
2026-08-16,1,16.8,20.0,13.8,0.3,observed
2026-08-17,1,17.3,22.6,13.3,0.2,observed
2026-08-18,1,17.0,21.0,13.6,2.3,observed
2026-08-19,1,17.2,22.3,14.8,3.9,observed
2026-08-20,1,17.4,24.0,11.9,0.0,observed
2026-08-21,1,17.2,24.3,10.5,0.0,observed
2026-08-22,1,18.6,26.1,11.3,0.0,observed
2026-08-23,1,19.4,25.8,14.8,2.0,observed
2026-08-24,1,19.5,25.9,15.3,0.3,observed
2026-08-25,1,18.4,25.9,11.5,0.0,observed
2026-08-26,1,18.3,26.4,10.7,0.0,observed
2026-08-27,1,17.6,25.1,10.8,0.0,observed
2026-08-28,1,17.6,24.3,11.3,0.0,observed
2026-08-29,1,17.3,26.3,10.3,0.2,observed
2026-08-30,1,17.7,24.3,12.8,0.2,observed
2026-08-31,1,16.6,20.5,12.8,3.7,observed
2026-09-01,1,17.1,22.7,12.6,2.3,observed
2026-09-02,1,18.0,24.9,13.6,0.4,observed
2026-09-03,1,17.5,24.3,12.0,0.0,observed
2026-09-04,1,18.0,26.0,11.4,1.3,observed
2026-09-05,1,19.1,26.4,12.7,0.1,observed
2026-09-06,1,19.0,26.8,12.5,0.0,observed
2026-09-07,1,18.9,25.7,12.2,0.0,observed
2026-09-08,1,16.6,21.2,12.3,1.1,observed
2026-09-09,1,16.7,21.2,12.5,1.2,observed
2026-09-10,1,18.0,23.1,13.2,1.3,observed
2026-09-11,1,18.1,23.4,14.3,0.4,observed
2026-09-12,1,17.8,22.8,14.8,4.5,observed
2026-09-13,1,18.4,25.0,13.7,0.7,observed
2026-09-14,1,18.6,24.9,12.4,0.4,observed
2026-09-15,1,17.0,20.5,14.6,0.1,observed
2026-09-16,1,16.9,20.9,13.7,2.2,observed
2026-09-17,1,17.7,24.1,13.9,0.0,observed
2026-09-18,1,16.0,20.1,12.4,8.2,observed
2026-09-19,1,18.0,24.5,13.3,1.2,observed
2026-09-20,1,16.9,22.1,12.5,4.6,observed
2026-09-21,1,17.3,21.7,15.1,6.4,observed
2026-09-22,1,18.7,24.7,14.8,0.6,observed
2026-09-23,1,18.2,24.2,13.9,1.5,observed
2026-09-24,1,18.9,26.2,12.5,0.2,observed
2026-09-25,1,19.0,27.1,12.5,0.1,observed
2026-09-26,1,19.3,27.3,13.4,0.0,observed
2026-09-27,1,19.6,26.4,14.4,0.4,observed
2026-09-28,1,19.7,26.8,16.1,2.7,observed
2026-09-29,1,19.4,24.9,15.7,3.1,observed
2026-09-30,1,19.0,26.5,13.3,0.0,observed
2026-10-01,1,19.7,27.6,12.6,0.0,observed
2026-10-02,1,19.6,27.5,12.9,0.0,observed
2026-10-03,1,20.5,28.1,13.3,0.0,observed
2026-10-04,1,20.3,27.7,14.6,0.6,forecast
2026-10-05,1,20.6,27.1,15.6,1.6,forecast
2026-10-06,1,19.7,26.8,15.7,5.4,forecast
2026-10-07,1,18.7,26.1,15.3,8.1,forecast
2026-10-08,1,18.2,24.9,15.1,13.9,forecast
2026-10-09,1,17.7,23.0,15.1,13.4,forecast
2026-10-10,1,18.1,23.0,15.4,24.4,forecast
2026-10-11,1,17.6,21.2,15.2,34.0,forecast
2026-10-12,1,18.8,24.5,15.1,2.6,forecast
2026-10-13,1,17.7,21.4,15.2,17.6,forecast
2026-10-14,1,16.5,19.0,15.1,21.2,forecast
2026-10-15,1,17.9,23.0,15.2,26.6,forecast
2026-10-16,1,18.0,23.2,15.4,26.8,forecast
2026-10-17,1,19.2,24.8,15.3,4.4,forecast
2026-10-18,1,19.4,24.9,15.6,2.0,forecast
2025-01-01,2,18.8,24.5,13.8,0.4,observed
2025-01-02,2,18.5,23.7,14.0,0.5,observed
2025-01-03,2,18.6,24.0,13.9,0.0,observed
2025-01-04,2,18.8,24.5,14.6,1.3,observed
2025-01-05,2,18.4,23.7,14.2,0.4,observed
2025-01-06,2,18.2,24.9,12.2,0.0,observed
2025-01-07,2,18.9,26.4,12.9,0.0,observed
2025-01-08,2,19.7,26.5,13.3,0.2,observed
2025-01-09,2,19.6,25.9,14.6,0.4,observed
2025-01-10,2,19.0,24.7,14.4,0.9,observed
2025-01-11,2,19.6,26.2,14.3,0.0,observed
2025-01-12,2,20.2,26.1,14.5,0.2,observed
2025-01-13,2,20.5,26.0,15.4,0.1,observed
2025-01-14,2,19.6,25.4,15.1,0.0,observed
2025-01-15,2,17.7,23.8,13.0,0.0,observed
2025-01-16,2,18.3,24.8,13.1,0.0,observed
2025-01-17,2,19.0,25.6,13.7,0.0,observed
2025-01-18,2,19.9,26.5,13.8,0.0,observed
2025-01-19,2,20.3,26.2,14.9,0.2,observed
2025-01-20,2,20.9,27.4,15.0,0.0,observed
2025-01-21,2,20.7,26.9,14.9,0.1,observed
2025-01-22,2,20.9,27.1,15.0,0.0,observed
2025-01-23,2,20.4,26.0,14.8,0.2,observed
2025-01-24,2,20.3,27.3,14.6,0.2,observed
2025-01-25,2,20.4,27.2,14.9,0.9,observed
2025-01-26,2,18.6,24.4,15.4,6.9,observed
2025-01-27,2,18.0,23.0,14.6,10.4,observed
2025-01-28,2,17.5,23.2,14.2,11.4,observed
2025-01-29,2,18.2,24.3,13.6,14.0,observed
2025-01-30,2,16.7,21.1,14.0,21.2,observed
2025-01-31,2,18.2,23.6,13.2,0.1,observed
2025-02-01,2,18.3,23.4,14.7,1.7,observed
2025-02-02,2,19.0,24.3,14.7,0.1,observed
2025-02-03,2,19.4,25.0,14.7,0.0,observed
2025-02-04,2,18.6,24.6,13.8,0.0,observed
2025-02-05,2,18.7,25.4,12.9,0.7,observed
2025-02-06,2,19.4,25.5,13.4,0.2,observed
2025-02-07,2,19.6,25.5,15.1,0.1,observed
2025-02-08,2,20.4,28.6,14.0,0.0,observed
2025-02-09,2,20.9,27.9,14.3,0.0,observed
2025-02-10,2,20.7,27.5,14.8,0.0,observed
2025-02-11,2,20.2,26.2,15.2,0.1,observed
2025-02-12,2,19.2,25.0,14.7,0.7,observed
2025-02-13,2,18.9,24.8,15.6,3.8,observed
2025-02-14,2,20.1,27.5,14.1,0.0,observed
2025-02-15,2,21.0,27.6,14.9,0.2,observed
2025-02-16,2,20.9,27.4,15.2,0.4,observed
2025-02-17,2,20.6,26.6,14.9,0.0,observed
2025-02-18,2,20.7,28.1,14.0,0.0,observed
2025-02-19,2,21.2,28.5,13.9,0.0,observed
2025-02-20,2,21.8,29.4,14.6,0.0,observed
2025-02-21,2,21.6,28.8,14.8,0.0,observed
2025-02-22,2,20.6,26.8,14.1,0.0,observed
2025-02-23,2,20.7,27.6,14.5,0.0,observed
2025-02-24,2,20.7,27.0,14.3,0.0,observed
2025-02-25,2,20.7,27.1,14.1,0.0,observed
2025-02-26,2,21.1,27.9,14.4,0.0,observed
2025-02-27,2,21.8,28.7,15.2,0.0,observed
2025-02-28,2,22.2,29.7,15.0,0.0,observed
2025-03-01,2,22.1,28.4,15.8,0.3,observed
2025-03-02,2,21.6,28.4,14.9,0.0,observed
2025-03-03,2,21.5,28.1,14.8,0.0,observed
2025-03-04,2,21.3,28.3,15.1,0.0,observed
2025-03-05,2,21.6,28.8,15.6,0.0,observed
2025-03-06,2,21.8,29.2,14.8,0.0,observed
2025-03-07,2,22.3,29.7,15.7,0.6,observed
2025-03-08,2,21.4,27.8,16.5,1.1,observed
2025-03-09,2,20.9,26.8,16.7,2.0,observed
2025-03-10,2,18.9,23.3,15.4,18.2,observed
2025-03-11,2,19.4,25.3,15.2,1.4,observed
2025-03-12,2,19.1,24.5,15.5,1.0,observed
2025-03-13,2,18.9,24.3,15.4,1.3,observed
2025-03-14,2,20.8,27.9,14.5,0.0,observed
2025-03-15,2,21.2,27.8,16.0,0.0,observed
2025-03-16,2,20.7,26.9,14.9,0.0,observed
2025-03-17,2,20.1,26.5,14.7,1.4,observed
2025-03-18,2,19.0,25.1,15.3,4.3,observed
2025-03-19,2,18.2,23.2,14.7,12.2,observed
2025-03-20,2,17.9,22.3,14.7,1.9,observed
2025-03-21,2,19.0,25.6,14.9,1.1,observed
2025-03-22,2,19.3,25.2,15.1,2.0,observed
2025-03-23,2,19.3,25.5,15.3,2.0,observed
2025-03-24,2,19.7,26.3,15.9,1.6,observed
2025-03-25,2,19.0,25.2,14.5,1.6,observed
2025-03-26,2,18.8,25.0,14.9,1.4,observed
2025-03-27,2,18.6,25.1,14.8,1.2,observed
2025-03-28,2,17.3,22.4,14.9,3.3,observed
2025-03-29,2,18.1,22.6,14.9,2.1,observed
2025-03-30,2,18.1,22.5,14.7,1.6,observed
2025-03-31,2,17.6,21.9,15.1,12.0,observed
2025-04-01,2,18.4,23.7,15.2,2.1,observed
2025-04-02,2,18.9,24.6,14.5,0.5,observed
2025-04-03,2,18.7,24.3,15.1,3.1,observed
2025-04-04,2,18.3,24.0,15.5,3.2,observed
2025-04-05,2,18.3,24.5,15.5,2.7,observed
2025-04-06,2,16.4,20.0,15.2,7.5,observed
2025-04-07,2,17.6,22.3,14.8,3.5,observed
2025-04-08,2,18.4,23.3,14.7,1.2,observed
2025-04-09,2,19.1,24.6,14.5,0.3,observed
2025-04-10,2,18.2,22.8,15.5,2.0,observed
2025-04-11,2,18.3,24.0,14.0,0.9,observed
2025-04-12,2,18.4,23.0,15.4,1.0,observed
2025-04-13,2,18.1,23.6,14.8,3.1,observed
2025-04-14,2,18.7,24.5,15.0,1.6,observed
2025-04-15,2,18.7,24.3,15.2,2.8,observed
2025-04-16,2,18.8,24.6,15.1,1.4,observed
2025-04-17,2,19.4,25.3,14.7,0.2,observed
2025-04-18,2,19.6,26.5,15.6,1.3,observed
2025-04-19,2,18.4,25.8,15.5,7.5,observed
2025-04-20,2,17.7,23.4,14.7,12.9,observed
2025-04-21,2,17.3,22.1,13.9,4.4,observed
2025-04-22,2,17.7,22.7,15.3,9.6,observed
2025-04-23,2,16.4,20.7,15.0,5.8,observed
2025-04-24,2,17.0,21.0,13.9,1.4,observed
2025-04-25,2,17.1,21.8,14.5,2.7,observed
2025-04-26,2,17.7,23.0,13.9,0.0,observed
2025-04-27,2,17.9,23.2,14.4,0.5,observed
2025-04-28,2,18.6,23.8,14.0,0.1,observed
2025-04-29,2,18.9,24.8,15.5,1.3,observed
2025-04-30,2,18.3,23.6,15.0,1.9,observed
2025-05-01,2,18.5,23.9,15.0,0.3,observed
2025-05-02,2,19.0,24.9,14.7,0.7,observed
2025-05-03,2,19.6,26.1,15.3,0.8,observed
2025-05-04,2,18.9,25.4,15.2,7.3,observed
2025-05-05,2,17.9,22.2,14.6,10.0,observed
2025-05-06,2,17.1,22.2,13.7,11.9,observed
2025-05-07,2,17.5,22.7,14.1,7.7,observed
2025-05-08,2,17.7,22.8,13.4,2.4,observed
2025-05-09,2,18.1,22.8,14.4,1.9,observed
2025-05-10,2,17.9,23.5,14.9,4.2,observed
2025-05-11,2,17.9,23.4,14.1,2.1,observed
2025-05-12,2,18.1,23.6,14.7,8.7,observed
2025-05-13,2,17.1,22.1,13.8,19.2,observed
2025-05-14,2,17.1,22.1,13.8,3.0,observed
2025-05-15,2,17.5,22.0,13.9,1.8,observed
2025-05-16,2,17.6,22.0,14.4,0.6,observed
2025-05-17,2,17.7,22.8,14.1,0.6,observed
2025-05-18,2,17.6,22.5,14.4,2.8,observed
2025-05-19,2,17.5,22.1,13.8,2.3,observed
2025-05-20,2,18.3,23.2,14.9,1.9,observed
2025-05-21,2,18.6,23.5,15.4,0.9,observed
2025-05-22,2,18.7,24.1,15.4,1.2,observed
2025-05-23,2,18.8,24.2,15.2,0.9,observed
2025-05-24,2,19.1,25.2,13.3,0.0,observed
2025-05-25,2,17.6,22.3,13.7,0.4,observed
2025-05-26,2,17.9,23.9,12.8,1.6,observed
2025-05-27,2,16.9,22.0,13.9,6.5,observed
2025-05-28,2,18.0,23.8,14.0,0.1,observed
2025-05-29,2,18.0,23.5,14.1,0.9,observed
2025-05-30,2,18.2,24.8,13.1,0.0,observed
2025-05-31,2,17.9,25.3,12.4,0.0,observed
2025-06-01,2,17.3,22.7,12.7,1.3,observed
2025-06-02,2,18.1,22.9,14.3,1.3,observed
2025-06-03,2,18.4,24.3,14.0,0.1,observed
2025-06-04,2,18.0,24.4,13.5,0.2,observed
2025-06-05,2,18.0,24.0,14.7,2.0,observed
2025-06-06,2,17.1,22.2,14.2,6.5,observed
2025-06-07,2,17.5,21.8,14.2,3.7,observed
2025-06-08,2,17.4,22.5,13.4,1.9,observed
2025-06-09,2,16.9,22.4,12.8,3.0,observed
2025-06-10,2,17.2,23.4,12.1,0.9,observed
2025-06-11,2,17.1,22.6,12.7,1.6,observed
2025-06-12,2,17.4,22.5,14.4,2.4,observed
2025-06-13,2,18.2,25.2,13.3,0.1,observed
2025-06-14,2,17.5,24.5,11.5,0.0,observed
2025-06-15,2,18.0,24.0,13.1,0.0,observed
2025-06-16,2,17.5,23.1,12.0,0.0,observed
2025-06-17,2,17.9,23.4,13.0,0.4,observed
2025-06-18,2,18.1,23.9,12.2,0.5,observed
2025-06-19,2,18.2,23.5,13.6,0.2,observed
2025-06-20,2,17.4,22.4,13.7,9.9,observed
2025-06-21,2,17.8,23.3,12.7,0.3,observed
2025-06-22,2,17.3,22.6,13.3,1.2,observed
2025-06-23,2,17.4,22.7,14.0,0.4,observed
2025-06-24,2,16.9,23.7,11.2,0.0,observed
2025-06-25,2,16.8,22.8,11.9,0.3,observed
2025-06-26,2,17.3,22.1,14.4,3.3,observed
2025-06-27,2,18.3,24.3,14.3,0.6,observed
2025-06-28,2,17.4,23.5,13.4,0.5,observed
2025-06-29,2,16.5,20.1,13.4,0.0,observed
2025-06-30,2,16.0,20.0,12.2,0.0,observed
2025-07-01,2,16.6,21.9,12.4,0.3,observed
2025-07-02,2,17.3,22.3,12.5,0.0,observed
2025-07-03,2,16.9,21.6,13.4,0.5,observed
2025-07-04,2,17.5,22.5,13.6,0.5,observed
2025-07-05,2,16.7,20.6,13.4,1.1,observed
2025-07-06,2,17.2,22.4,13.5,1.3,observed
2025-07-07,2,16.7,21.1,13.6,1.0,observed
2025-07-08,2,16.4,21.3,13.2,1.0,observed
2025-07-09,2,15.9,18.9,13.0,0.1,observed
2025-07-10,2,17.1,21.3,13.6,0.0,observed
2025-07-11,2,16.8,20.4,13.7,1.4,observed
2025-07-12,2,17.0,21.9,13.0,1.2,observed
2025-07-13,2,16.9,21.1,13.8,1.7,observed
2025-07-14,2,17.2,22.0,12.2,1.2,observed
2025-07-15,2,17.3,22.1,12.3,0.6,observed
2025-07-16,2,17.2,21.5,12.7,1.1,observed
2025-07-17,2,17.4,22.7,12.2,0.8,observed
2025-07-18,2,17.0,22.2,12.3,0.6,observed
2025-07-19,2,18.3,25.0,12.2,0.1,observed
2025-07-20,2,16.7,23.9,11.6,0.0,observed
2025-07-21,2,17.0,24.1,10.9,0.0,observed
2025-07-22,2,16.6,23.0,10.6,0.6,observed
2025-07-23,2,15.1,18.9,11.7,0.9,observed
2025-07-24,2,16.9,25.3,10.1,0.0,observed
2025-07-25,2,17.8,25.7,11.5,0.2,observed
2025-07-26,2,17.7,25.8,11.0,0.0,observed
2025-07-27,2,17.4,25.0,10.5,0.0,observed
2025-07-28,2,17.5,26.6,10.5,0.0,observed
2025-07-29,2,16.7,22.5,12.7,0.1,observed
2025-07-30,2,16.9,25.8,11.6,0.0,observed
2025-07-31,2,17.6,25.3,12.3,0.3,observed
2025-08-01,2,16.9,22.0,13.4,0.4,observed
2025-08-02,2,16.8,23.0,12.1,0.9,observed
2025-08-03,2,16.6,21.9,12.0,0.3,observed
2025-08-04,2,17.0,23.7,11.7,0.0,observed
2025-08-05,2,16.2,23.4,10.1,0.0,observed
2025-08-06,2,17.2,24.9,10.3,0.3,observed
2025-08-07,2,18.1,25.0,13.5,0.7,observed
2025-08-08,2,15.8,20.7,13.5,10.5,observed
2025-08-09,2,14.6,17.5,13.2,7.8,observed
2025-08-10,2,15.8,21.0,12.1,0.7,observed
2025-08-11,2,16.0,20.6,12.2,0.3,observed
2025-08-12,2,15.2,18.5,12.9,1.0,observed
2025-08-13,2,16.4,21.7,10.6,0.3,observed
2025-08-14,2,16.9,23.1,10.5,0.5,observed
2025-08-15,2,16.8,22.3,12.4,0.0,observed
2025-08-16,2,16.7,24.0,12.0,4.9,observed
2025-08-17,2,16.4,21.0,12.3,20.4,observed
2025-08-18,2,15.7,18.9,14.2,17.9,observed
2025-08-19,2,15.3,19.7,12.0,2.8,observed
2025-08-20,2,15.6,21.4,11.4,0.1,observed
2025-08-21,2,15.4,20.3,12.4,2.0,observed
2025-08-22,2,15.7,20.6,12.1,0.3,observed
2025-08-23,2,14.8,17.8,11.6,0.2,observed
2025-08-24,2,16.2,21.6,11.1,1.2,observed
2025-08-25,2,17.0,21.9,13.3,1.7,observed
2025-08-26,2,17.1,23.7,12.4,0.5,observed
2025-08-27,2,17.5,23.7,12.2,0.4,observed
2025-08-28,2,17.2,23.5,12.3,0.3,observed
2025-08-29,2,16.9,25.7,10.5,0.0,observed
2025-08-30,2,17.1,24.6,12.2,0.4,observed
2025-08-31,2,16.8,23.6,10.9,0.0,observed
2025-09-01,2,17.7,24.8,12.3,0.1,observed
2025-09-02,2,17.6,25.2,10.9,0.6,observed
2025-09-03,2,17.2,22.6,10.9,0.2,observed
2025-09-04,2,18.0,25.2,11.0,0.7,observed
2025-09-05,2,17.9,24.6,11.5,0.0,observed
2025-09-06,2,18.8,26.1,11.3,0.0,observed
2025-09-07,2,18.0,25.6,11.0,0.0,observed
2025-09-08,2,18.6,25.6,12.2,0.1,observed
2025-09-09,2,18.5,24.4,14.1,1.0,observed
2025-09-10,2,18.7,25.9,12.7,0.5,observed
2025-09-11,2,18.3,25.5,13.2,0.3,observed
2025-09-12,2,18.1,25.5,11.6,0.0,observed
2025-09-13,2,18.4,26.5,11.1,0.1,observed
2025-09-14,2,19.1,27.0,12.4,1.2,observed
2025-09-15,2,18.5,25.9,12.3,0.7,observed
2025-09-16,2,18.8,25.8,12.6,0.5,observed
2025-09-17,2,19.3,26.0,12.4,0.5,observed
2025-09-18,2,18.6,24.7,14.3,2.8,observed
2025-09-19,2,18.9,25.7,14.4,2.5,observed
2025-09-20,2,18.1,25.8,11.8,0.0,observed
2025-09-21,2,17.9,23.8,13.7,1.5,observed
2025-09-22,2,18.1,24.2,11.8,1.1,observed
2025-09-23,2,18.3,26.5,14.3,2.4,observed
2025-09-24,2,18.2,26.9,10.4,0.0,observed
2025-09-25,2,19.0,27.0,11.7,0.1,observed
2025-09-26,2,18.9,26.5,13.9,4.6,observed
2025-09-27,2,19.2,26.0,13.7,0.6,observed
2025-09-28,2,18.6,25.6,13.3,0.4,observed
2025-09-29,2,18.9,27.2,12.6,3.8,observed
2025-09-30,2,18.8,26.7,12.3,0.3,observed
2025-10-01,2,19.1,27.0,11.7,0.0,observed
2025-10-02,2,19.4,27.0,11.6,0.0,observed
2025-10-03,2,18.9,25.5,14.0,0.3,observed
2025-10-04,2,16.9,21.4,14.7,3.5,observed
2025-10-05,2,17.9,23.6,14.1,0.8,observed
2025-10-06,2,18.0,23.6,13.7,0.5,observed
2025-10-07,2,17.5,24.2,14.5,1.3,observed
2025-10-08,2,17.7,22.9,13.8,5.0,observed
2025-10-09,2,17.9,24.0,13.8,3.6,observed
2025-10-10,2,18.1,24.1,13.9,2.7,observed
2025-10-11,2,18.7,25.8,12.7,0.0,observed
2025-10-12,2,18.7,25.2,12.6,0.1,observed
2025-10-13,2,18.6,25.2,13.7,1.0,observed
2025-10-14,2,18.6,24.8,14.0,0.4,observed
2025-10-15,2,19.0,26.3,13.4,0.1,observed
2025-10-16,2,18.6,24.5,13.4,1.5,observed
2025-10-17,2,18.1,24.3,14.2,2.4,observed
2025-10-18,2,18.2,23.7,14.2,2.5,observed
2025-10-19,2,18.1,24.1,12.9,0.5,observed
2025-10-20,2,19.1,26.4,11.8,0.0,observed
2025-10-21,2,19.7,26.3,13.2,0.2,observed
2025-10-22,2,18.2,22.1,15.2,0.4,observed
2025-10-23,2,18.9,25.0,14.6,0.8,observed
2025-10-24,2,18.0,24.1,14.8,2.7,observed
2025-10-25,2,18.9,24.2,14.9,0.6,observed
2025-10-26,2,19.5,24.8,13.8,1.0,observed
2025-10-27,2,18.9,25.0,13.9,1.7,observed
2025-10-28,2,18.4,24.1,15.2,10.4,observed
2025-10-29,2,17.2,21.8,15.4,11.9,observed
2025-10-30,2,17.1,22.5,14.4,4.9,observed
2025-10-31,2,17.0,22.3,14.3,7.4,observed
2025-11-01,2,16.7,20.1,14.8,4.0,observed
2025-11-02,2,17.3,22.0,14.8,5.2,observed
2025-11-03,2,17.4,22.7,13.7,2.8,observed
2025-11-04,2,17.7,23.9,14.3,1.7,observed
2025-11-05,2,18.4,24.4,13.5,0.0,observed
2025-11-06,2,18.5,24.3,14.7,1.1,observed
2025-11-07,2,18.5,24.3,14.5,2.1,observed
2025-11-08,2,18.1,24.7,14.6,2.7,observed
2025-11-09,2,16.0,19.1,14.3,3.3,observed
2025-11-10,2,17.3,23.0,12.9,0.7,observed
2025-11-11,2,18.1,23.3,14.4,0.7,observed
2025-11-12,2,17.9,23.6,14.4,2.9,observed
2025-11-13,2,17.5,22.6,14.8,4.9,observed
2025-11-14,2,17.3,23.5,13.5,1.8,observed
2025-11-15,2,18.3,23.8,13.9,0.9,observed
2025-11-16,2,18.6,23.7,15.0,1.6,observed
2025-11-17,2,18.3,23.5,14.4,1.1,observed
2025-11-18,2,17.9,24.4,14.8,1.9,observed
2025-11-19,2,17.9,24.2,13.2,0.5,observed
2025-11-20,2,18.2,25.0,13.1,0.3,observed
2025-11-21,2,18.7,24.6,14.3,0.4,observed
2025-11-22,2,18.0,23.9,12.3,0.1,observed
2025-11-23,2,17.2,22.2,13.7,4.3,observed
2025-11-24,2,17.8,24.0,12.4,1.0,observed
2025-11-25,2,18.1,23.9,14.7,4.4,observed
2025-11-26,2,17.2,22.0,14.4,9.5,observed
2025-11-27,2,17.4,22.1,14.4,5.3,observed
2025-11-28,2,18.1,23.5,14.4,1.4,observed
2025-11-29,2,18.2,24.0,14.4,0.7,observed
2025-11-30,2,18.6,24.4,13.9,0.2,observed
2025-12-01,2,18.3,24.5,13.0,0.0,observed
2025-12-02,2,18.5,25.5,12.4,0.0,observed
2025-12-03,2,18.6,24.9,13.5,0.5,observed
2025-12-04,2,18.6,24.4,14.4,1.2,observed
2025-12-05,2,18.3,24.3,14.3,1.3,observed
2025-12-06,2,18.1,23.6,14.0,1.3,observed
2025-12-07,2,18.0,23.1,13.7,1.1,observed
2025-12-08,2,17.6,23.1,14.1,1.9,observed
2025-12-09,2,18.2,23.9,13.4,0.1,observed
2025-12-10,2,18.7,25.0,14.1,0.0,observed
2025-12-11,2,18.8,24.3,14.5,0.8,observed
2025-12-12,2,18.6,24.5,14.6,0.5,observed
2025-12-13,2,18.4,25.0,13.6,2.2,observed
2025-12-14,2,17.4,22.8,14.7,4.8,observed
2025-12-15,2,18.4,23.8,14.4,1.3,observed
2025-12-16,2,19.0,24.5,15.1,2.1,observed
2025-12-17,2,19.4,25.9,15.1,1.2,observed
2025-12-18,2,19.1,25.2,14.6,1.9,observed
2025-12-19,2,17.9,24.1,14.8,4.5,observed
2025-12-20,2,18.6,24.3,14.8,2.7,observed
2025-12-21,2,17.1,22.3,14.8,4.0,observed
2025-12-22,2,17.9,23.2,14.4,1.8,observed
2025-12-23,2,18.4,24.4,13.9,0.3,observed
2025-12-24,2,18.6,24.7,14.4,1.3,observed
2025-12-25,2,19.3,25.3,14.2,0.3,observed
2025-12-26,2,20.7,27.3,14.7,0.1,observed
2025-12-27,2,20.0,29.0,15.3,11.7,observed
2025-12-28,2,16.8,22.0,14.7,18.2,observed
2025-12-29,2,17.8,24.1,14.4,2.2,observed
2025-12-30,2,17.4,22.6,13.6,3.5,observed
2025-12-31,2,17.8,23.0,13.4,0.2,observed
2026-01-01,2,17.6,22.7,13.8,1.4,observed
2026-01-02,2,18.4,24.3,13.6,0.0,observed
2026-01-03,2,19.2,25.7,13.7,0.0,observed
2026-01-04,2,19.6,25.4,14.1,0.2,observed
2026-01-05,2,19.5,25.1,14.6,0.1,observed
2026-01-06,2,19.1,24.9,13.8,0.0,observed
2026-01-07,2,19.7,26.0,13.5,0.0,observed
2026-01-08,2,19.7,24.8,15.5,0.0,observed
2026-01-09,2,19.4,24.7,14.7,0.0,observed
2026-01-10,2,18.8,25.2,13.5,1.1,observed
2026-01-11,2,19.8,26.1,14.7,0.2,observed
2026-01-12,2,18.3,23.8,13.9,4.0,observed
2026-01-13,2,18.8,24.4,14.2,0.0,observed
2026-01-14,2,18.5,24.9,12.5,0.0,observed
2026-01-15,2,19.2,26.1,12.5,0.0,observed
2026-01-16,2,20.4,28.0,13.5,0.0,observed
2026-01-17,2,19.6,26.0,14.8,0.9,observed
2026-01-18,2,19.4,25.5,14.7,1.1,observed
2026-01-19,2,19.0,24.3,14.3,0.4,observed
2026-01-20,2,19.6,26.0,14.0,0.0,observed
2026-01-21,2,20.1,27.1,13.3,0.0,observed
2026-01-22,2,19.3,24.9,14.5,0.2,observed
2026-01-23,2,20.0,26.1,14.4,0.0,observed
2026-01-24,2,20.6,27.8,13.8,0.0,observed
2026-01-25,2,21.6,29.3,14.9,0.0,observed
2026-01-26,2,21.4,28.2,14.8,0.0,observed
2026-01-27,2,20.6,27.3,14.5,0.0,observed
2026-01-28,2,20.6,26.4,15.3,0.0,observed
2026-01-29,2,21.3,28.4,14.9,0.0,observed
2026-01-30,2,21.0,27.6,15.0,0.0,observed
2026-01-31,2,20.9,27.2,15.0,0.0,observed
2026-02-01,2,20.9,27.0,15.2,0.0,observed
2026-02-02,2,20.4,26.5,14.4,0.0,observed
2026-02-03,2,20.7,27.1,14.6,0.0,observed
2026-02-04,2,20.9,28.3,14.1,0.0,observed
2026-02-05,2,20.9,27.2,15.7,0.0,observed
2026-02-06,2,20.8,26.3,16.0,0.6,observed
2026-02-07,2,20.9,27.9,14.5,0.0,observed
2026-02-08,2,20.5,27.0,14.9,1.0,observed
2026-02-09,2,19.9,25.5,15.2,0.2,observed
2026-02-10,2,20.9,27.1,15.7,0.0,observed
2026-02-11,2,20.6,26.8,14.4,0.0,observed
2026-02-12,2,20.9,27.9,14.4,0.0,observed
2026-02-13,2,21.1,28.3,14.6,0.0,observed
2026-02-14,2,20.6,26.9,15.3,0.7,observed
2026-02-15,2,19.9,26.5,15.0,1.8,observed
2026-02-16,2,19.8,26.9,14.7,0.2,observed
2026-02-17,2,19.9,25.6,15.9,8.5,observed
2026-02-18,2,18.7,23.9,14.9,1.1,observed
2026-02-19,2,19.9,25.9,14.4,0.1,observed
2026-02-20,2,20.8,27.3,15.1,0.3,observed
2026-02-21,2,18.2,22.5,15.3,2.0,observed
2026-02-22,2,17.5,23.9,14.7,17.4,observed
2026-02-23,2,16.9,20.1,14.9,10.0,observed
2026-02-24,2,17.5,22.3,14.1,4.6,observed
2026-02-25,2,17.3,23.3,14.2,19.7,observed
2026-02-26,2,17.8,23.3,14.1,12.3,observed
2026-02-27,2,18.1,24.0,14.6,8.8,observed
2026-02-28,2,17.4,22.0,14.6,3.6,observed
2026-03-01,2,17.3,22.2,14.8,9.9,observed
2026-03-02,2,17.2,22.1,14.4,5.5,observed
2026-03-03,2,17.8,22.7,14.9,2.5,observed
2026-03-04,2,17.6,22.7,14.8,6.6,observed
2026-03-05,2,17.4,22.1,14.9,12.5,observed
2026-03-06,2,17.2,22.2,15.1,25.8,observed
2026-03-07,2,17.3,21.9,13.8,16.5,observed
2026-03-08,2,17.8,23.2,13.5,2.5,observed
2026-03-09,2,17.9,22.7,14.6,2.2,observed
2026-03-10,2,17.7,23.0,15.1,2.7,observed
2026-03-11,2,18.5,23.7,15.0,0.8,observed
2026-03-12,2,18.7,23.9,15.1,0.2,observed
2026-03-13,2,19.3,25.2,14.2,1.8,observed
2026-03-14,2,18.6,23.7,15.4,2.2,observed
2026-03-15,2,18.6,23.8,15.3,0.7,observed
2026-03-16,2,18.5,24.0,14.2,0.0,observed
2026-03-17,2,18.7,24.7,15.2,1.4,observed
2026-03-18,2,18.7,25.1,14.8,2.8,observed
2026-03-19,2,18.8,24.3,15.0,1.5,observed
2026-03-20,2,17.7,23.0,15.0,22.1,observed
2026-03-21,2,17.8,22.4,15.3,24.0,observed
2026-03-22,2,17.5,22.3,14.6,4.7,observed
2026-03-23,2,17.1,21.8,14.8,6.3,observed
2026-03-24,2,17.2,22.5,14.7,11.4,observed
2026-03-25,2,17.5,22.3,14.6,3.6,observed
2026-03-26,2,17.9,22.8,14.8,1.7,observed
2026-03-27,2,17.0,21.4,14.6,9.9,observed
2026-03-28,2,17.5,22.3,14.6,3.7,observed
2026-03-29,2,17.7,22.8,13.8,0.6,observed
2026-03-30,2,17.9,23.0,14.8,1.1,observed
2026-03-31,2,17.6,22.4,14.6,2.5,observed
2026-04-01,2,18.1,23.1,14.7,1.3,observed
2026-04-02,2,18.2,23.1,14.5,1.1,observed
2026-04-03,2,18.3,23.5,13.9,1.2,observed
2026-04-04,2,18.4,23.6,14.6,1.1,observed
2026-04-05,2,17.8,22.8,14.5,1.8,observed
2026-04-06,2,18.3,23.4,13.9,0.7,observed
2026-04-07,2,18.2,23.2,15.0,2.8,observed
2026-04-08,2,18.5,23.8,14.9,3.0,observed
2026-04-09,2,18.4,23.9,14.7,0.9,observed
2026-04-10,2,18.5,24.1,14.9,3.7,observed
2026-04-11,2,19.0,25.3,14.6,0.6,observed
2026-04-12,2,18.6,23.8,15.2,3.1,observed
2026-04-13,2,18.0,23.5,15.2,5.7,observed
2026-04-14,2,17.5,22.1,15.1,10.5,observed
2026-04-15,2,17.5,22.3,15.1,6.5,observed
2026-04-16,2,17.6,22.8,15.1,6.0,observed
2026-04-17,2,17.1,21.5,14.7,9.6,observed
2026-04-18,2,17.2,21.7,14.7,13.5,observed
2026-04-19,2,17.5,21.8,14.9,6.1,observed
2026-04-20,2,17.8,22.5,14.8,3.5,observed
2026-04-21,2,17.7,22.5,14.7,3.5,observed
2026-04-22,2,17.9,22.6,15.1,2.1,observed
2026-04-23,2,16.9,20.9,14.7,6.4,observed
2026-04-24,2,17.5,22.0,13.9,0.1,observed
2026-04-25,2,17.6,22.1,13.3,1.2,observed
2026-04-26,2,17.8,23.2,14.6,4.8,observed
2026-04-27,2,17.8,22.6,15.3,16.5,observed
2026-04-28,2,17.4,21.1,15.4,44.1,observed
2026-04-29,2,16.2,19.8,14.2,5.7,observed
2026-04-30,2,17.0,21.3,14.7,8.4,observed
2026-05-01,2,17.3,21.7,14.9,6.4,observed
2026-05-02,2,17.5,22.0,14.8,3.9,observed
2026-05-03,2,17.8,22.4,13.2,2.2,observed
2026-05-04,2,18.0,22.6,14.1,1.9,observed
2026-05-05,2,18.2,22.6,15.4,1.7,observed
2026-05-06,2,18.5,23.7,15.3,1.3,observed
2026-05-07,2,18.5,23.6,15.0,0.3,observed
2026-05-08,2,18.7,24.4,15.7,1.3,observed
2026-05-09,2,18.0,23.1,15.5,7.9,observed
2026-05-10,2,18.2,23.5,14.4,0.5,observed
2026-05-11,2,18.6,23.8,14.2,1.2,observed
2026-05-12,2,17.6,21.9,15.0,4.1,observed
2026-05-13,2,17.7,22.5,15.1,5.0,observed
2026-05-14,2,17.9,22.6,14.8,0.4,observed
2026-05-15,2,17.8,22.2,14.3,0.1,observed
2026-05-16,2,17.9,23.2,14.5,4.1,observed
2026-05-17,2,17.6,22.5,14.4,2.7,observed
2026-05-18,2,18.1,22.8,14.6,0.6,observed
2026-05-19,2,18.0,23.1,13.1,0.0,observed
2026-05-20,2,18.3,24.0,13.6,0.0,observed
2026-05-21,2,18.2,23.9,14.6,0.5,observed
2026-05-22,2,18.7,25.0,13.9,0.6,observed
2026-05-23,2,18.6,24.3,15.2,0.5,observed
2026-05-24,2,18.5,23.6,13.9,0.2,observed
2026-05-25,2,17.6,22.6,14.5,0.4,observed
2026-05-26,2,17.5,23.1,13.6,0.6,observed
2026-05-27,2,17.3,21.7,14.4,0.6,observed
2026-05-28,2,17.6,22.3,14.0,0.7,observed
2026-05-29,2,17.4,22.4,13.0,0.2,observed
2026-05-30,2,17.0,22.2,14.9,2.4,observed
2026-05-31,2,17.7,22.4,14.7,2.7,observed
2026-06-01,2,17.1,20.5,14.5,6.2,observed
2026-06-02,2,16.9,21.4,14.6,4.8,observed
2026-06-03,2,16.9,20.6,14.2,0.6,observed
2026-06-04,2,17.6,22.4,14.2,2.6,observed
2026-06-05,2,17.7,23.8,12.2,0.2,observed
2026-06-06,2,18.6,24.7,14.1,0.1,observed
2026-06-07,2,17.9,24.4,13.9,0.1,observed
2026-06-08,2,17.9,24.2,13.6,0.2,observed
2026-06-09,2,17.6,24.6,12.6,0.0,observed
2026-06-10,2,17.6,23.3,13.4,0.2,observed
2026-06-11,2,17.7,23.3,13.6,0.1,observed
2026-06-12,2,18.1,24.3,14.0,0.9,observed
2026-06-13,2,16.8,21.9,14.3,2.3,observed
2026-06-14,2,16.1,20.6,12.3,0.3,observed
2026-06-15,2,16.6,23.2,11.8,0.3,observed
2026-06-16,2,16.5,23.0,9.8,0.0,observed
2026-06-17,2,16.1,20.5,11.5,1.0,observed
2026-06-18,2,16.7,22.1,12.6,0.3,observed
2026-06-19,2,17.4,22.7,13.2,0.7,observed
2026-06-20,2,17.3,21.9,13.6,0.3,observed
2026-06-21,2,16.7,21.6,13.2,0.9,observed
2026-06-22,2,15.7,20.2,12.2,0.1,observed
2026-06-23,2,15.9,21.6,11.0,0.0,observed
2026-06-24,2,16.1,21.0,11.7,2.3,observed
2026-06-25,2,16.9,22.8,12.0,1.5,observed
2026-06-26,2,17.7,23.6,12.3,0.3,observed
2026-06-27,2,17.0,23.6,11.3,0.3,observed
2026-06-28,2,17.1,23.4,11.4,0.1,observed
2026-06-29,2,16.5,23.0,11.4,0.0,observed
2026-06-30,2,16.9,21.4,13.5,0.8,observed
2026-07-01,2,16.4,22.8,13.0,0.1,observed
2026-07-02,2,17.3,23.7,10.8,0.8,observed
2026-07-03,2,18.0,24.6,12.5,1.0,observed
2026-07-04,2,17.2,23.6,12.6,1.5,observed
2026-07-05,2,15.9,20.5,13.2,0.0,observed
2026-07-06,2,16.9,23.5,11.8,0.1,observed
2026-07-07,2,16.2,22.0,10.7,0.4,observed
2026-07-08,2,17.1,23.2,12.5,0.2,observed
2026-07-09,2,17.3,23.5,12.7,0.5,observed
2026-07-10,2,16.7,22.6,12.7,0.8,observed
2026-07-11,2,16.3,20.1,14.2,1.9,observed
2026-07-12,2,16.8,21.9,12.4,0.2,observed
2026-07-13,2,17.3,23.5,11.7,0.1,observed
2026-07-14,2,16.9,23.6,11.2,0.0,observed
2026-07-15,2,17.5,23.7,13.0,0.0,observed
2026-07-16,2,18.2,24.9,12.1,0.7,observed
2026-07-17,2,16.6,23.6,11.3,0.0,observed
2026-07-18,2,17.7,23.6,12.1,0.8,observed
2026-07-19,2,18.0,24.5,11.5,0.0,observed
2026-07-20,2,16.8,23.5,11.7,0.1,observed
2026-07-21,2,17.7,24.4,12.0,0.6,observed
2026-07-22,2,17.0,23.0,11.5,0.0,observed
2026-07-23,2,16.5,22.8,11.9,0.2,observed
2026-07-24,2,17.5,23.4,12.4,1.2,observed
2026-07-25,2,16.7,23.1,12.2,0.1,observed
2026-07-26,2,15.7,20.4,11.7,0.8,observed
2026-07-27,2,15.8,20.9,12.4,0.3,observed
2026-07-28,2,15.8,21.2,10.8,0.0,observed
2026-07-29,2,16.7,22.9,11.8,0.1,observed
2026-07-30,2,17.1,23.5,11.3,0.8,observed
2026-07-31,2,17.2,24.0,11.9,2.1,observed
2026-08-01,2,16.3,23.4,11.7,0.6,observed
2026-08-02,2,16.1,22.2,12.2,1.0,observed
2026-08-03,2,15.2,19.9,11.1,0.0,observed
2026-08-04,2,15.0,18.9,11.4,0.5,observed
2026-08-05,2,16.7,23.6,10.4,0.0,observed
2026-08-06,2,16.3,23.6,11.1,0.0,observed
2026-08-07,2,16.7,22.2,11.7,0.0,observed
2026-08-08,2,16.6,23.2,11.5,0.0,observed
2026-08-09,2,16.5,21.8,12.3,0.5,observed
2026-08-10,2,16.5,26.1,11.0,0.3,observed
2026-08-11,2,16.8,24.5,10.2,0.0,observed
2026-08-12,2,17.8,25.5,10.2,0.0,observed
2026-08-13,2,17.7,24.7,10.7,0.0,observed
2026-08-14,2,17.8,25.6,10.2,0.0,observed
2026-08-15,2,17.0,23.2,11.1,0.0,observed
2026-08-16,2,16.3,19.4,13.6,0.4,observed
2026-08-17,2,16.8,22.4,13.0,0.2,observed
2026-08-18,2,16.7,20.8,13.6,2.1,observed
2026-08-19,2,16.8,21.5,14.1,4.0,observed
2026-08-20,2,16.8,23.3,11.9,0.1,observed
2026-08-21,2,16.6,23.2,10.1,0.0,observed
2026-08-22,2,18.0,25.6,10.7,0.0,observed
2026-08-23,2,18.8,25.1,14.5,2.2,observed
2026-08-24,2,18.9,25.2,15.0,0.4,observed
2026-08-25,2,18.0,25.3,11.5,0.0,observed
2026-08-26,2,17.8,25.6,10.9,0.0,observed
2026-08-27,2,17.2,24.6,10.5,0.0,observed
2026-08-28,2,17.2,24.1,10.9,0.0,observed
2026-08-29,2,16.7,25.7,9.7,0.2,observed
2026-08-30,2,17.2,23.8,12.3,0.2,observed
2026-08-31,2,15.7,19.6,12.5,4.4,observed
2026-09-01,2,16.4,21.9,12.4,3.8,observed
2026-09-02,2,17.4,24.3,13.0,0.3,observed
2026-09-03,2,16.5,23.6,11.0,0.0,observed
2026-09-04,2,17.5,25.2,11.1,0.5,observed
2026-09-05,2,18.5,25.4,12.0,0.1,observed
2026-09-06,2,18.4,25.8,12.3,0.0,observed
2026-09-07,2,18.3,25.1,11.5,0.0,observed
2026-09-08,2,16.1,20.2,11.8,0.8,observed
2026-09-09,2,16.0,20.2,11.8,1.3,observed
2026-09-10,2,17.3,22.3,12.8,1.5,observed
2026-09-11,2,17.6,22.5,14.2,0.7,observed
2026-09-12,2,17.2,22.1,14.2,6.4,observed
2026-09-13,2,17.8,24.0,13.6,0.3,observed
2026-09-14,2,18.2,24.6,12.2,0.2,observed
2026-09-15,2,16.2,19.3,13.9,0.7,observed
2026-09-16,2,16.3,20.0,13.0,3.0,observed
2026-09-17,2,17.2,23.6,13.5,0.1,observed
2026-09-18,2,15.7,19.4,11.9,4.1,observed
2026-09-19,2,17.4,23.6,13.1,1.5,observed
2026-09-20,2,16.3,21.0,12.3,4.0,observed
2026-09-21,2,16.6,20.7,14.6,6.6,observed
2026-09-22,2,17.9,23.4,14.1,0.8,observed
2026-09-23,2,17.5,23.3,13.4,0.9,observed
2026-09-24,2,18.3,25.1,11.8,0.0,observed
2026-09-25,2,18.4,26.4,12.1,0.2,observed
2026-09-26,2,18.6,26.8,13.0,0.0,observed
2026-09-27,2,19.0,26.1,13.9,0.1,observed
2026-09-28,2,18.9,25.6,15.4,3.4,observed
2026-09-29,2,18.6,24.1,15.2,3.9,observed
2026-09-30,2,18.4,25.8,13.0,0.0,observed
2026-10-01,2,19.2,27.2,12.0,0.0,observed
2026-10-02,2,19.3,26.7,12.9,0.0,observed
2026-10-03,2,20.0,27.6,13.3,0.0,observed
2026-10-04,2,19.6,26.2,14.3,0.3,forecast
2026-10-05,2,19.8,26.7,15.0,1.7,forecast
2026-10-06,2,18.9,25.4,15.0,4.3,forecast
2026-10-07,2,17.6,24.5,14.8,9.6,forecast
2026-10-08,2,17.2,22.6,14.8,18.7,forecast
2026-10-09,2,16.9,22.1,14.6,16.3,forecast
2026-10-10,2,17.4,22.1,14.9,19.8,forecast
2026-10-11,2,17.3,21.7,14.8,25.8,forecast
2026-10-12,2,18.2,23.6,14.7,3.4,forecast
2026-10-13,2,17.3,22.0,14.6,26.0,forecast
2026-10-14,2,15.7,18.0,14.5,23.2,forecast
2026-10-15,2,17.2,22.1,14.7,22.4,forecast
2026-10-16,2,17.4,22.4,14.8,25.8,forecast
2026-10-17,2,18.4,23.9,14.8,5.0,forecast
2026-10-18,2,18.8,24.6,15.1,2.5,forecast
2025-01-01,3,20.1,26.1,14.8,0.7,observed
2025-01-02,3,20.0,25.3,15.1,0.7,observed
2025-01-03,3,19.9,25.6,14.7,0.0,observed
2025-01-04,3,20.0,25.8,15.5,1.3,observed
2025-01-05,3,19.6,24.9,15.2,0.9,observed
2025-01-06,3,19.5,26.3,13.4,0.0,observed
2025-01-07,3,20.3,28.0,13.9,0.0,observed
2025-01-08,3,21.1,28.2,14.6,0.0,observed
2025-01-09,3,21.0,27.7,15.9,0.5,observed
2025-01-10,3,20.4,26.1,15.6,1.3,observed
2025-01-11,3,21.0,27.6,15.5,0.1,observed
2025-01-12,3,21.8,27.6,16.1,0.2,observed
2025-01-13,3,22.0,27.7,16.7,0.0,observed
2025-01-14,3,21.0,27.0,16.2,0.0,observed
2025-01-15,3,19.1,25.3,14.1,0.2,observed
2025-01-16,3,19.6,26.0,14.2,0.0,observed
2025-01-17,3,20.2,26.7,14.6,0.0,observed
2025-01-18,3,21.3,28.0,15.0,0.0,observed
2025-01-19,3,21.7,27.6,16.3,0.0,observed
2025-01-20,3,22.1,28.9,16.1,0.0,observed
2025-01-21,3,22.0,28.6,15.8,0.0,observed
2025-01-22,3,22.3,28.8,16.3,0.0,observed
2025-01-23,3,21.8,27.9,15.8,0.0,observed
2025-01-24,3,21.7,28.8,15.8,0.1,observed
2025-01-25,3,21.8,28.5,16.0,0.4,observed
2025-01-26,3,19.8,25.8,16.5,8.0,observed
2025-01-27,3,19.2,23.8,15.7,0.3,observed
2025-01-28,3,18.5,24.2,15.1,5.4,observed
2025-01-29,3,19.3,24.9,14.4,4.7,observed
2025-01-30,3,17.8,22.5,15.1,25.5,observed
2025-01-31,3,19.3,25.0,14.6,0.4,observed
2025-02-01,3,19.4,24.8,15.4,1.2,observed
2025-02-02,3,20.2,26.0,15.3,0.3,observed
2025-02-03,3,20.7,26.9,15.3,0.0,observed
2025-02-04,3,20.2,26.7,15.2,0.0,observed
2025-02-05,3,20.4,27.4,14.5,0.5,observed
2025-02-06,3,21.1,27.2,15.5,0.2,observed
2025-02-07,3,21.1,26.9,16.4,0.3,observed
2025-02-08,3,21.8,29.9,15.1,0.0,observed
2025-02-09,3,22.3,29.3,15.5,0.0,observed
2025-02-10,3,22.2,29.1,16.1,0.0,observed
2025-02-11,3,21.7,27.7,16.2,0.0,observed
2025-02-12,3,20.6,26.4,15.7,1.1,observed
2025-02-13,3,20.5,26.1,17.0,3.2,observed
2025-02-14,3,21.6,28.7,15.2,0.0,observed
2025-02-15,3,22.8,29.8,16.3,0.0,observed
2025-02-16,3,22.6,29.3,16.7,0.8,observed
2025-02-17,3,22.1,28.1,16.3,0.1,observed
2025-02-18,3,22.0,29.5,15.2,0.0,observed
2025-02-19,3,22.6,30.1,15.2,0.0,observed
2025-02-20,3,23.3,31.1,16.2,0.0,observed
2025-02-21,3,23.0,30.0,15.9,0.0,observed
2025-02-22,3,22.0,28.3,15.2,0.0,observed
2025-02-23,3,22.0,29.0,15.4,0.0,observed
2025-02-24,3,22.0,28.6,15.1,0.0,observed
2025-02-25,3,22.0,28.9,15.3,0.0,observed
2025-02-26,3,22.4,29.3,15.9,0.0,observed
2025-02-27,3,23.1,30.1,16.1,0.0,observed
2025-02-28,3,23.5,31.1,16.0,0.0,observed
2025-03-01,3,23.5,29.7,16.9,0.0,observed
2025-03-02,3,22.9,29.9,16.0,0.0,observed
2025-03-03,3,22.9,29.3,15.9,0.0,observed
2025-03-04,3,22.7,29.5,16.3,0.0,observed
2025-03-05,3,23.1,30.1,16.9,0.0,observed
2025-03-06,3,23.1,30.5,16.2,0.0,observed
2025-03-07,3,23.7,31.3,16.8,0.7,observed
2025-03-08,3,23.0,29.5,17.9,0.9,observed
2025-03-09,3,22.1,28.5,17.7,2.3,observed
2025-03-10,3,20.1,25.2,16.8,13.8,observed
2025-03-11,3,20.6,26.6,16.4,1.6,observed
2025-03-12,3,20.3,26.1,16.3,1.0,observed
2025-03-13,3,20.2,26.1,15.7,2.2,observed
2025-03-14,3,22.6,30.5,15.9,0.0,observed
2025-03-15,3,22.9,29.9,16.7,0.0,observed
2025-03-16,3,22.3,28.9,16.2,0.0,observed
2025-03-17,3,21.5,28.0,16.3,0.9,observed
2025-03-18,3,20.4,26.3,16.5,3.8,observed
2025-03-19,3,19.6,24.4,16.0,11.2,observed
2025-03-20,3,19.2,23.7,16.0,7.5,observed
2025-03-21,3,20.3,27.0,15.9,2.1,observed
2025-03-22,3,20.5,26.2,16.2,2.1,observed
2025-03-23,3,20.5,26.6,16.0,3.7,observed
2025-03-24,3,21.1,27.8,17.0,1.0,observed
2025-03-25,3,20.1,26.4,15.3,2.1,observed
2025-03-26,3,19.8,25.7,15.9,1.8,observed
2025-03-27,3,19.6,25.7,15.7,4.4,observed
2025-03-28,3,18.5,23.6,15.9,7.6,observed
2025-03-29,3,19.3,24.2,16.1,3.5,observed
2025-03-30,3,19.3,24.0,15.8,2.8,observed
2025-03-31,3,18.8,23.1,16.2,9.6,observed
2025-04-01,3,19.6,25.1,16.1,3.9,observed
2025-04-02,3,20.2,25.8,15.8,0.1,observed
2025-04-03,3,19.8,25.4,16.3,5.0,observed
2025-04-04,3,19.5,25.6,16.7,2.4,observed
2025-04-05,3,19.6,25.7,16.6,3.9,observed
2025-04-06,3,17.6,21.6,16.3,9.8,observed
2025-04-07,3,18.8,23.4,15.9,2.0,observed
2025-04-08,3,19.5,24.7,15.8,2.2,observed
2025-04-09,3,20.1,26.0,15.8,0.2,observed
2025-04-10,3,19.4,24.1,16.7,1.1,observed
2025-04-11,3,19.3,25.1,15.1,1.3,observed
2025-04-12,3,19.5,25.1,16.6,2.7,observed
2025-04-13,3,19.2,24.4,16.0,5.3,observed
2025-04-14,3,19.6,25.3,16.3,3.7,observed
2025-04-15,3,19.7,25.3,16.4,3.3,observed
2025-04-16,3,19.7,25.5,15.6,2.8,observed
2025-04-17,3,20.1,25.7,15.8,1.3,observed
2025-04-18,3,20.3,26.2,16.7,3.8,observed
2025-04-19,3,19.4,26.2,16.6,14.0,observed
2025-04-20,3,18.8,24.7,15.7,10.0,observed
2025-04-21,3,18.3,23.2,15.2,11.8,observed
2025-04-22,3,18.9,23.9,16.4,5.7,observed
2025-04-23,3,17.7,22.2,16.1,9.1,observed
2025-04-24,3,18.2,22.3,15.2,2.3,observed
2025-04-25,3,18.3,23.3,15.4,3.4,observed
2025-04-26,3,18.8,24.7,14.6,0.0,observed
2025-04-27,3,19.1,24.9,15.4,1.0,observed
2025-04-28,3,19.8,24.8,15.4,0.3,observed
2025-04-29,3,19.9,25.6,16.0,2.5,observed
2025-04-30,3,19.5,25.0,16.2,2.2,observed
2025-05-01,3,19.6,25.3,15.7,0.7,observed
2025-05-02,3,20.2,26.2,15.9,0.9,observed
2025-05-03,3,20.5,26.4,16.2,3.0,observed
2025-05-04,3,20.0,26.7,15.9,10.5,observed
2025-05-05,3,18.8,23.6,15.4,12.5,observed
2025-05-06,3,18.2,23.6,14.5,17.8,observed
2025-05-07,3,18.6,23.5,15.0,10.2,observed
2025-05-08,3,18.9,24.0,14.8,2.1,observed
2025-05-09,3,19.1,23.6,15.6,2.1,observed
2025-05-10,3,19.1,24.4,15.9,1.5,observed
2025-05-11,3,18.9,24.3,15.5,3.6,observed
2025-05-12,3,19.2,25.3,15.9,15.9,observed
2025-05-13,3,18.3,23.2,15.1,26.8,observed
2025-05-14,3,18.4,23.6,14.6,2.2,observed
2025-05-15,3,18.7,23.3,14.7,1.4,observed
2025-05-16,3,18.8,23.5,15.3,1.1,observed
2025-05-17,3,18.9,23.8,15.1,0.7,observed
2025-05-18,3,18.6,23.5,15.8,2.9,observed
2025-05-19,3,18.7,22.8,15.1,2.6,observed
2025-05-20,3,19.5,24.6,16.1,1.8,observed
2025-05-21,3,19.6,24.5,16.4,0.9,observed
2025-05-22,3,19.6,25.1,16.8,1.8,observed
2025-05-23,3,19.5,24.7,15.7,2.4,observed
2025-05-24,3,19.8,26.4,14.0,0.0,observed
2025-05-25,3,18.5,23.3,14.4,0.8,observed
2025-05-26,3,19.0,25.0,14.0,2.2,observed
2025-05-27,3,18.0,22.9,14.6,10.3,observed
2025-05-28,3,19.0,24.4,14.9,0.5,observed
2025-05-29,3,19.2,24.3,15.3,1.3,observed
2025-05-30,3,19.1,25.6,13.9,0.0,observed
2025-05-31,3,18.9,26.3,13.3,0.0,observed
2025-06-01,3,18.4,23.9,13.6,2.2,observed
2025-06-02,3,19.2,23.9,15.4,2.2,observed
2025-06-03,3,19.5,25.6,15.0,0.0,observed
2025-06-04,3,19.0,25.6,14.4,0.5,observed
2025-06-05,3,19.0,25.3,15.8,3.4,observed
2025-06-06,3,18.0,22.9,15.2,6.8,observed
2025-06-07,3,18.5,23.0,15.3,4.4,observed
2025-06-08,3,18.5,23.5,14.4,1.5,observed
2025-06-09,3,17.9,23.6,14.1,8.4,observed
2025-06-10,3,18.2,24.2,13.1,0.8,observed
2025-06-11,3,18.1,23.5,13.9,0.9,observed
2025-06-12,3,18.5,23.2,15.4,2.4,observed
2025-06-13,3,18.8,25.4,14.0,0.2,observed
2025-06-14,3,18.1,24.9,11.8,0.0,observed
2025-06-15,3,18.7,24.5,13.9,0.0,observed
2025-06-16,3,18.4,23.8,12.7,0.0,observed
2025-06-17,3,19.0,24.6,13.9,0.5,observed
2025-06-18,3,18.9,24.7,13.4,0.3,observed
2025-06-19,3,19.2,24.8,14.6,0.0,observed
2025-06-20,3,18.5,23.5,14.8,3.0,observed
2025-06-21,3,18.9,25.3,12.8,0.1,observed
2025-06-22,3,18.8,24.6,14.5,1.2,observed
2025-06-23,3,18.8,24.9,15.1,1.1,observed
2025-06-24,3,18.5,25.6,12.1,0.0,observed
2025-06-25,3,18.4,24.2,13.1,0.7,observed
2025-06-26,3,18.7,23.8,15.6,4.1,observed
2025-06-27,3,19.6,25.6,15.6,0.2,observed
2025-06-28,3,18.6,24.9,14.5,0.7,observed
2025-06-29,3,18.0,21.6,14.9,0.0,observed
2025-06-30,3,17.4,21.6,13.6,0.0,observed
2025-07-01,3,17.8,23.1,13.5,0.6,observed
2025-07-02,3,18.6,23.7,13.4,0.0,observed
2025-07-03,3,18.2,22.9,14.7,0.5,observed
2025-07-04,3,18.8,24.0,15.1,0.5,observed
2025-07-05,3,18.2,22.2,14.9,1.0,observed
2025-07-06,3,18.6,23.5,15.0,0.9,observed
2025-07-07,3,18.1,22.2,15.1,0.7,observed
2025-07-08,3,17.8,22.4,14.4,0.6,observed
2025-07-09,3,17.3,20.0,14.4,0.1,observed
2025-07-10,3,18.4,22.9,14.9,0.0,observed
2025-07-11,3,18.1,22.3,15.0,1.4,observed
2025-07-12,3,18.4,23.3,14.2,1.4,observed
2025-07-13,3,18.3,22.4,15.3,2.0,observed
2025-07-14,3,18.6,23.8,13.3,0.2,observed
2025-07-15,3,18.6,23.7,13.4,0.2,observed
2025-07-16,3,18.6,23.3,14.0,0.7,observed
2025-07-17,3,18.8,24.1,13.6,1.3,observed
2025-07-18,3,18.5,23.6,13.6,0.9,observed
2025-07-19,3,19.4,26.6,13.2,0.4,observed
2025-07-20,3,17.7,25.0,12.3,0.0,observed
2025-07-21,3,17.8,24.8,11.6,0.0,observed
2025-07-22,3,17.6,24.5,11.8,0.1,observed
2025-07-23,3,16.5,20.2,13.1,0.5,observed
2025-07-24,3,18.0,26.5,11.5,0.0,observed
2025-07-25,3,18.9,26.8,11.8,0.0,observed
2025-07-26,3,18.9,26.8,12.2,0.0,observed
2025-07-27,3,18.5,25.7,11.7,0.0,observed
2025-07-28,3,18.5,26.2,12.0,0.0,observed
2025-07-29,3,18.0,23.7,14.1,0.2,observed
2025-07-30,3,18.4,27.5,13.0,0.1,observed
2025-07-31,3,19.0,27.0,13.8,0.4,observed
2025-08-01,3,18.1,22.9,14.8,0.9,observed
2025-08-02,3,18.0,23.9,13.6,0.6,observed
2025-08-03,3,18.0,23.0,13.4,0.5,observed
2025-08-04,3,18.2,24.9,12.7,0.0,observed
2025-08-05,3,17.2,24.3,11.5,0.0,observed
2025-08-06,3,18.4,25.8,11.5,0.0,observed
2025-08-07,3,19.3,26.8,14.6,0.8,observed
2025-08-08,3,16.8,22.5,14.4,10.1,observed
2025-08-09,3,15.8,18.8,14.4,9.0,observed
2025-08-10,3,16.8,22.2,12.9,1.0,observed
2025-08-11,3,17.3,22.1,13.3,0.1,observed
2025-08-12,3,16.6,19.9,14.2,1.5,observed
2025-08-13,3,17.7,23.4,12.0,0.1,observed
2025-08-14,3,18.1,24.7,11.4,0.1,observed
2025-08-15,3,18.4,23.8,13.8,0.0,observed
2025-08-16,3,18.0,24.3,13.3,4.6,observed
2025-08-17,3,17.4,21.9,13.2,6.6,observed
2025-08-18,3,16.8,19.9,15.5,16.0,observed
2025-08-19,3,16.6,20.7,13.5,2.8,observed
2025-08-20,3,16.8,22.7,12.5,0.4,observed
2025-08-21,3,16.8,21.7,13.8,1.3,observed
2025-08-22,3,16.9,21.6,13.2,0.0,observed
2025-08-23,3,16.1,19.5,12.7,0.0,observed
2025-08-24,3,17.4,22.8,12.2,1.4,observed
2025-08-25,3,18.3,23.5,14.4,0.9,observed
2025-08-26,3,18.5,25.2,13.7,0.2,observed
2025-08-27,3,18.9,25.1,13.1,0.4,observed
2025-08-28,3,18.7,25.6,13.6,0.0,observed
2025-08-29,3,18.2,26.7,11.7,0.0,observed
2025-08-30,3,18.5,25.8,13.7,0.5,observed
2025-08-31,3,18.2,24.9,11.9,0.0,observed
2025-09-01,3,19.1,26.1,13.5,0.0,observed
2025-09-02,3,18.8,26.9,11.8,0.0,observed
2025-09-03,3,18.5,24.3,12.3,0.0,observed
2025-09-04,3,19.2,26.8,12.2,0.0,observed
2025-09-05,3,19.3,26.4,13.0,0.0,observed
2025-09-06,3,19.9,27.7,12.4,0.0,observed
2025-09-07,3,19.3,26.8,12.2,0.0,observed
2025-09-08,3,19.9,26.9,13.3,0.1,observed
2025-09-09,3,19.9,25.9,15.6,1.3,observed
2025-09-10,3,19.9,27.4,14.0,0.7,observed
2025-09-11,3,19.4,27.0,14.6,0.0,observed
2025-09-12,3,19.4,27.3,13.0,0.0,observed
2025-09-13,3,19.6,27.5,12.7,0.0,observed
2025-09-14,3,20.3,28.0,13.2,0.1,observed
2025-09-15,3,19.6,27.3,13.5,2.1,observed
2025-09-16,3,19.5,26.4,13.8,0.3,observed
2025-09-17,3,20.0,27.0,12.9,0.1,observed
2025-09-18,3,19.8,25.9,15.6,2.4,observed
2025-09-19,3,20.4,27.3,15.3,3.0,observed
2025-09-20,3,19.4,27.3,13.0,0.0,observed
2025-09-21,3,19.5,25.4,14.8,0.8,observed
2025-09-22,3,19.7,25.9,13.2,0.8,observed
2025-09-23,3,20.0,27.8,15.7,2.5,observed
2025-09-24,3,19.7,28.5,12.1,0.0,observed
2025-09-25,3,20.3,28.2,13.1,0.0,observed
2025-09-26,3,20.5,28.1,14.7,0.2,observed
2025-09-27,3,20.9,28.3,15.1,0.8,observed
2025-09-28,3,20.3,27.2,14.9,0.1,observed
2025-09-29,3,20.5,29.1,14.1,0.6,observed
2025-09-30,3,20.4,29.2,13.9,0.0,observed
2025-10-01,3,20.9,29.3,13.4,0.0,observed
2025-10-02,3,21.0,28.3,12.8,0.0,observed
2025-10-03,3,20.5,27.0,15.8,1.0,observed
2025-10-04,3,18.5,22.8,16.0,0.8,observed
2025-10-05,3,19.2,25.2,15.6,1.2,observed
2025-10-06,3,19.3,25.0,14.9,0.8,observed
2025-10-07,3,19.0,26.0,15.7,2.7,observed
2025-10-08,3,18.9,24.1,15.0,4.2,observed
2025-10-09,3,19.2,25.5,14.8,3.5,observed
2025-10-10,3,19.3,24.9,15.1,3.8,observed
2025-10-11,3,19.8,27.5,13.5,0.0,observed
2025-10-12,3,19.9,26.7,13.5,0.1,observed
2025-10-13,3,19.9,26.5,14.9,0.3,observed
2025-10-14,3,20.1,26.3,15.3,0.2,observed
2025-10-15,3,20.3,27.7,14.6,0.1,observed
2025-10-16,3,20.2,25.9,14.8,0.9,observed
2025-10-17,3,19.3,25.7,15.5,5.2,observed
2025-10-18,3,19.6,25.1,15.6,2.6,observed
2025-10-19,3,19.7,25.8,14.3,0.1,observed
2025-10-20,3,20.7,28.5,13.1,0.0,observed
2025-10-21,3,21.2,28.0,14.7,0.3,observed
2025-10-22,3,19.5,23.6,16.6,1.0,observed
2025-10-23,3,20.4,26.4,16.0,0.7,observed
2025-10-24,3,19.2,24.7,16.0,4.0,observed
2025-10-25,3,20.2,25.8,16.0,0.7,observed
2025-10-26,3,20.4,25.9,14.8,0.8,observed
2025-10-27,3,19.8,26.3,14.9,5.1,observed
2025-10-28,3,19.4,25.5,16.3,13.2,observed
2025-10-29,3,18.2,22.1,16.2,10.4,observed
2025-10-30,3,18.3,23.8,15.7,8.0,observed
2025-10-31,3,18.3,23.7,15.2,11.5,observed
2025-11-01,3,18.1,21.8,16.0,5.1,observed
2025-11-02,3,18.4,23.6,15.8,5.2,observed
2025-11-03,3,18.6,24.2,14.9,3.3,observed
2025-11-04,3,18.8,25.4,15.2,2.4,observed
2025-11-05,3,19.5,25.7,14.4,0.1,observed
2025-11-06,3,19.7,25.7,15.9,1.1,observed
2025-11-07,3,19.7,25.6,16.0,4.5,observed
2025-11-08,3,19.4,26.1,15.6,1.8,observed
2025-11-09,3,17.2,20.5,15.4,4.4,observed
2025-11-10,3,18.4,24.4,13.5,1.2,observed
2025-11-11,3,19.3,24.6,15.5,1.4,observed
2025-11-12,3,19.1,24.9,15.2,2.8,observed
2025-11-13,3,18.8,23.9,15.7,3.5,observed
2025-11-14,3,18.6,25.2,14.7,2.1,observed
2025-11-15,3,19.7,25.4,15.2,1.1,observed
2025-11-16,3,20.0,25.3,16.3,1.9,observed
2025-11-17,3,19.6,25.0,15.3,0.6,observed
2025-11-18,3,19.2,26.0,16.1,2.4,observed
2025-11-19,3,19.2,25.8,14.1,0.4,observed
2025-11-20,3,19.6,26.1,14.1,0.1,observed
2025-11-21,3,20.1,26.4,15.2,1.0,observed
2025-11-22,3,19.5,25.3,13.5,0.2,observed
2025-11-23,3,18.6,23.6,14.7,4.1,observed
2025-11-24,3,19.0,25.5,13.1,0.7,observed
2025-11-25,3,19.5,25.4,15.8,3.9,observed
2025-11-26,3,18.8,23.7,15.4,7.0,observed
2025-11-27,3,19.0,24.0,15.6,3.9,observed
2025-11-28,3,19.7,25.4,15.6,1.7,observed
2025-11-29,3,19.9,26.1,15.7,1.0,observed
2025-11-30,3,20.2,26.1,15.2,0.0,observed
2025-12-01,3,19.8,25.8,14.3,0.0,observed
2025-12-02,3,19.9,26.8,13.6,0.0,observed
2025-12-03,3,20.1,26.4,15.1,0.5,observed
2025-12-04,3,20.1,26.0,16.0,2.1,observed
2025-12-05,3,19.6,25.6,15.4,1.4,observed
2025-12-06,3,19.4,25.3,15.1,1.6,observed
2025-12-07,3,19.2,24.5,14.8,1.2,observed
2025-12-08,3,19.0,24.4,15.4,1.5,observed
2025-12-09,3,19.5,25.3,14.7,0.3,observed
2025-12-10,3,20.1,26.4,14.8,0.0,observed
2025-12-11,3,20.2,26.0,15.8,1.0,observed
2025-12-12,3,20.0,26.3,15.8,2.0,observed
2025-12-13,3,19.6,26.2,14.2,6.4,observed
2025-12-14,3,18.7,24.6,15.8,5.5,observed
2025-12-15,3,19.7,25.4,15.2,2.4,observed
2025-12-16,3,20.2,26.0,16.1,2.3,observed
2025-12-17,3,20.8,27.2,16.4,1.6,observed
2025-12-18,3,20.5,26.8,16.0,1.5,observed
2025-12-19,3,19.2,25.6,16.1,4.2,observed
2025-12-20,3,19.8,25.7,15.8,3.9,observed
2025-12-21,3,18.4,24.0,15.9,4.5,observed
2025-12-22,3,19.0,24.5,15.3,2.9,observed
2025-12-23,3,19.7,25.6,14.7,0.3,observed
2025-12-24,3,19.9,26.1,15.5,1.6,observed
2025-12-25,3,20.6,26.7,14.8,0.9,observed
2025-12-26,3,21.9,28.8,15.9,0.1,observed
2025-12-27,3,21.2,29.5,16.3,10.1,observed
2025-12-28,3,18.1,23.8,15.8,9.5,observed
2025-12-29,3,19.1,25.5,15.3,5.1,observed
2025-12-30,3,18.8,24.3,14.7,3.6,observed
2025-12-31,3,19.0,24.7,14.6,0.5,observed
2026-01-01,3,18.7,24.0,14.8,1.8,observed
2026-01-02,3,19.5,25.7,14.6,0.1,observed
2026-01-03,3,20.4,27.1,14.7,0.0,observed
2026-01-04,3,20.9,26.7,15.3,0.0,observed
2026-01-05,3,20.9,27.0,15.7,0.0,observed
2026-01-06,3,20.5,26.4,14.9,0.0,observed
2026-01-07,3,21.1,27.6,15.2,0.0,observed
2026-01-08,3,21.2,26.3,16.6,0.0,observed
2026-01-09,3,21.0,27.0,16.0,0.3,observed
2026-01-10,3,20.4,26.7,14.8,2.0,observed
2026-01-11,3,21.3,28.0,15.9,0.4,observed
2026-01-12,3,19.9,25.3,15.0,7.5,observed
2026-01-13,3,20.3,26.2,15.5,0.1,observed
2026-01-14,3,20.0,26.6,13.7,0.0,observed
2026-01-15,3,20.8,27.7,14.3,0.0,observed
2026-01-16,3,21.9,29.7,15.0,0.0,observed
2026-01-17,3,21.0,27.7,15.9,0.7,observed
2026-01-18,3,20.9,26.7,15.9,1.1,observed
2026-01-19,3,20.5,26.1,15.2,0.7,observed
2026-01-20,3,21.1,27.8,14.9,0.0,observed
2026-01-21,3,21.6,28.7,15.0,0.0,observed
2026-01-22,3,20.6,26.3,15.5,0.3,observed
2026-01-23,3,21.3,27.6,14.9,0.0,observed
2026-01-24,3,22.0,29.4,15.2,0.0,observed
2026-01-25,3,23.0,31.3,16.0,0.0,observed
2026-01-26,3,22.9,30.1,16.0,0.0,observed
2026-01-27,3,22.2,28.9,15.9,0.0,observed
2026-01-28,3,22.2,28.1,16.6,0.1,observed
2026-01-29,3,22.7,29.9,16.1,0.0,observed
2026-01-30,3,22.4,28.7,16.0,0.0,observed
2026-01-31,3,22.4,28.5,16.4,0.0,observed
2026-02-01,3,22.4,28.6,16.4,0.0,observed
2026-02-02,3,21.9,27.7,15.7,0.0,observed
2026-02-03,3,22.1,28.7,15.8,0.0,observed
2026-02-04,3,22.4,29.9,15.6,0.0,observed
2026-02-05,3,22.3,28.8,17.1,0.1,observed
2026-02-06,3,22.2,27.8,17.5,0.2,observed
2026-02-07,3,22.4,29.5,15.6,0.0,observed
2026-02-08,3,22.1,28.6,16.4,0.4,observed
2026-02-09,3,21.4,27.4,16.5,1.2,observed
2026-02-10,3,22.4,28.7,17.0,0.0,observed
2026-02-11,3,22.2,28.7,15.6,0.0,observed
2026-02-12,3,22.4,29.6,15.5,0.0,observed
2026-02-13,3,22.6,30.0,15.7,0.0,observed
2026-02-14,3,22.0,28.6,16.5,0.1,observed
2026-02-15,3,21.1,28.3,16.3,1.9,observed
2026-02-16,3,20.9,28.0,15.8,0.4,observed
2026-02-17,3,21.2,27.1,16.8,1.2,observed
2026-02-18,3,20.2,25.4,16.1,0.9,observed
2026-02-19,3,21.6,28.2,15.2,0.6,observed
2026-02-20,3,22.7,28.9,16.7,0.4,observed
2026-02-21,3,19.4,23.5,16.3,6.9,observed
2026-02-22,3,18.7,24.5,15.7,10.6,observed
2026-02-23,3,18.2,21.4,16.1,8.9,observed
2026-02-24,3,18.8,23.7,15.2,4.7,observed
2026-02-25,3,18.5,24.2,15.3,17.1,observed
2026-02-26,3,19.1,25.1,15.2,16.3,observed
2026-02-27,3,19.1,25.4,15.9,13.2,observed
2026-02-28,3,18.5,23.5,15.0,8.0,observed
2026-03-01,3,18.5,23.3,15.9,8.9,observed
2026-03-02,3,18.5,23.6,15.6,7.2,observed
2026-03-03,3,19.0,24.0,16.0,6.6,observed
2026-03-04,3,18.7,23.9,15.9,20.5,observed
2026-03-05,3,18.5,23.7,15.7,15.7,observed
2026-03-06,3,18.3,23.5,16.2,21.9,observed
2026-03-07,3,18.3,22.7,14.8,8.4,observed
2026-03-08,3,18.8,24.4,14.5,5.4,observed
2026-03-09,3,19.1,24.0,15.6,3.4,observed
2026-03-10,3,19.0,24.3,16.1,3.6,observed
2026-03-11,3,19.6,25.2,16.0,0.9,observed
2026-03-12,3,19.9,25.2,16.2,0.6,observed
2026-03-13,3,20.2,26.3,15.2,1.8,observed
2026-03-14,3,19.7,24.8,16.2,2.0,observed
2026-03-15,3,19.8,25.2,16.6,1.3,observed
2026-03-16,3,19.6,25.1,15.4,0.5,observed
2026-03-17,3,19.9,26.0,16.4,2.2,observed
2026-03-18,3,19.9,26.4,16.2,5.2,observed
2026-03-19,3,19.9,25.7,16.3,3.5,observed
2026-03-20,3,18.6,23.9,15.7,30.5,observed
2026-03-21,3,18.9,23.6,16.2,31.5,observed
2026-03-22,3,18.7,23.8,15.9,9.3,observed
2026-03-23,3,18.3,23.2,15.9,7.1,observed
2026-03-24,3,18.5,23.7,15.7,11.9,observed
2026-03-25,3,18.6,23.5,15.7,3.1,observed
2026-03-26,3,19.1,24.5,15.7,2.7,observed
2026-03-27,3,18.3,23.1,15.8,7.3,observed
2026-03-28,3,18.7,23.8,15.8,3.8,observed
2026-03-29,3,19.0,24.3,15.0,0.5,observed
2026-03-30,3,19.1,24.5,15.8,1.8,observed
2026-03-31,3,18.8,24.1,15.2,3.2,observed
2026-04-01,3,19.4,24.5,16.1,1.7,observed
2026-04-02,3,19.2,24.5,15.4,2.4,observed
2026-04-03,3,19.6,25.2,15.4,1.1,observed
2026-04-04,3,19.6,25.1,15.2,1.0,observed
2026-04-05,3,18.9,24.0,15.2,4.6,observed
2026-04-06,3,19.5,24.9,15.0,1.3,observed
2026-04-07,3,19.5,24.6,16.0,2.6,observed
2026-04-08,3,19.9,25.2,16.1,2.0,observed
2026-04-09,3,19.8,25.4,16.0,0.5,observed
2026-04-10,3,19.9,25.9,16.0,0.7,observed
2026-04-11,3,20.5,27.0,15.5,0.6,observed
2026-04-12,3,20.2,25.5,16.6,4.2,observed
2026-04-13,3,19.4,25.2,16.4,4.5,observed
2026-04-14,3,18.8,23.3,16.3,9.4,observed
2026-04-15,3,18.9,23.9,16.2,4.2,observed
2026-04-16,3,18.8,24.2,16.1,4.2,observed
2026-04-17,3,18.3,22.8,15.8,8.4,observed
2026-04-18,3,18.6,23.2,15.8,12.1,observed
2026-04-19,3,18.8,23.2,15.9,4.2,observed
2026-04-20,3,19.1,23.7,15.8,2.5,observed
2026-04-21,3,19.2,24.0,16.1,1.2,observed
2026-04-22,3,19.2,24.2,16.4,2.9,observed
2026-04-23,3,18.2,22.3,16.1,9.7,observed
2026-04-24,3,18.8,23.3,15.2,0.7,observed
2026-04-25,3,18.8,23.4,14.1,2.3,observed
2026-04-26,3,18.9,24.0,15.5,9.7,observed
2026-04-27,3,18.8,23.9,15.9,18.6,observed
2026-04-28,3,18.3,23.0,16.3,32.5,observed
2026-04-29,3,17.1,20.6,14.6,7.1,observed
2026-04-30,3,18.1,22.6,15.4,10.4,observed
2026-05-01,3,18.4,23.0,16.0,10.8,observed
2026-05-02,3,18.5,23.2,16.1,5.3,observed
2026-05-03,3,19.0,23.9,14.4,2.3,observed
2026-05-04,3,19.1,23.8,15.0,2.3,observed
2026-05-05,3,19.4,23.8,16.4,1.8,observed
2026-05-06,3,19.6,24.8,16.4,2.5,observed
2026-05-07,3,19.5,24.3,16.1,1.2,observed
2026-05-08,3,19.7,25.0,16.6,1.7,observed
2026-05-09,3,19.0,23.5,16.6,8.4,observed
2026-05-10,3,19.0,23.8,15.3,0.7,observed
2026-05-11,3,19.5,24.8,15.1,1.1,observed
2026-05-12,3,18.8,23.2,16.2,2.4,observed
2026-05-13,3,19.0,23.9,16.4,8.0,observed
2026-05-14,3,19.3,24.1,16.2,0.9,observed
2026-05-15,3,19.1,23.3,16.0,0.7,observed
2026-05-16,3,19.1,24.4,16.0,1.7,observed
2026-05-17,3,18.8,23.4,15.4,1.6,observed
2026-05-18,3,19.2,23.7,15.7,0.7,observed
2026-05-19,3,19.2,24.4,14.3,0.0,observed
2026-05-20,3,19.3,24.5,14.6,0.0,observed
2026-05-21,3,19.4,24.8,16.0,0.7,observed
2026-05-22,3,19.8,25.9,15.0,0.5,observed
2026-05-23,3,19.9,25.7,16.5,0.6,observed
2026-05-24,3,19.8,25.3,15.1,0.2,observed
2026-05-25,3,19.1,24.4,15.7,0.6,observed
2026-05-26,3,19.1,24.6,15.1,0.3,observed
2026-05-27,3,18.9,23.2,15.8,0.4,observed
2026-05-28,3,19.1,24.1,15.6,0.5,observed
2026-05-29,3,18.9,23.5,14.5,0.9,observed
2026-05-30,3,18.4,23.3,16.3,3.5,observed
2026-05-31,3,19.1,23.6,16.1,2.9,observed
2026-06-01,3,18.6,22.1,15.8,6.7,observed
2026-06-02,3,18.4,23.0,15.9,5.0,observed
2026-06-03,3,18.3,22.2,15.4,0.8,observed
2026-06-04,3,19.0,24.0,15.6,2.3,observed
2026-06-05,3,18.9,25.0,13.3,0.1,observed
2026-06-06,3,19.9,26.5,15.5,0.2,observed
2026-06-07,3,19.3,26.0,15.2,0.2,observed
2026-06-08,3,19.3,25.8,14.6,0.5,observed
2026-06-09,3,19.0,25.9,13.6,0.0,observed
2026-06-10,3,19.1,24.9,14.9,0.3,observed
2026-06-11,3,19.1,24.6,15.2,0.1,observed
2026-06-12,3,19.7,25.8,15.6,1.5,observed
2026-06-13,3,18.1,22.7,15.6,2.1,observed
2026-06-14,3,17.5,22.3,13.8,0.3,observed
2026-06-15,3,18.1,24.4,13.0,0.1,observed
2026-06-16,3,17.7,24.1,10.6,0.2,observed
2026-06-17,3,17.4,21.7,12.5,1.4,observed
2026-06-18,3,18.0,23.6,14.0,1.2,observed
2026-06-19,3,18.7,24.2,14.4,0.5,observed
2026-06-20,3,18.5,23.0,14.7,0.9,observed
2026-06-21,3,18.0,22.7,14.6,0.6,observed
2026-06-22,3,17.1,21.3,13.3,0.2,observed
2026-06-23,3,17.3,22.6,12.3,0.0,observed
2026-06-24,3,17.4,22.3,13.0,1.2,observed
2026-06-25,3,18.1,23.9,13.4,2.4,observed
2026-06-26,3,18.9,24.7,13.0,0.6,observed
2026-06-27,3,18.1,24.9,12.1,0.2,observed
2026-06-28,3,18.1,24.4,12.3,0.0,observed
2026-06-29,3,17.5,23.4,12.4,0.1,observed
2026-06-30,3,18.1,22.6,14.7,0.9,observed
2026-07-01,3,17.5,23.0,14.3,0.1,observed
2026-07-02,3,18.4,25.2,11.6,0.1,observed
2026-07-03,3,18.8,25.8,12.6,0.1,observed
2026-07-04,3,18.1,24.1,13.6,0.2,observed
2026-07-05,3,17.2,21.5,14.2,0.0,observed
2026-07-06,3,18.2,24.7,13.0,0.0,observed
2026-07-07,3,17.6,23.3,11.6,0.1,observed
2026-07-08,3,18.5,24.8,13.8,0.2,observed
2026-07-09,3,18.7,24.7,14.2,0.0,observed
2026-07-10,3,18.1,23.6,14.2,0.7,observed
2026-07-11,3,17.7,21.7,15.7,2.8,observed
2026-07-12,3,18.1,23.5,13.3,0.2,observed
2026-07-13,3,18.6,24.9,12.7,0.0,observed
2026-07-14,3,18.0,25.0,12.3,0.0,observed
2026-07-15,3,18.9,25.2,14.3,0.1,observed
2026-07-16,3,19.5,26.4,13.2,0.3,observed
2026-07-17,3,17.8,24.4,12.8,0.0,observed
2026-07-18,3,18.9,25.3,13.0,0.6,observed
2026-07-19,3,19.3,26.3,12.7,0.0,observed
2026-07-20,3,18.0,24.6,12.8,0.1,observed
2026-07-21,3,18.9,25.9,13.1,0.4,observed
2026-07-22,3,18.2,24.2,12.8,0.1,observed
2026-07-23,3,17.9,24.3,13.0,0.2,observed
2026-07-24,3,19.0,24.9,13.7,0.2,observed
2026-07-25,3,18.1,23.4,13.6,0.3,observed
2026-07-26,3,17.1,21.6,12.9,0.4,observed
2026-07-27,3,17.3,22.1,13.9,0.4,observed
2026-07-28,3,17.2,22.2,12.0,0.0,observed
2026-07-29,3,18.2,24.3,13.2,0.0,observed
2026-07-30,3,18.4,24.8,12.6,0.3,observed
2026-07-31,3,18.6,25.3,13.0,0.6,observed
2026-08-01,3,17.6,25.2,12.8,0.1,observed
2026-08-02,3,17.3,22.8,13.2,0.7,observed
2026-08-03,3,16.6,21.5,12.5,0.1,observed
2026-08-04,3,16.4,20.6,12.7,0.8,observed
2026-08-05,3,18.3,25.6,11.6,0.0,observed
2026-08-06,3,17.7,25.1,12.6,0.0,observed
2026-08-07,3,18.4,23.8,13.3,0.0,observed
2026-08-08,3,18.2,24.3,13.1,0.1,observed
2026-08-09,3,18.2,23.6,14.1,0.6,observed
2026-08-10,3,18.2,27.9,12.5,0.4,observed
2026-08-11,3,18.6,26.4,11.5,0.0,observed
2026-08-12,3,19.4,27.0,11.7,0.0,observed
2026-08-13,3,19.4,26.3,12.0,0.0,observed
2026-08-14,3,19.3,26.7,11.6,0.0,observed
2026-08-15,3,18.5,24.0,12.7,0.0,observed
2026-08-16,3,17.9,20.9,15.0,0.4,observed
2026-08-17,3,18.3,23.6,14.6,0.4,observed
2026-08-18,3,18.2,22.2,15.1,2.5,observed
2026-08-19,3,18.2,23.3,15.5,3.9,observed
2026-08-20,3,18.2,25.1,13.1,0.2,observed
2026-08-21,3,18.2,25.0,11.1,0.0,observed
2026-08-22,3,19.8,27.5,12.0,0.0,observed
2026-08-23,3,20.7,27.3,16.1,2.8,observed
2026-08-24,3,20.6,27.1,16.7,0.9,observed
2026-08-25,3,19.7,27.1,13.0,0.0,observed
2026-08-26,3,19.4,27.4,12.1,0.0,observed
2026-08-27,3,19.0,26.5,11.7,0.0,observed
2026-08-28,3,19.0,25.9,12.5,0.0,observed
2026-08-29,3,18.1,27.1,11.2,0.2,observed
2026-08-30,3,18.9,25.7,14.0,0.2,observed
2026-08-31,3,17.4,21.7,13.8,3.7,observed
2026-09-01,3,17.8,23.2,13.2,2.5,observed
2026-09-02,3,19.1,26.5,14.7,0.7,observed
2026-09-03,3,18.2,25.0,12.6,0.0,observed
2026-09-04,3,19.1,26.9,12.5,0.2,observed
2026-09-05,3,20.2,27.8,13.5,0.1,observed
2026-09-06,3,20.2,28.1,13.7,0.0,observed
2026-09-07,3,20.2,27.1,13.3,0.0,observed
2026-09-08,3,17.8,21.9,13.7,0.6,observed
2026-09-09,3,17.5,21.9,13.4,1.1,observed
2026-09-10,3,18.8,24.0,14.3,1.8,observed
2026-09-11,3,19.1,24.3,15.4,0.9,observed
2026-09-12,3,18.6,23.5,15.4,6.2,observed
2026-09-13,3,19.1,24.9,14.9,0.9,observed
2026-09-14,3,19.9,27.0,13.4,0.4,observed
2026-09-15,3,17.7,20.3,15.5,0.9,observed
2026-09-16,3,17.8,21.9,14.5,2.8,observed
2026-09-17,3,18.5,24.5,15.0,0.1,observed
2026-09-18,3,16.9,20.9,13.1,3.7,observed
2026-09-19,3,18.7,25.1,14.4,1.4,observed
2026-09-20,3,17.6,22.6,13.7,4.0,observed
2026-09-21,3,18.0,22.4,15.5,4.8,observed
2026-09-22,3,19.3,24.6,15.5,0.6,observed
2026-09-23,3,19.0,24.9,14.7,0.8,observed
2026-09-24,3,19.9,27.5,13.0,0.0,observed
2026-09-25,3,20.2,28.5,13.4,0.2,observed
2026-09-26,3,20.3,28.6,14.5,0.0,observed
2026-09-27,3,20.6,27.5,15.3,0.6,observed
2026-09-28,3,20.7,27.7,16.8,1.6,observed
2026-09-29,3,20.3,25.8,16.4,1.3,observed
2026-09-30,3,20.1,27.7,14.0,0.0,observed
2026-10-01,3,21.0,29.2,13.9,0.0,observed
2026-10-02,3,21.0,28.1,14.4,0.0,observed
2026-10-03,3,21.6,28.9,14.6,0.0,observed
2026-10-04,3,21.1,27.5,15.8,1.2,forecast
2026-10-05,3,21.4,28.2,16.5,1.8,forecast
2026-10-06,3,20.6,27.3,16.3,3.9,forecast
2026-10-07,3,19.1,26.1,16.0,9.1,forecast
2026-10-08,3,18.6,24.6,15.7,26.5,forecast
2026-10-09,3,18.4,24.3,15.6,17.8,forecast
2026-10-10,3,18.9,23.8,16.0,22.0,forecast
2026-10-11,3,18.7,23.5,15.8,32.2,forecast
2026-10-12,3,19.5,25.0,15.7,3.6,forecast
2026-10-13,3,18.8,23.4,15.8,31.6,forecast
2026-10-14,3,17.1,19.0,15.7,24.0,forecast
2026-10-15,3,18.7,23.6,15.8,27.6,forecast
2026-10-16,3,18.8,23.9,16.0,19.8,forecast
2026-10-17,3,19.7,25.5,15.9,4.4,forecast
2026-10-18,3,19.8,25.4,16.3,2.0,forecast
2025-01-01,4,19.0,24.8,14.1,0.4,observed
2025-01-02,4,18.8,24.0,14.2,0.5,observed
2025-01-03,4,18.9,24.3,14.2,0.0,observed
2025-01-04,4,19.1,24.8,14.8,1.3,observed
2025-01-05,4,18.7,23.9,14.4,0.4,observed
2025-01-06,4,18.5,25.2,12.4,0.0,observed
2025-01-07,4,19.2,26.6,13.2,0.0,observed
2025-01-08,4,20.0,26.7,13.6,0.2,observed
2025-01-09,4,19.9,26.2,14.9,0.4,observed
2025-01-10,4,19.3,25.0,14.6,0.9,observed
2025-01-11,4,19.9,26.5,14.6,0.0,observed
2025-01-12,4,20.5,26.4,14.8,0.2,observed
2025-01-13,4,20.8,26.3,15.6,0.1,observed
2025-01-14,4,19.8,25.6,15.3,0.0,observed
2025-01-15,4,18.0,24.1,13.3,0.0,observed
2025-01-16,4,18.6,25.0,13.4,0.0,observed
2025-01-17,4,19.3,25.9,14.0,0.0,observed
2025-01-18,4,20.2,26.8,14.1,0.0,observed
2025-01-19,4,20.6,26.4,15.2,0.2,observed
2025-01-20,4,21.2,27.6,15.2,0.0,observed
2025-01-21,4,21.0,27.2,15.2,0.1,observed
2025-01-22,4,21.2,27.4,15.3,0.0,observed
2025-01-23,4,20.7,26.3,15.0,0.2,observed
2025-01-24,4,20.6,27.5,14.9,0.2,observed
2025-01-25,4,20.7,27.5,15.2,0.9,observed
2025-01-26,4,18.9,24.6,15.7,6.9,observed
2025-01-27,4,18.3,23.3,14.8,10.4,observed
2025-01-28,4,17.8,23.5,14.5,11.4,observed
2025-01-29,4,18.5,24.5,13.8,14.0,observed
2025-01-30,4,17.0,21.4,14.3,21.2,observed
2025-01-31,4,18.5,23.8,13.5,0.1,observed
2025-02-01,4,18.6,23.6,14.9,1.7,observed
2025-02-02,4,19.3,24.5,15.0,0.1,observed
2025-02-03,4,19.7,25.3,15.0,0.0,observed
2025-02-04,4,18.9,24.9,14.1,0.0,observed
2025-02-05,4,19.0,25.7,13.1,0.7,observed
2025-02-06,4,19.7,25.8,13.6,0.2,observed
2025-02-07,4,19.9,25.8,15.4,0.1,observed
2025-02-08,4,20.7,28.8,14.3,0.0,observed
2025-02-09,4,21.2,28.1,14.6,0.0,observed
2025-02-10,4,21.0,27.7,15.1,0.0,observed
2025-02-11,4,20.5,26.4,15.4,0.1,observed
2025-02-12,4,19.5,25.3,15.0,0.7,observed
2025-02-13,4,19.2,25.0,15.8,3.8,observed
2025-02-14,4,20.4,27.7,14.3,0.0,observed
2025-02-15,4,21.3,27.9,15.2,0.2,observed
2025-02-16,4,21.2,27.6,15.4,0.4,observed
2025-02-17,4,20.9,26.9,15.2,0.0,observed
2025-02-18,4,21.0,28.3,14.2,0.0,observed
2025-02-19,4,21.5,28.8,14.2,0.0,observed
2025-02-20,4,22.1,29.6,14.9,0.0,observed
2025-02-21,4,21.9,29.0,15.0,0.0,observed
2025-02-22,4,20.9,27.0,14.4,0.0,observed
2025-02-23,4,21.0,27.9,14.7,0.0,observed
2025-02-24,4,21.0,27.3,14.5,0.0,observed
2025-02-25,4,21.0,27.4,14.3,0.0,observed
2025-02-26,4,21.3,28.1,14.7,0.0,observed
2025-02-27,4,22.1,29.0,15.5,0.0,observed
2025-02-28,4,22.5,30.0,15.3,0.0,observed
2025-03-01,4,22.4,28.7,16.1,0.3,observed
2025-03-02,4,21.9,28.6,15.2,0.0,observed
2025-03-03,4,21.8,28.3,15.0,0.0,observed
2025-03-04,4,21.6,28.5,15.3,0.0,observed
2025-03-05,4,21.9,29.0,15.8,0.0,observed
2025-03-06,4,22.1,29.4,15.1,0.0,observed
2025-03-07,4,22.6,29.9,16.0,0.6,observed
2025-03-08,4,21.7,28.1,16.7,1.1,observed
2025-03-09,4,21.2,27.0,17.0,2.0,observed
2025-03-10,4,19.2,23.5,15.6,18.2,observed
2025-03-11,4,19.7,25.6,15.5,1.4,observed
2025-03-12,4,19.4,24.8,15.8,1.0,observed
2025-03-13,4,19.2,24.6,15.6,1.3,observed
2025-03-14,4,21.0,28.1,14.7,0.0,observed
2025-03-15,4,21.5,28.1,16.2,0.0,observed
2025-03-16,4,21.0,27.1,15.1,0.0,observed
2025-03-17,4,20.4,26.7,15.0,1.4,observed
2025-03-18,4,19.3,25.3,15.5,4.3,observed
2025-03-19,4,18.5,23.4,15.0,12.2,observed
2025-03-20,4,18.2,22.5,15.0,1.9,observed
2025-03-21,4,19.3,25.8,15.1,1.1,observed
2025-03-22,4,19.6,25.5,15.4,2.0,observed
2025-03-23,4,19.6,25.7,15.5,2.0,observed
2025-03-24,4,20.0,26.5,16.1,1.6,observed
2025-03-25,4,19.3,25.5,14.7,1.6,observed
2025-03-26,4,19.1,25.2,15.2,1.4,observed
2025-03-27,4,18.9,25.4,15.0,1.2,observed
2025-03-28,4,17.6,22.7,15.2,3.3,observed
2025-03-29,4,18.4,22.9,15.2,2.1,observed
2025-03-30,4,18.4,22.7,15.0,1.6,observed
2025-03-31,4,17.8,22.1,15.4,12.0,observed
2025-04-01,4,18.7,23.9,15.5,2.1,observed
2025-04-02,4,19.2,24.9,14.7,0.5,observed
2025-04-03,4,19.0,24.5,15.3,3.1,observed
2025-04-04,4,18.6,24.3,15.7,3.2,observed
2025-04-05,4,18.6,24.8,15.8,2.7,observed
2025-04-06,4,16.7,20.2,15.4,7.5,observed
2025-04-07,4,17.9,22.5,15.1,3.5,observed
2025-04-08,4,18.7,23.6,15.0,1.2,observed
2025-04-09,4,19.4,24.8,14.8,0.3,observed
2025-04-10,4,18.5,23.1,15.8,2.0,observed
2025-04-11,4,18.6,24.2,14.3,0.9,observed
2025-04-12,4,18.7,23.3,15.7,1.0,observed
2025-04-13,4,18.4,23.8,15.1,3.1,observed
2025-04-14,4,19.0,24.8,15.2,1.6,observed
2025-04-15,4,18.9,24.6,15.4,2.8,observed
2025-04-16,4,19.1,24.8,15.3,1.4,observed
2025-04-17,4,19.7,25.5,15.0,0.2,observed
2025-04-18,4,19.9,26.8,15.8,1.3,observed
2025-04-19,4,18.7,26.1,15.8,7.5,observed
2025-04-20,4,18.0,23.6,15.0,12.9,observed
2025-04-21,4,17.6,22.3,14.2,4.4,observed
2025-04-22,4,18.0,22.9,15.6,9.6,observed
2025-04-23,4,16.7,20.9,15.3,5.8,observed
2025-04-24,4,17.3,21.2,14.1,1.4,observed
2025-04-25,4,17.3,22.0,14.8,2.7,observed
2025-04-26,4,18.0,23.2,14.2,0.0,observed
2025-04-27,4,18.2,23.5,14.7,0.5,observed
2025-04-28,4,18.9,24.1,14.2,0.1,observed
2025-04-29,4,19.2,25.0,15.8,1.3,observed
2025-04-30,4,18.6,23.9,15.2,1.9,observed
2025-05-01,4,18.8,24.1,15.3,0.3,observed
2025-05-02,4,19.3,25.2,15.0,0.7,observed
2025-05-03,4,19.9,26.4,15.6,0.8,observed
2025-05-04,4,19.2,25.7,15.4,7.3,observed
2025-05-05,4,18.2,22.4,14.8,10.0,observed
2025-05-06,4,17.4,22.5,13.9,11.9,observed
2025-05-07,4,17.8,22.9,14.3,7.7,observed
2025-05-08,4,18.0,23.1,13.7,2.4,observed
2025-05-09,4,18.4,23.1,14.7,1.9,observed
2025-05-10,4,18.2,23.7,15.2,4.2,observed
2025-05-11,4,18.2,23.7,14.3,2.1,observed
2025-05-12,4,18.4,23.8,15.0,8.7,observed
2025-05-13,4,17.4,22.3,14.0,19.2,observed
2025-05-14,4,17.4,22.3,14.0,3.0,observed
2025-05-15,4,17.8,22.3,14.2,1.8,observed
2025-05-16,4,17.9,22.3,14.6,0.6,observed
2025-05-17,4,18.0,23.1,14.4,0.6,observed
2025-05-18,4,17.9,22.8,14.6,2.8,observed
2025-05-19,4,17.8,22.3,14.1,2.3,observed
2025-05-20,4,18.6,23.4,15.2,1.9,observed
2025-05-21,4,18.9,23.7,15.6,0.9,observed
2025-05-22,4,19.0,24.3,15.6,1.2,observed
2025-05-23,4,19.1,24.4,15.4,0.9,observed
2025-05-24,4,19.3,25.4,13.6,0.0,observed
2025-05-25,4,17.9,22.5,14.0,0.4,observed
2025-05-26,4,18.2,24.2,13.1,1.6,observed
2025-05-27,4,17.2,22.2,14.2,6.5,observed
2025-05-28,4,18.3,24.1,14.3,0.1,observed
2025-05-29,4,18.3,23.7,14.3,0.9,observed
2025-05-30,4,18.5,25.0,13.3,0.0,observed
2025-05-31,4,18.1,25.6,12.6,0.0,observed
2025-06-01,4,17.6,22.9,12.9,1.3,observed
2025-06-02,4,18.4,23.2,14.5,1.3,observed
2025-06-03,4,18.7,24.5,14.2,0.1,observed
2025-06-04,4,18.3,24.7,13.7,0.2,observed
2025-06-05,4,18.3,24.3,14.9,2.0,observed
2025-06-06,4,17.4,22.4,14.4,6.5,observed
2025-06-07,4,17.8,22.1,14.5,3.7,observed
2025-06-08,4,17.7,22.8,13.6,1.9,observed
2025-06-09,4,17.2,22.7,13.1,3.0,observed
2025-06-10,4,17.5,23.6,12.4,0.9,observed
2025-06-11,4,17.4,22.9,12.9,1.6,observed
2025-06-12,4,17.7,22.7,14.6,2.4,observed
2025-06-13,4,18.5,25.5,13.5,0.1,observed
2025-06-14,4,17.8,24.8,11.8,0.0,observed
2025-06-15,4,18.3,24.2,13.3,0.0,observed
2025-06-16,4,17.8,23.3,12.2,0.0,observed
2025-06-17,4,18.2,23.7,13.3,0.4,observed
2025-06-18,4,18.4,24.2,12.5,0.5,observed
2025-06-19,4,18.5,23.8,13.9,0.2,observed
2025-06-20,4,17.7,22.6,13.9,9.9,observed
2025-06-21,4,18.1,23.6,12.9,0.3,observed
2025-06-22,4,17.5,22.9,13.6,1.2,observed
2025-06-23,4,17.7,23.0,14.3,0.4,observed
2025-06-24,4,17.2,23.9,11.4,0.0,observed
2025-06-25,4,17.1,23.1,12.1,0.3,observed
2025-06-26,4,17.6,22.4,14.7,3.3,observed
2025-06-27,4,18.6,24.5,14.6,0.6,observed
2025-06-28,4,17.6,23.7,13.6,0.5,observed
2025-06-29,4,16.8,20.4,13.7,0.0,observed
2025-06-30,4,16.3,20.3,12.4,0.0,observed
2025-07-01,4,16.9,22.2,12.6,0.3,observed
2025-07-02,4,17.6,22.6,12.7,0.0,observed
2025-07-03,4,17.2,21.8,13.6,0.5,observed
2025-07-04,4,17.8,22.7,13.8,0.5,observed
2025-07-05,4,17.0,20.9,13.7,1.1,observed
2025-07-06,4,17.5,22.7,13.8,1.3,observed
2025-07-07,4,17.0,21.3,13.9,1.0,observed
2025-07-08,4,16.7,21.6,13.4,1.0,observed
2025-07-09,4,16.2,19.1,13.3,0.1,observed
2025-07-10,4,17.4,21.6,13.8,0.0,observed
2025-07-11,4,17.1,20.7,13.9,1.4,observed
2025-07-12,4,17.3,22.1,13.3,1.2,observed
2025-07-13,4,17.2,21.3,14.0,1.7,observed
2025-07-14,4,17.5,22.3,12.4,1.2,observed
2025-07-15,4,17.6,22.4,12.6,0.6,observed
2025-07-16,4,17.5,21.7,12.9,1.1,observed
2025-07-17,4,17.7,22.9,12.4,0.8,observed
2025-07-18,4,17.3,22.5,12.5,0.6,observed
2025-07-19,4,18.6,25.3,12.5,0.1,observed
2025-07-20,4,17.0,24.2,11.9,0.0,observed
2025-07-21,4,17.3,24.4,11.1,0.0,observed
2025-07-22,4,16.9,23.2,10.9,0.6,observed
2025-07-23,4,15.4,19.1,12.0,0.9,observed
2025-07-24,4,17.2,25.6,10.3,0.0,observed
2025-07-25,4,18.1,25.9,11.8,0.2,observed
2025-07-26,4,18.0,26.1,11.3,0.0,observed
2025-07-27,4,17.6,25.3,10.8,0.0,observed
2025-07-28,4,17.7,26.9,10.8,0.0,observed
2025-07-29,4,17.0,22.7,12.9,0.1,observed
2025-07-30,4,17.2,26.0,11.9,0.0,observed
2025-07-31,4,17.9,25.5,12.6,0.3,observed
2025-08-01,4,17.2,22.2,13.6,0.4,observed
2025-08-02,4,17.1,23.3,12.4,0.9,observed
2025-08-03,4,16.9,22.2,12.2,0.3,observed
2025-08-04,4,17.3,23.9,11.9,0.0,observed
2025-08-05,4,16.5,23.7,10.4,0.0,observed
2025-08-06,4,17.4,25.1,10.6,0.3,observed
2025-08-07,4,18.4,25.3,13.8,0.7,observed
2025-08-08,4,16.1,21.0,13.7,10.5,observed
2025-08-09,4,14.9,17.7,13.5,7.8,observed
2025-08-10,4,16.1,21.2,12.4,0.7,observed
2025-08-11,4,16.3,20.8,12.4,0.3,observed
2025-08-12,4,15.5,18.8,13.2,1.0,observed
2025-08-13,4,16.7,22.0,10.9,0.3,observed
2025-08-14,4,17.2,23.4,10.7,0.5,observed
2025-08-15,4,17.1,22.5,12.6,0.0,observed
2025-08-16,4,17.0,24.3,12.2,4.9,observed
2025-08-17,4,16.7,21.3,12.5,20.4,observed
2025-08-18,4,16.0,19.1,14.4,17.9,observed
2025-08-19,4,15.6,20.0,12.3,2.8,observed
2025-08-20,4,15.8,21.6,11.6,0.1,observed
2025-08-21,4,15.7,20.6,12.6,2.0,observed
2025-08-22,4,16.0,20.9,12.3,0.3,observed
2025-08-23,4,15.1,18.1,11.9,0.2,observed
2025-08-24,4,16.5,21.9,11.4,1.2,observed
2025-08-25,4,17.3,22.2,13.5,1.7,observed
2025-08-26,4,17.4,23.9,12.7,0.5,observed
2025-08-27,4,17.8,23.9,12.5,0.4,observed
2025-08-28,4,17.5,23.8,12.6,0.3,observed
2025-08-29,4,17.2,25.9,10.7,0.0,observed
2025-08-30,4,17.3,24.8,12.5,0.4,observed
2025-08-31,4,17.1,23.8,11.1,0.0,observed
2025-09-01,4,18.0,25.1,12.5,0.1,observed
2025-09-02,4,17.9,25.4,11.1,0.6,observed
2025-09-03,4,17.5,22.9,11.2,0.2,observed
2025-09-04,4,18.3,25.5,11.2,0.7,observed
2025-09-05,4,18.2,24.8,11.8,0.0,observed
2025-09-06,4,19.0,26.4,11.5,0.0,observed
2025-09-07,4,18.3,25.9,11.2,0.0,observed
2025-09-08,4,18.9,25.8,12.4,0.1,observed
2025-09-09,4,18.8,24.6,14.3,1.0,observed
2025-09-10,4,18.9,26.2,12.9,0.5,observed
2025-09-11,4,18.6,25.8,13.4,0.3,observed
2025-09-12,4,18.4,25.8,11.8,0.0,observed
2025-09-13,4,18.7,26.7,11.4,0.1,observed
2025-09-14,4,19.4,27.3,12.6,1.2,observed
2025-09-15,4,18.8,26.2,12.5,0.7,observed
2025-09-16,4,19.1,26.1,12.9,0.5,observed
2025-09-17,4,19.5,26.3,12.7,0.5,observed
2025-09-18,4,18.9,24.9,14.5,2.8,observed
2025-09-19,4,19.2,26.0,14.6,2.5,observed
2025-09-20,4,18.4,26.0,12.1,0.0,observed
2025-09-21,4,18.2,24.0,13.9,1.5,observed
2025-09-22,4,18.4,24.4,12.0,1.1,observed
2025-09-23,4,18.6,26.7,14.5,2.4,observed
2025-09-24,4,18.5,27.1,10.6,0.0,observed
2025-09-25,4,19.3,27.2,12.0,0.1,observed
2025-09-26,4,19.2,26.8,14.1,4.6,observed
2025-09-27,4,19.5,26.2,13.9,0.6,observed
2025-09-28,4,18.9,25.9,13.6,0.4,observed
2025-09-29,4,19.2,27.4,12.9,3.8,observed
2025-09-30,4,19.1,26.9,12.5,0.3,observed
2025-10-01,4,19.4,27.3,11.9,0.0,observed
2025-10-02,4,19.7,27.3,11.8,0.0,observed
2025-10-03,4,19.2,25.8,14.2,0.3,observed
2025-10-04,4,17.2,21.7,14.9,3.5,observed
2025-10-05,4,18.2,23.9,14.4,0.8,observed
2025-10-06,4,18.3,23.9,14.0,0.5,observed
2025-10-07,4,17.8,24.5,14.7,1.3,observed
2025-10-08,4,18.0,23.2,14.1,5.0,observed
2025-10-09,4,18.2,24.2,14.0,3.6,observed
2025-10-10,4,18.4,24.3,14.1,2.7,observed
2025-10-11,4,18.9,26.1,12.9,0.0,observed
2025-10-12,4,19.0,25.5,12.8,0.1,observed
2025-10-13,4,18.9,25.4,13.9,1.0,observed
2025-10-14,4,18.9,25.0,14.2,0.4,observed
2025-10-15,4,19.2,26.5,13.7,0.1,observed
2025-10-16,4,18.9,24.7,13.7,1.5,observed
2025-10-17,4,18.4,24.6,14.4,2.4,observed
2025-10-18,4,18.5,24.0,14.5,2.5,observed
2025-10-19,4,18.4,24.4,13.2,0.5,observed
2025-10-20,4,19.4,26.6,12.0,0.0,observed
2025-10-21,4,20.0,26.5,13.4,0.2,observed
2025-10-22,4,18.5,22.3,15.4,0.4,observed
2025-10-23,4,19.2,25.2,14.9,0.8,observed
2025-10-24,4,18.3,24.3,15.0,2.7,observed
2025-10-25,4,19.2,24.4,15.1,0.6,observed
2025-10-26,4,19.8,25.1,14.1,1.0,observed
2025-10-27,4,19.2,25.3,14.2,1.7,observed
2025-10-28,4,18.7,24.4,15.5,10.4,observed
2025-10-29,4,17.5,22.1,15.6,11.9,observed
2025-10-30,4,17.4,22.7,14.6,4.9,observed
2025-10-31,4,17.3,22.6,14.6,7.4,observed
2025-11-01,4,16.9,20.3,15.1,4.0,observed
2025-11-02,4,17.6,22.2,15.0,5.2,observed
2025-11-03,4,17.7,22.9,14.0,2.8,observed
2025-11-04,4,18.0,24.1,14.5,1.7,observed
2025-11-05,4,18.7,24.7,13.8,0.0,observed
2025-11-06,4,18.8,24.6,14.9,1.1,observed
2025-11-07,4,18.8,24.5,14.7,2.1,observed
2025-11-08,4,18.4,24.9,14.8,2.7,observed
2025-11-09,4,16.3,19.3,14.6,3.3,observed
2025-11-10,4,17.6,23.2,13.1,0.7,observed
2025-11-11,4,18.4,23.6,14.6,0.7,observed
2025-11-12,4,18.2,23.8,14.6,2.9,observed
2025-11-13,4,17.8,22.9,15.0,4.9,observed
2025-11-14,4,17.6,23.8,13.7,1.8,observed
2025-11-15,4,18.6,24.1,14.1,0.9,observed
2025-11-16,4,18.8,24.0,15.3,1.6,observed
2025-11-17,4,18.6,23.8,14.6,1.1,observed
2025-11-18,4,18.2,24.6,15.0,1.9,observed
2025-11-19,4,18.2,24.5,13.4,0.5,observed
2025-11-20,4,18.5,25.2,13.4,0.3,observed
2025-11-21,4,19.0,24.8,14.5,0.4,observed
2025-11-22,4,18.3,24.2,12.6,0.1,observed
2025-11-23,4,17.5,22.4,14.0,4.3,observed
2025-11-24,4,18.1,24.2,12.7,1.0,observed
2025-11-25,4,18.4,24.2,15.0,4.4,observed
2025-11-26,4,17.5,22.3,14.7,9.5,observed
2025-11-27,4,17.7,22.4,14.6,5.3,observed
2025-11-28,4,18.4,23.8,14.6,1.4,observed
2025-11-29,4,18.5,24.2,14.6,0.7,observed
2025-11-30,4,18.9,24.6,14.1,0.2,observed
2025-12-01,4,18.6,24.7,13.3,0.0,observed
2025-12-02,4,18.8,25.8,12.7,0.0,observed
2025-12-03,4,18.9,25.1,13.7,0.5,observed
2025-12-04,4,18.9,24.7,14.7,1.2,observed
2025-12-05,4,18.6,24.6,14.6,1.3,observed
2025-12-06,4,18.4,23.8,14.2,1.3,observed
2025-12-07,4,18.2,23.3,14.0,1.1,observed
2025-12-08,4,17.9,23.4,14.4,1.9,observed
2025-12-09,4,18.5,24.1,13.7,0.1,observed
2025-12-10,4,19.0,25.2,14.3,0.0,observed
2025-12-11,4,19.1,24.5,14.8,0.8,observed
2025-12-12,4,18.9,24.8,14.9,0.5,observed
2025-12-13,4,18.7,25.2,13.8,2.2,observed
2025-12-14,4,17.7,23.0,15.0,4.8,observed
2025-12-15,4,18.7,24.0,14.6,1.3,observed
2025-12-16,4,19.3,24.8,15.3,2.1,observed
2025-12-17,4,19.7,26.2,15.4,1.2,observed
2025-12-18,4,19.4,25.5,14.8,1.9,observed
2025-12-19,4,18.2,24.4,15.1,4.5,observed
2025-12-20,4,18.9,24.5,15.0,2.7,observed
2025-12-21,4,17.4,22.6,15.0,4.0,observed
2025-12-22,4,18.2,23.5,14.7,1.8,observed
2025-12-23,4,18.7,24.6,14.2,0.3,observed
2025-12-24,4,18.9,24.9,14.6,1.3,observed
2025-12-25,4,19.6,25.6,14.4,0.3,observed
2025-12-26,4,21.0,27.5,14.9,0.1,observed
2025-12-27,4,20.3,29.3,15.5,11.7,observed
2025-12-28,4,17.1,22.2,14.9,18.2,observed
2025-12-29,4,18.1,24.4,14.6,2.2,observed
2025-12-30,4,17.7,22.8,13.9,3.5,observed
2025-12-31,4,18.1,23.2,13.7,0.2,observed
2026-01-01,4,17.9,22.9,14.0,1.4,observed
2026-01-02,4,18.7,24.5,13.8,0.0,observed
2026-01-03,4,19.5,26.0,13.9,0.0,observed
2026-01-04,4,19.9,25.7,14.4,0.2,observed
2026-01-05,4,19.8,25.3,14.9,0.1,observed
2026-01-06,4,19.4,25.1,14.0,0.0,observed
2026-01-07,4,20.0,26.3,13.7,0.0,observed
2026-01-08,4,20.0,25.0,15.7,0.0,observed
2026-01-09,4,19.7,24.9,15.0,0.0,observed
2026-01-10,4,19.1,25.4,13.8,1.1,observed
2026-01-11,4,20.1,26.4,14.9,0.2,observed
2026-01-12,4,18.6,24.1,14.2,4.0,observed
2026-01-13,4,19.0,24.6,14.4,0.0,observed
2026-01-14,4,18.8,25.2,12.7,0.0,observed
2026-01-15,4,19.5,26.4,12.8,0.0,observed
2026-01-16,4,20.7,28.3,13.7,0.0,observed
2026-01-17,4,19.9,26.2,15.1,0.9,observed
2026-01-18,4,19.7,25.8,15.0,1.1,observed
2026-01-19,4,19.3,24.6,14.5,0.4,observed
2026-01-20,4,19.9,26.2,14.3,0.0,observed
2026-01-21,4,20.4,27.4,13.6,0.0,observed
2026-01-22,4,19.5,25.2,14.7,0.2,observed
2026-01-23,4,20.3,26.4,14.6,0.0,observed
2026-01-24,4,20.9,28.0,14.0,0.0,observed
2026-01-25,4,21.9,29.5,15.1,0.0,observed
2026-01-26,4,21.7,28.4,15.1,0.0,observed
2026-01-27,4,20.9,27.5,14.8,0.0,observed
2026-01-28,4,20.9,26.6,15.5,0.0,observed
2026-01-29,4,21.6,28.6,15.1,0.0,observed
2026-01-30,4,21.3,27.8,15.2,0.0,observed
2026-01-31,4,21.2,27.4,15.3,0.0,observed
2026-02-01,4,21.2,27.3,15.5,0.0,observed
2026-02-02,4,20.7,26.8,14.7,0.0,observed
2026-02-03,4,21.0,27.4,14.8,0.0,observed
2026-02-04,4,21.2,28.6,14.3,0.0,observed
2026-02-05,4,21.2,27.4,15.9,0.0,observed
2026-02-06,4,21.1,26.5,16.3,0.6,observed
2026-02-07,4,21.2,28.1,14.7,0.0,observed
2026-02-08,4,20.8,27.3,15.2,1.0,observed
2026-02-09,4,20.2,25.7,15.5,0.2,observed
2026-02-10,4,21.2,27.3,16.0,0.0,observed
2026-02-11,4,20.9,27.0,14.6,0.0,observed
2026-02-12,4,21.2,28.2,14.7,0.0,observed
2026-02-13,4,21.4,28.6,14.8,0.0,observed
2026-02-14,4,20.8,27.2,15.6,0.7,observed
2026-02-15,4,20.2,26.7,15.3,1.8,observed
2026-02-16,4,20.1,27.1,14.9,0.2,observed
2026-02-17,4,20.2,25.8,16.2,8.5,observed
2026-02-18,4,19.0,24.1,15.1,1.1,observed
2026-02-19,4,20.2,26.1,14.7,0.1,observed
2026-02-20,4,21.1,27.6,15.3,0.3,observed
2026-02-21,4,18.5,22.7,15.6,2.0,observed
2026-02-22,4,17.8,24.2,14.9,17.4,observed
2026-02-23,4,17.2,20.3,15.1,10.0,observed
2026-02-24,4,17.8,22.6,14.4,4.6,observed
2026-02-25,4,17.6,23.6,14.4,19.7,observed
2026-02-26,4,18.1,23.6,14.4,12.3,observed
2026-02-27,4,18.4,24.3,14.9,8.8,observed
2026-02-28,4,17.6,22.3,14.9,3.6,observed
2026-03-01,4,17.6,22.4,15.0,9.9,observed
2026-03-02,4,17.5,22.3,14.7,5.5,observed
2026-03-03,4,18.1,22.9,15.1,2.5,observed
2026-03-04,4,17.9,22.9,15.1,6.6,observed
2026-03-05,4,17.7,22.4,15.1,12.5,observed
2026-03-06,4,17.5,22.5,15.4,25.8,observed
2026-03-07,4,17.6,22.1,14.0,16.5,observed
2026-03-08,4,18.1,23.4,13.8,2.5,observed
2026-03-09,4,18.2,23.0,14.8,2.2,observed
2026-03-10,4,18.0,23.3,15.3,2.7,observed
2026-03-11,4,18.8,24.0,15.2,0.8,observed
2026-03-12,4,19.0,24.1,15.3,0.2,observed
2026-03-13,4,19.6,25.4,14.5,1.8,observed
2026-03-14,4,18.9,24.0,15.6,2.2,observed
2026-03-15,4,18.9,24.1,15.5,0.7,observed
2026-03-16,4,18.8,24.2,14.5,0.0,observed
2026-03-17,4,19.0,24.9,15.4,1.4,observed
2026-03-18,4,18.9,25.4,15.1,2.8,observed
2026-03-19,4,19.1,24.5,15.2,1.5,observed
2026-03-20,4,17.9,23.2,15.2,22.1,observed
2026-03-21,4,18.1,22.6,15.6,24.0,observed
2026-03-22,4,17.8,22.6,14.9,4.7,observed
2026-03-23,4,17.4,22.0,15.0,6.3,observed
2026-03-24,4,17.5,22.7,14.9,11.4,observed
2026-03-25,4,17.8,22.5,14.9,3.6,observed
2026-03-26,4,18.2,23.1,15.0,1.7,observed
2026-03-27,4,17.2,21.7,14.8,9.9,observed
2026-03-28,4,17.8,22.6,14.8,3.7,observed
2026-03-29,4,18.0,23.1,14.1,0.6,observed
2026-03-30,4,18.2,23.2,15.1,1.1,observed
2026-03-31,4,17.9,22.6,14.8,2.5,observed
2026-04-01,4,18.4,23.4,15.0,1.3,observed
2026-04-02,4,18.5,23.4,14.7,1.1,observed
2026-04-03,4,18.6,23.8,14.2,1.2,observed
2026-04-04,4,18.7,23.9,14.8,1.1,observed
2026-04-05,4,18.1,23.1,14.7,1.8,observed
2026-04-06,4,18.6,23.6,14.1,0.7,observed
2026-04-07,4,18.5,23.5,15.2,2.8,observed
2026-04-08,4,18.8,24.1,15.2,3.0,observed
2026-04-09,4,18.7,24.1,15.0,0.9,observed
2026-04-10,4,18.7,24.4,15.1,3.7,observed
2026-04-11,4,19.3,25.5,14.9,0.6,observed
2026-04-12,4,18.9,24.0,15.5,3.1,observed
2026-04-13,4,18.3,23.7,15.4,5.7,observed
2026-04-14,4,17.8,22.4,15.4,10.5,observed
2026-04-15,4,17.8,22.5,15.3,6.5,observed
2026-04-16,4,17.9,23.1,15.3,6.0,observed
2026-04-17,4,17.4,21.7,14.9,9.6,observed
2026-04-18,4,17.5,21.9,15.0,13.5,observed
2026-04-19,4,17.8,22.1,15.2,6.1,observed
2026-04-20,4,18.1,22.8,15.0,3.5,observed
2026-04-21,4,18.0,22.8,15.0,3.5,observed
2026-04-22,4,18.2,22.9,15.3,2.1,observed
2026-04-23,4,17.2,21.2,14.9,6.4,observed
2026-04-24,4,17.8,22.2,14.2,0.1,observed
2026-04-25,4,17.9,22.3,13.6,1.2,observed
2026-04-26,4,18.1,23.5,14.9,4.8,observed
2026-04-27,4,18.1,22.8,15.5,16.5,observed
2026-04-28,4,17.7,21.4,15.7,44.1,observed
2026-04-29,4,16.5,20.1,14.4,5.7,observed
2026-04-30,4,17.3,21.6,14.9,8.4,observed
2026-05-01,4,17.6,21.9,15.2,6.4,observed
2026-05-02,4,17.8,22.3,15.1,3.9,observed
2026-05-03,4,18.1,22.7,13.4,2.2,observed
2026-05-04,4,18.3,22.9,14.3,1.9,observed
2026-05-05,4,18.5,22.9,15.6,1.7,observed
2026-05-06,4,18.8,23.9,15.5,1.3,observed
2026-05-07,4,18.8,23.8,15.3,0.3,observed
2026-05-08,4,18.9,24.7,15.9,1.3,observed
2026-05-09,4,18.3,23.4,15.8,7.9,observed
2026-05-10,4,18.5,23.7,14.7,0.5,observed
2026-05-11,4,18.9,24.0,14.4,1.2,observed
2026-05-12,4,17.9,22.1,15.3,4.1,observed
2026-05-13,4,18.0,22.8,15.4,5.0,observed
2026-05-14,4,18.2,22.9,15.0,0.4,observed
2026-05-15,4,18.1,22.5,14.5,0.1,observed
2026-05-16,4,18.2,23.4,14.7,4.1,observed
2026-05-17,4,17.9,22.7,14.6,2.7,observed
2026-05-18,4,18.4,23.1,14.8,0.6,observed
2026-05-19,4,18.3,23.4,13.4,0.0,observed
2026-05-20,4,18.6,24.3,13.9,0.0,observed
2026-05-21,4,18.5,24.1,14.9,0.5,observed
2026-05-22,4,19.0,25.2,14.2,0.6,observed
2026-05-23,4,18.9,24.5,15.4,0.5,observed
2026-05-24,4,18.8,23.9,14.2,0.2,observed
2026-05-25,4,17.9,22.9,14.7,0.4,observed
2026-05-26,4,17.8,23.4,13.8,0.6,observed
2026-05-27,4,17.6,21.9,14.6,0.6,observed
2026-05-28,4,17.9,22.6,14.3,0.7,observed
2026-05-29,4,17.7,22.7,13.3,0.2,observed
2026-05-30,4,17.3,22.4,15.1,2.4,observed
2026-05-31,4,18.0,22.6,14.9,2.7,observed
2026-06-01,4,17.4,20.7,14.8,6.2,observed
2026-06-02,4,17.2,21.6,14.9,4.8,observed
2026-06-03,4,17.2,20.9,14.4,0.6,observed
2026-06-04,4,17.9,22.6,14.4,2.6,observed
2026-06-05,4,17.9,24.1,12.4,0.2,observed
2026-06-06,4,18.8,25.0,14.4,0.1,observed
2026-06-07,4,18.2,24.6,14.1,0.1,observed
2026-06-08,4,18.2,24.4,13.9,0.2,observed
2026-06-09,4,17.9,24.8,12.9,0.0,observed
2026-06-10,4,17.9,23.5,13.6,0.2,observed
2026-06-11,4,17.9,23.6,13.8,0.1,observed
2026-06-12,4,18.4,24.5,14.3,0.9,observed
2026-06-13,4,17.1,22.1,14.6,2.3,observed
2026-06-14,4,16.4,20.9,12.6,0.3,observed
2026-06-15,4,16.9,23.4,12.0,0.3,observed
2026-06-16,4,16.8,23.3,10.1,0.0,observed
2026-06-17,4,16.4,20.7,11.7,1.0,observed
2026-06-18,4,17.0,22.3,12.8,0.3,observed
2026-06-19,4,17.7,23.0,13.4,0.7,observed
2026-06-20,4,17.6,22.2,13.9,0.3,observed
2026-06-21,4,17.0,21.8,13.5,0.9,observed
2026-06-22,4,16.0,20.4,12.4,0.1,observed
2026-06-23,4,16.2,21.9,11.2,0.0,observed
2026-06-24,4,16.4,21.2,11.9,2.3,observed
2026-06-25,4,17.2,23.0,12.2,1.5,observed
2026-06-26,4,18.0,23.9,12.6,0.3,observed
2026-06-27,4,17.3,23.9,11.5,0.3,observed
2026-06-28,4,17.4,23.7,11.6,0.1,observed
2026-06-29,4,16.8,23.2,11.6,0.0,observed
2026-06-30,4,17.2,21.7,13.7,0.8,observed
2026-07-01,4,16.6,23.1,13.2,0.1,observed
2026-07-02,4,17.6,24.0,11.1,0.8,observed
2026-07-03,4,18.3,24.9,12.8,1.0,observed
2026-07-04,4,17.5,23.8,12.8,1.5,observed
2026-07-05,4,16.2,20.8,13.4,0.0,observed
2026-07-06,4,17.1,23.8,12.1,0.1,observed
2026-07-07,4,16.5,22.2,11.0,0.4,observed
2026-07-08,4,17.4,23.5,12.7,0.2,observed
2026-07-09,4,17.6,23.8,12.9,0.5,observed
2026-07-10,4,17.0,22.8,13.0,0.8,observed
2026-07-11,4,16.6,20.3,14.5,1.9,observed
2026-07-12,4,17.1,22.2,12.6,0.2,observed
2026-07-13,4,17.6,23.7,11.9,0.1,observed
2026-07-14,4,17.2,23.9,11.4,0.0,observed
2026-07-15,4,17.8,24.0,13.3,0.0,observed
2026-07-16,4,18.5,25.2,12.4,0.7,observed
2026-07-17,4,16.9,23.9,11.6,0.0,observed
2026-07-18,4,18.0,23.9,12.3,0.8,observed
2026-07-19,4,18.2,24.7,11.7,0.0,observed
2026-07-20,4,17.1,23.7,11.9,0.1,observed
2026-07-21,4,18.0,24.6,12.3,0.6,observed
2026-07-22,4,17.3,23.2,11.7,0.0,observed
2026-07-23,4,16.8,23.1,12.1,0.2,observed
2026-07-24,4,17.7,23.6,12.7,1.2,observed
2026-07-25,4,17.0,23.3,12.4,0.1,observed
2026-07-26,4,16.0,20.7,12.0,0.8,observed
2026-07-27,4,16.1,21.1,12.7,0.3,observed
2026-07-28,4,16.1,21.4,11.0,0.0,observed
2026-07-29,4,17.0,23.2,12.1,0.1,observed
2026-07-30,4,17.4,23.8,11.6,0.8,observed
2026-07-31,4,17.5,24.2,12.2,2.1,observed
2026-08-01,4,16.6,23.6,12.0,0.6,observed
2026-08-02,4,16.4,22.4,12.5,1.0,observed
2026-08-03,4,15.5,20.2,11.3,0.0,observed
2026-08-04,4,15.3,19.1,11.6,0.5,observed
2026-08-05,4,17.0,23.9,10.7,0.0,observed
2026-08-06,4,16.6,23.9,11.3,0.0,observed
2026-08-07,4,17.0,22.4,12.0,0.0,observed
2026-08-08,4,16.9,23.5,11.7,0.0,observed
2026-08-09,4,16.8,22.0,12.6,0.5,observed
2026-08-10,4,16.8,26.3,11.3,0.3,observed
2026-08-11,4,17.1,24.7,10.4,0.0,observed
2026-08-12,4,18.1,25.8,10.4,0.0,observed
2026-08-13,4,18.0,25.0,11.0,0.0,observed
2026-08-14,4,18.1,25.9,10.5,0.0,observed
2026-08-15,4,17.3,23.4,11.4,0.0,observed
2026-08-16,4,16.6,19.7,13.8,0.4,observed
2026-08-17,4,17.1,22.7,13.3,0.2,observed
2026-08-18,4,17.0,21.1,13.8,2.1,observed
2026-08-19,4,17.1,21.7,14.3,4.0,observed
2026-08-20,4,17.1,23.6,12.2,0.1,observed
2026-08-21,4,16.9,23.5,10.4,0.0,observed
2026-08-22,4,18.3,25.8,11.0,0.0,observed
2026-08-23,4,19.1,25.3,14.8,2.2,observed
2026-08-24,4,19.2,25.4,15.3,0.4,observed
2026-08-25,4,18.3,25.6,11.7,0.0,observed
2026-08-26,4,18.1,25.8,11.2,0.0,observed
2026-08-27,4,17.5,24.9,10.8,0.0,observed
2026-08-28,4,17.5,24.4,11.1,0.0,observed
2026-08-29,4,17.0,26.0,10.0,0.2,observed
2026-08-30,4,17.5,24.1,12.5,0.2,observed
2026-08-31,4,16.0,19.8,12.7,4.4,observed
2026-09-01,4,16.7,22.1,12.6,3.8,observed
2026-09-02,4,17.6,24.6,13.2,0.3,observed
2026-09-03,4,16.8,23.8,11.3,0.0,observed
2026-09-04,4,17.8,25.4,11.4,0.5,observed
2026-09-05,4,18.8,25.7,12.2,0.1,observed
2026-09-06,4,18.7,26.0,12.5,0.0,observed
2026-09-07,4,18.6,25.3,11.8,0.0,observed
2026-09-08,4,16.3,20.4,12.0,0.8,observed
2026-09-09,4,16.2,20.4,12.0,1.3,observed
2026-09-10,4,17.6,22.6,13.1,1.5,observed
2026-09-11,4,17.9,22.7,14.5,0.7,observed
2026-09-12,4,17.4,22.3,14.4,6.4,observed
2026-09-13,4,18.1,24.3,13.9,0.3,observed
2026-09-14,4,18.5,24.9,12.4,0.2,observed
2026-09-15,4,16.5,19.5,14.1,0.7,observed
2026-09-16,4,16.6,20.3,13.3,3.0,observed
2026-09-17,4,17.5,23.8,13.8,0.1,observed
2026-09-18,4,16.0,19.7,12.2,4.1,observed
2026-09-19,4,17.6,23.9,13.4,1.5,observed
2026-09-20,4,16.6,21.3,12.5,4.0,observed
2026-09-21,4,16.9,20.9,14.8,6.6,observed
2026-09-22,4,18.2,23.7,14.4,0.8,observed
2026-09-23,4,17.8,23.5,13.6,0.9,observed
2026-09-24,4,18.6,25.4,12.0,0.0,observed
2026-09-25,4,18.7,26.6,12.4,0.2,observed
2026-09-26,4,18.9,27.1,13.2,0.0,observed
2026-09-27,4,19.3,26.3,14.2,0.1,observed
2026-09-28,4,19.2,25.9,15.6,3.4,observed
2026-09-29,4,18.9,24.3,15.5,3.9,observed
2026-09-30,4,18.7,26.1,13.2,0.0,observed
2026-10-01,4,19.5,27.5,12.3,0.0,observed
2026-10-02,4,19.6,26.9,13.2,0.0,observed
2026-10-03,4,20.3,27.9,13.6,0.0,observed
2026-10-04,4,19.9,26.4,14.6,0.3,forecast
2026-10-05,4,20.1,27.0,15.3,1.7,forecast
2026-10-06,4,19.2,25.7,15.3,4.3,forecast
2026-10-07,4,17.9,24.8,15.1,9.6,forecast
2026-10-08,4,17.5,22.8,15.0,18.7,forecast
2026-10-09,4,17.2,22.3,14.8,16.3,forecast
2026-10-10,4,17.7,22.4,15.2,19.8,forecast
2026-10-11,4,17.6,21.9,15.0,25.8,forecast
2026-10-12,4,18.5,23.8,15.0,3.4,forecast
2026-10-13,4,17.6,22.3,14.9,26.0,forecast
2026-10-14,4,16.0,18.2,14.8,23.2,forecast
2026-10-15,4,17.5,22.3,14.9,22.4,forecast
2026-10-16,4,17.7,22.7,15.1,25.8,forecast
2026-10-17,4,18.7,24.1,15.0,5.0,forecast
2026-10-18,4,19.0,24.7,15.4,2.5,forecast
