date,cell,tmean,tmax,tmin,precip,kind
2025-01-01,0,18.8,23.5,14.8,0.1,observed
2025-01-02,0,17.4,21.0,13.7,0.0,observed
2025-01-03,0,21.2,30.2,12.7,0.0,observed
2025-01-04,0,27.4,37.8,17.4,0.0,observed
2025-01-05,0,28.1,35.7,20.4,3.8,observed
2025-01-06,0,19.0,23.8,15.5,13.5,observed
2025-01-07,0,20.4,26.5,15.7,0.4,observed
2025-01-08,0,22.7,30.2,14.4,0.0,observed
2025-01-09,0,24.6,31.0,19.2,0.0,observed
2025-01-10,0,23.7,28.2,20.1,0.0,observed
2025-01-11,0,26.5,34.0,19.5,3.3,observed
2025-01-12,0,23.0,28.5,19.5,12.8,observed
2025-01-13,0,21.8,27.3,18.3,0.3,observed
2025-01-14,0,21.8,26.6,16.8,0.1,observed
2025-01-15,0,20.3,23.2,16.2,4.4,observed
2025-01-16,0,18.3,21.5,15.7,0.6,observed
2025-01-17,0,19.9,23.9,16.4,1.7,observed
2025-01-18,0,22.5,30.7,15.1,0.0,observed
2025-01-19,0,25.5,34.1,17.1,0.0,observed
2025-01-20,0,26.0,33.8,19.8,0.0,observed
2025-01-21,0,24.6,34.3,18.9,0.1,observed
2025-01-22,0,19.6,23.3,15.7,0.0,observed
2025-01-23,0,17.4,21.0,14.5,1.4,observed
2025-01-24,0,19.2,23.5,15.8,0.7,observed
2025-01-25,0,20.8,26.8,16.8,0.1,observed
2025-01-26,0,20.8,25.9,17.4,0.1,observed
2025-01-27,0,27.3,38.0,18.5,0.7,observed
2025-01-28,0,19.9,23.4,16.9,0.1,observed
2025-01-29,0,18.0,22.1,14.8,0.0,observed
2025-01-30,0,18.4,22.4,14.8,0.0,observed
2025-01-31,0,19.7,24.2,16.3,0.0,observed
2025-02-01,0,23.4,31.3,15.1,0.0,observed
2025-02-02,0,29.7,38.4,23.1,1.6,observed
2025-02-03,0,29.8,37.8,22.8,3.6,observed
2025-02-04,0,25.8,35.8,19.0,0.2,observed
2025-02-05,0,20.6,24.1,17.5,0.1,observed
2025-02-06,0,25.7,34.8,17.8,0.0,observed
2025-02-07,0,21.8,26.8,18.3,0.6,observed
2025-02-08,0,20.0,22.7,17.8,0.5,observed
2025-02-09,0,21.6,27.2,17.6,0.5,observed
2025-02-10,0,21.8,28.1,17.7,0.2,observed
2025-02-11,0,24.4,30.5,18.3,0.1,observed
2025-02-12,0,26.7,34.2,19.1,0.0,observed
2025-02-13,0,27.5,34.1,21.3,1.9,observed
2025-02-14,0,19.7,23.7,16.1,2.0,observed
2025-02-15,0,15.9,18.6,13.5,6.3,observed
2025-02-16,0,16.1,19.6,13.2,2.2,observed
2025-02-17,0,17.7,23.0,13.3,0.0,observed
2025-02-18,0,17.5,22.1,14.0,1.0,observed
2025-02-19,0,17.2,19.9,15.1,0.9,observed
2025-02-20,0,17.4,20.9,14.1,0.0,observed
2025-02-21,0,22.3,32.5,12.5,0.0,observed
2025-02-22,0,28.4,33.8,21.4,0.4,observed
2025-02-23,0,26.0,31.3,18.2,1.8,observed
2025-02-24,0,19.5,23.7,16.4,0.0,observed
2025-02-25,0,20.2,28.1,14.9,0.0,observed
2025-02-26,0,23.9,34.5,16.4,0.0,observed
2025-02-27,0,21.3,28.2,17.6,0.0,observed
2025-02-28,0,21.8,27.9,17.5,0.0,observed
2025-03-01,0,20.4,27.3,16.3,0.0,observed
2025-03-02,0,18.7,22.0,15.0,0.4,observed
2025-03-03,0,17.9,22.3,14.9,0.0,observed
2025-03-04,0,22.9,32.4,13.9,0.0,observed
2025-03-05,0,24.4,33.6,19.5,0.0,observed
2025-03-06,0,21.4,24.8,18.6,0.1,observed
2025-03-07,0,23.3,29.4,17.7,0.0,observed
2025-03-08,0,25.1,33.8,18.0,0.0,observed
2025-03-09,0,27.3,34.6,20.1,0.3,observed
2025-03-10,0,26.6,33.4,22.6,1.4,observed
2025-03-11,0,26.4,33.5,20.7,0.0,observed
2025-03-12,0,25.6,33.5,19.2,2.4,observed
2025-03-13,0,20.6,26.1,17.0,1.8,observed
2025-03-14,0,21.5,28.5,16.8,0.0,observed
2025-03-15,0,27.0,34.7,19.2,2.0,observed
2025-03-16,0,19.0,24.0,13.6,23.5,observed
2025-03-17,0,16.4,20.0,13.5,0.1,observed
2025-03-18,0,18.6,25.1,14.2,0.1,observed
2025-03-19,0,22.8,30.8,15.7,0.0,observed
2025-03-20,0,23.5,27.0,17.5,29.8,observed
2025-03-21,0,17.6,20.7,14.9,1.4,observed
2025-03-22,0,17.6,22.0,14.4,0.0,observed
2025-03-23,0,18.3,22.9,14.8,0.0,observed
2025-03-24,0,18.1,21.5,15.1,0.0,observed
2025-03-25,0,17.8,23.0,13.9,0.0,observed
2025-03-26,0,18.0,21.9,15.8,0.0,observed
2025-03-27,0,18.8,23.5,15.5,0.0,observed
2025-03-28,0,22.1,29.2,15.4,0.1,observed
2025-03-29,0,20.3,22.1,18.0,3.2,observed
2025-03-30,0,18.9,22.0,16.2,0.3,observed
2025-03-31,0,17.9,21.8,15.0,0.1,observed
2025-04-01,0,18.0,23.8,13.8,0.0,observed
2025-04-02,0,17.9,24.3,12.6,0.0,observed
2025-04-03,0,17.3,20.7,14.5,0.8,observed
2025-04-04,0,15.6,18.7,13.1,0.6,observed
2025-04-05,0,15.5,19.1,11.7,3.0,observed
2025-04-06,0,16.0,21.3,10.7,0.5,observed
2025-04-07,0,15.7,18.8,13.0,0.6,observed
2025-04-08,0,16.2,20.5,13.2,0.3,observed
2025-04-09,0,17.1,22.9,12.9,0.0,observed
2025-04-10,0,20.3,26.7,14.6,0.0,observed
2025-04-11,0,18.5,22.1,15.3,0.1,observed
2025-04-12,0,20.5,29.8,13.7,0.0,observed
2025-04-13,0,23.7,29.7,19.6,0.0,observed
2025-04-14,0,19.4,22.7,16.4,0.0,observed
2025-04-15,0,19.4,26.2,13.7,0.0,observed
2025-04-16,0,21.5,28.2,16.4,0.0,observed
2025-04-17,0,23.0,29.7,18.0,0.0,observed
2025-04-18,0,22.4,28.9,17.8,0.1,observed
2025-04-19,0,21.8,27.2,17.5,0.1,observed
2025-04-20,0,20.3,24.8,15.8,0.7,observed
2025-04-21,0,17.6,22.1,14.2,0.6,observed
2025-04-22,0,17.3,20.8,15.1,0.5,observed
2025-04-23,0,18.0,23.8,13.6,0.1,observed
2025-04-24,0,20.5,25.9,15.5,0.0,observed
2025-04-25,0,20.4,25.0,17.6,8.2,observed
2025-04-26,0,17.8,19.9,15.9,2.8,observed
2025-04-27,0,16.2,19.0,13.8,0.2,observed
2025-04-28,0,15.6,17.6,14.1,1.0,observed
2025-04-29,0,16.0,19.3,14.1,1.3,observed
2025-04-30,0,15.0,18.9,12.3,0.4,observed
2025-05-01,0,14.1,18.9,10.8,0.0,observed
2025-05-02,0,15.6,20.9,11.6,0.0,observed
2025-05-03,0,14.7,22.3,8.6,0.0,observed
2025-05-04,0,16.3,22.6,11.5,0.0,observed
2025-05-05,0,19.4,24.5,15.0,0.0,observed
2025-05-06,0,20.2,25.1,16.6,0.0,observed
2025-05-07,0,16.1,19.3,12.7,2.4,observed
2025-05-08,0,14.1,17.9,11.0,0.1,observed
2025-05-09,0,14.8,19.2,12.5,0.0,observed
2025-05-10,0,15.5,21.2,12.6,0.0,observed
2025-05-11,0,16.0,22.9,10.5,0.0,observed
2025-05-12,0,16.1,22.6,12.3,0.0,observed
2025-05-13,0,16.3,22.6,11.8,0.0,observed
2025-05-14,0,15.4,21.0,11.9,0.0,observed
2025-05-15,0,14.9,18.9,12.4,0.0,observed
2025-05-16,0,14.3,18.4,10.9,0.4,observed
2025-05-17,0,12.8,14.0,9.8,4.1,observed
2025-05-18,0,11.0,15.0,8.3,0.1,observed
2025-05-19,0,10.6,15.7,7.3,0.0,observed
2025-05-20,0,11.6,18.3,6.2,0.0,observed
2025-05-21,0,11.3,17.0,7.3,0.0,observed
2025-05-22,0,12.8,17.7,9.1,0.0,observed
2025-05-23,0,14.4,17.7,11.3,4.2,observed
2025-05-24,0,15.4,18.9,13.2,0.7,observed
2025-05-25,0,14.4,19.2,9.3,0.0,observed
2025-05-26,0,16.3,20.2,12.9,0.2,observed
2025-05-27,0,12.7,15.2,10.6,3.6,observed
2025-05-28,0,13.7,14.7,12.8,2.2,observed
2025-05-29,0,14.1,17.3,11.2,0.5,observed
2025-05-30,0,13.8,16.9,11.6,0.1,observed
2025-05-31,0,13.5,17.4,10.4,0.0,observed
2025-06-01,0,12.6,19.8,7.4,0.0,observed
2025-06-02,0,13.8,19.0,10.5,0.0,observed
2025-06-03,0,12.0,14.1,10.1,2.6,observed
2025-06-04,0,11.2,14.0,9.3,0.4,observed
2025-06-05,0,11.9,15.3,9.1,0.0,observed
2025-06-06,0,11.3,13.1,9.4,0.5,observed
2025-06-07,0,11.2,14.1,8.9,9.4,observed
2025-06-08,0,10.3,11.6,8.8,11.2,observed
2025-06-09,0,12.0,13.9,10.1,5.5,observed
2025-06-10,0,11.4,14.2,9.0,1.3,observed
2025-06-11,0,10.5,14.2,7.6,0.4,observed
2025-06-12,0,11.1,15.3,8.7,0.3,observed
2025-06-13,0,10.9,15.7,7.0,0.0,observed
2025-06-14,0,9.1,14.0,4.6,0.0,observed
2025-06-15,0,10.1,13.9,7.5,0.2,observed
2025-06-16,0,11.4,15.0,8.5,1.4,observed
2025-06-17,0,10.9,13.5,8.1,2.3,observed
2025-06-18,0,10.1,13.5,7.8,0.2,observed
2025-06-19,0,9.7,14.4,6.8,0.0,observed
2025-06-20,0,10.6,17.2,5.4,0.0,observed
2025-06-21,0,9.2,15.2,6.0,0.0,observed
2025-06-22,0,9.2,14.8,4.0,0.1,observed
2025-06-23,0,14.3,18.3,10.3,1.2,observed
2025-06-24,0,11.8,14.6,10.3,4.9,observed
2025-06-25,0,9.1,10.6,6.9,8.1,observed
2025-06-26,0,10.7,13.7,8.4,0.4,observed
2025-06-27,0,10.7,14.3,7.9,0.5,observed
2025-06-28,0,11.5,14.3,9.0,0.1,observed
2025-06-29,0,10.5,13.1,8.6,3.9,observed
2025-06-30,0,10.7,13.1,8.7,0.6,observed
2025-07-01,0,11.0,14.5,8.6,0.7,observed
2025-07-02,0,9.6,11.6,8.0,13.7,observed
2025-07-03,0,10.8,13.9,8.8,0.9,observed
2025-07-04,0,10.5,16.3,6.0,0.0,observed
2025-07-05,0,10.8,16.1,7.1,0.0,observed
2025-07-06,0,11.3,14.9,9.3,0.2,observed
2025-07-07,0,11.3,16.6,7.4,0.0,observed
2025-07-08,0,11.2,15.2,8.8,2.2,observed
2025-07-09,0,9.6,13.2,6.2,0.5,observed
2025-07-10,0,9.3,11.4,8.0,7.3,observed
2025-07-11,0,11.7,15.5,9.5,2.6,observed
2025-07-12,0,11.6,16.0,8.2,0.3,observed
2025-07-13,0,11.7,15.7,9.9,4.8,observed
2025-07-14,0,10.5,13.5,8.7,0.7,observed
2025-07-15,0,10.0,12.9,8.2,0.9,observed
2025-07-16,0,10.5,13.7,8.1,0.9,observed
2025-07-17,0,10.7,13.9,8.3,2.0,observed
2025-07-18,0,9.7,15.2,6.0,0.0,observed
2025-07-19,0,9.1,14.4,5.8,1.0,observed
2025-07-20,0,9.8,14.1,6.3,0.0,observed
2025-07-21,0,10.5,15.3,6.0,0.0,observed
2025-07-22,0,12.8,15.1,9.9,7.1,observed
2025-07-23,0,9.7,11.8,7.9,2.2,observed
2025-07-24,0,10.1,15.4,6.6,0.6,observed
2025-07-25,0,8.8,11.6,5.5,1.0,observed
2025-07-26,0,10.4,12.1,8.3,12.9,observed
2025-07-27,0,9.9,12.5,7.5,4.5,observed
2025-07-28,0,11.0,13.7,8.5,7.9,observed
2025-07-29,0,10.0,13.1,7.9,0.8,observed
2025-07-30,0,9.8,13.5,7.1,0.2,observed
2025-07-31,0,10.1,14.1,7.1,0.1,observed
2025-08-01,0,9.5,13.6,6.8,0.0,observed
2025-08-02,0,10.1,14.7,7.7,0.0,observed
2025-08-03,0,11.2,18.3,6.7,0.0,observed
2025-08-04,0,12.8,16.7,7.8,0.1,observed
2025-08-05,0,12.0,15.7,9.3,2.4,observed
2025-08-06,0,10.7,14.2,8.1,0.9,observed
2025-08-07,0,10.1,13.8,7.3,0.2,observed
2025-08-08,0,11.2,15.1,8.7,0.1,observed
2025-08-09,0,10.7,16.9,6.7,0.0,observed
2025-08-10,0,11.2,17.7,7.3,0.0,observed
2025-08-11,0,11.4,17.9,6.1,0.0,observed
2025-08-12,0,10.8,14.5,7.1,7.2,observed
2025-08-13,0,11.0,14.5,8.7,0.7,observed
2025-08-14,0,12.3,17.7,8.8,0.1,observed
2025-08-15,0,11.2,16.2,8.2,4.2,observed
2025-08-16,0,9.0,11.6,6.9,3.7,observed
2025-08-17,0,9.5,13.5,5.8,0.7,observed
2025-08-18,0,9.6,13.2,7.2,0.0,observed
2025-08-19,0,9.9,15.9,4.8,0.0,observed
2025-08-20,0,11.1,17.9,6.8,0.0,observed
2025-08-21,0,12.6,19.9,5.7,0.0,observed
2025-08-22,0,13.2,16.6,10.2,0.0,observed
2025-08-23,0,11.1,14.6,8.3,0.2,observed
2025-08-24,0,10.6,15.0,7.8,0.0,observed
2025-08-25,0,11.9,17.9,6.8,0.0,observed
2025-08-26,0,13.4,15.8,11.9,9.6,observed
2025-08-27,0,11.5,13.9,9.8,4.2,observed
2025-08-28,0,11.1,13.7,9.5,5.2,observed
2025-08-29,0,10.3,13.7,8.4,4.3,observed
2025-08-30,0,10.1,12.6,8.3,5.5,observed
2025-08-31,0,11.9,15.5,9.3,2.2,observed
2025-09-01,0,11.7,15.5,7.5,0.6,observed
2025-09-02,0,13.1,16.4,8.8,0.3,observed
2025-09-03,0,13.6,17.2,11.1,1.1,observed
2025-09-04,0,10.9,13.3,7.4,3.9,observed
2025-09-05,0,10.0,14.3,6.8,0.0,observed
2025-09-06,0,12.8,19.7,4.8,0.1,observed
2025-09-07,0,17.0,20.1,14.7,4.1,observed
2025-09-08,0,14.6,18.3,11.2,0.4,observed
2025-09-09,0,12.1,15.9,9.4,0.6,observed
2025-09-10,0,10.8,13.9,8.8,0.4,observed
2025-09-11,0,11.8,14.9,9.4,0.5,observed
2025-09-12,0,12.1,16.6,8.0,0.6,observed
2025-09-13,0,13.7,18.1,10.1,0.3,observed
2025-09-14,0,14.9,20.1,9.2,0.0,observed
2025-09-15,0,18.3,22.4,13.9,0.0,observed
2025-09-16,0,14.5,18.3,10.4,4.6,observed
2025-09-17,0,12.2,15.9,9.7,0.6,observed
2025-09-18,0,13.8,19.0,7.7,0.0,observed
2025-09-19,0,16.0,21.9,11.5,1.2,observed
2025-09-20,0,12.2,15.7,9.0,0.6,observed
2025-09-21,0,12.9,15.7,9.8,4.2,observed
2025-09-22,0,10.9,13.7,8.3,2.1,observed
2025-09-23,0,13.6,17.6,9.8,0.2,observed
2025-09-24,0,14.1,17.0,11.8,0.9,observed
2025-09-25,0,13.9,17.3,11.1,1.6,observed
2025-09-26,0,15.7,21.1,11.5,1.0,observed
2025-09-27,0,13.6,18.6,8.8,0.0,observed
2025-09-28,0,12.3,16.5,9.2,0.1,observed
2025-09-29,0,14.9,21.8,7.7,0.1,observed
2025-09-30,0,15.7,18.9,12.6,2.8,observed
2025-10-01,0,13.9,17.2,10.3,2.6,observed
2025-10-02,0,12.5,15.0,9.9,5.0,observed
2025-10-03,0,14.1,18.0,11.2,1.0,observed
2025-10-04,0,16.4,23.9,9.8,0.0,observed
2025-10-05,0,19.4,25.5,14.8,6.4,observed
2025-10-06,0,13.3,16.5,10.3,4.0,observed
2025-10-07,0,13.5,19.4,8.0,0.0,observed
2025-10-08,0,15.1,20.5,9.8,0.0,observed
2025-10-09,0,15.6,20.3,11.5,0.2,observed
2025-10-10,0,16.4,20.9,12.4,0.6,observed
2025-10-11,0,15.7,19.6,12.6,1.6,observed
2025-10-12,0,13.6,17.7,9.7,6.6,observed
2025-10-13,0,12.7,17.6,8.1,0.4,observed
2025-10-14,0,14.7,20.5,9.7,0.0,observed
2025-10-15,0,15.3,23.0,9.2,0.0,observed
2025-10-16,0,19.8,28.4,11.4,0.3,observed
2025-10-17,0,15.4,19.5,11.9,0.1,observed
2025-10-18,0,15.2,19.6,10.1,0.0,observed
2025-10-19,0,20.2,27.1,15.2,0.8,observed
2025-10-20,0,15.8,19.1,11.8,4.3,observed
2025-10-21,0,16.6,23.3,11.2,0.0,observed
2025-10-22,0,16.4,21.8,11.7,12.0,observed
2025-10-23,0,13.7,18.0,11.0,0.5,observed
2025-10-24,0,13.6,18.2,10.0,0.5,observed
2025-10-25,0,14.5,19.6,10.3,0.5,observed
2025-10-26,0,15.9,18.4,12.4,24.3,observed
2025-10-27,0,11.6,15.1,8.2,3.0,observed
2025-10-28,0,11.8,18.0,6.0,0.0,observed
2025-10-29,0,14.1,19.4,9.5,0.0,observed
2025-10-30,0,17.8,24.8,10.3,0.0,observed
2025-10-31,0,17.9,20.7,14.8,1.8,observed
2025-11-01,0,16.9,22.4,13.1,0.0,observed
2025-11-02,0,20.6,29.0,13.0,0.5,observed
2025-11-03,0,13.9,16.7,12.3,26.1,observed
2025-11-04,0,12.7,15.5,10.8,10.2,observed
2025-11-05,0,14.8,19.3,10.9,2.3,observed
2025-11-06,0,17.2,22.8,10.6,1.2,observed
2025-11-07,0,19.3,26.4,14.3,2.4,observed
2025-11-08,0,12.4,13.2,11.3,15.9,observed
2025-11-09,0,13.5,16.5,11.0,2.6,observed
2025-11-10,0,13.7,17.9,10.6,5.8,observed
2025-11-11,0,10.8,13.2,8.4,17.3,observed
2025-11-12,0,14.1,20.0,7.6,0.0,observed
2025-11-13,0,15.8,22.0,10.3,0.0,observed
2025-11-14,0,13.9,17.8,10.5,0.1,observed
2025-11-15,0,16.7,22.2,11.8,3.7,observed
2025-11-16,0,15.3,18.5,12.0,7.2,observed
2025-11-17,0,14.3,17.5,11.4,4.0,observed
2025-11-18,0,16.6,20.4,12.9,2.1,observed
2025-11-19,0,16.3,20.9,12.4,0.2,observed
2025-11-20,0,13.2,16.3,10.3,0.5,observed
2025-11-21,0,13.9,18.8,9.6,0.0,observed
2025-11-22,0,17.2,24.9,11.5,7.1,observed
2025-11-23,0,17.2,21.0,14.8,8.0,observed
2025-11-24,0,20.2,25.9,14.0,0.4,observed
2025-11-25,0,20.2,24.2,15.5,0.0,observed
2025-11-26,0,17.0,20.6,14.0,2.5,observed
2025-11-27,0,15.3,18.7,12.4,1.5,observed
2025-11-28,0,16.8,23.8,11.1,7.8,observed
2025-11-29,0,15.1,18.1,12.3,11.3,observed
2025-11-30,0,13.3,16.3,10.3,5.4,observed
2025-12-01,0,12.9,14.7,11.2,11.3,observed
2025-12-02,0,14.8,19.0,10.5,2.2,observed
2025-12-03,0,20.1,27.3,11.5,0.0,observed
2025-12-04,0,22.1,28.8,14.1,0.0,observed
2025-12-05,0,17.6,25.2,13.4,0.0,observed
2025-12-06,0,15.8,19.7,11.6,6.8,observed
2025-12-07,0,15.1,19.9,10.0,0.1,observed
2025-12-08,0,19.7,25.2,13.2,0.0,observed
2025-12-09,0,17.2,20.7,12.8,0.3,observed
2025-12-10,0,15.1,18.3,11.1,0.0,observed
2025-12-11,0,16.0,21.2,10.5,0.0,observed
2025-12-12,0,23.0,30.1,13.5,0.0,observed
2025-12-13,0,22.8,29.6,15.1,0.3,observed
2025-12-14,0,16.4,20.3,12.9,0.3,observed
2025-12-15,0,14.9,18.5,12.1,0.0,observed
2025-12-16,0,16.0,20.4,12.6,0.0,observed
2025-12-17,0,21.5,31.9,12.2,0.0,observed
2025-12-18,0,25.5,34.6,17.9,0.0,observed
2025-12-19,0,27.1,33.3,22.1,1.1,observed
2025-12-20,0,18.4,22.7,13.4,0.5,observed
2025-12-21,0,16.9,26.9,12.8,20.9,observed
2025-12-22,0,16.2,20.6,12.1,0.5,observed
2025-12-23,0,16.9,21.2,13.5,1.1,observed
2025-12-24,0,16.4,20.8,12.6,0.1,observed
2025-12-25,0,15.1,17.6,13.2,0.2,observed
2025-12-26,0,14.7,18.2,11.8,0.1,observed
2025-12-27,0,16.6,21.9,11.7,0.0,observed
2025-12-28,0,20.1,28.4,11.5,0.0,observed
2025-12-29,0,24.3,33.7,15.0,0.0,observed
2025-12-30,0,21.3,29.5,15.2,0.1,observed
2025-12-31,0,16.2,19.3,14.0,0.0,observed
2026-01-01,0,17.5,21.9,13.6,0.0,observed
2026-01-02,0,19.2,25.5,13.2,0.0,observed
2026-01-03,0,22.2,31.9,16.0,0.5,observed
2026-01-04,0,18.4,22.2,15.2,0.6,observed
2026-01-05,0,18.2,23.1,13.7,0.0,observed
2026-01-06,0,21.2,28.3,14.9,0.0,observed
2026-01-07,0,28.9,38.1,18.1,0.0,observed
2026-01-08,0,23.8,31.5,19.3,0.1,observed
2026-01-09,0,28.0,39.2,19.6,0.6,observed
2026-01-10,0,20.5,25.2,15.4,0.1,observed
2026-01-11,0,16.9,20.4,14.2,0.0,observed
2026-01-12,0,17.6,23.9,12.4,0.0,observed
2026-01-13,0,18.7,23.1,15.9,0.2,observed
2026-01-14,0,20.9,25.8,16.6,0.1,observed
2026-01-15,0,20.9,25.1,17.8,0.8,observed
2026-01-16,0,20.7,25.9,17.1,0.2,observed
2026-01-17,0,21.4,27.4,16.2,0.1,observed
2026-01-18,0,22.7,29.4,16.3,0.0,observed
2026-01-19,0,24.5,31.1,18.5,0.0,observed
2026-01-20,0,22.4,28.8,17.8,0.0,observed
2026-01-21,0,19.3,23.4,14.9,1.5,observed
2026-01-22,0,17.2,21.3,14.2,0.2,observed
2026-01-23,0,19.3,26.1,12.9,0.0,observed
2026-01-24,0,27.4,37.7,15.3,0.0,observed
2026-01-25,0,21.3,24.9,15.5,0.0,observed
2026-01-26,0,23.4,33.2,14.6,0.0,observed
2026-01-27,0,30.0,43.0,17.2,0.0,observed
2026-01-28,0,21.9,24.1,18.3,0.0,observed
2026-01-29,0,20.7,25.5,17.6,0.0,observed
2026-01-30,0,24.0,31.0,19.4,0.0,observed
2026-01-31,0,22.4,28.7,17.2,0.7,observed
2026-02-01,0,17.7,21.9,14.4,0.5,observed
2026-02-02,0,17.2,21.6,13.1,0.0,observed
2026-02-03,0,22.6,30.9,12.7,0.0,observed
2026-02-04,0,24.0,32.8,17.9,0.0,observed
2026-02-05,0,19.3,24.1,15.6,0.1,observed
2026-02-06,0,18.9,25.4,14.2,0.0,observed
2026-02-07,0,19.1,25.7,13.8,0.0,observed
2026-02-08,0,23.5,32.5,16.8,1.5,observed
2026-02-09,0,20.7,25.2,17.6,0.9,observed
2026-02-10,0,20.7,26.2,17.2,0.3,observed
2026-02-11,0,22.4,32.6,15.3,12.7,observed
2026-02-12,0,16.3,19.4,13.6,0.7,observed
2026-02-13,0,17.0,21.4,13.3,0.2,observed
2026-02-14,0,18.5,24.5,13.4,0.0,observed
2026-02-15,0,22.6,29.9,15.9,0.0,observed
2026-02-16,0,26.0,33.9,18.7,0.0,observed
2026-02-17,0,25.0,33.3,17.3,3.2,observed
2026-02-18,0,19.5,24.4,15.1,0.0,observed
2026-02-19,0,20.2,25.5,15.7,0.0,observed
2026-02-20,0,22.3,31.1,15.4,0.0,observed
2026-02-21,0,22.2,29.1,16.8,0.1,observed
2026-02-22,0,24.3,30.1,16.8,2.2,observed
2026-02-23,0,18.7,23.2,15.4,0.0,observed
2026-02-24,0,20.8,29.1,16.2,9.4,observed
2026-02-25,0,18.9,22.1,17.0,4.4,observed
2026-02-26,0,21.5,27.9,15.9,0.1,observed
2026-02-27,0,22.5,28.5,17.2,4.8,observed
2026-02-28,0,24.7,29.9,19.7,0.1,observed
2026-03-01,0,23.8,27.2,21.2,4.7,observed
2026-03-02,0,21.0,24.5,17.6,15.8,observed
2026-03-03,0,18.3,21.9,16.1,1.5,observed
2026-03-04,0,18.8,23.1,15.9,0.2,observed
2026-03-05,0,20.0,27.2,14.5,0.0,observed
2026-03-06,0,20.3,25.7,16.6,0.0,observed
2026-03-07,0,19.1,23.0,16.6,0.2,observed
2026-03-08,0,20.4,26.0,16.2,0.1,observed
2026-03-09,0,21.9,29.6,16.5,0.0,observed
2026-03-10,0,22.5,31.4,17.0,0.0,observed
2026-03-11,0,21.4,27.2,15.6,0.8,observed
2026-03-12,0,16.6,19.0,14.9,1.4,observed
2026-03-13,0,16.9,20.5,13.8,0.5,observed
2026-03-14,0,17.8,24.9,13.0,0.0,observed
2026-03-15,0,20.3,28.0,14.7,0.5,observed
2026-03-16,0,18.1,19.4,16.6,18.1,observed
2026-03-17,0,18.6,22.2,15.9,2.2,observed
2026-03-18,0,18.5,24.0,14.7,0.1,observed
2026-03-19,0,18.1,21.7,14.9,0.1,observed
2026-03-20,0,17.5,22.6,14.2,0.1,observed
2026-03-21,0,18.1,23.8,13.8,0.1,observed
2026-03-22,0,22.2,29.6,15.1,0.1,observed
2026-03-23,0,22.3,29.2,17.1,0.0,observed
2026-03-24,0,22.4,28.8,18.4,3.2,observed
2026-03-25,0,21.4,25.5,17.7,2.8,observed
2026-03-26,0,15.6,18.3,13.2,13.6,observed
2026-03-27,0,15.1,16.8,13.8,2.7,observed
2026-03-28,0,16.7,19.8,14.5,4.7,observed
2026-03-29,0,17.1,21.3,14.4,0.4,observed
2026-03-30,0,19.7,26.4,13.6,0.0,observed
2026-03-31,0,20.8,27.3,15.2,0.0,observed
2026-04-01,0,20.4,25.3,16.6,0.0,observed
2026-04-02,0,18.8,23.9,15.4,0.1,observed
2026-04-03,0,15.8,18.9,13.2,1.8,observed
2026-04-04,0,15.5,20.8,11.4,0.0,observed
2026-04-05,0,17.9,24.3,11.8,0.0,observed
2026-04-06,0,19.3,23.2,15.3,0.7,observed
2026-04-07,0,17.6,20.2,13.8,3.5,observed
2026-04-08,0,16.4,20.6,13.3,0.5,observed
2026-04-09,0,19.8,26.7,14.8,6.1,observed
2026-04-10,0,16.5,19.3,13.3,4.9,observed
2026-04-11,0,13.5,17.0,10.3,2.0,observed
2026-04-12,0,14.0,16.0,12.3,2.4,observed
2026-04-13,0,15.7,19.6,13.3,2.4,observed
2026-04-14,0,16.1,20.3,13.0,0.8,observed
2026-04-15,0,16.1,20.6,12.5,0.6,observed
2026-04-16,0,17.9,25.1,12.8,2.1,observed
2026-04-17,0,14.5,17.3,12.2,4.4,observed
2026-04-18,0,13.7,17.5,11.0,0.1,observed
2026-04-19,0,14.7,20.7,8.5,0.0,observed
2026-04-20,0,17.0,22.6,13.8,0.0,observed
2026-04-21,0,18.4,26.5,11.7,0.0,observed
2026-04-22,0,18.7,24.6,13.9,0.0,observed
2026-04-23,0,19.5,26.3,14.3,0.0,observed
2026-04-24,0,17.1,23.4,11.7,0.0,observed
2026-04-25,0,17.6,24.5,12.0,0.0,observed
2026-04-26,0,19.5,25.8,15.7,0.0,observed
2026-04-27,0,16.5,21.2,13.4,0.0,observed
2026-04-28,0,18.2,25.0,12.7,0.0,observed
2026-04-29,0,17.8,23.8,14.4,0.0,observed
2026-04-30,0,18.7,23.9,15.2,0.0,observed
2026-05-01,0,19.8,25.7,15.5,0.0,observed
2026-05-02,0,19.5,22.1,17.2,0.2,observed
2026-05-03,0,18.3,20.4,13.9,16.3,observed
2026-05-04,0,15.6,19.4,12.8,0.9,observed
2026-05-05,0,14.8,17.5,12.4,1.7,observed
2026-05-06,0,14.3,19.5,10.2,6.9,observed
2026-05-07,0,11.7,13.7,9.6,5.6,observed
2026-05-08,0,14.8,16.5,13.0,4.2,observed
2026-05-09,0,14.8,17.7,13.3,0.9,observed
2026-05-10,0,14.5,17.1,12.3,0.2,observed
2026-05-11,0,14.5,20.6,11.1,0.0,observed
2026-05-12,0,15.5,22.8,10.2,0.1,observed
2026-05-13,0,15.5,22.2,10.9,0.0,observed
2026-05-14,0,16.0,22.2,10.5,0.0,observed
2026-05-15,0,16.2,22.1,11.2,0.0,observed
2026-05-16,0,17.7,22.6,14.6,0.0,observed
2026-05-17,0,16.1,17.7,14.5,11.1,observed
2026-05-18,0,14.9,17.4,13.4,2.8,observed
2026-05-19,0,13.6,16.9,10.7,1.2,observed
2026-05-20,0,13.6,16.6,11.5,1.8,observed
2026-05-21,0,13.5,16.7,11.2,0.2,observed
2026-05-22,0,13.6,18.9,9.0,0.0,observed
2026-05-23,0,13.4,17.8,10.5,0.0,observed
2026-05-24,0,14.0,17.9,11.4,0.1,observed
2026-05-25,0,16.1,20.2,13.7,0.7,observed
2026-05-26,0,15.0,19.4,11.8,1.4,observed
2026-05-27,0,15.1,17.4,13.9,4.6,observed
2026-05-28,0,14.1,16.4,12.6,1.2,observed
2026-05-29,0,13.0,16.0,11.2,0.2,observed
2026-05-30,0,13.4,17.4,10.4,2.3,observed
2026-05-31,0,11.8,15.1,9.4,1.9,observed
2026-06-01,0,11.5,14.5,8.1,10.0,observed
2026-06-02,0,12.8,15.8,11.4,2.8,observed
2026-06-03,0,12.6,14.7,11.1,3.7,observed
2026-06-04,0,12.3,14.0,10.9,14.4,observed
2026-06-05,0,12.1,14.6,10.9,1.5,observed
2026-06-06,0,13.3,16.8,11.2,0.9,observed
2026-06-07,0,13.3,18.1,9.4,0.2,observed
2026-06-08,0,12.4,17.6,8.9,0.0,observed
2026-06-09,0,12.9,17.9,8.2,0.0,observed
2026-06-10,0,15.1,18.3,12.9,2.3,observed
2026-06-11,0,13.3,16.9,10.7,0.1,observed
2026-06-12,0,14.3,17.8,11.0,0.0,observed
2026-06-13,0,14.5,16.9,12.6,14.9,observed
2026-06-14,0,11.6,14.9,8.2,0.5,observed
2026-06-15,0,11.9,17.2,6.1,0.1,observed
2026-06-16,0,15.4,17.4,13.8,3.6,observed
2026-06-17,0,16.1,19.4,13.9,0.0,observed
2026-06-18,0,15.4,17.7,10.7,4.0,observed
2026-06-19,0,12.0,13.9,10.5,2.2,observed
2026-06-20,0,12.1,13.9,10.7,6.6,observed
2026-06-21,0,12.0,14.8,10.5,2.0,observed
2026-06-22,0,12.4,14.8,10.4,0.0,observed
2026-06-23,0,11.5,16.4,7.4,0.2,observed
2026-06-24,0,12.8,16.7,8.9,0.7,observed
2026-06-25,0,12.1,15.4,9.4,0.3,observed
2026-06-26,0,11.7,15.7,9.3,0.0,observed
2026-06-27,0,9.5,12.7,7.9,0.0,observed
2026-06-28,0,10.2,16.2,5.8,0.0,observed
2026-06-29,0,12.5,16.2,8.9,1.3,observed
2026-06-30,0,13.9,15.8,11.6,9.1,observed
2026-07-01,0,13.5,15.4,11.5,10.1,observed
2026-07-02,0,11.6,12.7,10.3,12.0,observed
2026-07-03,0,11.3,13.8,9.6,4.2,observed
2026-07-04,0,11.3,13.3,9.6,1.7,observed
2026-07-05,0,10.1,13.7,6.6,0.1,observed
2026-07-06,0,9.2,14.7,5.4,0.0,observed
2026-07-07,0,9.0,11.0,7.7,0.1,observed
2026-07-08,0,9.2,13.2,7.2,0.0,observed
2026-07-09,0,9.8,14.2,7.6,0.0,observed
2026-07-10,0,9.9,15.6,5.6,0.0,observed
2026-07-11,0,10.5,14.0,7.8,10.6,observed
2026-07-12,0,11.0,13.6,7.5,7.4,observed
2026-07-13,0,12.8,15.0,11.0,2.9,observed
2026-07-14,0,12.5,15.1,9.8,2.2,observed
2026-07-15,0,10.9,14.3,7.2,0.3,observed
2026-07-16,0,12.3,15.3,10.5,0.3,observed
2026-07-17,0,12.0,16.3,8.9,0.0,observed
2026-07-18,0,11.4,16.1,7.6,0.1,observed
2026-07-19,0,12.1,18.0,8.1,0.0,observed
2026-07-20,0,10.6,15.7,6.9,0.0,observed
2026-07-21,0,10.8,15.0,7.7,0.0,observed
2026-07-22,0,11.3,15.4,8.6,2.8,observed
2026-07-23,0,9.4,12.2,7.4,1.5,observed
2026-07-24,0,10.6,13.6,7.8,1.4,observed
2026-07-25,0,12.1,14.9,9.9,2.8,observed
2026-07-26,0,11.9,15.0,9.5,1.0,observed
2026-07-27,0,11.5,15.3,8.9,0.2,observed
2026-07-28,0,11.7,15.6,8.1,5.1,observed
2026-07-29,0,10.0,12.7,7.5,5.8,observed
2026-07-30,0,10.1,13.0,8.0,2.5,observed
2026-07-31,0,10.0,13.8,7.6,0.4,observed
2026-08-01,0,10.0,15.7,6.8,0.0,observed
2026-08-02,0,10.6,16.0,6.7,0.0,observed
2026-08-03,0,10.6,14.8,7.3,0.9,observed
2026-08-04,0,9.9,13.3,6.9,6.1,observed
2026-08-05,0,11.2,13.7,9.3,3.4,observed
2026-08-06,0,11.4,15.1,7.7,0.9,observed
2026-08-07,0,11.8,14.8,9.9,0.7,observed
2026-08-08,0,11.9,15.6,9.8,0.0,observed
2026-08-09,0,10.9,12.0,9.5,9.1,observed
2026-08-10,0,11.6,14.2,9.0,13.8,observed
2026-08-11,0,10.9,13.6,9.4,1.2,observed
2026-08-12,0,10.9,14.3,8.4,2.5,observed
2026-08-13,0,12.0,15.6,9.4,0.8,observed
2026-08-14,0,12.3,15.7,9.3,0.4,observed
2026-08-15,0,11.5,14.8,8.9,0.1,observed
2026-08-16,0,11.0,16.1,8.0,0.0,observed
2026-08-17,0,12.1,17.8,8.0,0.0,observed
2026-08-18,0,13.1,18.2,7.9,0.1,observed
2026-08-19,0,14.9,15.8,14.1,9.7,observed
2026-08-20,0,13.2,16.9,10.5,4.4,observed
2026-08-21,0,12.1,15.6,8.7,1.3,observed
2026-08-22,0,12.2,15.0,9.8,0.4,observed
2026-08-23,0,11.7,16.6,7.2,0.0,observed
2026-08-24,0,12.4,16.2,8.5,0.1,observed
2026-08-25,0,12.8,15.8,10.9,8.9,observed
2026-08-26,0,11.7,14.9,9.0,0.5,observed
2026-08-27,0,12.5,15.9,9.8,0.0,observed
2026-08-28,0,12.4,16.6,8.7,0.4,observed
2026-08-29,0,12.0,15.2,10.0,0.1,observed
2026-08-30,0,11.9,15.8,8.5,0.0,observed
2026-08-31,0,13.1,17.9,9.8,0.0,observed
2026-09-01,0,15.1,20.3,10.5,2.6,observed
2026-09-02,0,14.1,17.0,10.9,0.6,observed
2026-09-03,0,12.6,16.9,9.6,0.7,observed
2026-09-04,0,12.6,17.1,7.6,5.3,observed
2026-09-05,0,14.9,18.5,12.9,11.8,observed
2026-09-06,0,14.1,16.9,12.2,0.4,observed
2026-09-07,0,12.3,14.5,9.3,1.0,observed
2026-09-08,0,12.5,17.4,9.0,0.0,observed
2026-09-09,0,11.8,13.9,10.2,0.1,observed
2026-09-10,0,12.2,16.3,8.6,0.0,observed
2026-09-11,0,12.9,18.1,8.6,0.0,observed
2026-09-12,0,15.1,21.7,9.2,0.0,observed
2026-09-13,0,17.4,22.4,12.7,0.1,observed
2026-09-14,0,16.9,20.2,14.3,1.1,observed
2026-09-15,0,12.6,14.6,9.8,0.5,observed
2026-09-16,0,11.0,13.7,8.5,0.3,observed
2026-09-17,0,12.3,15.7,9.0,0.1,observed
2026-09-18,0,15.0,21.7,7.9,0.0,observed
2026-09-19,0,18.1,23.9,13.7,0.0,observed
2026-09-20,0,18.8,24.7,14.3,0.0,observed
2026-09-21,0,12.5,14.5,9.1,0.7,observed
2026-09-22,0,11.5,16.1,7.7,0.0,observed
2026-09-23,0,12.6,18.4,5.4,0.0,observed
2026-09-24,0,18.3,25.5,10.0,0.4,observed
2026-09-25,0,19.4,23.2,14.7,1.8,forecast
2026-09-26,0,13.0,14.5,10.9,8.1,forecast
2026-09-27,0,11.8,15.2,8.5,0.0,forecast
2026-09-28,0,11.2,15.3,5.9,0.0,forecast
2026-09-29,0,16.3,21.1,10.8,0.0,forecast
2026-09-30,0,18.8,21.1,16.7,5.7,forecast
2026-10-01,0,21.2,25.4,18.1,2.6,forecast
2026-10-02,0,15.6,17.5,12.7,14.3,forecast
2026-10-03,0,13.3,15.4,11.0,0.5,forecast
2026-10-04,0,14.3,19.9,8.4,0.6,forecast
2026-10-05,0,16.7,20.9,10.9,0.0,forecast
2026-10-06,0,15.8,19.9,11.8,0.0,forecast
2026-10-07,0,15.7,21.1,9.0,0.0,forecast
2026-10-08,0,14.3,15.5,12.3,0.6,forecast
2026-10-09,0,13.0,15.0,11.0,0.0,forecast
2026-10-10,0,12.6,15.8,9.2,0.3,forecast
2025-01-01,1,18.8,23.5,14.8,0.1,observed
2025-01-02,1,17.4,21.0,13.7,0.0,observed
2025-01-03,1,21.2,30.2,12.7,0.0,observed
2025-01-04,1,27.4,37.8,17.4,0.0,observed
2025-01-05,1,28.1,35.7,20.4,3.8,observed
2025-01-06,1,19.0,23.8,15.5,13.5,observed
2025-01-07,1,20.4,26.5,15.7,0.4,observed
2025-01-08,1,22.7,30.2,14.4,0.0,observed
2025-01-09,1,24.6,31.0,19.2,0.0,observed
2025-01-10,1,23.7,28.2,20.1,0.0,observed
2025-01-11,1,26.5,34.0,19.5,3.3,observed
2025-01-12,1,23.0,28.5,19.5,12.8,observed
2025-01-13,1,21.8,27.3,18.3,0.3,observed
2025-01-14,1,21.8,26.6,16.8,0.1,observed
2025-01-15,1,20.3,23.2,16.2,4.4,observed
2025-01-16,1,18.3,21.5,15.7,0.6,observed
2025-01-17,1,19.9,23.9,16.4,1.7,observed
2025-01-18,1,22.5,30.7,15.1,0.0,observed
2025-01-19,1,25.5,34.1,17.1,0.0,observed
2025-01-20,1,26.0,33.8,19.8,0.0,observed
2025-01-21,1,24.6,34.3,18.9,0.1,observed
2025-01-22,1,19.6,23.3,15.7,0.0,observed
2025-01-23,1,17.4,21.0,14.5,1.4,observed
2025-01-24,1,19.2,23.5,15.8,0.7,observed
2025-01-25,1,20.8,26.8,16.8,0.1,observed
2025-01-26,1,20.8,25.9,17.4,0.1,observed
2025-01-27,1,27.3,38.0,18.5,0.7,observed
2025-01-28,1,19.9,23.4,16.9,0.1,observed
2025-01-29,1,18.0,22.1,14.8,0.0,observed
2025-01-30,1,18.4,22.4,14.8,0.0,observed
2025-01-31,1,19.7,24.2,16.3,0.0,observed
2025-02-01,1,23.4,31.3,15.1,0.0,observed
2025-02-02,1,29.7,38.4,23.1,1.6,observed
2025-02-03,1,29.8,37.8,22.8,3.6,observed
2025-02-04,1,25.8,35.8,19.0,0.2,observed
2025-02-05,1,20.6,24.1,17.5,0.1,observed
2025-02-06,1,25.7,34.8,17.8,0.0,observed
2025-02-07,1,21.8,26.8,18.3,0.6,observed
2025-02-08,1,20.0,22.7,17.8,0.5,observed
2025-02-09,1,21.6,27.2,17.6,0.5,observed
2025-02-10,1,21.8,28.1,17.7,0.2,observed
2025-02-11,1,24.4,30.5,18.3,0.1,observed
2025-02-12,1,26.7,34.2,19.1,0.0,observed
2025-02-13,1,27.5,34.1,21.3,1.9,observed
2025-02-14,1,19.7,23.7,16.1,2.0,observed
2025-02-15,1,15.9,18.6,13.5,6.3,observed
2025-02-16,1,16.1,19.6,13.2,2.2,observed
2025-02-17,1,17.7,23.0,13.3,0.0,observed
2025-02-18,1,17.5,22.1,14.0,1.0,observed
2025-02-19,1,17.2,19.9,15.1,0.9,observed
2025-02-20,1,17.4,20.9,14.1,0.0,observed
2025-02-21,1,22.3,32.5,12.5,0.0,observed
2025-02-22,1,28.4,33.8,21.4,0.4,observed
2025-02-23,1,26.0,31.3,18.2,1.8,observed
2025-02-24,1,19.5,23.7,16.4,0.0,observed
2025-02-25,1,20.2,28.1,14.9,0.0,observed
2025-02-26,1,23.9,34.5,16.4,0.0,observed
2025-02-27,1,21.3,28.2,17.6,0.0,observed
2025-02-28,1,21.8,27.9,17.5,0.0,observed
2025-03-01,1,20.4,27.3,16.3,0.0,observed
2025-03-02,1,18.7,22.0,15.0,0.4,observed
2025-03-03,1,17.9,22.3,14.9,0.0,observed
2025-03-04,1,22.9,32.4,13.9,0.0,observed
2025-03-05,1,24.4,33.6,19.5,0.0,observed
2025-03-06,1,21.4,24.8,18.6,0.1,observed
2025-03-07,1,23.3,29.4,17.7,0.0,observed
2025-03-08,1,25.1,33.8,18.0,0.0,observed
2025-03-09,1,27.3,34.6,20.1,0.3,observed
2025-03-10,1,26.6,33.4,22.6,1.4,observed
2025-03-11,1,26.4,33.5,20.7,0.0,observed
2025-03-12,1,25.6,33.5,19.2,2.4,observed
2025-03-13,1,20.6,26.1,17.0,1.8,observed
2025-03-14,1,21.5,28.5,16.8,0.0,observed
2025-03-15,1,27.0,34.7,19.2,2.0,observed
2025-03-16,1,19.0,24.0,13.6,23.5,observed
2025-03-17,1,16.4,20.0,13.5,0.1,observed
2025-03-18,1,18.6,25.1,14.2,0.1,observed
2025-03-19,1,22.8,30.8,15.7,0.0,observed
2025-03-20,1,23.5,27.0,17.5,29.8,observed
2025-03-21,1,17.6,20.7,14.9,1.4,observed
2025-03-22,1,17.6,22.0,14.4,0.0,observed
2025-03-23,1,18.3,22.9,14.8,0.0,observed
2025-03-24,1,18.1,21.5,15.1,0.0,observed
2025-03-25,1,17.8,23.0,13.9,0.0,observed
2025-03-26,1,18.0,21.9,15.8,0.0,observed
2025-03-27,1,18.8,23.5,15.5,0.0,observed
2025-03-28,1,22.1,29.2,15.4,0.1,observed
2025-03-29,1,20.3,22.1,18.0,3.2,observed
2025-03-30,1,18.9,22.0,16.2,0.3,observed
2025-03-31,1,17.9,21.8,15.0,0.1,observed
2025-04-01,1,18.0,23.8,13.8,0.0,observed
2025-04-02,1,17.9,24.3,12.6,0.0,observed
2025-04-03,1,17.3,20.7,14.5,0.8,observed
2025-04-04,1,15.6,18.7,13.1,0.6,observed
2025-04-05,1,15.5,19.1,11.7,3.0,observed
2025-04-06,1,16.0,21.3,10.7,0.5,observed
2025-04-07,1,15.7,18.8,13.0,0.6,observed
2025-04-08,1,16.2,20.5,13.2,0.3,observed
2025-04-09,1,17.1,22.9,12.9,0.0,observed
2025-04-10,1,20.3,26.7,14.6,0.0,observed
2025-04-11,1,18.5,22.1,15.3,0.1,observed
2025-04-12,1,20.5,29.8,13.7,0.0,observed
2025-04-13,1,23.7,29.7,19.6,0.0,observed
2025-04-14,1,19.4,22.7,16.4,0.0,observed
2025-04-15,1,19.4,26.2,13.7,0.0,observed
2025-04-16,1,21.5,28.2,16.4,0.0,observed
2025-04-17,1,23.0,29.7,18.0,0.0,observed
2025-04-18,1,22.4,28.9,17.8,0.1,observed
2025-04-19,1,21.8,27.2,17.5,0.1,observed
2025-04-20,1,20.3,24.8,15.8,0.7,observed
2025-04-21,1,17.6,22.1,14.2,0.6,observed
2025-04-22,1,17.3,20.8,15.1,0.5,observed
2025-04-23,1,18.0,23.8,13.6,0.1,observed
2025-04-24,1,20.5,25.9,15.5,0.0,observed
2025-04-25,1,20.4,25.0,17.6,8.2,observed
2025-04-26,1,17.8,19.9,15.9,2.8,observed
2025-04-27,1,16.2,19.0,13.8,0.2,observed
2025-04-28,1,15.6,17.6,14.1,1.0,observed
2025-04-29,1,16.0,19.3,14.1,1.3,observed
2025-04-30,1,15.0,18.9,12.3,0.4,observed
2025-05-01,1,14.1,18.9,10.8,0.0,observed
2025-05-02,1,15.6,20.9,11.6,0.0,observed
2025-05-03,1,14.7,22.3,8.6,0.0,observed
2025-05-04,1,16.3,22.6,11.5,0.0,observed
2025-05-05,1,19.4,24.5,15.0,0.0,observed
2025-05-06,1,20.2,25.1,16.6,0.0,observed
2025-05-07,1,16.1,19.3,12.7,2.4,observed
2025-05-08,1,14.1,17.9,11.0,0.1,observed
2025-05-09,1,14.8,19.2,12.5,0.0,observed
2025-05-10,1,15.5,21.2,12.6,0.0,observed
2025-05-11,1,16.0,22.9,10.5,0.0,observed
2025-05-12,1,16.1,22.6,12.3,0.0,observed
2025-05-13,1,16.3,22.6,11.8,0.0,observed
2025-05-14,1,15.4,21.0,11.9,0.0,observed
2025-05-15,1,14.9,18.9,12.4,0.0,observed
2025-05-16,1,14.3,18.4,10.9,0.4,observed
2025-05-17,1,12.8,14.0,9.8,4.1,observed
2025-05-18,1,11.0,15.0,8.3,0.1,observed
2025-05-19,1,10.6,15.7,7.3,0.0,observed
2025-05-20,1,11.6,18.3,6.2,0.0,observed
2025-05-21,1,11.3,17.0,7.3,0.0,observed
2025-05-22,1,12.8,17.7,9.1,0.0,observed
2025-05-23,1,14.4,17.7,11.3,4.2,observed
2025-05-24,1,15.4,18.9,13.2,0.7,observed
2025-05-25,1,14.4,19.2,9.3,0.0,observed
2025-05-26,1,16.3,20.2,12.9,0.2,observed
2025-05-27,1,12.7,15.2,10.6,3.6,observed
2025-05-28,1,13.7,14.7,12.8,2.2,observed
2025-05-29,1,14.1,17.3,11.2,0.5,observed
2025-05-30,1,13.8,16.9,11.6,0.1,observed
2025-05-31,1,13.5,17.4,10.4,0.0,observed
2025-06-01,1,12.6,19.8,7.4,0.0,observed
2025-06-02,1,13.8,19.0,10.5,0.0,observed
2025-06-03,1,12.0,14.1,10.1,2.6,observed
2025-06-04,1,11.2,14.0,9.3,0.4,observed
2025-06-05,1,11.9,15.3,9.1,0.0,observed
2025-06-06,1,11.3,13.1,9.4,0.5,observed
2025-06-07,1,11.2,14.1,8.9,9.4,observed
2025-06-08,1,10.3,11.6,8.8,11.2,observed
2025-06-09,1,12.0,13.9,10.1,5.5,observed
2025-06-10,1,11.4,14.2,9.0,1.3,observed
2025-06-11,1,10.5,14.2,7.6,0.4,observed
2025-06-12,1,11.1,15.3,8.7,0.3,observed
2025-06-13,1,10.9,15.7,7.0,0.0,observed
2025-06-14,1,9.1,14.0,4.6,0.0,observed
2025-06-15,1,10.1,13.9,7.5,0.2,observed
2025-06-16,1,11.4,15.0,8.5,1.4,observed
2025-06-17,1,10.9,13.5,8.1,2.3,observed
2025-06-18,1,10.1,13.5,7.8,0.2,observed
2025-06-19,1,9.7,14.4,6.8,0.0,observed
2025-06-20,1,10.6,17.2,5.4,0.0,observed
2025-06-21,1,9.2,15.2,6.0,0.0,observed
2025-06-22,1,9.2,14.8,4.0,0.1,observed
2025-06-23,1,14.3,18.3,10.3,1.2,observed
2025-06-24,1,11.8,14.6,10.3,4.9,observed
2025-06-25,1,9.1,10.6,6.9,8.1,observed
2025-06-26,1,10.7,13.7,8.4,0.4,observed
2025-06-27,1,10.7,14.3,7.9,0.5,observed
2025-06-28,1,11.5,14.3,9.0,0.1,observed
2025-06-29,1,10.5,13.1,8.6,3.9,observed
2025-06-30,1,10.7,13.1,8.7,0.6,observed
2025-07-01,1,11.0,14.5,8.6,0.7,observed
2025-07-02,1,9.6,11.6,8.0,13.7,observed
2025-07-03,1,10.8,13.9,8.8,0.9,observed
2025-07-04,1,10.5,16.3,6.0,0.0,observed
2025-07-05,1,10.8,16.1,7.1,0.0,observed
2025-07-06,1,11.3,14.9,9.3,0.2,observed
2025-07-07,1,11.3,16.6,7.4,0.0,observed
2025-07-08,1,11.2,15.2,8.8,2.2,observed
2025-07-09,1,9.6,13.2,6.2,0.5,observed
2025-07-10,1,9.3,11.4,8.0,7.3,observed
2025-07-11,1,11.7,15.5,9.5,2.6,observed
2025-07-12,1,11.6,16.0,8.2,0.3,observed
2025-07-13,1,11.7,15.7,9.9,4.8,observed
2025-07-14,1,10.5,13.5,8.7,0.7,observed
2025-07-15,1,10.0,12.9,8.2,0.9,observed
2025-07-16,1,10.5,13.7,8.1,0.9,observed
2025-07-17,1,10.7,13.9,8.3,2.0,observed
2025-07-18,1,9.7,15.2,6.0,0.0,observed
2025-07-19,1,9.1,14.4,5.8,1.0,observed
2025-07-20,1,9.8,14.1,6.3,0.0,observed
2025-07-21,1,10.5,15.3,6.0,0.0,observed
2025-07-22,1,12.8,15.1,9.9,7.1,observed
2025-07-23,1,9.7,11.8,7.9,2.2,observed
2025-07-24,1,10.1,15.4,6.6,0.6,observed
2025-07-25,1,8.8,11.6,5.5,1.0,observed
2025-07-26,1,10.4,12.1,8.3,12.9,observed
2025-07-27,1,9.9,12.5,7.5,4.5,observed
2025-07-28,1,11.0,13.7,8.5,7.9,observed
2025-07-29,1,10.0,13.1,7.9,0.8,observed
2025-07-30,1,9.8,13.5,7.1,0.2,observed
2025-07-31,1,10.1,14.1,7.1,0.1,observed
2025-08-01,1,9.5,13.6,6.8,0.0,observed
2025-08-02,1,10.1,14.7,7.7,0.0,observed
2025-08-03,1,11.2,18.3,6.7,0.0,observed
2025-08-04,1,12.8,16.7,7.8,0.1,observed
2025-08-05,1,12.0,15.7,9.3,2.4,observed
2025-08-06,1,10.7,14.2,8.1,0.9,observed
2025-08-07,1,10.1,13.8,7.3,0.2,observed
2025-08-08,1,11.2,15.1,8.7,0.1,observed
2025-08-09,1,10.7,16.9,6.7,0.0,observed
2025-08-10,1,11.2,17.7,7.3,0.0,observed
2025-08-11,1,11.4,17.9,6.1,0.0,observed
2025-08-12,1,10.8,14.5,7.1,7.2,observed
2025-08-13,1,11.0,14.5,8.7,0.7,observed
2025-08-14,1,12.3,17.7,8.8,0.1,observed
2025-08-15,1,11.2,16.2,8.2,4.2,observed
2025-08-16,1,9.0,11.6,6.9,3.7,observed
2025-08-17,1,9.5,13.5,5.8,0.7,observed
2025-08-18,1,9.6,13.2,7.2,0.0,observed
2025-08-19,1,9.9,15.9,4.8,0.0,observed
2025-08-20,1,11.1,17.9,6.8,0.0,observed
2025-08-21,1,12.6,19.9,5.7,0.0,observed
2025-08-22,1,13.2,16.6,10.2,0.0,observed
2025-08-23,1,11.1,14.6,8.3,0.2,observed
2025-08-24,1,10.6,15.0,7.8,0.0,observed
2025-08-25,1,11.9,17.9,6.8,0.0,observed
2025-08-26,1,13.4,15.8,11.9,9.6,observed
2025-08-27,1,11.5,13.9,9.8,4.2,observed
2025-08-28,1,11.1,13.7,9.5,5.2,observed
2025-08-29,1,10.3,13.7,8.4,4.3,observed
2025-08-30,1,10.1,12.6,8.3,5.5,observed
2025-08-31,1,11.9,15.5,9.3,2.2,observed
2025-09-01,1,11.7,15.5,7.5,0.6,observed
2025-09-02,1,13.1,16.4,8.8,0.3,observed
2025-09-03,1,13.6,17.2,11.1,1.1,observed
2025-09-04,1,10.9,13.3,7.4,3.9,observed
2025-09-05,1,10.0,14.3,6.8,0.0,observed
2025-09-06,1,12.8,19.7,4.8,0.1,observed
2025-09-07,1,17.0,20.1,14.7,4.1,observed
2025-09-08,1,14.6,18.3,11.2,0.4,observed
2025-09-09,1,12.1,15.9,9.4,0.6,observed
2025-09-10,1,10.8,13.9,8.8,0.4,observed
2025-09-11,1,11.8,14.9,9.4,0.5,observed
2025-09-12,1,12.1,16.6,8.0,0.6,observed
2025-09-13,1,13.7,18.1,10.1,0.3,observed
2025-09-14,1,14.9,20.1,9.2,0.0,observed
2025-09-15,1,18.3,22.4,13.9,0.0,observed
2025-09-16,1,14.5,18.3,10.4,4.6,observed
2025-09-17,1,12.2,15.9,9.7,0.6,observed
2025-09-18,1,13.8,19.0,7.7,0.0,observed
2025-09-19,1,16.0,21.9,11.5,1.2,observed
2025-09-20,1,12.2,15.7,9.0,0.6,observed
2025-09-21,1,12.9,15.7,9.8,4.2,observed
2025-09-22,1,10.9,13.7,8.3,2.1,observed
2025-09-23,1,13.6,17.6,9.8,0.2,observed
2025-09-24,1,14.1,17.0,11.8,0.9,observed
2025-09-25,1,13.9,17.3,11.1,1.6,observed
2025-09-26,1,15.7,21.1,11.5,1.0,observed
2025-09-27,1,13.6,18.6,8.8,0.0,observed
2025-09-28,1,12.3,16.5,9.2,0.1,observed
2025-09-29,1,14.9,21.8,7.7,0.1,observed
2025-09-30,1,15.7,18.9,12.6,2.8,observed
2025-10-01,1,13.9,17.2,10.3,2.6,observed
2025-10-02,1,12.5,15.0,9.9,5.0,observed
2025-10-03,1,14.1,18.0,11.2,1.0,observed
2025-10-04,1,16.4,23.9,9.8,0.0,observed
2025-10-05,1,19.4,25.5,14.8,6.4,observed
2025-10-06,1,13.3,16.5,10.3,4.0,observed
2025-10-07,1,13.5,19.4,8.0,0.0,observed
2025-10-08,1,15.1,20.5,9.8,0.0,observed
2025-10-09,1,15.6,20.3,11.5,0.2,observed
2025-10-10,1,16.4,20.9,12.4,0.6,observed
2025-10-11,1,15.7,19.6,12.6,1.6,observed
2025-10-12,1,13.6,17.7,9.7,6.6,observed
2025-10-13,1,12.7,17.6,8.1,0.4,observed
2025-10-14,1,14.7,20.5,9.7,0.0,observed
2025-10-15,1,15.3,23.0,9.2,0.0,observed
2025-10-16,1,19.8,28.4,11.4,0.3,observed
2025-10-17,1,15.4,19.5,11.9,0.1,observed
2025-10-18,1,15.2,19.6,10.1,0.0,observed
2025-10-19,1,20.2,27.1,15.2,0.8,observed
2025-10-20,1,15.8,19.1,11.8,4.3,observed
2025-10-21,1,16.6,23.3,11.2,0.0,observed
2025-10-22,1,16.4,21.8,11.7,12.0,observed
2025-10-23,1,13.7,18.0,11.0,0.5,observed
2025-10-24,1,13.6,18.2,10.0,0.5,observed
2025-10-25,1,14.5,19.6,10.3,0.5,observed
2025-10-26,1,15.9,18.4,12.4,24.3,observed
2025-10-27,1,11.6,15.1,8.2,3.0,observed
2025-10-28,1,11.8,18.0,6.0,0.0,observed
2025-10-29,1,14.1,19.4,9.5,0.0,observed
2025-10-30,1,17.8,24.8,10.3,0.0,observed
2025-10-31,1,17.9,20.7,14.8,1.8,observed
2025-11-01,1,16.9,22.4,13.1,0.0,observed
2025-11-02,1,20.6,29.0,13.0,0.5,observed
2025-11-03,1,13.9,16.7,12.3,26.1,observed
2025-11-04,1,12.7,15.5,10.8,10.2,observed
2025-11-05,1,14.8,19.3,10.9,2.3,observed
2025-11-06,1,17.2,22.8,10.6,1.2,observed
2025-11-07,1,19.3,26.4,14.3,2.4,observed
2025-11-08,1,12.4,13.2,11.3,15.9,observed
2025-11-09,1,13.5,16.5,11.0,2.6,observed
2025-11-10,1,13.7,17.9,10.6,5.8,observed
2025-11-11,1,10.8,13.2,8.4,17.3,observed
2025-11-12,1,14.1,20.0,7.6,0.0,observed
2025-11-13,1,15.8,22.0,10.3,0.0,observed
2025-11-14,1,13.9,17.8,10.5,0.1,observed
2025-11-15,1,16.7,22.2,11.8,3.7,observed
2025-11-16,1,15.3,18.5,12.0,7.2,observed
2025-11-17,1,14.3,17.5,11.4,4.0,observed
2025-11-18,1,16.6,20.4,12.9,2.1,observed
2025-11-19,1,16.3,20.9,12.4,0.2,observed
2025-11-20,1,13.2,16.3,10.3,0.5,observed
2025-11-21,1,13.9,18.8,9.6,0.0,observed
2025-11-22,1,17.2,24.9,11.5,7.1,observed
2025-11-23,1,17.2,21.0,14.8,8.0,observed
2025-11-24,1,20.2,25.9,14.0,0.4,observed
2025-11-25,1,20.2,24.2,15.5,0.0,observed
2025-11-26,1,17.0,20.6,14.0,2.5,observed
2025-11-27,1,15.3,18.7,12.4,1.5,observed
2025-11-28,1,16.8,23.8,11.1,7.8,observed
2025-11-29,1,15.1,18.1,12.3,11.3,observed
2025-11-30,1,13.3,16.3,10.3,5.4,observed
2025-12-01,1,12.9,14.7,11.2,11.3,observed
2025-12-02,1,14.8,19.0,10.5,2.2,observed
2025-12-03,1,20.1,27.3,11.5,0.0,observed
2025-12-04,1,22.1,28.8,14.1,0.0,observed
2025-12-05,1,17.6,25.2,13.4,0.0,observed
2025-12-06,1,15.8,19.7,11.6,6.8,observed
2025-12-07,1,15.1,19.9,10.0,0.1,observed
2025-12-08,1,19.7,25.2,13.2,0.0,observed
2025-12-09,1,17.2,20.7,12.8,0.3,observed
2025-12-10,1,15.1,18.3,11.1,0.0,observed
2025-12-11,1,16.0,21.2,10.5,0.0,observed
2025-12-12,1,23.0,30.1,13.5,0.0,observed
2025-12-13,1,22.8,29.6,15.1,0.3,observed
2025-12-14,1,16.4,20.3,12.9,0.3,observed
2025-12-15,1,14.9,18.5,12.1,0.0,observed
2025-12-16,1,16.0,20.4,12.6,0.0,observed
2025-12-17,1,21.5,31.9,12.2,0.0,observed
2025-12-18,1,25.5,34.6,17.9,0.0,observed
2025-12-19,1,27.1,33.3,22.1,1.1,observed
2025-12-20,1,18.4,22.7,13.4,0.5,observed
2025-12-21,1,16.9,26.9,12.8,20.9,observed
2025-12-22,1,16.2,20.6,12.1,0.5,observed
2025-12-23,1,16.9,21.2,13.5,1.1,observed
2025-12-24,1,16.4,20.8,12.6,0.1,observed
2025-12-25,1,15.1,17.6,13.2,0.2,observed
2025-12-26,1,14.7,18.2,11.8,0.1,observed
2025-12-27,1,16.6,21.9,11.7,0.0,observed
2025-12-28,1,20.1,28.4,11.5,0.0,observed
2025-12-29,1,24.3,33.7,15.0,0.0,observed
2025-12-30,1,21.3,29.5,15.2,0.1,observed
2025-12-31,1,16.2,19.3,14.0,0.0,observed
2026-01-01,1,17.5,21.9,13.6,0.0,observed
2026-01-02,1,19.2,25.5,13.2,0.0,observed
2026-01-03,1,22.2,31.9,16.0,0.5,observed
2026-01-04,1,18.4,22.2,15.2,0.6,observed
2026-01-05,1,18.2,23.1,13.7,0.0,observed
2026-01-06,1,21.2,28.3,14.9,0.0,observed
2026-01-07,1,28.9,38.1,18.1,0.0,observed
2026-01-08,1,23.8,31.5,19.3,0.1,observed
2026-01-09,1,28.0,39.2,19.6,0.6,observed
2026-01-10,1,20.5,25.2,15.4,0.1,observed
2026-01-11,1,16.9,20.4,14.2,0.0,observed
2026-01-12,1,17.6,23.9,12.4,0.0,observed
2026-01-13,1,18.7,23.1,15.9,0.2,observed
2026-01-14,1,20.9,25.8,16.6,0.1,observed
2026-01-15,1,20.9,25.1,17.8,0.8,observed
2026-01-16,1,20.7,25.9,17.1,0.2,observed
2026-01-17,1,21.4,27.4,16.2,0.1,observed
2026-01-18,1,22.7,29.4,16.3,0.0,observed
2026-01-19,1,24.5,31.1,18.5,0.0,observed
2026-01-20,1,22.4,28.8,17.8,0.0,observed
2026-01-21,1,19.3,23.4,14.9,1.5,observed
2026-01-22,1,17.2,21.3,14.2,0.2,observed
2026-01-23,1,19.3,26.1,12.9,0.0,observed
2026-01-24,1,27.4,37.7,15.3,0.0,observed
2026-01-25,1,21.3,24.9,15.5,0.0,observed
2026-01-26,1,23.4,33.2,14.6,0.0,observed
2026-01-27,1,30.0,43.0,17.2,0.0,observed
2026-01-28,1,21.9,24.1,18.3,0.0,observed
2026-01-29,1,20.7,25.5,17.6,0.0,observed
2026-01-30,1,24.0,31.0,19.4,0.0,observed
2026-01-31,1,22.4,28.7,17.2,0.7,observed
2026-02-01,1,17.7,21.9,14.4,0.5,observed
2026-02-02,1,17.2,21.6,13.1,0.0,observed
2026-02-03,1,22.6,30.9,12.7,0.0,observed
2026-02-04,1,24.0,32.8,17.9,0.0,observed
2026-02-05,1,19.3,24.1,15.6,0.1,observed
2026-02-06,1,18.9,25.4,14.2,0.0,observed
2026-02-07,1,19.1,25.7,13.8,0.0,observed
2026-02-08,1,23.5,32.5,16.8,1.5,observed
2026-02-09,1,20.7,25.2,17.6,0.9,observed
2026-02-10,1,20.7,26.2,17.2,0.3,observed
2026-02-11,1,22.4,32.6,15.3,12.7,observed
2026-02-12,1,16.3,19.4,13.6,0.7,observed
2026-02-13,1,17.0,21.4,13.3,0.2,observed
2026-02-14,1,18.5,24.5,13.4,0.0,observed
2026-02-15,1,22.6,29.9,15.9,0.0,observed
2026-02-16,1,26.0,33.9,18.7,0.0,observed
2026-02-17,1,25.0,33.3,17.3,3.2,observed
2026-02-18,1,19.5,24.4,15.1,0.0,observed
2026-02-19,1,20.2,25.5,15.7,0.0,observed
2026-02-20,1,22.3,31.1,15.4,0.0,observed
2026-02-21,1,22.2,29.1,16.8,0.1,observed
2026-02-22,1,24.3,30.1,16.8,2.2,observed
2026-02-23,1,18.7,23.2,15.4,0.0,observed
2026-02-24,1,20.8,29.1,16.2,9.4,observed
2026-02-25,1,18.9,22.1,17.0,4.4,observed
2026-02-26,1,21.5,27.9,15.9,0.1,observed
2026-02-27,1,22.5,28.5,17.2,4.8,observed
2026-02-28,1,24.7,29.9,19.7,0.1,observed
2026-03-01,1,23.8,27.2,21.2,4.7,observed
2026-03-02,1,21.0,24.5,17.6,15.8,observed
2026-03-03,1,18.3,21.9,16.1,1.5,observed
2026-03-04,1,18.8,23.1,15.9,0.2,observed
2026-03-05,1,20.0,27.2,14.5,0.0,observed
2026-03-06,1,20.3,25.7,16.6,0.0,observed
2026-03-07,1,19.1,23.0,16.6,0.2,observed
2026-03-08,1,20.4,26.0,16.2,0.1,observed
2026-03-09,1,21.9,29.6,16.5,0.0,observed
2026-03-10,1,22.5,31.4,17.0,0.0,observed
2026-03-11,1,21.4,27.2,15.6,0.8,observed
2026-03-12,1,16.6,19.0,14.9,1.4,observed
2026-03-13,1,16.9,20.5,13.8,0.5,observed
2026-03-14,1,17.8,24.9,13.0,0.0,observed
2026-03-15,1,20.3,28.0,14.7,0.5,observed
2026-03-16,1,18.1,19.4,16.6,18.1,observed
2026-03-17,1,18.6,22.2,15.9,2.2,observed
2026-03-18,1,18.5,24.0,14.7,0.1,observed
2026-03-19,1,18.1,21.7,14.9,0.1,observed
2026-03-20,1,17.5,22.6,14.2,0.1,observed
2026-03-21,1,18.1,23.8,13.8,0.1,observed
2026-03-22,1,22.2,29.6,15.1,0.1,observed
2026-03-23,1,22.3,29.2,17.1,0.0,observed
2026-03-24,1,22.4,28.8,18.4,3.2,observed
2026-03-25,1,21.4,25.5,17.7,2.8,observed
2026-03-26,1,15.6,18.3,13.2,13.6,observed
2026-03-27,1,15.1,16.8,13.8,2.7,observed
2026-03-28,1,16.7,19.8,14.5,4.7,observed
2026-03-29,1,17.1,21.3,14.4,0.4,observed
2026-03-30,1,19.7,26.4,13.6,0.0,observed
2026-03-31,1,20.8,27.3,15.2,0.0,observed
2026-04-01,1,20.4,25.3,16.6,0.0,observed
2026-04-02,1,18.8,23.9,15.4,0.1,observed
2026-04-03,1,15.8,18.9,13.2,1.8,observed
2026-04-04,1,15.5,20.8,11.4,0.0,observed
2026-04-05,1,17.9,24.3,11.8,0.0,observed
2026-04-06,1,19.3,23.2,15.3,0.7,observed
2026-04-07,1,17.6,20.2,13.8,3.5,observed
2026-04-08,1,16.4,20.6,13.3,0.5,observed
2026-04-09,1,19.8,26.7,14.8,6.1,observed
2026-04-10,1,16.5,19.3,13.3,4.9,observed
2026-04-11,1,13.5,17.0,10.3,2.0,observed
2026-04-12,1,14.0,16.0,12.3,2.4,observed
2026-04-13,1,15.7,19.6,13.3,2.4,observed
2026-04-14,1,16.1,20.3,13.0,0.8,observed
2026-04-15,1,16.1,20.6,12.5,0.6,observed
2026-04-16,1,17.9,25.1,12.8,2.1,observed
2026-04-17,1,14.5,17.3,12.2,4.4,observed
2026-04-18,1,13.7,17.5,11.0,0.1,observed
2026-04-19,1,14.7,20.7,8.5,0.0,observed
2026-04-20,1,17.0,22.6,13.8,0.0,observed
2026-04-21,1,18.4,26.5,11.7,0.0,observed
2026-04-22,1,18.7,24.6,13.9,0.0,observed
2026-04-23,1,19.5,26.3,14.3,0.0,observed
2026-04-24,1,17.1,23.4,11.7,0.0,observed
2026-04-25,1,17.6,24.5,12.0,0.0,observed
2026-04-26,1,19.5,25.8,15.7,0.0,observed
2026-04-27,1,16.5,21.2,13.4,0.0,observed
2026-04-28,1,18.2,25.0,12.7,0.0,observed
2026-04-29,1,17.8,23.8,14.4,0.0,observed
2026-04-30,1,18.7,23.9,15.2,0.0,observed
2026-05-01,1,19.8,25.7,15.5,0.0,observed
2026-05-02,1,19.5,22.1,17.2,0.2,observed
2026-05-03,1,18.3,20.4,13.9,16.3,observed
2026-05-04,1,15.6,19.4,12.8,0.9,observed
2026-05-05,1,14.8,17.5,12.4,1.7,observed
2026-05-06,1,14.3,19.5,10.2,6.9,observed
2026-05-07,1,11.7,13.7,9.6,5.6,observed
2026-05-08,1,14.8,16.5,13.0,4.2,observed
2026-05-09,1,14.8,17.7,13.3,0.9,observed
2026-05-10,1,14.5,17.1,12.3,0.2,observed
2026-05-11,1,14.5,20.6,11.1,0.0,observed
2026-05-12,1,15.5,22.8,10.2,0.1,observed
2026-05-13,1,15.5,22.2,10.9,0.0,observed
2026-05-14,1,16.0,22.2,10.5,0.0,observed
2026-05-15,1,16.2,22.1,11.2,0.0,observed
2026-05-16,1,17.7,22.6,14.6,0.0,observed
2026-05-17,1,16.1,17.7,14.5,11.1,observed
2026-05-18,1,14.9,17.4,13.4,2.8,observed
2026-05-19,1,13.6,16.9,10.7,1.2,observed
2026-05-20,1,13.6,16.6,11.5,1.8,observed
2026-05-21,1,13.5,16.7,11.2,0.2,observed
2026-05-22,1,13.6,18.9,9.0,0.0,observed
2026-05-23,1,13.4,17.8,10.5,0.0,observed
2026-05-24,1,14.0,17.9,11.4,0.1,observed
2026-05-25,1,16.1,20.2,13.7,0.7,observed
2026-05-26,1,15.0,19.4,11.8,1.4,observed
2026-05-27,1,15.1,17.4,13.9,4.6,observed
2026-05-28,1,14.1,16.4,12.6,1.2,observed
2026-05-29,1,13.0,16.0,11.2,0.2,observed
2026-05-30,1,13.4,17.4,10.4,2.3,observed
2026-05-31,1,11.8,15.1,9.4,1.9,observed
2026-06-01,1,11.5,14.5,8.1,10.0,observed
2026-06-02,1,12.8,15.8,11.4,2.8,observed
2026-06-03,1,12.6,14.7,11.1,3.7,observed
2026-06-04,1,12.3,14.0,10.9,14.4,observed
2026-06-05,1,12.1,14.6,10.9,1.5,observed
2026-06-06,1,13.3,16.8,11.2,0.9,observed
2026-06-07,1,13.3,18.1,9.4,0.2,observed
2026-06-08,1,12.4,17.6,8.9,0.0,observed
2026-06-09,1,12.9,17.9,8.2,0.0,observed
2026-06-10,1,15.1,18.3,12.9,2.3,observed
2026-06-11,1,13.3,16.9,10.7,0.1,observed
2026-06-12,1,14.3,17.8,11.0,0.0,observed
2026-06-13,1,14.5,16.9,12.6,14.9,observed
2026-06-14,1,11.6,14.9,8.2,0.5,observed
2026-06-15,1,11.9,17.2,6.1,0.1,observed
2026-06-16,1,15.4,17.4,13.8,3.6,observed
2026-06-17,1,16.1,19.4,13.9,0.0,observed
2026-06-18,1,15.4,17.7,10.7,4.0,observed
2026-06-19,1,12.0,13.9,10.5,2.2,observed
2026-06-20,1,12.1,13.9,10.7,6.6,observed
2026-06-21,1,12.0,14.8,10.5,2.0,observed
2026-06-22,1,12.4,14.8,10.4,0.0,observed
2026-06-23,1,11.5,16.4,7.4,0.2,observed
2026-06-24,1,12.8,16.7,8.9,0.7,observed
2026-06-25,1,12.1,15.4,9.4,0.3,observed
2026-06-26,1,11.7,15.7,9.3,0.0,observed
2026-06-27,1,9.5,12.7,7.9,0.0,observed
2026-06-28,1,10.2,16.2,5.8,0.0,observed
2026-06-29,1,12.5,16.2,8.9,1.3,observed
2026-06-30,1,13.9,15.8,11.6,9.1,observed
2026-07-01,1,13.5,15.4,11.5,10.1,observed
2026-07-02,1,11.6,12.7,10.3,12.0,observed
2026-07-03,1,11.3,13.8,9.6,4.2,observed
2026-07-04,1,11.3,13.3,9.6,1.7,observed
2026-07-05,1,10.1,13.7,6.6,0.1,observed
2026-07-06,1,9.2,14.7,5.4,0.0,observed
2026-07-07,1,9.0,11.0,7.7,0.1,observed
2026-07-08,1,9.2,13.2,7.2,0.0,observed
2026-07-09,1,9.8,14.2,7.6,0.0,observed
2026-07-10,1,9.9,15.6,5.6,0.0,observed
2026-07-11,1,10.5,14.0,7.8,10.6,observed
2026-07-12,1,11.0,13.6,7.5,7.4,observed
2026-07-13,1,12.8,15.0,11.0,2.9,observed
2026-07-14,1,12.5,15.1,9.8,2.2,observed
2026-07-15,1,10.9,14.3,7.2,0.3,observed
2026-07-16,1,12.3,15.3,10.5,0.3,observed
2026-07-17,1,12.0,16.3,8.9,0.0,observed
2026-07-18,1,11.4,16.1,7.6,0.1,observed
2026-07-19,1,12.1,18.0,8.1,0.0,observed
2026-07-20,1,10.6,15.7,6.9,0.0,observed
2026-07-21,1,10.8,15.0,7.7,0.0,observed
2026-07-22,1,11.3,15.4,8.6,2.8,observed
2026-07-23,1,9.4,12.2,7.4,1.5,observed
2026-07-24,1,10.6,13.6,7.8,1.4,observed
2026-07-25,1,12.1,14.9,9.9,2.8,observed
2026-07-26,1,11.9,15.0,9.5,1.0,observed
2026-07-27,1,11.5,15.3,8.9,0.2,observed
2026-07-28,1,11.7,15.6,8.1,5.1,observed
2026-07-29,1,10.0,12.7,7.5,5.8,observed
2026-07-30,1,10.1,13.0,8.0,2.5,observed
2026-07-31,1,10.0,13.8,7.6,0.4,observed
2026-08-01,1,10.0,15.7,6.8,0.0,observed
2026-08-02,1,10.6,16.0,6.7,0.0,observed
2026-08-03,1,10.6,14.8,7.3,0.9,observed
2026-08-04,1,9.9,13.3,6.9,6.1,observed
2026-08-05,1,11.2,13.7,9.3,3.4,observed
2026-08-06,1,11.4,15.1,7.7,0.9,observed
2026-08-07,1,11.8,14.8,9.9,0.7,observed
2026-08-08,1,11.9,15.6,9.8,0.0,observed
2026-08-09,1,10.9,12.0,9.5,9.1,observed
2026-08-10,1,11.6,14.2,9.0,13.8,observed
2026-08-11,1,10.9,13.6,9.4,1.2,observed
2026-08-12,1,10.9,14.3,8.4,2.5,observed
2026-08-13,1,12.0,15.6,9.4,0.8,observed
2026-08-14,1,12.3,15.7,9.3,0.4,observed
2026-08-15,1,11.5,14.8,8.9,0.1,observed
2026-08-16,1,11.0,16.1,8.0,0.0,observed
2026-08-17,1,12.1,17.8,8.0,0.0,observed
2026-08-18,1,13.1,18.2,7.9,0.1,observed
2026-08-19,1,14.9,15.8,14.1,9.7,observed
2026-08-20,1,13.2,16.9,10.5,4.4,observed
2026-08-21,1,12.1,15.6,8.7,1.3,observed
2026-08-22,1,12.2,15.0,9.8,0.4,observed
2026-08-23,1,11.7,16.6,7.2,0.0,observed
2026-08-24,1,12.4,16.2,8.5,0.1,observed
2026-08-25,1,12.8,15.8,10.9,8.9,observed
2026-08-26,1,11.7,14.9,9.0,0.5,observed
2026-08-27,1,12.5,15.9,9.8,0.0,observed
2026-08-28,1,12.4,16.6,8.7,0.4,observed
2026-08-29,1,12.0,15.2,10.0,0.1,observed
2026-08-30,1,11.9,15.8,8.5,0.0,observed
2026-08-31,1,13.1,17.9,9.8,0.0,observed
2026-09-01,1,15.1,20.3,10.5,2.6,observed
2026-09-02,1,14.1,17.0,10.9,0.6,observed
2026-09-03,1,12.6,16.9,9.6,0.7,observed
2026-09-04,1,12.6,17.1,7.6,5.3,observed
2026-09-05,1,14.9,18.5,12.9,11.8,observed
2026-09-06,1,14.1,16.9,12.2,0.4,observed
2026-09-07,1,12.3,14.5,9.3,1.0,observed
2026-09-08,1,12.5,17.4,9.0,0.0,observed
2026-09-09,1,11.8,13.9,10.2,0.1,observed
2026-09-10,1,12.2,16.3,8.6,0.0,observed
2026-09-11,1,12.9,18.1,8.6,0.0,observed
2026-09-12,1,15.1,21.7,9.2,0.0,observed
2026-09-13,1,17.4,22.4,12.7,0.1,observed
2026-09-14,1,16.9,20.2,14.3,1.1,observed
2026-09-15,1,12.6,14.6,9.8,0.5,observed
2026-09-16,1,11.0,13.7,8.5,0.3,observed
2026-09-17,1,12.3,15.7,9.0,0.1,observed
2026-09-18,1,15.0,21.7,7.9,0.0,observed
2026-09-19,1,18.1,23.9,13.7,0.0,observed
2026-09-20,1,18.8,24.7,14.3,0.0,observed
2026-09-21,1,12.5,14.5,9.1,0.7,observed
2026-09-22,1,11.5,16.1,7.7,0.0,observed
2026-09-23,1,12.6,18.4,5.4,0.0,observed
2026-09-24,1,18.3,25.5,10.0,0.4,observed
2026-09-25,1,19.4,23.2,14.7,1.8,forecast
2026-09-26,1,13.0,14.5,10.9,8.1,forecast
2026-09-27,1,11.8,15.2,8.5,0.0,forecast
2026-09-28,1,11.2,15.3,5.9,0.0,forecast
2026-09-29,1,16.3,21.1,10.8,0.0,forecast
2026-09-30,1,18.8,21.1,16.7,5.7,forecast
2026-10-01,1,21.2,25.4,18.1,2.6,forecast
2026-10-02,1,15.6,17.5,12.7,14.3,forecast
2026-10-03,1,13.3,15.4,11.0,0.5,forecast
2026-10-04,1,14.3,19.9,8.4,0.6,forecast
2026-10-05,1,16.7,20.9,10.9,0.0,forecast
2026-10-06,1,15.8,19.9,11.8,0.0,forecast
2026-10-07,1,15.7,21.1,9.0,0.0,forecast
2026-10-08,1,14.3,15.5,12.3,0.6,forecast
2026-10-09,1,13.0,15.0,11.0,0.0,forecast
2026-10-10,1,12.6,15.9,9.2,0.3,forecast
2025-01-01,2,18.8,23.5,14.8,0.1,observed
2025-01-02,2,17.4,21.0,13.7,0.0,observed
2025-01-03,2,21.2,30.2,12.7,0.0,observed
2025-01-04,2,27.4,37.8,17.4,0.0,observed
2025-01-05,2,28.1,35.7,20.4,3.8,observed
2025-01-06,2,19.0,23.8,15.5,13.5,observed
2025-01-07,2,20.4,26.5,15.7,0.4,observed
2025-01-08,2,22.7,30.2,14.4,0.0,observed
2025-01-09,2,24.6,31.0,19.2,0.0,observed
2025-01-10,2,23.7,28.2,20.1,0.0,observed
2025-01-11,2,26.5,34.0,19.5,3.3,observed
2025-01-12,2,23.0,28.5,19.5,12.8,observed
2025-01-13,2,21.8,27.3,18.3,0.3,observed
2025-01-14,2,21.8,26.6,16.8,0.1,observed
2025-01-15,2,20.3,23.2,16.2,4.4,observed
2025-01-16,2,18.3,21.5,15.7,0.6,observed
2025-01-17,2,19.9,23.9,16.4,1.7,observed
2025-01-18,2,22.5,30.7,15.1,0.0,observed
2025-01-19,2,25.5,34.1,17.1,0.0,observed
2025-01-20,2,26.0,33.8,19.8,0.0,observed
2025-01-21,2,24.6,34.3,18.9,0.1,observed
2025-01-22,2,19.6,23.3,15.7,0.0,observed
2025-01-23,2,17.4,21.0,14.5,1.4,observed
2025-01-24,2,19.2,23.5,15.8,0.7,observed
2025-01-25,2,20.8,26.8,16.8,0.1,observed
2025-01-26,2,20.8,25.9,17.4,0.1,observed
2025-01-27,2,27.3,38.0,18.5,0.7,observed
2025-01-28,2,19.9,23.4,16.9,0.1,observed
2025-01-29,2,18.0,22.1,14.8,0.0,observed
2025-01-30,2,18.4,22.4,14.8,0.0,observed
2025-01-31,2,19.7,24.2,16.3,0.0,observed
2025-02-01,2,23.4,31.3,15.1,0.0,observed
2025-02-02,2,29.7,38.4,23.1,1.6,observed
2025-02-03,2,29.8,37.8,22.8,3.6,observed
2025-02-04,2,25.8,35.8,19.0,0.2,observed
2025-02-05,2,20.6,24.1,17.5,0.1,observed
2025-02-06,2,25.7,34.8,17.8,0.0,observed
2025-02-07,2,21.8,26.8,18.3,0.6,observed
2025-02-08,2,20.0,22.7,17.8,0.5,observed
2025-02-09,2,21.6,27.2,17.6,0.5,observed
2025-02-10,2,21.8,28.1,17.7,0.2,observed
2025-02-11,2,24.4,30.5,18.3,0.1,observed
2025-02-12,2,26.7,34.2,19.1,0.0,observed
2025-02-13,2,27.5,34.1,21.3,1.9,observed
2025-02-14,2,19.7,23.7,16.1,2.0,observed
2025-02-15,2,15.9,18.6,13.5,6.3,observed
2025-02-16,2,16.1,19.6,13.2,2.2,observed
2025-02-17,2,17.7,23.0,13.3,0.0,observed
2025-02-18,2,17.5,22.1,14.0,1.0,observed
2025-02-19,2,17.2,19.9,15.1,0.9,observed
2025-02-20,2,17.4,20.9,14.1,0.0,observed
2025-02-21,2,22.3,32.5,12.5,0.0,observed
2025-02-22,2,28.4,33.8,21.4,0.4,observed
2025-02-23,2,26.0,31.3,18.2,1.8,observed
2025-02-24,2,19.5,23.7,16.4,0.0,observed
2025-02-25,2,20.2,28.1,14.9,0.0,observed
2025-02-26,2,23.9,34.5,16.4,0.0,observed
2025-02-27,2,21.3,28.2,17.6,0.0,observed
2025-02-28,2,21.8,27.9,17.5,0.0,observed
2025-03-01,2,20.4,27.3,16.3,0.0,observed
2025-03-02,2,18.7,22.0,15.0,0.4,observed
2025-03-03,2,17.9,22.3,14.9,0.0,observed
2025-03-04,2,22.9,32.4,13.9,0.0,observed
2025-03-05,2,24.4,33.6,19.5,0.0,observed
2025-03-06,2,21.4,24.8,18.6,0.1,observed
2025-03-07,2,23.3,29.4,17.7,0.0,observed
2025-03-08,2,25.1,33.8,18.0,0.0,observed
2025-03-09,2,27.3,34.6,20.1,0.3,observed
2025-03-10,2,26.6,33.4,22.6,1.4,observed
2025-03-11,2,26.4,33.5,20.7,0.0,observed
2025-03-12,2,25.6,33.5,19.2,2.4,observed
2025-03-13,2,20.6,26.1,17.0,1.8,observed
2025-03-14,2,21.5,28.5,16.8,0.0,observed
2025-03-15,2,27.0,34.7,19.2,2.0,observed
2025-03-16,2,19.0,24.0,13.6,23.5,observed
2025-03-17,2,16.4,20.0,13.5,0.1,observed
2025-03-18,2,18.6,25.1,14.2,0.1,observed
2025-03-19,2,22.8,30.8,15.7,0.0,observed
2025-03-20,2,23.5,27.0,17.5,29.8,observed
2025-03-21,2,17.6,20.7,14.9,1.4,observed
2025-03-22,2,17.6,22.0,14.4,0.0,observed
2025-03-23,2,18.3,22.9,14.8,0.0,observed
2025-03-24,2,18.1,21.5,15.1,0.0,observed
2025-03-25,2,17.8,23.0,13.9,0.0,observed
2025-03-26,2,18.0,21.9,15.8,0.0,observed
2025-03-27,2,18.8,23.5,15.5,0.0,observed
2025-03-28,2,22.1,29.2,15.4,0.1,observed
2025-03-29,2,20.3,22.1,18.0,3.2,observed
2025-03-30,2,18.9,22.0,16.2,0.3,observed
2025-03-31,2,17.9,21.8,15.0,0.1,observed
2025-04-01,2,18.0,23.8,13.8,0.0,observed
2025-04-02,2,17.9,24.3,12.6,0.0,observed
2025-04-03,2,17.3,20.7,14.5,0.8,observed
2025-04-04,2,15.6,18.7,13.1,0.6,observed
2025-04-05,2,15.5,19.1,11.7,3.0,observed
2025-04-06,2,16.0,21.3,10.7,0.5,observed
2025-04-07,2,15.7,18.8,13.0,0.6,observed
2025-04-08,2,16.2,20.5,13.2,0.3,observed
2025-04-09,2,17.1,22.9,12.9,0.0,observed
2025-04-10,2,20.3,26.7,14.6,0.0,observed
2025-04-11,2,18.5,22.1,15.3,0.1,observed
2025-04-12,2,20.5,29.8,13.7,0.0,observed
2025-04-13,2,23.7,29.7,19.6,0.0,observed
2025-04-14,2,19.4,22.7,16.4,0.0,observed
2025-04-15,2,19.4,26.2,13.7,0.0,observed
2025-04-16,2,21.5,28.2,16.4,0.0,observed
2025-04-17,2,23.0,29.7,18.0,0.0,observed
2025-04-18,2,22.4,28.9,17.8,0.1,observed
2025-04-19,2,21.8,27.2,17.5,0.1,observed
2025-04-20,2,20.3,24.8,15.8,0.7,observed
2025-04-21,2,17.6,22.1,14.2,0.6,observed
2025-04-22,2,17.3,20.8,15.1,0.5,observed
2025-04-23,2,18.0,23.8,13.6,0.1,observed
2025-04-24,2,20.5,25.9,15.5,0.0,observed
2025-04-25,2,20.4,25.0,17.6,8.2,observed
2025-04-26,2,17.8,19.9,15.9,2.8,observed
2025-04-27,2,16.2,19.0,13.8,0.2,observed
2025-04-28,2,15.6,17.6,14.1,1.0,observed
2025-04-29,2,16.0,19.3,14.1,1.3,observed
2025-04-30,2,15.0,18.9,12.3,0.4,observed
2025-05-01,2,14.1,18.9,10.8,0.0,observed
2025-05-02,2,15.6,20.9,11.6,0.0,observed
2025-05-03,2,14.7,22.3,8.6,0.0,observed
2025-05-04,2,16.3,22.6,11.5,0.0,observed
2025-05-05,2,19.4,24.5,15.0,0.0,observed
2025-05-06,2,20.2,25.1,16.6,0.0,observed
2025-05-07,2,16.1,19.3,12.7,2.4,observed
2025-05-08,2,14.1,17.9,11.0,0.1,observed
2025-05-09,2,14.8,19.2,12.5,0.0,observed
2025-05-10,2,15.5,21.2,12.6,0.0,observed
2025-05-11,2,16.0,22.9,10.5,0.0,observed
2025-05-12,2,16.1,22.6,12.3,0.0,observed
2025-05-13,2,16.3,22.6,11.8,0.0,observed
2025-05-14,2,15.4,21.0,11.9,0.0,observed
2025-05-15,2,14.9,18.9,12.4,0.0,observed
2025-05-16,2,14.3,18.4,10.9,0.4,observed
2025-05-17,2,12.8,14.0,9.8,4.1,observed
2025-05-18,2,11.0,15.0,8.3,0.1,observed
2025-05-19,2,10.6,15.7,7.3,0.0,observed
2025-05-20,2,11.6,18.3,6.2,0.0,observed
2025-05-21,2,11.3,17.0,7.3,0.0,observed
2025-05-22,2,12.8,17.7,9.1,0.0,observed
2025-05-23,2,14.4,17.7,11.3,4.2,observed
2025-05-24,2,15.4,18.9,13.2,0.7,observed
2025-05-25,2,14.4,19.2,9.3,0.0,observed
2025-05-26,2,16.3,20.2,12.9,0.2,observed
2025-05-27,2,12.7,15.2,10.6,3.6,observed
2025-05-28,2,13.7,14.7,12.8,2.2,observed
2025-05-29,2,14.1,17.3,11.2,0.5,observed
2025-05-30,2,13.8,16.9,11.6,0.1,observed
2025-05-31,2,13.5,17.4,10.4,0.0,observed
2025-06-01,2,12.6,19.8,7.4,0.0,observed
2025-06-02,2,13.8,19.0,10.5,0.0,observed
2025-06-03,2,12.0,14.1,10.1,2.6,observed
2025-06-04,2,11.2,14.0,9.3,0.4,observed
2025-06-05,2,11.9,15.3,9.1,0.0,observed
2025-06-06,2,11.3,13.1,9.4,0.5,observed
2025-06-07,2,11.2,14.1,8.9,9.4,observed
2025-06-08,2,10.3,11.6,8.8,11.2,observed
2025-06-09,2,12.0,13.9,10.1,5.5,observed
2025-06-10,2,11.4,14.2,9.0,1.3,observed
2025-06-11,2,10.5,14.2,7.6,0.4,observed
2025-06-12,2,11.1,15.3,8.7,0.3,observed
2025-06-13,2,10.9,15.7,7.0,0.0,observed
2025-06-14,2,9.1,14.0,4.6,0.0,observed
2025-06-15,2,10.1,13.9,7.5,0.2,observed
2025-06-16,2,11.4,15.0,8.5,1.4,observed
2025-06-17,2,10.9,13.5,8.1,2.3,observed
2025-06-18,2,10.1,13.5,7.8,0.2,observed
2025-06-19,2,9.7,14.4,6.8,0.0,observed
2025-06-20,2,10.6,17.2,5.4,0.0,observed
2025-06-21,2,9.2,15.2,6.0,0.0,observed
2025-06-22,2,9.2,14.8,4.0,0.1,observed
2025-06-23,2,14.3,18.3,10.3,1.2,observed
2025-06-24,2,11.8,14.6,10.3,4.9,observed
2025-06-25,2,9.1,10.6,6.9,8.1,observed
2025-06-26,2,10.7,13.7,8.4,0.4,observed
2025-06-27,2,10.7,14.3,7.9,0.5,observed
2025-06-28,2,11.5,14.3,9.0,0.1,observed
2025-06-29,2,10.5,13.1,8.6,3.9,observed
2025-06-30,2,10.7,13.1,8.7,0.6,observed
2025-07-01,2,11.0,14.5,8.6,0.7,observed
2025-07-02,2,9.6,11.6,8.0,13.7,observed
2025-07-03,2,10.8,13.9,8.8,0.9,observed
2025-07-04,2,10.5,16.3,6.0,0.0,observed
2025-07-05,2,10.8,16.1,7.1,0.0,observed
2025-07-06,2,11.3,14.9,9.3,0.2,observed
2025-07-07,2,11.3,16.6,7.4,0.0,observed
2025-07-08,2,11.2,15.2,8.8,2.2,observed
2025-07-09,2,9.6,13.2,6.2,0.5,observed
2025-07-10,2,9.3,11.4,8.0,7.3,observed
2025-07-11,2,11.7,15.5,9.5,2.6,observed
2025-07-12,2,11.6,16.0,8.2,0.3,observed
2025-07-13,2,11.7,15.7,9.9,4.8,observed
2025-07-14,2,10.5,13.5,8.7,0.7,observed
2025-07-15,2,10.0,12.9,8.2,0.9,observed
2025-07-16,2,10.5,13.7,8.1,0.9,observed
2025-07-17,2,10.7,13.9,8.3,2.0,observed
2025-07-18,2,9.7,15.2,6.0,0.0,observed
2025-07-19,2,9.1,14.4,5.8,1.0,observed
2025-07-20,2,9.8,14.1,6.3,0.0,observed
2025-07-21,2,10.5,15.3,6.0,0.0,observed
2025-07-22,2,12.8,15.1,9.9,7.1,observed
2025-07-23,2,9.7,11.8,7.9,2.2,observed
2025-07-24,2,10.1,15.4,6.6,0.6,observed
2025-07-25,2,8.8,11.6,5.5,1.0,observed
2025-07-26,2,10.4,12.1,8.3,12.9,observed
2025-07-27,2,9.9,12.5,7.5,4.5,observed
2025-07-28,2,11.0,13.7,8.5,7.9,observed
2025-07-29,2,10.0,13.1,7.9,0.8,observed
2025-07-30,2,9.8,13.5,7.1,0.2,observed
2025-07-31,2,10.1,14.1,7.1,0.1,observed
2025-08-01,2,9.5,13.6,6.8,0.0,observed
2025-08-02,2,10.1,14.7,7.7,0.0,observed
2025-08-03,2,11.2,18.3,6.7,0.0,observed
2025-08-04,2,12.8,16.7,7.8,0.1,observed
2025-08-05,2,12.0,15.7,9.3,2.4,observed
2025-08-06,2,10.7,14.2,8.1,0.9,observed
2025-08-07,2,10.1,13.8,7.3,0.2,observed
2025-08-08,2,11.2,15.1,8.7,0.1,observed
2025-08-09,2,10.7,16.9,6.7,0.0,observed
2025-08-10,2,11.2,17.7,7.3,0.0,observed
2025-08-11,2,11.4,17.9,6.1,0.0,observed
2025-08-12,2,10.8,14.5,7.1,7.2,observed
2025-08-13,2,11.0,14.5,8.7,0.7,observed
2025-08-14,2,12.3,17.7,8.8,0.1,observed
2025-08-15,2,11.2,16.2,8.2,4.2,observed
2025-08-16,2,9.0,11.6,6.9,3.7,observed
2025-08-17,2,9.5,13.5,5.8,0.7,observed
2025-08-18,2,9.6,13.2,7.2,0.0,observed
2025-08-19,2,9.9,15.9,4.8,0.0,observed
2025-08-20,2,11.1,17.9,6.8,0.0,observed
2025-08-21,2,12.6,19.9,5.7,0.0,observed
2025-08-22,2,13.2,16.6,10.2,0.0,observed
2025-08-23,2,11.1,14.6,8.3,0.2,observed
2025-08-24,2,10.6,15.0,7.8,0.0,observed
2025-08-25,2,11.9,17.9,6.8,0.0,observed
2025-08-26,2,13.4,15.8,11.9,9.6,observed
2025-08-27,2,11.5,13.9,9.8,4.2,observed
2025-08-28,2,11.1,13.7,9.5,5.2,observed
2025-08-29,2,10.3,13.7,8.4,4.3,observed
2025-08-30,2,10.1,12.6,8.3,5.5,observed
2025-08-31,2,11.9,15.5,9.3,2.2,observed
2025-09-01,2,11.7,15.5,7.5,0.6,observed
2025-09-02,2,13.1,16.4,8.8,0.3,observed
2025-09-03,2,13.6,17.2,11.1,1.1,observed
2025-09-04,2,10.9,13.3,7.4,3.9,observed
2025-09-05,2,10.0,14.3,6.8,0.0,observed
2025-09-06,2,12.8,19.7,4.8,0.1,observed
2025-09-07,2,17.0,20.1,14.7,4.1,observed
2025-09-08,2,14.6,18.3,11.2,0.4,observed
2025-09-09,2,12.1,15.9,9.4,0.6,observed
2025-09-10,2,10.8,13.9,8.8,0.4,observed
2025-09-11,2,11.8,14.9,9.4,0.5,observed
2025-09-12,2,12.1,16.6,8.0,0.6,observed
2025-09-13,2,13.7,18.1,10.1,0.3,observed
2025-09-14,2,14.9,20.1,9.2,0.0,observed
2025-09-15,2,18.3,22.4,13.9,0.0,observed
2025-09-16,2,14.5,18.3,10.4,4.6,observed
2025-09-17,2,12.2,15.9,9.7,0.6,observed
2025-09-18,2,13.8,19.0,7.7,0.0,observed
2025-09-19,2,16.0,21.9,11.5,1.2,observed
2025-09-20,2,12.2,15.7,9.0,0.6,observed
2025-09-21,2,12.9,15.7,9.8,4.2,observed
2025-09-22,2,10.9,13.7,8.3,2.1,observed
2025-09-23,2,13.6,17.6,9.8,0.2,observed
2025-09-24,2,14.1,17.0,11.8,0.9,observed
2025-09-25,2,13.9,17.3,11.1,1.6,observed
2025-09-26,2,15.7,21.1,11.5,1.0,observed
2025-09-27,2,13.6,18.6,8.8,0.0,observed
2025-09-28,2,12.3,16.5,9.2,0.1,observed
2025-09-29,2,14.9,21.8,7.7,0.1,observed
2025-09-30,2,15.7,18.9,12.6,2.8,observed
2025-10-01,2,13.9,17.2,10.3,2.6,observed
2025-10-02,2,12.5,15.0,9.9,5.0,observed
2025-10-03,2,14.1,18.0,11.2,1.0,observed
2025-10-04,2,16.4,23.9,9.8,0.0,observed
2025-10-05,2,19.4,25.5,14.8,6.4,observed
2025-10-06,2,13.3,16.5,10.3,4.0,observed
2025-10-07,2,13.5,19.4,8.0,0.0,observed
2025-10-08,2,15.1,20.5,9.8,0.0,observed
2025-10-09,2,15.6,20.3,11.5,0.2,observed
2025-10-10,2,16.4,20.9,12.4,0.6,observed
2025-10-11,2,15.7,19.6,12.6,1.6,observed
2025-10-12,2,13.6,17.7,9.7,6.6,observed
2025-10-13,2,12.7,17.6,8.1,0.4,observed
2025-10-14,2,14.7,20.5,9.7,0.0,observed
2025-10-15,2,15.3,23.0,9.2,0.0,observed
2025-10-16,2,19.8,28.4,11.4,0.3,observed
2025-10-17,2,15.4,19.5,11.9,0.1,observed
2025-10-18,2,15.2,19.6,10.1,0.0,observed
2025-10-19,2,20.2,27.1,15.2,0.8,observed
2025-10-20,2,15.8,19.1,11.8,4.3,observed
2025-10-21,2,16.6,23.3,11.2,0.0,observed
2025-10-22,2,16.4,21.8,11.7,12.0,observed
2025-10-23,2,13.7,18.0,11.0,0.5,observed
2025-10-24,2,13.6,18.2,10.0,0.5,observed
2025-10-25,2,14.5,19.6,10.3,0.5,observed
2025-10-26,2,15.9,18.4,12.4,24.3,observed
2025-10-27,2,11.6,15.1,8.2,3.0,observed
2025-10-28,2,11.8,18.0,6.0,0.0,observed
2025-10-29,2,14.1,19.4,9.5,0.0,observed
2025-10-30,2,17.8,24.8,10.3,0.0,observed
2025-10-31,2,17.9,20.7,14.8,1.8,observed
2025-11-01,2,16.9,22.4,13.1,0.0,observed
2025-11-02,2,20.6,29.0,13.0,0.5,observed
2025-11-03,2,13.9,16.7,12.3,26.1,observed
2025-11-04,2,12.7,15.5,10.8,10.2,observed
2025-11-05,2,14.8,19.3,10.9,2.3,observed
2025-11-06,2,17.2,22.8,10.6,1.2,observed
2025-11-07,2,19.3,26.4,14.3,2.4,observed
2025-11-08,2,12.4,13.2,11.3,15.9,observed
2025-11-09,2,13.5,16.5,11.0,2.6,observed
2025-11-10,2,13.7,17.9,10.6,5.8,observed
2025-11-11,2,10.8,13.2,8.4,17.3,observed
2025-11-12,2,14.1,20.0,7.6,0.0,observed
2025-11-13,2,15.8,22.0,10.3,0.0,observed
2025-11-14,2,13.9,17.8,10.5,0.1,observed
2025-11-15,2,16.7,22.2,11.8,3.7,observed
2025-11-16,2,15.3,18.5,12.0,7.2,observed
2025-11-17,2,14.3,17.5,11.4,4.0,observed
2025-11-18,2,16.6,20.4,12.9,2.1,observed
2025-11-19,2,16.3,20.9,12.4,0.2,observed
2025-11-20,2,13.2,16.3,10.3,0.5,observed
2025-11-21,2,13.9,18.8,9.6,0.0,observed
2025-11-22,2,17.2,24.9,11.5,7.1,observed
2025-11-23,2,17.2,21.0,14.8,8.0,observed
2025-11-24,2,20.2,25.9,14.0,0.4,observed
2025-11-25,2,20.2,24.2,15.5,0.0,observed
2025-11-26,2,17.0,20.6,14.0,2.5,observed
2025-11-27,2,15.3,18.7,12.4,1.5,observed
2025-11-28,2,16.8,23.8,11.1,7.8,observed
2025-11-29,2,15.1,18.1,12.3,11.3,observed
2025-11-30,2,13.3,16.3,10.3,5.4,observed
2025-12-01,2,12.9,14.7,11.2,11.3,observed
2025-12-02,2,14.8,19.0,10.5,2.2,observed
2025-12-03,2,20.1,27.3,11.5,0.0,observed
2025-12-04,2,22.1,28.8,14.1,0.0,observed
2025-12-05,2,17.6,25.2,13.4,0.0,observed
2025-12-06,2,15.8,19.7,11.6,6.8,observed
2025-12-07,2,15.1,19.9,10.0,0.1,observed
2025-12-08,2,19.7,25.2,13.2,0.0,observed
2025-12-09,2,17.2,20.7,12.8,0.3,observed
2025-12-10,2,15.1,18.3,11.1,0.0,observed
2025-12-11,2,16.0,21.2,10.5,0.0,observed
2025-12-12,2,23.0,30.1,13.5,0.0,observed
2025-12-13,2,22.8,29.6,15.1,0.3,observed
2025-12-14,2,16.4,20.3,12.9,0.3,observed
2025-12-15,2,14.9,18.5,12.1,0.0,observed
2025-12-16,2,16.0,20.4,12.6,0.0,observed
2025-12-17,2,21.5,31.9,12.2,0.0,observed
2025-12-18,2,25.5,34.6,17.9,0.0,observed
2025-12-19,2,27.1,33.3,22.1,1.1,observed
2025-12-20,2,18.4,22.7,13.4,0.5,observed
2025-12-21,2,16.9,26.9,12.8,20.9,observed
2025-12-22,2,16.2,20.6,12.1,0.5,observed
2025-12-23,2,16.9,21.2,13.5,1.1,observed
2025-12-24,2,16.4,20.8,12.6,0.1,observed
2025-12-25,2,15.1,17.6,13.2,0.2,observed
2025-12-26,2,14.7,18.2,11.8,0.1,observed
2025-12-27,2,16.6,21.9,11.7,0.0,observed
2025-12-28,2,20.1,28.4,11.5,0.0,observed
2025-12-29,2,24.3,33.7,15.0,0.0,observed
2025-12-30,2,21.3,29.5,15.2,0.1,observed
2025-12-31,2,16.2,19.3,14.0,0.0,observed
2026-01-01,2,17.5,21.9,13.6,0.0,observed
2026-01-02,2,19.2,25.5,13.2,0.0,observed
2026-01-03,2,22.2,31.9,16.0,0.5,observed
2026-01-04,2,18.4,22.2,15.2,0.6,observed
2026-01-05,2,18.2,23.1,13.7,0.0,observed
2026-01-06,2,21.2,28.3,14.9,0.0,observed
2026-01-07,2,28.9,38.1,18.1,0.0,observed
2026-01-08,2,23.8,31.5,19.3,0.1,observed
2026-01-09,2,28.0,39.2,19.6,0.6,observed
2026-01-10,2,20.5,25.2,15.4,0.1,observed
2026-01-11,2,16.9,20.4,14.2,0.0,observed
2026-01-12,2,17.6,23.9,12.4,0.0,observed
2026-01-13,2,18.7,23.1,15.9,0.2,observed
2026-01-14,2,20.9,25.8,16.6,0.1,observed
2026-01-15,2,20.9,25.1,17.8,0.8,observed
2026-01-16,2,20.7,25.9,17.1,0.2,observed
2026-01-17,2,21.4,27.4,16.2,0.1,observed
2026-01-18,2,22.7,29.4,16.3,0.0,observed
2026-01-19,2,24.5,31.1,18.5,0.0,observed
2026-01-20,2,22.4,28.8,17.8,0.0,observed
2026-01-21,2,19.3,23.4,14.9,1.5,observed
2026-01-22,2,17.2,21.3,14.2,0.2,observed
2026-01-23,2,19.3,26.1,12.9,0.0,observed
2026-01-24,2,27.4,37.7,15.3,0.0,observed
2026-01-25,2,21.3,24.9,15.5,0.0,observed
2026-01-26,2,23.4,33.2,14.6,0.0,observed
2026-01-27,2,30.0,43.0,17.2,0.0,observed
2026-01-28,2,21.9,24.1,18.3,0.0,observed
2026-01-29,2,20.7,25.5,17.6,0.0,observed
2026-01-30,2,24.0,31.0,19.4,0.0,observed
2026-01-31,2,22.4,28.7,17.2,0.7,observed
2026-02-01,2,17.7,21.9,14.4,0.5,observed
2026-02-02,2,17.2,21.6,13.1,0.0,observed
2026-02-03,2,22.6,30.9,12.7,0.0,observed
2026-02-04,2,24.0,32.8,17.9,0.0,observed
2026-02-05,2,19.3,24.1,15.6,0.1,observed
2026-02-06,2,18.9,25.4,14.2,0.0,observed
2026-02-07,2,19.1,25.7,13.8,0.0,observed
2026-02-08,2,23.5,32.5,16.8,1.5,observed
2026-02-09,2,20.7,25.2,17.6,0.9,observed
2026-02-10,2,20.7,26.2,17.2,0.3,observed
2026-02-11,2,22.4,32.6,15.3,12.7,observed
2026-02-12,2,16.3,19.4,13.6,0.7,observed
2026-02-13,2,17.0,21.4,13.3,0.2,observed
2026-02-14,2,18.5,24.5,13.4,0.0,observed
2026-02-15,2,22.6,29.9,15.9,0.0,observed
2026-02-16,2,26.0,33.9,18.7,0.0,observed
2026-02-17,2,25.0,33.3,17.3,3.2,observed
2026-02-18,2,19.5,24.4,15.1,0.0,observed
2026-02-19,2,20.2,25.5,15.7,0.0,observed
2026-02-20,2,22.3,31.1,15.4,0.0,observed
2026-02-21,2,22.2,29.1,16.8,0.1,observed
2026-02-22,2,24.3,30.1,16.8,2.2,observed
2026-02-23,2,18.7,23.2,15.4,0.0,observed
2026-02-24,2,20.8,29.1,16.2,9.4,observed
2026-02-25,2,18.9,22.1,17.0,4.4,observed
2026-02-26,2,21.5,27.9,15.9,0.1,observed
2026-02-27,2,22.5,28.5,17.2,4.8,observed
2026-02-28,2,24.7,29.9,19.7,0.1,observed
2026-03-01,2,23.8,27.2,21.2,4.7,observed
2026-03-02,2,21.0,24.5,17.6,15.8,observed
2026-03-03,2,18.3,21.9,16.1,1.5,observed
2026-03-04,2,18.8,23.1,15.9,0.2,observed
2026-03-05,2,20.0,27.2,14.5,0.0,observed
2026-03-06,2,20.3,25.7,16.6,0.0,observed
2026-03-07,2,19.1,23.0,16.6,0.2,observed
2026-03-08,2,20.4,26.0,16.2,0.1,observed
2026-03-09,2,21.9,29.6,16.5,0.0,observed
2026-03-10,2,22.5,31.4,17.0,0.0,observed
2026-03-11,2,21.4,27.2,15.6,0.8,observed
2026-03-12,2,16.6,19.0,14.9,1.4,observed
2026-03-13,2,16.9,20.5,13.8,0.5,observed
2026-03-14,2,17.8,24.9,13.0,0.0,observed
2026-03-15,2,20.3,28.0,14.7,0.5,observed
2026-03-16,2,18.1,19.4,16.6,18.1,observed
2026-03-17,2,18.6,22.2,15.9,2.2,observed
2026-03-18,2,18.5,24.0,14.7,0.1,observed
2026-03-19,2,18.1,21.7,14.9,0.1,observed
2026-03-20,2,17.5,22.6,14.2,0.1,observed
2026-03-21,2,18.1,23.8,13.8,0.1,observed
2026-03-22,2,22.2,29.6,15.1,0.1,observed
2026-03-23,2,22.3,29.2,17.1,0.0,observed
2026-03-24,2,22.4,28.8,18.4,3.2,observed
2026-03-25,2,21.4,25.5,17.7,2.8,observed
2026-03-26,2,15.6,18.3,13.2,13.6,observed
2026-03-27,2,15.1,16.8,13.8,2.7,observed
2026-03-28,2,16.7,19.8,14.5,4.7,observed
2026-03-29,2,17.1,21.3,14.4,0.4,observed
2026-03-30,2,19.7,26.4,13.6,0.0,observed
2026-03-31,2,20.8,27.3,15.2,0.0,observed
2026-04-01,2,20.4,25.3,16.6,0.0,observed
2026-04-02,2,18.8,23.9,15.4,0.1,observed
2026-04-03,2,15.8,18.9,13.2,1.8,observed
2026-04-04,2,15.5,20.8,11.4,0.0,observed
2026-04-05,2,17.9,24.3,11.8,0.0,observed
2026-04-06,2,19.3,23.2,15.3,0.7,observed
2026-04-07,2,17.6,20.2,13.8,3.5,observed
2026-04-08,2,16.4,20.6,13.3,0.5,observed
2026-04-09,2,19.8,26.7,14.8,6.1,observed
2026-04-10,2,16.5,19.3,13.3,4.9,observed
2026-04-11,2,13.5,17.0,10.3,2.0,observed
2026-04-12,2,14.0,16.0,12.3,2.4,observed
2026-04-13,2,15.7,19.6,13.3,2.4,observed
2026-04-14,2,16.1,20.3,13.0,0.8,observed
2026-04-15,2,16.1,20.6,12.5,0.6,observed
2026-04-16,2,17.9,25.1,12.8,2.1,observed
2026-04-17,2,14.5,17.3,12.2,4.4,observed
2026-04-18,2,13.7,17.5,11.0,0.1,observed
2026-04-19,2,14.7,20.7,8.5,0.0,observed
2026-04-20,2,17.0,22.6,13.8,0.0,observed
2026-04-21,2,18.4,26.5,11.7,0.0,observed
2026-04-22,2,18.7,24.6,13.9,0.0,observed
2026-04-23,2,19.5,26.3,14.3,0.0,observed
2026-04-24,2,17.1,23.4,11.7,0.0,observed
2026-04-25,2,17.6,24.5,12.0,0.0,observed
2026-04-26,2,19.5,25.8,15.7,0.0,observed
2026-04-27,2,16.5,21.2,13.4,0.0,observed
2026-04-28,2,18.2,25.0,12.7,0.0,observed
2026-04-29,2,17.8,23.8,14.4,0.0,observed
2026-04-30,2,18.7,23.9,15.2,0.0,observed
2026-05-01,2,19.8,25.7,15.5,0.0,observed
2026-05-02,2,19.5,22.1,17.2,0.2,observed
2026-05-03,2,18.3,20.4,13.9,16.3,observed
2026-05-04,2,15.6,19.4,12.8,0.9,observed
2026-05-05,2,14.8,17.5,12.4,1.7,observed
2026-05-06,2,14.3,19.5,10.2,6.9,observed
2026-05-07,2,11.7,13.7,9.6,5.6,observed
2026-05-08,2,14.8,16.5,13.0,4.2,observed
2026-05-09,2,14.8,17.7,13.3,0.9,observed
2026-05-10,2,14.5,17.1,12.3,0.2,observed
2026-05-11,2,14.5,20.6,11.1,0.0,observed
2026-05-12,2,15.5,22.8,10.2,0.1,observed
2026-05-13,2,15.5,22.2,10.9,0.0,observed
2026-05-14,2,16.0,22.2,10.5,0.0,observed
2026-05-15,2,16.2,22.1,11.2,0.0,observed
2026-05-16,2,17.7,22.6,14.6,0.0,observed
2026-05-17,2,16.1,17.7,14.5,11.1,observed
2026-05-18,2,14.9,17.4,13.4,2.8,observed
2026-05-19,2,13.6,16.9,10.7,1.2,observed
2026-05-20,2,13.6,16.6,11.5,1.8,observed
2026-05-21,2,13.5,16.7,11.2,0.2,observed
2026-05-22,2,13.6,18.9,9.0,0.0,observed
2026-05-23,2,13.4,17.8,10.5,0.0,observed
2026-05-24,2,14.0,17.9,11.4,0.1,observed
2026-05-25,2,16.1,20.2,13.7,0.7,observed
2026-05-26,2,15.0,19.4,11.8,1.4,observed
2026-05-27,2,15.1,17.4,13.9,4.6,observed
2026-05-28,2,14.1,16.4,12.6,1.2,observed
2026-05-29,2,13.0,16.0,11.2,0.2,observed
2026-05-30,2,13.4,17.4,10.4,2.3,observed
2026-05-31,2,11.8,15.1,9.4,1.9,observed
2026-06-01,2,11.5,14.5,8.1,10.0,observed
2026-06-02,2,12.8,15.8,11.4,2.8,observed
2026-06-03,2,12.6,14.7,11.1,3.7,observed
2026-06-04,2,12.3,14.0,10.9,14.4,observed
2026-06-05,2,12.1,14.6,10.9,1.5,observed
2026-06-06,2,13.3,16.8,11.2,0.9,observed
2026-06-07,2,13.3,18.1,9.4,0.2,observed
2026-06-08,2,12.4,17.6,8.9,0.0,observed
2026-06-09,2,12.9,17.9,8.2,0.0,observed
2026-06-10,2,15.1,18.3,12.9,2.3,observed
2026-06-11,2,13.3,16.9,10.7,0.1,observed
2026-06-12,2,14.3,17.8,11.0,0.0,observed
2026-06-13,2,14.5,16.9,12.6,14.9,observed
2026-06-14,2,11.6,14.9,8.2,0.5,observed
2026-06-15,2,11.9,17.2,6.1,0.1,observed
2026-06-16,2,15.4,17.4,13.8,3.6,observed
2026-06-17,2,16.1,19.4,13.9,0.0,observed
2026-06-18,2,15.4,17.7,10.7,4.0,observed
2026-06-19,2,12.0,13.9,10.5,2.2,observed
2026-06-20,2,12.1,13.9,10.7,6.6,observed
2026-06-21,2,12.0,14.8,10.5,2.0,observed
2026-06-22,2,12.4,14.8,10.4,0.0,observed
2026-06-23,2,11.5,16.4,7.4,0.2,observed
2026-06-24,2,12.8,16.7,8.9,0.7,observed
2026-06-25,2,12.1,15.4,9.4,0.3,observed
2026-06-26,2,11.7,15.7,9.3,0.0,observed
2026-06-27,2,9.5,12.7,7.9,0.0,observed
2026-06-28,2,10.2,16.2,5.8,0.0,observed
2026-06-29,2,12.5,16.2,8.9,1.3,observed
2026-06-30,2,13.9,15.8,11.6,9.1,observed
2026-07-01,2,13.5,15.4,11.5,10.1,observed
2026-07-02,2,11.6,12.7,10.3,12.0,observed
2026-07-03,2,11.3,13.8,9.6,4.2,observed
2026-07-04,2,11.3,13.3,9.6,1.7,observed
2026-07-05,2,10.1,13.7,6.6,0.1,observed
2026-07-06,2,9.2,14.7,5.4,0.0,observed
2026-07-07,2,9.0,11.0,7.7,0.1,observed
2026-07-08,2,9.2,13.2,7.2,0.0,observed
2026-07-09,2,9.8,14.2,7.6,0.0,observed
2026-07-10,2,9.9,15.6,5.6,0.0,observed
2026-07-11,2,10.5,14.0,7.8,10.6,observed
2026-07-12,2,11.0,13.6,7.5,7.4,observed
2026-07-13,2,12.8,15.0,11.0,2.9,observed
2026-07-14,2,12.5,15.1,9.8,2.2,observed
2026-07-15,2,10.9,14.3,7.2,0.3,observed
2026-07-16,2,12.3,15.3,10.5,0.3,observed
2026-07-17,2,12.0,16.3,8.9,0.0,observed
2026-07-18,2,11.4,16.1,7.6,0.1,observed
2026-07-19,2,12.1,18.0,8.1,0.0,observed
2026-07-20,2,10.6,15.7,6.9,0.0,observed
2026-07-21,2,10.8,15.0,7.7,0.0,observed
2026-07-22,2,11.3,15.4,8.6,2.8,observed
2026-07-23,2,9.4,12.2,7.4,1.5,observed
2026-07-24,2,10.6,13.6,7.8,1.4,observed
2026-07-25,2,12.1,14.9,9.9,2.8,observed
2026-07-26,2,11.9,15.0,9.5,1.0,observed
2026-07-27,2,11.5,15.3,8.9,0.2,observed
2026-07-28,2,11.7,15.6,8.1,5.1,observed
2026-07-29,2,10.0,12.7,7.5,5.8,observed
2026-07-30,2,10.1,13.0,8.0,2.5,observed
2026-07-31,2,10.0,13.8,7.6,0.4,observed
2026-08-01,2,10.0,15.7,6.8,0.0,observed
2026-08-02,2,10.6,16.0,6.7,0.0,observed
2026-08-03,2,10.6,14.8,7.3,0.9,observed
2026-08-04,2,9.9,13.3,6.9,6.1,observed
2026-08-05,2,11.2,13.7,9.3,3.4,observed
2026-08-06,2,11.4,15.1,7.7,0.9,observed
2026-08-07,2,11.8,14.8,9.9,0.7,observed
2026-08-08,2,11.9,15.6,9.8,0.0,observed
2026-08-09,2,10.9,12.0,9.5,9.1,observed
2026-08-10,2,11.6,14.2,9.0,13.8,observed
2026-08-11,2,10.9,13.6,9.4,1.2,observed
2026-08-12,2,10.9,14.3,8.4,2.5,observed
2026-08-13,2,12.0,15.6,9.4,0.8,observed
2026-08-14,2,12.3,15.7,9.3,0.4,observed
2026-08-15,2,11.5,14.8,8.9,0.1,observed
2026-08-16,2,11.0,16.1,8.0,0.0,observed
2026-08-17,2,12.1,17.8,8.0,0.0,observed
2026-08-18,2,13.1,18.2,7.9,0.1,observed
2026-08-19,2,14.9,15.8,14.1,9.7,observed
2026-08-20,2,13.2,16.9,10.5,4.4,observed
2026-08-21,2,12.1,15.6,8.7,1.3,observed
2026-08-22,2,12.2,15.0,9.8,0.4,observed
2026-08-23,2,11.7,16.6,7.2,0.0,observed
2026-08-24,2,12.4,16.2,8.5,0.1,observed
2026-08-25,2,12.8,15.8,10.9,8.9,observed
2026-08-26,2,11.7,14.9,9.0,0.5,observed
2026-08-27,2,12.5,15.9,9.8,0.0,observed
2026-08-28,2,12.4,16.6,8.7,0.4,observed
2026-08-29,2,12.0,15.2,10.0,0.1,observed
2026-08-30,2,11.9,15.8,8.5,0.0,observed
2026-08-31,2,13.1,17.9,9.8,0.0,observed
2026-09-01,2,15.1,20.3,10.5,2.6,observed
2026-09-02,2,14.1,17.0,10.9,0.6,observed
2026-09-03,2,12.6,16.9,9.6,0.7,observed
2026-09-04,2,12.6,17.1,7.6,5.3,observed
2026-09-05,2,14.9,18.5,12.9,11.8,observed
2026-09-06,2,14.1,16.9,12.2,0.4,observed
2026-09-07,2,12.3,14.5,9.3,1.0,observed
2026-09-08,2,12.5,17.4,9.0,0.0,observed
2026-09-09,2,11.8,13.9,10.2,0.1,observed
2026-09-10,2,12.2,16.3,8.6,0.0,observed
2026-09-11,2,12.9,18.1,8.6,0.0,observed
2026-09-12,2,15.1,21.7,9.2,0.0,observed
2026-09-13,2,17.4,22.4,12.7,0.1,observed
2026-09-14,2,16.9,20.2,14.3,1.1,observed
2026-09-15,2,12.6,14.6,9.8,0.5,observed
2026-09-16,2,11.0,13.7,8.5,0.3,observed
2026-09-17,2,12.3,15.7,9.0,0.1,observed
2026-09-18,2,15.0,21.7,7.9,0.0,observed
2026-09-19,2,18.1,23.9,13.7,0.0,observed
2026-09-20,2,18.8,24.7,14.3,0.0,observed
2026-09-21,2,12.5,14.5,9.1,0.7,observed
2026-09-22,2,11.5,16.1,7.7,0.0,observed
2026-09-23,2,12.6,18.4,5.4,0.0,observed
2026-09-24,2,18.3,25.5,10.0,0.4,observed
2026-09-25,2,19.4,23.2,14.7,1.8,forecast
2026-09-26,2,13.0,14.5,10.9,8.1,forecast
2026-09-27,2,11.8,15.2,8.5,0.0,forecast
2026-09-28,2,11.2,15.3,5.9,0.0,forecast
2026-09-29,2,16.3,21.1,10.8,0.0,forecast
2026-09-30,2,18.8,21.1,16.7,5.7,forecast
2026-10-01,2,21.2,25.4,18.1,2.6,forecast
2026-10-02,2,15.6,17.5,12.7,14.3,forecast
2026-10-03,2,13.3,15.4,11.0,0.5,forecast
2026-10-04,2,14.3,19.9,8.4,0.6,forecast
2026-10-05,2,16.7,20.9,10.9,0.0,forecast
2026-10-06,2,15.8,19.9,11.8,0.0,forecast
2026-10-07,2,15.7,21.1,9.0,0.0,forecast
2026-10-08,2,14.3,15.5,12.3,0.6,forecast
2026-10-09,2,13.0,15.0,11.0,0.0,forecast
2026-10-10,2,12.6,15.9,9.2,0.3,forecast
2025-01-01,3,18.8,23.5,14.8,0.1,observed
2025-01-02,3,17.4,21.0,13.7,0.0,observed
2025-01-03,3,21.2,30.2,12.7,0.0,observed
2025-01-04,3,27.4,37.8,17.4,0.0,observed
2025-01-05,3,28.1,35.7,20.4,3.8,observed
2025-01-06,3,19.0,23.8,15.5,13.5,observed
2025-01-07,3,20.4,26.5,15.7,0.4,observed
2025-01-08,3,22.7,30.2,14.4,0.0,observed
2025-01-09,3,24.6,31.0,19.2,0.0,observed
2025-01-10,3,23.7,28.2,20.1,0.0,observed
2025-01-11,3,26.5,34.0,19.5,3.3,observed
2025-01-12,3,23.0,28.5,19.5,12.8,observed
2025-01-13,3,21.8,27.3,18.3,0.3,observed
2025-01-14,3,21.8,26.6,16.8,0.1,observed
2025-01-15,3,20.3,23.2,16.2,4.4,observed
2025-01-16,3,18.3,21.5,15.7,0.6,observed
2025-01-17,3,19.9,23.9,16.4,1.7,observed
2025-01-18,3,22.5,30.7,15.1,0.0,observed
2025-01-19,3,25.5,34.1,17.1,0.0,observed
2025-01-20,3,26.0,33.8,19.8,0.0,observed
2025-01-21,3,24.6,34.3,18.9,0.1,observed
2025-01-22,3,19.6,23.3,15.7,0.0,observed
2025-01-23,3,17.4,21.0,14.5,1.4,observed
2025-01-24,3,19.2,23.5,15.8,0.7,observed
2025-01-25,3,20.8,26.8,16.8,0.1,observed
2025-01-26,3,20.8,25.9,17.4,0.1,observed
2025-01-27,3,27.3,38.0,18.5,0.7,observed
2025-01-28,3,19.9,23.4,16.9,0.1,observed
2025-01-29,3,18.0,22.1,14.8,0.0,observed
2025-01-30,3,18.4,22.4,14.8,0.0,observed
2025-01-31,3,19.7,24.2,16.3,0.0,observed
2025-02-01,3,23.4,31.3,15.1,0.0,observed
2025-02-02,3,29.7,38.4,23.1,1.6,observed
2025-02-03,3,29.8,37.8,22.8,3.6,observed
2025-02-04,3,25.8,35.8,19.0,0.2,observed
2025-02-05,3,20.6,24.1,17.5,0.1,observed
2025-02-06,3,25.7,34.8,17.8,0.0,observed
2025-02-07,3,21.8,26.8,18.3,0.6,observed
2025-02-08,3,20.0,22.7,17.8,0.5,observed
2025-02-09,3,21.6,27.2,17.6,0.5,observed
2025-02-10,3,21.8,28.1,17.7,0.2,observed
2025-02-11,3,24.4,30.5,18.3,0.1,observed
2025-02-12,3,26.7,34.2,19.1,0.0,observed
2025-02-13,3,27.5,34.1,21.3,1.9,observed
2025-02-14,3,19.7,23.7,16.1,2.0,observed
2025-02-15,3,15.9,18.6,13.5,6.3,observed
2025-02-16,3,16.1,19.6,13.2,2.2,observed
2025-02-17,3,17.7,23.0,13.3,0.0,observed
2025-02-18,3,17.5,22.1,14.0,1.0,observed
2025-02-19,3,17.2,19.9,15.1,0.9,observed
2025-02-20,3,17.4,20.9,14.1,0.0,observed
2025-02-21,3,22.3,32.5,12.5,0.0,observed
2025-02-22,3,28.4,33.8,21.4,0.4,observed
2025-02-23,3,26.0,31.3,18.2,1.8,observed
2025-02-24,3,19.5,23.7,16.4,0.0,observed
2025-02-25,3,20.2,28.1,14.9,0.0,observed
2025-02-26,3,23.9,34.5,16.4,0.0,observed
2025-02-27,3,21.3,28.2,17.6,0.0,observed
2025-02-28,3,21.8,27.9,17.5,0.0,observed
2025-03-01,3,20.4,27.3,16.3,0.0,observed
2025-03-02,3,18.7,22.0,15.0,0.4,observed
2025-03-03,3,17.9,22.3,14.9,0.0,observed
2025-03-04,3,22.9,32.4,13.9,0.0,observed
2025-03-05,3,24.4,33.6,19.5,0.0,observed
2025-03-06,3,21.4,24.8,18.6,0.1,observed
2025-03-07,3,23.3,29.4,17.7,0.0,observed
2025-03-08,3,25.1,33.8,18.0,0.0,observed
2025-03-09,3,27.3,34.6,20.1,0.3,observed
2025-03-10,3,26.6,33.4,22.6,1.4,observed
2025-03-11,3,26.4,33.5,20.7,0.0,observed
2025-03-12,3,25.6,33.5,19.2,2.4,observed
2025-03-13,3,20.6,26.1,17.0,1.8,observed
2025-03-14,3,21.5,28.5,16.8,0.0,observed
2025-03-15,3,27.0,34.7,19.2,2.0,observed
2025-03-16,3,19.0,24.0,13.6,23.5,observed
2025-03-17,3,16.4,20.0,13.5,0.1,observed
2025-03-18,3,18.6,25.1,14.2,0.1,observed
2025-03-19,3,22.8,30.8,15.7,0.0,observed
2025-03-20,3,23.5,27.0,17.5,29.8,observed
2025-03-21,3,17.6,20.7,14.9,1.4,observed
2025-03-22,3,17.6,22.0,14.4,0.0,observed
2025-03-23,3,18.3,22.9,14.8,0.0,observed
2025-03-24,3,18.1,21.5,15.1,0.0,observed
2025-03-25,3,17.8,23.0,13.9,0.0,observed
2025-03-26,3,18.0,21.9,15.8,0.0,observed
2025-03-27,3,18.8,23.5,15.5,0.0,observed
2025-03-28,3,22.1,29.2,15.4,0.1,observed
2025-03-29,3,20.3,22.1,18.0,3.2,observed
2025-03-30,3,18.9,22.0,16.2,0.3,observed
2025-03-31,3,17.9,21.8,15.0,0.1,observed
2025-04-01,3,18.0,23.8,13.8,0.0,observed
2025-04-02,3,17.9,24.3,12.6,0.0,observed
2025-04-03,3,17.3,20.7,14.5,0.8,observed
2025-04-04,3,15.6,18.7,13.1,0.6,observed
2025-04-05,3,15.5,19.1,11.7,3.0,observed
2025-04-06,3,16.0,21.3,10.7,0.5,observed
2025-04-07,3,15.7,18.8,13.0,0.6,observed
2025-04-08,3,16.2,20.5,13.2,0.3,observed
2025-04-09,3,17.1,22.9,12.9,0.0,observed
2025-04-10,3,20.3,26.7,14.6,0.0,observed
2025-04-11,3,18.5,22.1,15.3,0.1,observed
2025-04-12,3,20.5,29.8,13.7,0.0,observed
2025-04-13,3,23.7,29.7,19.6,0.0,observed
2025-04-14,3,19.4,22.7,16.4,0.0,observed
2025-04-15,3,19.4,26.2,13.7,0.0,observed
2025-04-16,3,21.5,28.2,16.4,0.0,observed
2025-04-17,3,23.0,29.7,18.0,0.0,observed
2025-04-18,3,22.4,28.9,17.8,0.1,observed
2025-04-19,3,21.8,27.2,17.5,0.1,observed
2025-04-20,3,20.3,24.8,15.8,0.7,observed
2025-04-21,3,17.6,22.1,14.2,0.6,observed
2025-04-22,3,17.3,20.8,15.1,0.5,observed
2025-04-23,3,18.0,23.8,13.6,0.1,observed
2025-04-24,3,20.5,25.9,15.5,0.0,observed
2025-04-25,3,20.4,25.0,17.6,8.2,observed
2025-04-26,3,17.8,19.9,15.9,2.8,observed
2025-04-27,3,16.2,19.0,13.8,0.2,observed
2025-04-28,3,15.6,17.6,14.1,1.0,observed
2025-04-29,3,16.0,19.3,14.1,1.3,observed
2025-04-30,3,15.0,18.9,12.3,0.4,observed
2025-05-01,3,14.1,18.9,10.8,0.0,observed
2025-05-02,3,15.6,20.9,11.6,0.0,observed
2025-05-03,3,14.7,22.3,8.6,0.0,observed
2025-05-04,3,16.3,22.6,11.5,0.0,observed
2025-05-05,3,19.4,24.5,15.0,0.0,observed
2025-05-06,3,20.2,25.1,16.6,0.0,observed
2025-05-07,3,16.1,19.3,12.7,2.4,observed
2025-05-08,3,14.1,17.9,11.0,0.1,observed
2025-05-09,3,14.8,19.2,12.5,0.0,observed
2025-05-10,3,15.5,21.2,12.6,0.0,observed
2025-05-11,3,16.0,22.9,10.5,0.0,observed
2025-05-12,3,16.1,22.6,12.3,0.0,observed
2025-05-13,3,16.3,22.6,11.8,0.0,observed
2025-05-14,3,15.4,21.0,11.9,0.0,observed
2025-05-15,3,14.9,18.9,12.4,0.0,observed
2025-05-16,3,14.3,18.4,10.9,0.4,observed
2025-05-17,3,12.8,14.0,9.8,4.1,observed
2025-05-18,3,11.0,15.0,8.3,0.1,observed
2025-05-19,3,10.6,15.7,7.3,0.0,observed
2025-05-20,3,11.6,18.3,6.2,0.0,observed
2025-05-21,3,11.3,17.0,7.3,0.0,observed
2025-05-22,3,12.8,17.7,9.1,0.0,observed
2025-05-23,3,14.4,17.7,11.3,4.2,observed
2025-05-24,3,15.4,18.9,13.2,0.7,observed
2025-05-25,3,14.4,19.2,9.3,0.0,observed
2025-05-26,3,16.3,20.2,12.9,0.2,observed
2025-05-27,3,12.7,15.2,10.6,3.6,observed
2025-05-28,3,13.7,14.7,12.8,2.2,observed
2025-05-29,3,14.1,17.3,11.2,0.5,observed
2025-05-30,3,13.8,16.9,11.6,0.1,observed
2025-05-31,3,13.5,17.4,10.4,0.0,observed
2025-06-01,3,12.6,19.8,7.4,0.0,observed
2025-06-02,3,13.8,19.0,10.5,0.0,observed
2025-06-03,3,12.0,14.1,10.1,2.6,observed
2025-06-04,3,11.2,14.0,9.3,0.4,observed
2025-06-05,3,11.9,15.3,9.1,0.0,observed
2025-06-06,3,11.3,13.1,9.4,0.5,observed
2025-06-07,3,11.2,14.1,8.9,9.4,observed
2025-06-08,3,10.3,11.6,8.8,11.2,observed
2025-06-09,3,12.0,13.9,10.1,5.5,observed
2025-06-10,3,11.4,14.2,9.0,1.3,observed
2025-06-11,3,10.5,14.2,7.6,0.4,observed
2025-06-12,3,11.1,15.3,8.7,0.3,observed
2025-06-13,3,10.9,15.7,7.0,0.0,observed
2025-06-14,3,9.1,14.0,4.6,0.0,observed
2025-06-15,3,10.1,13.9,7.5,0.2,observed
2025-06-16,3,11.4,15.0,8.5,1.4,observed
2025-06-17,3,10.9,13.5,8.1,2.3,observed
2025-06-18,3,10.1,13.5,7.8,0.2,observed
2025-06-19,3,9.7,14.4,6.8,0.0,observed
2025-06-20,3,10.6,17.2,5.4,0.0,observed
2025-06-21,3,9.2,15.2,6.0,0.0,observed
2025-06-22,3,9.2,14.8,4.0,0.1,observed
2025-06-23,3,14.3,18.3,10.3,1.2,observed
2025-06-24,3,11.8,14.6,10.3,4.9,observed
2025-06-25,3,9.1,10.6,6.9,8.1,observed
2025-06-26,3,10.7,13.7,8.4,0.4,observed
2025-06-27,3,10.7,14.3,7.9,0.5,observed
2025-06-28,3,11.5,14.3,9.0,0.1,observed
2025-06-29,3,10.5,13.1,8.6,3.9,observed
2025-06-30,3,10.7,13.1,8.7,0.6,observed
2025-07-01,3,11.0,14.5,8.6,0.7,observed
2025-07-02,3,9.6,11.6,8.0,13.7,observed
2025-07-03,3,10.8,13.9,8.8,0.9,observed
2025-07-04,3,10.5,16.3,6.0,0.0,observed
2025-07-05,3,10.8,16.1,7.1,0.0,observed
2025-07-06,3,11.3,14.9,9.3,0.2,observed
2025-07-07,3,11.3,16.6,7.4,0.0,observed
2025-07-08,3,11.2,15.2,8.8,2.2,observed
2025-07-09,3,9.6,13.2,6.2,0.5,observed
2025-07-10,3,9.3,11.4,8.0,7.3,observed
2025-07-11,3,11.7,15.5,9.5,2.6,observed
2025-07-12,3,11.6,16.0,8.2,0.3,observed
2025-07-13,3,11.7,15.7,9.9,4.8,observed
2025-07-14,3,10.5,13.5,8.7,0.7,observed
2025-07-15,3,10.0,12.9,8.2,0.9,observed
2025-07-16,3,10.5,13.7,8.1,0.9,observed
2025-07-17,3,10.7,13.9,8.3,2.0,observed
2025-07-18,3,9.7,15.2,6.0,0.0,observed
2025-07-19,3,9.1,14.4,5.8,1.0,observed
2025-07-20,3,9.8,14.1,6.3,0.0,observed
2025-07-21,3,10.5,15.3,6.0,0.0,observed
2025-07-22,3,12.8,15.1,9.9,7.1,observed
2025-07-23,3,9.7,11.8,7.9,2.2,observed
2025-07-24,3,10.1,15.4,6.6,0.6,observed
2025-07-25,3,8.8,11.6,5.5,1.0,observed
2025-07-26,3,10.4,12.1,8.3,12.9,observed
2025-07-27,3,9.9,12.5,7.5,4.5,observed
2025-07-28,3,11.0,13.7,8.5,7.9,observed
2025-07-29,3,10.0,13.1,7.9,0.8,observed
2025-07-30,3,9.8,13.5,7.1,0.2,observed
2025-07-31,3,10.1,14.1,7.1,0.1,observed
2025-08-01,3,9.5,13.6,6.8,0.0,observed
2025-08-02,3,10.1,14.7,7.7,0.0,observed
2025-08-03,3,11.2,18.3,6.7,0.0,observed
2025-08-04,3,12.8,16.7,7.8,0.1,observed
2025-08-05,3,12.0,15.7,9.3,2.4,observed
2025-08-06,3,10.7,14.2,8.1,0.9,observed
2025-08-07,3,10.1,13.8,7.3,0.2,observed
2025-08-08,3,11.2,15.1,8.7,0.1,observed
2025-08-09,3,10.7,16.9,6.7,0.0,observed
2025-08-10,3,11.2,17.7,7.3,0.0,observed
2025-08-11,3,11.4,17.9,6.1,0.0,observed
2025-08-12,3,10.8,14.5,7.1,7.2,observed
2025-08-13,3,11.0,14.5,8.7,0.7,observed
2025-08-14,3,12.3,17.7,8.8,0.1,observed
2025-08-15,3,11.2,16.2,8.2,4.2,observed
2025-08-16,3,9.0,11.6,6.9,3.7,observed
2025-08-17,3,9.5,13.5,5.8,0.7,observed
2025-08-18,3,9.6,13.2,7.2,0.0,observed
2025-08-19,3,9.9,15.9,4.8,0.0,observed
2025-08-20,3,11.1,17.9,6.8,0.0,observed
2025-08-21,3,12.6,19.9,5.7,0.0,observed
2025-08-22,3,13.2,16.6,10.2,0.0,observed
2025-08-23,3,11.1,14.6,8.3,0.2,observed
2025-08-24,3,10.6,15.0,7.8,0.0,observed
2025-08-25,3,11.9,17.9,6.8,0.0,observed
2025-08-26,3,13.4,15.8,11.9,9.6,observed
2025-08-27,3,11.5,13.9,9.8,4.2,observed
2025-08-28,3,11.1,13.7,9.5,5.2,observed
2025-08-29,3,10.3,13.7,8.4,4.3,observed
2025-08-30,3,10.1,12.6,8.3,5.5,observed
2025-08-31,3,11.9,15.5,9.3,2.2,observed
2025-09-01,3,11.7,15.5,7.5,0.6,observed
2025-09-02,3,13.1,16.4,8.8,0.3,observed
2025-09-03,3,13.6,17.2,11.1,1.1,observed
2025-09-04,3,10.9,13.3,7.4,3.9,observed
2025-09-05,3,10.0,14.3,6.8,0.0,observed
2025-09-06,3,12.8,19.7,4.8,0.1,observed
2025-09-07,3,17.0,20.1,14.7,4.1,observed
2025-09-08,3,14.6,18.3,11.2,0.4,observed
2025-09-09,3,12.1,15.9,9.4,0.6,observed
2025-09-10,3,10.8,13.9,8.8,0.4,observed
2025-09-11,3,11.8,14.9,9.4,0.5,observed
2025-09-12,3,12.1,16.6,8.0,0.6,observed
2025-09-13,3,13.7,18.1,10.1,0.3,observed
2025-09-14,3,14.9,20.1,9.2,0.0,observed
2025-09-15,3,18.3,22.4,13.9,0.0,observed
2025-09-16,3,14.5,18.3,10.4,4.6,observed
2025-09-17,3,12.2,15.9,9.7,0.6,observed
2025-09-18,3,13.8,19.0,7.7,0.0,observed
2025-09-19,3,16.0,21.9,11.5,1.2,observed
2025-09-20,3,12.2,15.7,9.0,0.6,observed
2025-09-21,3,12.9,15.7,9.8,4.2,observed
2025-09-22,3,10.9,13.7,8.3,2.1,observed
2025-09-23,3,13.6,17.6,9.8,0.2,observed
2025-09-24,3,14.1,17.0,11.8,0.9,observed
2025-09-25,3,13.9,17.3,11.1,1.6,observed
2025-09-26,3,15.7,21.1,11.5,1.0,observed
2025-09-27,3,13.6,18.6,8.8,0.0,observed
2025-09-28,3,12.3,16.5,9.2,0.1,observed
2025-09-29,3,14.9,21.8,7.7,0.1,observed
2025-09-30,3,15.7,18.9,12.6,2.8,observed
2025-10-01,3,13.9,17.2,10.3,2.6,observed
2025-10-02,3,12.5,15.0,9.9,5.0,observed
2025-10-03,3,14.1,18.0,11.2,1.0,observed
2025-10-04,3,16.4,23.9,9.8,0.0,observed
2025-10-05,3,19.4,25.5,14.8,6.4,observed
2025-10-06,3,13.3,16.5,10.3,4.0,observed
2025-10-07,3,13.5,19.4,8.0,0.0,observed
2025-10-08,3,15.1,20.5,9.8,0.0,observed
2025-10-09,3,15.6,20.3,11.5,0.2,observed
2025-10-10,3,16.4,20.9,12.4,0.6,observed
2025-10-11,3,15.7,19.6,12.6,1.6,observed
2025-10-12,3,13.6,17.7,9.7,6.6,observed
2025-10-13,3,12.7,17.6,8.1,0.4,observed
2025-10-14,3,14.7,20.5,9.7,0.0,observed
2025-10-15,3,15.3,23.0,9.2,0.0,observed
2025-10-16,3,19.8,28.4,11.4,0.3,observed
2025-10-17,3,15.4,19.5,11.9,0.1,observed
2025-10-18,3,15.2,19.6,10.1,0.0,observed
2025-10-19,3,20.2,27.1,15.2,0.8,observed
2025-10-20,3,15.8,19.1,11.8,4.3,observed
2025-10-21,3,16.6,23.3,11.2,0.0,observed
2025-10-22,3,16.4,21.8,11.7,12.0,observed
2025-10-23,3,13.7,18.0,11.0,0.5,observed
2025-10-24,3,13.6,18.2,10.0,0.5,observed
2025-10-25,3,14.5,19.6,10.3,0.5,observed
2025-10-26,3,15.9,18.4,12.4,24.3,observed
2025-10-27,3,11.6,15.1,8.2,3.0,observed
2025-10-28,3,11.8,18.0,6.0,0.0,observed
2025-10-29,3,14.1,19.4,9.5,0.0,observed
2025-10-30,3,17.8,24.8,10.3,0.0,observed
2025-10-31,3,17.9,20.7,14.8,1.8,observed
2025-11-01,3,16.9,22.4,13.1,0.0,observed
2025-11-02,3,20.6,29.0,13.0,0.5,observed
2025-11-03,3,13.9,16.7,12.3,26.1,observed
2025-11-04,3,12.7,15.5,10.8,10.2,observed
2025-11-05,3,14.8,19.3,10.9,2.3,observed
2025-11-06,3,17.2,22.8,10.6,1.2,observed
2025-11-07,3,19.3,26.4,14.3,2.4,observed
2025-11-08,3,12.4,13.2,11.3,15.9,observed
2025-11-09,3,13.5,16.5,11.0,2.6,observed
2025-11-10,3,13.7,17.9,10.6,5.8,observed
2025-11-11,3,10.8,13.2,8.4,17.3,observed
2025-11-12,3,14.1,20.0,7.6,0.0,observed
2025-11-13,3,15.8,22.0,10.3,0.0,observed
2025-11-14,3,13.9,17.8,10.5,0.1,observed
2025-11-15,3,16.7,22.2,11.8,3.7,observed
2025-11-16,3,15.3,18.5,12.0,7.2,observed
2025-11-17,3,14.3,17.5,11.4,4.0,observed
2025-11-18,3,16.6,20.4,12.9,2.1,observed
2025-11-19,3,16.3,20.9,12.4,0.2,observed
2025-11-20,3,13.2,16.3,10.3,0.5,observed
2025-11-21,3,13.9,18.8,9.6,0.0,observed
2025-11-22,3,17.2,24.9,11.5,7.1,observed
2025-11-23,3,17.2,21.0,14.8,8.0,observed
2025-11-24,3,20.2,25.9,14.0,0.4,observed
2025-11-25,3,20.2,24.2,15.5,0.0,observed
2025-11-26,3,17.0,20.6,14.0,2.5,observed
2025-11-27,3,15.3,18.7,12.4,1.5,observed
2025-11-28,3,16.8,23.8,11.1,7.8,observed
2025-11-29,3,15.1,18.1,12.3,11.3,observed
2025-11-30,3,13.3,16.3,10.3,5.4,observed
2025-12-01,3,12.9,14.7,11.2,11.3,observed
2025-12-02,3,14.8,19.0,10.5,2.2,observed
2025-12-03,3,20.1,27.3,11.5,0.0,observed
2025-12-04,3,22.1,28.8,14.1,0.0,observed
2025-12-05,3,17.6,25.2,13.4,0.0,observed
2025-12-06,3,15.8,19.7,11.6,6.8,observed
2025-12-07,3,15.1,19.9,10.0,0.1,observed
2025-12-08,3,19.7,25.2,13.2,0.0,observed
2025-12-09,3,17.2,20.7,12.8,0.3,observed
2025-12-10,3,15.1,18.3,11.1,0.0,observed
2025-12-11,3,16.0,21.2,10.5,0.0,observed
2025-12-12,3,23.0,30.1,13.5,0.0,observed
2025-12-13,3,22.8,29.6,15.1,0.3,observed
2025-12-14,3,16.4,20.3,12.9,0.3,observed
2025-12-15,3,14.9,18.5,12.1,0.0,observed
2025-12-16,3,16.0,20.4,12.6,0.0,observed
2025-12-17,3,21.5,31.9,12.2,0.0,observed
2025-12-18,3,25.5,34.6,17.9,0.0,observed
2025-12-19,3,27.1,33.3,22.1,1.1,observed
2025-12-20,3,18.4,22.7,13.4,0.5,observed
2025-12-21,3,16.9,26.9,12.8,20.9,observed
2025-12-22,3,16.2,20.6,12.1,0.5,observed
2025-12-23,3,16.9,21.2,13.5,1.1,observed
2025-12-24,3,16.4,20.8,12.6,0.1,observed
2025-12-25,3,15.1,17.6,13.2,0.2,observed
2025-12-26,3,14.7,18.2,11.8,0.1,observed
2025-12-27,3,16.6,21.9,11.7,0.0,observed
2025-12-28,3,20.1,28.4,11.5,0.0,observed
2025-12-29,3,24.3,33.7,15.0,0.0,observed
2025-12-30,3,21.3,29.5,15.2,0.1,observed
2025-12-31,3,16.2,19.3,14.0,0.0,observed
2026-01-01,3,17.5,21.9,13.6,0.0,observed
2026-01-02,3,19.2,25.5,13.2,0.0,observed
2026-01-03,3,22.2,31.9,16.0,0.5,observed
2026-01-04,3,18.4,22.2,15.2,0.6,observed
2026-01-05,3,18.2,23.1,13.7,0.0,observed
2026-01-06,3,21.2,28.3,14.9,0.0,observed
2026-01-07,3,28.9,38.1,18.1,0.0,observed
2026-01-08,3,23.8,31.5,19.3,0.1,observed
2026-01-09,3,28.0,39.2,19.6,0.6,observed
2026-01-10,3,20.5,25.2,15.4,0.1,observed
2026-01-11,3,16.9,20.4,14.2,0.0,observed
2026-01-12,3,17.6,23.9,12.4,0.0,observed
2026-01-13,3,18.7,23.1,15.9,0.2,observed
2026-01-14,3,20.9,25.8,16.6,0.1,observed
2026-01-15,3,20.9,25.1,17.8,0.8,observed
2026-01-16,3,20.7,25.9,17.1,0.2,observed
2026-01-17,3,21.4,27.4,16.2,0.1,observed
2026-01-18,3,22.7,29.4,16.3,0.0,observed
2026-01-19,3,24.5,31.1,18.5,0.0,observed
2026-01-20,3,22.4,28.8,17.8,0.0,observed
2026-01-21,3,19.3,23.4,14.9,1.5,observed
2026-01-22,3,17.2,21.3,14.2,0.2,observed
2026-01-23,3,19.3,26.1,12.9,0.0,observed
2026-01-24,3,27.4,37.7,15.3,0.0,observed
2026-01-25,3,21.3,24.9,15.5,0.0,observed
2026-01-26,3,23.4,33.2,14.6,0.0,observed
2026-01-27,3,30.0,43.0,17.2,0.0,observed
2026-01-28,3,21.9,24.1,18.3,0.0,observed
2026-01-29,3,20.7,25.5,17.6,0.0,observed
2026-01-30,3,24.0,31.0,19.4,0.0,observed
2026-01-31,3,22.4,28.7,17.2,0.7,observed
2026-02-01,3,17.7,21.9,14.4,0.5,observed
2026-02-02,3,17.2,21.6,13.1,0.0,observed
2026-02-03,3,22.6,30.9,12.7,0.0,observed
2026-02-04,3,24.0,32.8,17.9,0.0,observed
2026-02-05,3,19.3,24.1,15.6,0.1,observed
2026-02-06,3,18.9,25.4,14.2,0.0,observed
2026-02-07,3,19.1,25.7,13.8,0.0,observed
2026-02-08,3,23.5,32.5,16.8,1.5,observed
2026-02-09,3,20.7,25.2,17.6,0.9,observed
2026-02-10,3,20.7,26.2,17.2,0.3,observed
2026-02-11,3,22.4,32.6,15.3,12.7,observed
2026-02-12,3,16.3,19.4,13.6,0.7,observed
2026-02-13,3,17.0,21.4,13.3,0.2,observed
2026-02-14,3,18.5,24.5,13.4,0.0,observed
2026-02-15,3,22.6,29.9,15.9,0.0,observed
2026-02-16,3,26.0,33.9,18.7,0.0,observed
2026-02-17,3,25.0,33.3,17.3,3.2,observed
2026-02-18,3,19.5,24.4,15.1,0.0,observed
2026-02-19,3,20.2,25.5,15.7,0.0,observed
2026-02-20,3,22.3,31.1,15.4,0.0,observed
2026-02-21,3,22.2,29.1,16.8,0.1,observed
2026-02-22,3,24.3,30.1,16.8,2.2,observed
2026-02-23,3,18.7,23.2,15.4,0.0,observed
2026-02-24,3,20.8,29.1,16.2,9.4,observed
2026-02-25,3,18.9,22.1,17.0,4.4,observed
2026-02-26,3,21.5,27.9,15.9,0.1,observed
2026-02-27,3,22.5,28.5,17.2,4.8,observed
2026-02-28,3,24.7,29.9,19.7,0.1,observed
2026-03-01,3,23.8,27.2,21.2,4.7,observed
2026-03-02,3,21.0,24.5,17.6,15.8,observed
2026-03-03,3,18.3,21.9,16.1,1.5,observed
2026-03-04,3,18.8,23.1,15.9,0.2,observed
2026-03-05,3,20.0,27.2,14.5,0.0,observed
2026-03-06,3,20.3,25.7,16.6,0.0,observed
2026-03-07,3,19.1,23.0,16.6,0.2,observed
2026-03-08,3,20.4,26.0,16.2,0.1,observed
2026-03-09,3,21.9,29.6,16.5,0.0,observed
2026-03-10,3,22.5,31.4,17.0,0.0,observed
2026-03-11,3,21.4,27.2,15.6,0.8,observed
2026-03-12,3,16.6,19.0,14.9,1.4,observed
2026-03-13,3,16.9,20.5,13.8,0.5,observed
2026-03-14,3,17.8,24.9,13.0,0.0,observed
2026-03-15,3,20.3,28.0,14.7,0.5,observed
2026-03-16,3,18.1,19.4,16.6,18.1,observed
2026-03-17,3,18.6,22.2,15.9,2.2,observed
2026-03-18,3,18.5,24.0,14.7,0.1,observed
2026-03-19,3,18.1,21.7,14.9,0.1,observed
2026-03-20,3,17.5,22.6,14.2,0.1,observed
2026-03-21,3,18.1,23.8,13.8,0.1,observed
2026-03-22,3,22.2,29.6,15.1,0.1,observed
2026-03-23,3,22.3,29.2,17.1,0.0,observed
2026-03-24,3,22.4,28.8,18.4,3.2,observed
2026-03-25,3,21.4,25.5,17.7,2.8,observed
2026-03-26,3,15.6,18.3,13.2,13.6,observed
2026-03-27,3,15.1,16.8,13.8,2.7,observed
2026-03-28,3,16.7,19.8,14.5,4.7,observed
2026-03-29,3,17.1,21.3,14.4,0.4,observed
2026-03-30,3,19.7,26.4,13.6,0.0,observed
2026-03-31,3,20.8,27.3,15.2,0.0,observed
2026-04-01,3,20.4,25.3,16.6,0.0,observed
2026-04-02,3,18.8,23.9,15.4,0.1,observed
2026-04-03,3,15.8,18.9,13.2,1.8,observed
2026-04-04,3,15.5,20.8,11.4,0.0,observed
2026-04-05,3,17.9,24.3,11.8,0.0,observed
2026-04-06,3,19.3,23.2,15.3,0.7,observed
2026-04-07,3,17.6,20.2,13.8,3.5,observed
2026-04-08,3,16.4,20.6,13.3,0.5,observed
2026-04-09,3,19.8,26.7,14.8,6.1,observed
2026-04-10,3,16.5,19.3,13.3,4.9,observed
2026-04-11,3,13.5,17.0,10.3,2.0,observed
2026-04-12,3,14.0,16.0,12.3,2.4,observed
2026-04-13,3,15.7,19.6,13.3,2.4,observed
2026-04-14,3,16.1,20.3,13.0,0.8,observed
2026-04-15,3,16.1,20.6,12.5,0.6,observed
2026-04-16,3,17.9,25.1,12.8,2.1,observed
2026-04-17,3,14.5,17.3,12.2,4.4,observed
2026-04-18,3,13.7,17.5,11.0,0.1,observed
2026-04-19,3,14.7,20.7,8.5,0.0,observed
2026-04-20,3,17.0,22.6,13.8,0.0,observed
2026-04-21,3,18.4,26.5,11.7,0.0,observed
2026-04-22,3,18.7,24.6,13.9,0.0,observed
2026-04-23,3,19.5,26.3,14.3,0.0,observed
2026-04-24,3,17.1,23.4,11.7,0.0,observed
2026-04-25,3,17.6,24.5,12.0,0.0,observed
2026-04-26,3,19.5,25.8,15.7,0.0,observed
2026-04-27,3,16.5,21.2,13.4,0.0,observed
2026-04-28,3,18.2,25.0,12.7,0.0,observed
2026-04-29,3,17.8,23.8,14.4,0.0,observed
2026-04-30,3,18.7,23.9,15.2,0.0,observed
2026-05-01,3,19.8,25.7,15.5,0.0,observed
2026-05-02,3,19.5,22.1,17.2,0.2,observed
2026-05-03,3,18.3,20.4,13.9,16.3,observed
2026-05-04,3,15.6,19.4,12.8,0.9,observed
2026-05-05,3,14.8,17.5,12.4,1.7,observed
2026-05-06,3,14.3,19.5,10.2,6.9,observed
2026-05-07,3,11.7,13.7,9.6,5.6,observed
2026-05-08,3,14.8,16.5,13.0,4.2,observed
2026-05-09,3,14.8,17.7,13.3,0.9,observed
2026-05-10,3,14.5,17.1,12.3,0.2,observed
2026-05-11,3,14.5,20.6,11.1,0.0,observed
2026-05-12,3,15.5,22.8,10.2,0.1,observed
2026-05-13,3,15.5,22.2,10.9,0.0,observed
2026-05-14,3,16.0,22.2,10.5,0.0,observed
2026-05-15,3,16.2,22.1,11.2,0.0,observed
2026-05-16,3,17.7,22.6,14.6,0.0,observed
2026-05-17,3,16.1,17.7,14.5,11.1,observed
2026-05-18,3,14.9,17.4,13.4,2.8,observed
2026-05-19,3,13.6,16.9,10.7,1.2,observed
2026-05-20,3,13.6,16.6,11.5,1.8,observed
2026-05-21,3,13.5,16.7,11.2,0.2,observed
2026-05-22,3,13.6,18.9,9.0,0.0,observed
2026-05-23,3,13.4,17.8,10.5,0.0,observed
2026-05-24,3,14.0,17.9,11.4,0.1,observed
2026-05-25,3,16.1,20.2,13.7,0.7,observed
2026-05-26,3,15.0,19.4,11.8,1.4,observed
2026-05-27,3,15.1,17.4,13.9,4.6,observed
2026-05-28,3,14.1,16.4,12.6,1.2,observed
2026-05-29,3,13.0,16.0,11.2,0.2,observed
2026-05-30,3,13.4,17.4,10.4,2.3,observed
2026-05-31,3,11.8,15.1,9.4,1.9,observed
2026-06-01,3,11.5,14.5,8.1,10.0,observed
2026-06-02,3,12.8,15.8,11.4,2.8,observed
2026-06-03,3,12.6,14.7,11.1,3.7,observed
2026-06-04,3,12.3,14.0,10.9,14.4,observed
2026-06-05,3,12.1,14.6,10.9,1.5,observed
2026-06-06,3,13.3,16.8,11.2,0.9,observed
2026-06-07,3,13.3,18.1,9.4,0.2,observed
2026-06-08,3,12.4,17.6,8.9,0.0,observed
2026-06-09,3,12.9,17.9,8.2,0.0,observed
2026-06-10,3,15.1,18.3,12.9,2.3,observed
2026-06-11,3,13.3,16.9,10.7,0.1,observed
2026-06-12,3,14.3,17.8,11.0,0.0,observed
2026-06-13,3,14.5,16.9,12.6,14.9,observed
2026-06-14,3,11.6,14.9,8.2,0.5,observed
2026-06-15,3,11.9,17.2,6.1,0.1,observed
2026-06-16,3,15.4,17.4,13.8,3.6,observed
2026-06-17,3,16.1,19.4,13.9,0.0,observed
2026-06-18,3,15.4,17.7,10.7,4.0,observed
2026-06-19,3,12.0,13.9,10.5,2.2,observed
2026-06-20,3,12.1,13.9,10.7,6.6,observed
2026-06-21,3,12.0,14.8,10.5,2.0,observed
2026-06-22,3,12.4,14.8,10.4,0.0,observed
2026-06-23,3,11.5,16.4,7.4,0.2,observed
2026-06-24,3,12.8,16.7,8.9,0.7,observed
2026-06-25,3,12.1,15.4,9.4,0.3,observed
2026-06-26,3,11.7,15.7,9.3,0.0,observed
2026-06-27,3,9.5,12.7,7.9,0.0,observed
2026-06-28,3,10.2,16.2,5.8,0.0,observed
2026-06-29,3,12.5,16.2,8.9,1.3,observed
2026-06-30,3,13.9,15.8,11.6,9.1,observed
2026-07-01,3,13.5,15.4,11.5,10.1,observed
2026-07-02,3,11.6,12.7,10.3,12.0,observed
2026-07-03,3,11.3,13.8,9.6,4.2,observed
2026-07-04,3,11.3,13.3,9.6,1.7,observed
2026-07-05,3,10.1,13.7,6.6,0.1,observed
2026-07-06,3,9.2,14.7,5.4,0.0,observed
2026-07-07,3,9.0,11.0,7.7,0.1,observed
2026-07-08,3,9.2,13.2,7.2,0.0,observed
2026-07-09,3,9.8,14.2,7.6,0.0,observed
2026-07-10,3,9.9,15.6,5.6,0.0,observed
2026-07-11,3,10.5,14.0,7.8,10.6,observed
2026-07-12,3,11.0,13.6,7.5,7.4,observed
2026-07-13,3,12.8,15.0,11.0,2.9,observed
2026-07-14,3,12.5,15.1,9.8,2.2,observed
2026-07-15,3,10.9,14.3,7.2,0.3,observed
2026-07-16,3,12.3,15.3,10.5,0.3,observed
2026-07-17,3,12.0,16.3,8.9,0.0,observed
2026-07-18,3,11.4,16.1,7.6,0.1,observed
2026-07-19,3,12.1,18.0,8.1,0.0,observed
2026-07-20,3,10.6,15.7,6.9,0.0,observed
2026-07-21,3,10.8,15.0,7.7,0.0,observed
2026-07-22,3,11.3,15.4,8.6,2.8,observed
2026-07-23,3,9.4,12.2,7.4,1.5,observed
2026-07-24,3,10.6,13.6,7.8,1.4,observed
2026-07-25,3,12.1,14.9,9.9,2.8,observed
2026-07-26,3,11.9,15.0,9.5,1.0,observed
2026-07-27,3,11.5,15.3,8.9,0.2,observed
2026-07-28,3,11.7,15.6,8.1,5.1,observed
2026-07-29,3,10.0,12.7,7.5,5.8,observed
2026-07-30,3,10.1,13.0,8.0,2.5,observed
2026-07-31,3,10.0,13.8,7.6,0.4,observed
2026-08-01,3,10.0,15.7,6.8,0.0,observed
2026-08-02,3,10.6,16.0,6.7,0.0,observed
2026-08-03,3,10.6,14.8,7.3,0.9,observed
2026-08-04,3,9.9,13.3,6.9,6.1,observed
2026-08-05,3,11.2,13.7,9.3,3.4,observed
2026-08-06,3,11.4,15.1,7.7,0.9,observed
2026-08-07,3,11.8,14.8,9.9,0.7,observed
2026-08-08,3,11.9,15.6,9.8,0.0,observed
2026-08-09,3,10.9,12.0,9.5,9.1,observed
2026-08-10,3,11.6,14.2,9.0,13.8,observed
2026-08-11,3,10.9,13.6,9.4,1.2,observed
2026-08-12,3,10.9,14.3,8.4,2.5,observed
2026-08-13,3,12.0,15.6,9.4,0.8,observed
2026-08-14,3,12.3,15.7,9.3,0.4,observed
2026-08-15,3,11.5,14.8,8.9,0.1,observed
2026-08-16,3,11.0,16.1,8.0,0.0,observed
2026-08-17,3,12.1,17.8,8.0,0.0,observed
2026-08-18,3,13.1,18.2,7.9,0.1,observed
2026-08-19,3,14.9,15.8,14.1,9.7,observed
2026-08-20,3,13.2,16.9,10.5,4.4,observed
2026-08-21,3,12.1,15.6,8.7,1.3,observed
2026-08-22,3,12.2,15.0,9.8,0.4,observed
2026-08-23,3,11.7,16.6,7.2,0.0,observed
2026-08-24,3,12.4,16.2,8.5,0.1,observed
2026-08-25,3,12.8,15.8,10.9,8.9,observed
2026-08-26,3,11.7,14.9,9.0,0.5,observed
2026-08-27,3,12.5,15.9,9.8,0.0,observed
2026-08-28,3,12.4,16.6,8.7,0.4,observed
2026-08-29,3,12.0,15.2,10.0,0.1,observed
2026-08-30,3,11.9,15.8,8.5,0.0,observed
2026-08-31,3,13.1,17.9,9.8,0.0,observed
2026-09-01,3,15.1,20.3,10.5,2.6,observed
2026-09-02,3,14.1,17.0,10.9,0.6,observed
2026-09-03,3,12.6,16.9,9.6,0.7,observed
2026-09-04,3,12.6,17.1,7.6,5.3,observed
2026-09-05,3,14.9,18.5,12.9,11.8,observed
2026-09-06,3,14.1,16.9,12.2,0.4,observed
2026-09-07,3,12.3,14.5,9.3,1.0,observed
2026-09-08,3,12.5,17.4,9.0,0.0,observed
2026-09-09,3,11.8,13.9,10.2,0.1,observed
2026-09-10,3,12.2,16.3,8.6,0.0,observed
2026-09-11,3,12.9,18.1,8.6,0.0,observed
2026-09-12,3,15.1,21.7,9.2,0.0,observed
2026-09-13,3,17.4,22.4,12.7,0.1,observed
2026-09-14,3,16.9,20.2,14.3,1.1,observed
2026-09-15,3,12.6,14.6,9.8,0.5,observed
2026-09-16,3,11.0,13.7,8.5,0.3,observed
2026-09-17,3,12.3,15.7,9.0,0.1,observed
2026-09-18,3,15.0,21.7,7.9,0.0,observed
2026-09-19,3,18.1,23.9,13.7,0.0,observed
2026-09-20,3,18.8,24.7,14.3,0.0,observed
2026-09-21,3,12.5,14.5,9.1,0.7,observed
2026-09-22,3,11.5,16.1,7.7,0.0,observed
2026-09-23,3,12.6,18.4,5.4,0.0,observed
2026-09-24,3,18.3,25.5,10.0,0.4,observed
2026-09-25,3,19.4,23.2,14.7,1.8,forecast
2026-09-26,3,13.0,14.5,10.9,8.1,forecast
2026-09-27,3,11.8,15.2,8.5,0.0,forecast
2026-09-28,3,11.2,15.3,5.9,0.0,forecast
2026-09-29,3,16.3,21.1,10.8,0.0,forecast
2026-09-30,3,18.8,21.1,16.7,5.7,forecast
2026-10-01,3,21.2,25.4,18.1,2.6,forecast
2026-10-02,3,15.6,17.5,12.7,14.3,forecast
2026-10-03,3,13.3,15.4,11.0,0.5,forecast
2026-10-04,3,14.3,19.9,8.4,0.6,forecast
2026-10-05,3,16.7,20.9,10.9,0.0,forecast
2026-10-06,3,15.8,19.9,11.8,0.0,forecast
2026-10-07,3,15.7,21.1,9.0,0.0,forecast
2026-10-08,3,14.3,15.5,12.3,0.6,forecast
2026-10-09,3,13.0,15.0,11.0,0.0,forecast
2026-10-10,3,12.5,15.7,9.2,0.3,forecast
2025-01-01,4,18.8,23.5,14.8,0.1,observed
2025-01-02,4,17.4,21.0,13.7,0.0,observed
2025-01-03,4,21.2,30.2,12.7,0.0,observed
2025-01-04,4,27.4,37.8,17.4,0.0,observed
2025-01-05,4,28.1,35.7,20.4,3.8,observed
2025-01-06,4,19.0,23.8,15.5,13.5,observed
2025-01-07,4,20.4,26.5,15.7,0.4,observed
2025-01-08,4,22.7,30.2,14.4,0.0,observed
2025-01-09,4,24.6,31.0,19.2,0.0,observed
2025-01-10,4,23.7,28.2,20.1,0.0,observed
2025-01-11,4,26.5,34.0,19.5,3.3,observed
2025-01-12,4,23.0,28.5,19.5,12.8,observed
2025-01-13,4,21.8,27.3,18.3,0.3,observed
2025-01-14,4,21.8,26.6,16.8,0.1,observed
2025-01-15,4,20.3,23.2,16.2,4.4,observed
2025-01-16,4,18.3,21.5,15.7,0.6,observed
2025-01-17,4,19.9,23.9,16.4,1.7,observed
2025-01-18,4,22.5,30.7,15.1,0.0,observed
2025-01-19,4,25.5,34.1,17.1,0.0,observed
2025-01-20,4,26.0,33.8,19.8,0.0,observed
2025-01-21,4,24.6,34.3,18.9,0.1,observed
2025-01-22,4,19.6,23.3,15.7,0.0,observed
2025-01-23,4,17.4,21.0,14.5,1.4,observed
2025-01-24,4,19.2,23.5,15.8,0.7,observed
2025-01-25,4,20.8,26.8,16.8,0.1,observed
2025-01-26,4,20.8,25.9,17.4,0.1,observed
2025-01-27,4,27.3,38.0,18.5,0.7,observed
2025-01-28,4,19.9,23.4,16.9,0.1,observed
2025-01-29,4,18.0,22.1,14.8,0.0,observed
2025-01-30,4,18.4,22.4,14.8,0.0,observed
2025-01-31,4,19.7,24.2,16.3,0.0,observed
2025-02-01,4,23.4,31.3,15.1,0.0,observed
2025-02-02,4,29.7,38.4,23.1,1.6,observed
2025-02-03,4,29.8,37.8,22.8,3.6,observed
2025-02-04,4,25.8,35.8,19.0,0.2,observed
2025-02-05,4,20.6,24.1,17.5,0.1,observed
2025-02-06,4,25.7,34.8,17.8,0.0,observed
2025-02-07,4,21.8,26.8,18.3,0.6,observed
2025-02-08,4,20.0,22.7,17.8,0.5,observed
2025-02-09,4,21.6,27.2,17.6,0.5,observed
2025-02-10,4,21.8,28.1,17.7,0.2,observed
2025-02-11,4,24.4,30.5,18.3,0.1,observed
2025-02-12,4,26.7,34.2,19.1,0.0,observed
2025-02-13,4,27.5,34.1,21.3,1.9,observed
2025-02-14,4,19.7,23.7,16.1,2.0,observed
2025-02-15,4,15.9,18.6,13.5,6.3,observed
2025-02-16,4,16.1,19.6,13.2,2.2,observed
2025-02-17,4,17.7,23.0,13.3,0.0,observed
2025-02-18,4,17.5,22.1,14.0,1.0,observed
2025-02-19,4,17.2,19.9,15.1,0.9,observed
2025-02-20,4,17.4,20.9,14.1,0.0,observed
2025-02-21,4,22.3,32.5,12.5,0.0,observed
2025-02-22,4,28.4,33.8,21.4,0.4,observed
2025-02-23,4,26.0,31.3,18.2,1.8,observed
2025-02-24,4,19.5,23.7,16.4,0.0,observed
2025-02-25,4,20.2,28.1,14.9,0.0,observed
2025-02-26,4,23.9,34.5,16.4,0.0,observed
2025-02-27,4,21.3,28.2,17.6,0.0,observed
2025-02-28,4,21.8,27.9,17.5,0.0,observed
2025-03-01,4,20.4,27.3,16.3,0.0,observed
2025-03-02,4,18.7,22.0,15.0,0.4,observed
2025-03-03,4,17.9,22.3,14.9,0.0,observed
2025-03-04,4,22.9,32.4,13.9,0.0,observed
2025-03-05,4,24.4,33.6,19.5,0.0,observed
2025-03-06,4,21.4,24.8,18.6,0.1,observed
2025-03-07,4,23.3,29.4,17.7,0.0,observed
2025-03-08,4,25.1,33.8,18.0,0.0,observed
2025-03-09,4,27.3,34.6,20.1,0.3,observed
2025-03-10,4,26.6,33.4,22.6,1.4,observed
2025-03-11,4,26.4,33.5,20.7,0.0,observed
2025-03-12,4,25.6,33.5,19.2,2.4,observed
2025-03-13,4,20.6,26.1,17.0,1.8,observed
2025-03-14,4,21.5,28.5,16.8,0.0,observed
2025-03-15,4,27.0,34.7,19.2,2.0,observed
2025-03-16,4,19.0,24.0,13.6,23.5,observed
2025-03-17,4,16.4,20.0,13.5,0.1,observed
2025-03-18,4,18.6,25.1,14.2,0.1,observed
2025-03-19,4,22.8,30.8,15.7,0.0,observed
2025-03-20,4,23.5,27.0,17.5,29.8,observed
2025-03-21,4,17.6,20.7,14.9,1.4,observed
2025-03-22,4,17.6,22.0,14.4,0.0,observed
2025-03-23,4,18.3,22.9,14.8,0.0,observed
2025-03-24,4,18.1,21.5,15.1,0.0,observed
2025-03-25,4,17.8,23.0,13.9,0.0,observed
2025-03-26,4,18.0,21.9,15.8,0.0,observed
2025-03-27,4,18.8,23.5,15.5,0.0,observed
2025-03-28,4,22.1,29.2,15.4,0.1,observed
2025-03-29,4,20.3,22.1,18.0,3.2,observed
2025-03-30,4,18.9,22.0,16.2,0.3,observed
2025-03-31,4,17.9,21.8,15.0,0.1,observed
2025-04-01,4,18.0,23.8,13.8,0.0,observed
2025-04-02,4,17.9,24.3,12.6,0.0,observed
2025-04-03,4,17.3,20.7,14.5,0.8,observed
2025-04-04,4,15.6,18.7,13.1,0.6,observed
2025-04-05,4,15.5,19.1,11.7,3.0,observed
2025-04-06,4,16.0,21.3,10.7,0.5,observed
2025-04-07,4,15.7,18.8,13.0,0.6,observed
2025-04-08,4,16.2,20.5,13.2,0.3,observed
2025-04-09,4,17.1,22.9,12.9,0.0,observed
2025-04-10,4,20.3,26.7,14.6,0.0,observed
2025-04-11,4,18.5,22.1,15.3,0.1,observed
2025-04-12,4,20.5,29.8,13.7,0.0,observed
2025-04-13,4,23.7,29.7,19.6,0.0,observed
2025-04-14,4,19.4,22.7,16.4,0.0,observed
2025-04-15,4,19.4,26.2,13.7,0.0,observed
2025-04-16,4,21.5,28.2,16.4,0.0,observed
2025-04-17,4,23.0,29.7,18.0,0.0,observed
2025-04-18,4,22.4,28.9,17.8,0.1,observed
2025-04-19,4,21.8,27.2,17.5,0.1,observed
2025-04-20,4,20.3,24.8,15.8,0.7,observed
2025-04-21,4,17.6,22.1,14.2,0.6,observed
2025-04-22,4,17.3,20.8,15.1,0.5,observed
2025-04-23,4,18.0,23.8,13.6,0.1,observed
2025-04-24,4,20.5,25.9,15.5,0.0,observed
2025-04-25,4,20.4,25.0,17.6,8.2,observed
2025-04-26,4,17.8,19.9,15.9,2.8,observed
2025-04-27,4,16.2,19.0,13.8,0.2,observed
2025-04-28,4,15.6,17.6,14.1,1.0,observed
2025-04-29,4,16.0,19.3,14.1,1.3,observed
2025-04-30,4,15.0,18.9,12.3,0.4,observed
2025-05-01,4,14.1,18.9,10.8,0.0,observed
2025-05-02,4,15.6,20.9,11.6,0.0,observed
2025-05-03,4,14.7,22.3,8.6,0.0,observed
2025-05-04,4,16.3,22.6,11.5,0.0,observed
2025-05-05,4,19.4,24.5,15.0,0.0,observed
2025-05-06,4,20.2,25.1,16.6,0.0,observed
2025-05-07,4,16.1,19.3,12.7,2.4,observed
2025-05-08,4,14.1,17.9,11.0,0.1,observed
2025-05-09,4,14.8,19.2,12.5,0.0,observed
2025-05-10,4,15.5,21.2,12.6,0.0,observed
2025-05-11,4,16.0,22.9,10.5,0.0,observed
2025-05-12,4,16.1,22.6,12.3,0.0,observed
2025-05-13,4,16.3,22.6,11.8,0.0,observed
2025-05-14,4,15.4,21.0,11.9,0.0,observed
2025-05-15,4,14.9,18.9,12.4,0.0,observed
2025-05-16,4,14.3,18.4,10.9,0.4,observed
2025-05-17,4,12.8,14.0,9.8,4.1,observed
2025-05-18,4,11.0,15.0,8.3,0.1,observed
2025-05-19,4,10.6,15.7,7.3,0.0,observed
2025-05-20,4,11.6,18.3,6.2,0.0,observed
2025-05-21,4,11.3,17.0,7.3,0.0,observed
2025-05-22,4,12.8,17.7,9.1,0.0,observed
2025-05-23,4,14.4,17.7,11.3,4.2,observed
2025-05-24,4,15.4,18.9,13.2,0.7,observed
2025-05-25,4,14.4,19.2,9.3,0.0,observed
2025-05-26,4,16.3,20.2,12.9,0.2,observed
2025-05-27,4,12.7,15.2,10.6,3.6,observed
2025-05-28,4,13.7,14.7,12.8,2.2,observed
2025-05-29,4,14.1,17.3,11.2,0.5,observed
2025-05-30,4,13.8,16.9,11.6,0.1,observed
2025-05-31,4,13.5,17.4,10.4,0.0,observed
2025-06-01,4,12.6,19.8,7.4,0.0,observed
2025-06-02,4,13.8,19.0,10.5,0.0,observed
2025-06-03,4,12.0,14.1,10.1,2.6,observed
2025-06-04,4,11.2,14.0,9.3,0.4,observed
2025-06-05,4,11.9,15.3,9.1,0.0,observed
2025-06-06,4,11.3,13.1,9.4,0.5,observed
2025-06-07,4,11.2,14.1,8.9,9.4,observed
2025-06-08,4,10.3,11.6,8.8,11.2,observed
2025-06-09,4,12.0,13.9,10.1,5.5,observed
2025-06-10,4,11.4,14.2,9.0,1.3,observed
2025-06-11,4,10.5,14.2,7.6,0.4,observed
2025-06-12,4,11.1,15.3,8.7,0.3,observed
2025-06-13,4,10.9,15.7,7.0,0.0,observed
2025-06-14,4,9.1,14.0,4.6,0.0,observed
2025-06-15,4,10.1,13.9,7.5,0.2,observed
2025-06-16,4,11.4,15.0,8.5,1.4,observed
2025-06-17,4,10.9,13.5,8.1,2.3,observed
2025-06-18,4,10.1,13.5,7.8,0.2,observed
2025-06-19,4,9.7,14.4,6.8,0.0,observed
2025-06-20,4,10.6,17.2,5.4,0.0,observed
2025-06-21,4,9.2,15.2,6.0,0.0,observed
2025-06-22,4,9.2,14.8,4.0,0.1,observed
2025-06-23,4,14.3,18.3,10.3,1.2,observed
2025-06-24,4,11.8,14.6,10.3,4.9,observed
2025-06-25,4,9.1,10.6,6.9,8.1,observed
2025-06-26,4,10.7,13.7,8.4,0.4,observed
2025-06-27,4,10.7,14.3,7.9,0.5,observed
2025-06-28,4,11.5,14.3,9.0,0.1,observed
2025-06-29,4,10.5,13.1,8.6,3.9,observed
2025-06-30,4,10.7,13.1,8.7,0.6,observed
2025-07-01,4,11.0,14.5,8.6,0.7,observed
2025-07-02,4,9.6,11.6,8.0,13.7,observed
2025-07-03,4,10.8,13.9,8.8,0.9,observed
2025-07-04,4,10.5,16.3,6.0,0.0,observed
2025-07-05,4,10.8,16.1,7.1,0.0,observed
2025-07-06,4,11.3,14.9,9.3,0.2,observed
2025-07-07,4,11.3,16.6,7.4,0.0,observed
2025-07-08,4,11.2,15.2,8.8,2.2,observed
2025-07-09,4,9.6,13.2,6.2,0.5,observed
2025-07-10,4,9.3,11.4,8.0,7.3,observed
2025-07-11,4,11.7,15.5,9.5,2.6,observed
2025-07-12,4,11.6,16.0,8.2,0.3,observed
2025-07-13,4,11.7,15.7,9.9,4.8,observed
2025-07-14,4,10.5,13.5,8.7,0.7,observed
2025-07-15,4,10.0,12.9,8.2,0.9,observed
2025-07-16,4,10.5,13.7,8.1,0.9,observed
2025-07-17,4,10.7,13.9,8.3,2.0,observed
2025-07-18,4,9.7,15.2,6.0,0.0,observed
2025-07-19,4,9.1,14.4,5.8,1.0,observed
2025-07-20,4,9.8,14.1,6.3,0.0,observed
2025-07-21,4,10.5,15.3,6.0,0.0,observed
2025-07-22,4,12.8,15.1,9.9,7.1,observed
2025-07-23,4,9.7,11.8,7.9,2.2,observed
2025-07-24,4,10.1,15.4,6.6,0.6,observed
2025-07-25,4,8.8,11.6,5.5,1.0,observed
2025-07-26,4,10.4,12.1,8.3,12.9,observed
2025-07-27,4,9.9,12.5,7.5,4.5,observed
2025-07-28,4,11.0,13.7,8.5,7.9,observed
2025-07-29,4,10.0,13.1,7.9,0.8,observed
2025-07-30,4,9.8,13.5,7.1,0.2,observed
2025-07-31,4,10.1,14.1,7.1,0.1,observed
2025-08-01,4,9.5,13.6,6.8,0.0,observed
2025-08-02,4,10.1,14.7,7.7,0.0,observed
2025-08-03,4,11.2,18.3,6.7,0.0,observed
2025-08-04,4,12.8,16.7,7.8,0.1,observed
2025-08-05,4,12.0,15.7,9.3,2.4,observed
2025-08-06,4,10.7,14.2,8.1,0.9,observed
2025-08-07,4,10.1,13.8,7.3,0.2,observed
2025-08-08,4,11.2,15.1,8.7,0.1,observed
2025-08-09,4,10.7,16.9,6.7,0.0,observed
2025-08-10,4,11.2,17.7,7.3,0.0,observed
2025-08-11,4,11.4,17.9,6.1,0.0,observed
2025-08-12,4,10.8,14.5,7.1,7.2,observed
2025-08-13,4,11.0,14.5,8.7,0.7,observed
2025-08-14,4,12.3,17.7,8.8,0.1,observed
2025-08-15,4,11.2,16.2,8.2,4.2,observed
2025-08-16,4,9.0,11.6,6.9,3.7,observed
2025-08-17,4,9.5,13.5,5.8,0.7,observed
2025-08-18,4,9.6,13.2,7.2,0.0,observed
2025-08-19,4,9.9,15.9,4.8,0.0,observed
2025-08-20,4,11.1,17.9,6.8,0.0,observed
2025-08-21,4,12.6,19.9,5.7,0.0,observed
2025-08-22,4,13.2,16.6,10.2,0.0,observed
2025-08-23,4,11.1,14.6,8.3,0.2,observed
2025-08-24,4,10.6,15.0,7.8,0.0,observed
2025-08-25,4,11.9,17.9,6.8,0.0,observed
2025-08-26,4,13.4,15.8,11.9,9.6,observed
2025-08-27,4,11.5,13.9,9.8,4.2,observed
2025-08-28,4,11.1,13.7,9.5,5.2,observed
2025-08-29,4,10.3,13.7,8.4,4.3,observed
2025-08-30,4,10.1,12.6,8.3,5.5,observed
2025-08-31,4,11.9,15.5,9.3,2.2,observed
2025-09-01,4,11.7,15.5,7.5,0.6,observed
2025-09-02,4,13.1,16.4,8.8,0.3,observed
2025-09-03,4,13.6,17.2,11.1,1.1,observed
2025-09-04,4,10.9,13.3,7.4,3.9,observed
2025-09-05,4,10.0,14.3,6.8,0.0,observed
2025-09-06,4,12.8,19.7,4.8,0.1,observed
2025-09-07,4,17.0,20.1,14.7,4.1,observed
2025-09-08,4,14.6,18.3,11.2,0.4,observed
2025-09-09,4,12.1,15.9,9.4,0.6,observed
2025-09-10,4,10.8,13.9,8.8,0.4,observed
2025-09-11,4,11.8,14.9,9.4,0.5,observed
2025-09-12,4,12.1,16.6,8.0,0.6,observed
2025-09-13,4,13.7,18.1,10.1,0.3,observed
2025-09-14,4,14.9,20.1,9.2,0.0,observed
2025-09-15,4,18.3,22.4,13.9,0.0,observed
2025-09-16,4,14.5,18.3,10.4,4.6,observed
2025-09-17,4,12.2,15.9,9.7,0.6,observed
2025-09-18,4,13.8,19.0,7.7,0.0,observed
2025-09-19,4,16.0,21.9,11.5,1.2,observed
2025-09-20,4,12.2,15.7,9.0,0.6,observed
2025-09-21,4,12.9,15.7,9.8,4.2,observed
2025-09-22,4,10.9,13.7,8.3,2.1,observed
2025-09-23,4,13.6,17.6,9.8,0.2,observed
2025-09-24,4,14.1,17.0,11.8,0.9,observed
2025-09-25,4,13.9,17.3,11.1,1.6,observed
2025-09-26,4,15.7,21.1,11.5,1.0,observed
2025-09-27,4,13.6,18.6,8.8,0.0,observed
2025-09-28,4,12.3,16.5,9.2,0.1,observed
2025-09-29,4,14.9,21.8,7.7,0.1,observed
2025-09-30,4,15.7,18.9,12.6,2.8,observed
2025-10-01,4,13.9,17.2,10.3,2.6,observed
2025-10-02,4,12.5,15.0,9.9,5.0,observed
2025-10-03,4,14.1,18.0,11.2,1.0,observed
2025-10-04,4,16.4,23.9,9.8,0.0,observed
2025-10-05,4,19.4,25.5,14.8,6.4,observed
2025-10-06,4,13.3,16.5,10.3,4.0,observed
2025-10-07,4,13.5,19.4,8.0,0.0,observed
2025-10-08,4,15.1,20.5,9.8,0.0,observed
2025-10-09,4,15.6,20.3,11.5,0.2,observed
2025-10-10,4,16.4,20.9,12.4,0.6,observed
2025-10-11,4,15.7,19.6,12.6,1.6,observed
2025-10-12,4,13.6,17.7,9.7,6.6,observed
2025-10-13,4,12.7,17.6,8.1,0.4,observed
2025-10-14,4,14.7,20.5,9.7,0.0,observed
2025-10-15,4,15.3,23.0,9.2,0.0,observed
2025-10-16,4,19.8,28.4,11.4,0.3,observed
2025-10-17,4,15.4,19.5,11.9,0.1,observed
2025-10-18,4,15.2,19.6,10.1,0.0,observed
2025-10-19,4,20.2,27.1,15.2,0.8,observed
2025-10-20,4,15.8,19.1,11.8,4.3,observed
2025-10-21,4,16.6,23.3,11.2,0.0,observed
2025-10-22,4,16.4,21.8,11.7,12.0,observed
2025-10-23,4,13.7,18.0,11.0,0.5,observed
2025-10-24,4,13.6,18.2,10.0,0.5,observed
2025-10-25,4,14.5,19.6,10.3,0.5,observed
2025-10-26,4,15.9,18.4,12.4,24.3,observed
2025-10-27,4,11.6,15.1,8.2,3.0,observed
2025-10-28,4,11.8,18.0,6.0,0.0,observed
2025-10-29,4,14.1,19.4,9.5,0.0,observed
2025-10-30,4,17.8,24.8,10.3,0.0,observed
2025-10-31,4,17.9,20.7,14.8,1.8,observed
2025-11-01,4,16.9,22.4,13.1,0.0,observed
2025-11-02,4,20.6,29.0,13.0,0.5,observed
2025-11-03,4,13.9,16.7,12.3,26.1,observed
2025-11-04,4,12.7,15.5,10.8,10.2,observed
2025-11-05,4,14.8,19.3,10.9,2.3,observed
2025-11-06,4,17.2,22.8,10.6,1.2,observed
2025-11-07,4,19.3,26.4,14.3,2.4,observed
2025-11-08,4,12.4,13.2,11.3,15.9,observed
2025-11-09,4,13.5,16.5,11.0,2.6,observed
2025-11-10,4,13.7,17.9,10.6,5.8,observed
2025-11-11,4,10.8,13.2,8.4,17.3,observed
2025-11-12,4,14.1,20.0,7.6,0.0,observed
2025-11-13,4,15.8,22.0,10.3,0.0,observed
2025-11-14,4,13.9,17.8,10.5,0.1,observed
2025-11-15,4,16.7,22.2,11.8,3.7,observed
2025-11-16,4,15.3,18.5,12.0,7.2,observed
2025-11-17,4,14.3,17.5,11.4,4.0,observed
2025-11-18,4,16.6,20.4,12.9,2.1,observed
2025-11-19,4,16.3,20.9,12.4,0.2,observed
2025-11-20,4,13.2,16.3,10.3,0.5,observed
2025-11-21,4,13.9,18.8,9.6,0.0,observed
2025-11-22,4,17.2,24.9,11.5,7.1,observed
2025-11-23,4,17.2,21.0,14.8,8.0,observed
2025-11-24,4,20.2,25.9,14.0,0.4,observed
2025-11-25,4,20.2,24.2,15.5,0.0,observed
2025-11-26,4,17.0,20.6,14.0,2.5,observed
2025-11-27,4,15.3,18.7,12.4,1.5,observed
2025-11-28,4,16.8,23.8,11.1,7.8,observed
2025-11-29,4,15.1,18.1,12.3,11.3,observed
2025-11-30,4,13.3,16.3,10.3,5.4,observed
2025-12-01,4,12.9,14.7,11.2,11.3,observed
2025-12-02,4,14.8,19.0,10.5,2.2,observed
2025-12-03,4,20.1,27.3,11.5,0.0,observed
2025-12-04,4,22.1,28.8,14.1,0.0,observed
2025-12-05,4,17.6,25.2,13.4,0.0,observed
2025-12-06,4,15.8,19.7,11.6,6.8,observed
2025-12-07,4,15.1,19.9,10.0,0.1,observed
2025-12-08,4,19.7,25.2,13.2,0.0,observed
2025-12-09,4,17.2,20.7,12.8,0.3,observed
2025-12-10,4,15.1,18.3,11.1,0.0,observed
2025-12-11,4,16.0,21.2,10.5,0.0,observed
2025-12-12,4,23.0,30.1,13.5,0.0,observed
2025-12-13,4,22.8,29.6,15.1,0.3,observed
2025-12-14,4,16.4,20.3,12.9,0.3,observed
2025-12-15,4,14.9,18.5,12.1,0.0,observed
2025-12-16,4,16.0,20.4,12.6,0.0,observed
2025-12-17,4,21.5,31.9,12.2,0.0,observed
2025-12-18,4,25.5,34.6,17.9,0.0,observed
2025-12-19,4,27.1,33.3,22.1,1.1,observed
2025-12-20,4,18.4,22.7,13.4,0.5,observed
2025-12-21,4,16.9,26.9,12.8,20.9,observed
2025-12-22,4,16.2,20.6,12.1,0.5,observed
2025-12-23,4,16.9,21.2,13.5,1.1,observed
2025-12-24,4,16.4,20.8,12.6,0.1,observed
2025-12-25,4,15.1,17.6,13.2,0.2,observed
2025-12-26,4,14.7,18.2,11.8,0.1,observed
2025-12-27,4,16.6,21.9,11.7,0.0,observed
2025-12-28,4,20.1,28.4,11.5,0.0,observed
2025-12-29,4,24.3,33.7,15.0,0.0,observed
2025-12-30,4,21.3,29.5,15.2,0.1,observed
2025-12-31,4,16.2,19.3,14.0,0.0,observed
2026-01-01,4,17.5,21.9,13.6,0.0,observed
2026-01-02,4,19.2,25.5,13.2,0.0,observed
2026-01-03,4,22.2,31.9,16.0,0.5,observed
2026-01-04,4,18.4,22.2,15.2,0.6,observed
2026-01-05,4,18.2,23.1,13.7,0.0,observed
2026-01-06,4,21.2,28.3,14.9,0.0,observed
2026-01-07,4,28.9,38.1,18.1,0.0,observed
2026-01-08,4,23.8,31.5,19.3,0.1,observed
2026-01-09,4,28.0,39.2,19.6,0.6,observed
2026-01-10,4,20.5,25.2,15.4,0.1,observed
2026-01-11,4,16.9,20.4,14.2,0.0,observed
2026-01-12,4,17.6,23.9,12.4,0.0,observed
2026-01-13,4,18.7,23.1,15.9,0.2,observed
2026-01-14,4,20.9,25.8,16.6,0.1,observed
2026-01-15,4,20.9,25.1,17.8,0.8,observed
2026-01-16,4,20.7,25.9,17.1,0.2,observed
2026-01-17,4,21.4,27.4,16.2,0.1,observed
2026-01-18,4,22.7,29.4,16.3,0.0,observed
2026-01-19,4,24.5,31.1,18.5,0.0,observed
2026-01-20,4,22.4,28.8,17.8,0.0,observed
2026-01-21,4,19.3,23.4,14.9,1.5,observed
2026-01-22,4,17.2,21.3,14.2,0.2,observed
2026-01-23,4,19.3,26.1,12.9,0.0,observed
2026-01-24,4,27.4,37.7,15.3,0.0,observed
2026-01-25,4,21.3,24.9,15.5,0.0,observed
2026-01-26,4,23.4,33.2,14.6,0.0,observed
2026-01-27,4,30.0,43.0,17.2,0.0,observed
2026-01-28,4,21.9,24.1,18.3,0.0,observed
2026-01-29,4,20.7,25.5,17.6,0.0,observed
2026-01-30,4,24.0,31.0,19.4,0.0,observed
2026-01-31,4,22.4,28.7,17.2,0.7,observed
2026-02-01,4,17.7,21.9,14.4,0.5,observed
2026-02-02,4,17.2,21.6,13.1,0.0,observed
2026-02-03,4,22.6,30.9,12.7,0.0,observed
2026-02-04,4,24.0,32.8,17.9,0.0,observed
2026-02-05,4,19.3,24.1,15.6,0.1,observed
2026-02-06,4,18.9,25.4,14.2,0.0,observed
2026-02-07,4,19.1,25.7,13.8,0.0,observed
2026-02-08,4,23.5,32.5,16.8,1.5,observed
2026-02-09,4,20.7,25.2,17.6,0.9,observed
2026-02-10,4,20.7,26.2,17.2,0.3,observed
2026-02-11,4,22.4,32.6,15.3,12.7,observed
2026-02-12,4,16.3,19.4,13.6,0.7,observed
2026-02-13,4,17.0,21.4,13.3,0.2,observed
2026-02-14,4,18.5,24.5,13.4,0.0,observed
2026-02-15,4,22.6,29.9,15.9,0.0,observed
2026-02-16,4,26.0,33.9,18.7,0.0,observed
2026-02-17,4,25.0,33.3,17.3,3.2,observed
2026-02-18,4,19.5,24.4,15.1,0.0,observed
2026-02-19,4,20.2,25.5,15.7,0.0,observed
2026-02-20,4,22.3,31.1,15.4,0.0,observed
2026-02-21,4,22.2,29.1,16.8,0.1,observed
2026-02-22,4,24.3,30.1,16.8,2.2,observed
2026-02-23,4,18.7,23.2,15.4,0.0,observed
2026-02-24,4,20.8,29.1,16.2,9.4,observed
2026-02-25,4,18.9,22.1,17.0,4.4,observed
2026-02-26,4,21.5,27.9,15.9,0.1,observed
2026-02-27,4,22.5,28.5,17.2,4.8,observed
2026-02-28,4,24.7,29.9,19.7,0.1,observed
2026-03-01,4,23.8,27.2,21.2,4.7,observed
2026-03-02,4,21.0,24.5,17.6,15.8,observed
2026-03-03,4,18.3,21.9,16.1,1.5,observed
2026-03-04,4,18.8,23.1,15.9,0.2,observed
2026-03-05,4,20.0,27.2,14.5,0.0,observed
2026-03-06,4,20.3,25.7,16.6,0.0,observed
2026-03-07,4,19.1,23.0,16.6,0.2,observed
2026-03-08,4,20.4,26.0,16.2,0.1,observed
2026-03-09,4,21.9,29.6,16.5,0.0,observed
2026-03-10,4,22.5,31.4,17.0,0.0,observed
2026-03-11,4,21.4,27.2,15.6,0.8,observed
2026-03-12,4,16.6,19.0,14.9,1.4,observed
2026-03-13,4,16.9,20.5,13.8,0.5,observed
2026-03-14,4,17.8,24.9,13.0,0.0,observed
2026-03-15,4,20.3,28.0,14.7,0.5,observed
2026-03-16,4,18.1,19.4,16.6,18.1,observed
2026-03-17,4,18.6,22.2,15.9,2.2,observed
2026-03-18,4,18.5,24.0,14.7,0.1,observed
2026-03-19,4,18.1,21.7,14.9,0.1,observed
2026-03-20,4,17.5,22.6,14.2,0.1,observed
2026-03-21,4,18.1,23.8,13.8,0.1,observed
2026-03-22,4,22.2,29.6,15.1,0.1,observed
2026-03-23,4,22.3,29.2,17.1,0.0,observed
2026-03-24,4,22.4,28.8,18.4,3.2,observed
2026-03-25,4,21.4,25.5,17.7,2.8,observed
2026-03-26,4,15.6,18.3,13.2,13.6,observed
2026-03-27,4,15.1,16.8,13.8,2.7,observed
2026-03-28,4,16.7,19.8,14.5,4.7,observed
2026-03-29,4,17.1,21.3,14.4,0.4,observed
2026-03-30,4,19.7,26.4,13.6,0.0,observed
2026-03-31,4,20.8,27.3,15.2,0.0,observed
2026-04-01,4,20.4,25.3,16.6,0.0,observed
2026-04-02,4,18.8,23.9,15.4,0.1,observed
2026-04-03,4,15.8,18.9,13.2,1.8,observed
2026-04-04,4,15.5,20.8,11.4,0.0,observed
2026-04-05,4,17.9,24.3,11.8,0.0,observed
2026-04-06,4,19.3,23.2,15.3,0.7,observed
2026-04-07,4,17.6,20.2,13.8,3.5,observed
2026-04-08,4,16.4,20.6,13.3,0.5,observed
2026-04-09,4,19.8,26.7,14.8,6.1,observed
2026-04-10,4,16.5,19.3,13.3,4.9,observed
2026-04-11,4,13.5,17.0,10.3,2.0,observed
2026-04-12,4,14.0,16.0,12.3,2.4,observed
2026-04-13,4,15.7,19.6,13.3,2.4,observed
2026-04-14,4,16.1,20.3,13.0,0.8,observed
2026-04-15,4,16.1,20.6,12.5,0.6,observed
2026-04-16,4,17.9,25.1,12.8,2.1,observed
2026-04-17,4,14.5,17.3,12.2,4.4,observed
2026-04-18,4,13.7,17.5,11.0,0.1,observed
2026-04-19,4,14.7,20.7,8.5,0.0,observed
2026-04-20,4,17.0,22.6,13.8,0.0,observed
2026-04-21,4,18.4,26.5,11.7,0.0,observed
2026-04-22,4,18.7,24.6,13.9,0.0,observed
2026-04-23,4,19.5,26.3,14.3,0.0,observed
2026-04-24,4,17.1,23.4,11.7,0.0,observed
2026-04-25,4,17.6,24.5,12.0,0.0,observed
2026-04-26,4,19.5,25.8,15.7,0.0,observed
2026-04-27,4,16.5,21.2,13.4,0.0,observed
2026-04-28,4,18.2,25.0,12.7,0.0,observed
2026-04-29,4,17.8,23.8,14.4,0.0,observed
2026-04-30,4,18.7,23.9,15.2,0.0,observed
2026-05-01,4,19.8,25.7,15.5,0.0,observed
2026-05-02,4,19.5,22.1,17.2,0.2,observed
2026-05-03,4,18.3,20.4,13.9,16.3,observed
2026-05-04,4,15.6,19.4,12.8,0.9,observed
2026-05-05,4,14.8,17.5,12.4,1.7,observed
2026-05-06,4,14.3,19.5,10.2,6.9,observed
2026-05-07,4,11.7,13.7,9.6,5.6,observed
2026-05-08,4,14.8,16.5,13.0,4.2,observed
2026-05-09,4,14.8,17.7,13.3,0.9,observed
2026-05-10,4,14.5,17.1,12.3,0.2,observed
2026-05-11,4,14.5,20.6,11.1,0.0,observed
2026-05-12,4,15.5,22.8,10.2,0.1,observed
2026-05-13,4,15.5,22.2,10.9,0.0,observed
2026-05-14,4,16.0,22.2,10.5,0.0,observed
2026-05-15,4,16.2,22.1,11.2,0.0,observed
2026-05-16,4,17.7,22.6,14.6,0.0,observed
2026-05-17,4,16.1,17.7,14.5,11.1,observed
2026-05-18,4,14.9,17.4,13.4,2.8,observed
2026-05-19,4,13.6,16.9,10.7,1.2,observed
2026-05-20,4,13.6,16.6,11.5,1.8,observed
2026-05-21,4,13.5,16.7,11.2,0.2,observed
2026-05-22,4,13.6,18.9,9.0,0.0,observed
2026-05-23,4,13.4,17.8,10.5,0.0,observed
2026-05-24,4,14.0,17.9,11.4,0.1,observed
2026-05-25,4,16.1,20.2,13.7,0.7,observed
2026-05-26,4,15.0,19.4,11.8,1.4,observed
2026-05-27,4,15.1,17.4,13.9,4.6,observed
2026-05-28,4,14.1,16.4,12.6,1.2,observed
2026-05-29,4,13.0,16.0,11.2,0.2,observed
2026-05-30,4,13.4,17.4,10.4,2.3,observed
2026-05-31,4,11.8,15.1,9.4,1.9,observed
2026-06-01,4,11.5,14.5,8.1,10.0,observed
2026-06-02,4,12.8,15.8,11.4,2.8,observed
2026-06-03,4,12.6,14.7,11.1,3.7,observed
2026-06-04,4,12.3,14.0,10.9,14.4,observed
2026-06-05,4,12.1,14.6,10.9,1.5,observed
2026-06-06,4,13.3,16.8,11.2,0.9,observed
2026-06-07,4,13.3,18.1,9.4,0.2,observed
2026-06-08,4,12.4,17.6,8.9,0.0,observed
2026-06-09,4,12.9,17.9,8.2,0.0,observed
2026-06-10,4,15.1,18.3,12.9,2.3,observed
2026-06-11,4,13.3,16.9,10.7,0.1,observed
2026-06-12,4,14.3,17.8,11.0,0.0,observed
2026-06-13,4,14.5,16.9,12.6,14.9,observed
2026-06-14,4,11.6,14.9,8.2,0.5,observed
2026-06-15,4,11.9,17.2,6.1,0.1,observed
2026-06-16,4,15.4,17.4,13.8,3.6,observed
2026-06-17,4,16.1,19.4,13.9,0.0,observed
2026-06-18,4,15.4,17.7,10.7,4.0,observed
2026-06-19,4,12.0,13.9,10.5,2.2,observed
2026-06-20,4,12.1,13.9,10.7,6.6,observed
2026-06-21,4,12.0,14.8,10.5,2.0,observed
2026-06-22,4,12.4,14.8,10.4,0.0,observed
2026-06-23,4,11.5,16.4,7.4,0.2,observed
2026-06-24,4,12.8,16.7,8.9,0.7,observed
2026-06-25,4,12.1,15.4,9.4,0.3,observed
2026-06-26,4,11.7,15.7,9.3,0.0,observed
2026-06-27,4,9.5,12.7,7.9,0.0,observed
2026-06-28,4,10.2,16.2,5.8,0.0,observed
2026-06-29,4,12.5,16.2,8.9,1.3,observed
2026-06-30,4,13.9,15.8,11.6,9.1,observed
2026-07-01,4,13.5,15.4,11.5,10.1,observed
2026-07-02,4,11.6,12.7,10.3,12.0,observed
2026-07-03,4,11.3,13.8,9.6,4.2,observed
2026-07-04,4,11.3,13.3,9.6,1.7,observed
2026-07-05,4,10.1,13.7,6.6,0.1,observed
2026-07-06,4,9.2,14.7,5.4,0.0,observed
2026-07-07,4,9.0,11.0,7.7,0.1,observed
2026-07-08,4,9.2,13.2,7.2,0.0,observed
2026-07-09,4,9.8,14.2,7.6,0.0,observed
2026-07-10,4,9.9,15.6,5.6,0.0,observed
2026-07-11,4,10.5,14.0,7.8,10.6,observed
2026-07-12,4,11.0,13.6,7.5,7.4,observed
2026-07-13,4,12.8,15.0,11.0,2.9,observed
2026-07-14,4,12.5,15.1,9.8,2.2,observed
2026-07-15,4,10.9,14.3,7.2,0.3,observed
2026-07-16,4,12.3,15.3,10.5,0.3,observed
2026-07-17,4,12.0,16.3,8.9,0.0,observed
2026-07-18,4,11.4,16.1,7.6,0.1,observed
2026-07-19,4,12.1,18.0,8.1,0.0,observed
2026-07-20,4,10.6,15.7,6.9,0.0,observed
2026-07-21,4,10.8,15.0,7.7,0.0,observed
2026-07-22,4,11.3,15.4,8.6,2.8,observed
2026-07-23,4,9.4,12.2,7.4,1.5,observed
2026-07-24,4,10.6,13.6,7.8,1.4,observed
2026-07-25,4,12.1,14.9,9.9,2.8,observed
2026-07-26,4,11.9,15.0,9.5,1.0,observed
2026-07-27,4,11.5,15.3,8.9,0.2,observed
2026-07-28,4,11.7,15.6,8.1,5.1,observed
2026-07-29,4,10.0,12.7,7.5,5.8,observed
2026-07-30,4,10.1,13.0,8.0,2.5,observed
2026-07-31,4,10.0,13.8,7.6,0.4,observed
2026-08-01,4,10.0,15.7,6.8,0.0,observed
2026-08-02,4,10.6,16.0,6.7,0.0,observed
2026-08-03,4,10.6,14.8,7.3,0.9,observed
2026-08-04,4,9.9,13.3,6.9,6.1,observed
2026-08-05,4,11.2,13.7,9.3,3.4,observed
2026-08-06,4,11.4,15.1,7.7,0.9,observed
2026-08-07,4,11.8,14.8,9.9,0.7,observed
2026-08-08,4,11.9,15.6,9.8,0.0,observed
2026-08-09,4,10.9,12.0,9.5,9.1,observed
2026-08-10,4,11.6,14.2,9.0,13.8,observed
2026-08-11,4,10.9,13.6,9.4,1.2,observed
2026-08-12,4,10.9,14.3,8.4,2.5,observed
2026-08-13,4,12.0,15.6,9.4,0.8,observed
2026-08-14,4,12.3,15.7,9.3,0.4,observed
2026-08-15,4,11.5,14.8,8.9,0.1,observed
2026-08-16,4,11.0,16.1,8.0,0.0,observed
2026-08-17,4,12.1,17.8,8.0,0.0,observed
2026-08-18,4,13.1,18.2,7.9,0.1,observed
2026-08-19,4,14.9,15.8,14.1,9.7,observed
2026-08-20,4,13.2,16.9,10.5,4.4,observed
2026-08-21,4,12.1,15.6,8.7,1.3,observed
2026-08-22,4,12.2,15.0,9.8,0.4,observed
2026-08-23,4,11.7,16.6,7.2,0.0,observed
2026-08-24,4,12.4,16.2,8.5,0.1,observed
2026-08-25,4,12.8,15.8,10.9,8.9,observed
2026-08-26,4,11.7,14.9,9.0,0.5,observed
2026-08-27,4,12.5,15.9,9.8,0.0,observed
2026-08-28,4,12.4,16.6,8.7,0.4,observed
2026-08-29,4,12.0,15.2,10.0,0.1,observed
2026-08-30,4,11.9,15.8,8.5,0.0,observed
2026-08-31,4,13.1,17.9,9.8,0.0,observed
2026-09-01,4,15.1,20.3,10.5,2.6,observed
2026-09-02,4,14.1,17.0,10.9,0.6,observed
2026-09-03,4,12.6,16.9,9.6,0.7,observed
2026-09-04,4,12.6,17.1,7.6,5.3,observed
2026-09-05,4,14.9,18.5,12.9,11.8,observed
2026-09-06,4,14.1,16.9,12.2,0.4,observed
2026-09-07,4,12.3,14.5,9.3,1.0,observed
2026-09-08,4,12.5,17.4,9.0,0.0,observed
2026-09-09,4,11.8,13.9,10.2,0.1,observed
2026-09-10,4,12.2,16.3,8.6,0.0,observed
2026-09-11,4,12.9,18.1,8.6,0.0,observed
2026-09-12,4,15.1,21.7,9.2,0.0,observed
2026-09-13,4,17.4,22.4,12.7,0.1,observed
2026-09-14,4,16.9,20.2,14.3,1.1,observed
2026-09-15,4,12.6,14.6,9.8,0.5,observed
2026-09-16,4,11.0,13.7,8.5,0.3,observed
2026-09-17,4,12.3,15.7,9.0,0.1,observed
2026-09-18,4,15.0,21.7,7.9,0.0,observed
2026-09-19,4,18.1,23.9,13.7,0.0,observed
2026-09-20,4,18.8,24.7,14.3,0.0,observed
2026-09-21,4,12.5,14.5,9.1,0.7,observed
2026-09-22,4,11.5,16.1,7.7,0.0,observed
2026-09-23,4,12.6,18.4,5.4,0.0,observed
2026-09-24,4,18.3,25.5,10.0,0.4,observed
2026-09-25,4,19.4,23.2,14.7,1.8,forecast
2026-09-26,4,13.0,14.5,10.9,8.1,forecast
2026-09-27,4,11.8,15.2,8.5,0.0,forecast
2026-09-28,4,11.2,15.3,5.9,0.0,forecast
2026-09-29,4,16.3,21.1,10.8,0.0,forecast
2026-09-30,4,18.8,21.1,16.7,5.7,forecast
2026-10-01,4,21.2,25.4,18.1,2.6,forecast
2026-10-02,4,15.6,17.5,12.7,14.3,forecast
2026-10-03,4,13.3,15.4,11.0,0.5,forecast
2026-10-04,4,14.3,19.9,8.4,0.6,forecast
2026-10-05,4,16.7,20.9,10.9,0.0,forecast
2026-10-06,4,15.8,19.9,11.8,0.0,forecast
2026-10-07,4,15.7,21.1,9.0,0.0,forecast
2026-10-08,4,14.3,15.5,12.3,0.6,forecast
2026-10-09,4,13.0,15.0,11.0,0.0,forecast
2026-10-10,4,12.4,15.6,9.2,0.3,forecast
