date,cell,tmean,tmax,tmin,precip,kind
2024-01-01,0,20.5,26.9,15.5,0.8,observed
2024-01-02,0,20.3,26.8,15.4,1.6,observed
2024-01-03,0,20.3,26.0,16.4,1.7,observed
2024-01-04,0,20.5,26.9,15.2,0.4,observed
2024-01-05,0,19.0,26.2,15.7,7.6,observed
2024-01-06,0,19.7,25.9,15.8,1.4,observed
2024-01-07,0,19.5,24.7,15.9,9.9,observed
2024-01-08,0,19.7,25.4,15.2,0.3,observed
2024-01-09,0,19.5,25.9,14.5,0.5,observed
2024-01-10,0,19.1,24.7,14.6,2.5,observed
2024-01-11,0,18.7,25.3,14.9,1.4,observed
2024-01-12,0,19.2,25.3,14.7,1.3,observed
2024-01-13,0,18.3,22.3,15.5,3.6,observed
2024-01-14,0,19.3,25.2,15.6,12.0,observed
2024-01-15,0,19.7,26.1,15.0,1.0,observed
2024-01-16,0,19.6,25.8,14.8,1.7,observed
2024-01-17,0,19.9,26.5,15.6,2.7,observed
2024-01-18,0,19.0,24.7,16.0,9.8,observed
2024-01-19,0,20.2,27.2,14.9,4.3,observed
2024-01-20,0,18.9,25.3,15.7,10.1,observed
2024-01-21,0,19.5,25.5,16.2,4.0,observed
2024-01-22,0,19.7,27.0,14.7,0.4,observed
2024-01-23,0,19.5,26.7,13.6,0.0,observed
2024-01-24,0,20.0,27.0,13.8,0.0,observed
2024-01-25,0,20.4,26.8,14.8,0.3,observed
2024-01-26,0,20.4,26.6,15.7,0.6,observed
2024-01-27,0,20.5,26.4,16.1,1.5,observed
2024-01-28,0,20.4,26.2,15.9,0.7,observed
2024-01-29,0,20.4,27.2,15.1,0.1,observed
2024-01-30,0,20.7,27.8,16.2,0.2,observed
2024-01-31,0,20.7,27.7,15.3,0.5,observed
2024-02-01,0,20.4,27.7,15.2,0.3,observed
2024-02-02,0,20.5,28.6,14.5,0.0,observed
2024-02-03,0,21.2,28.1,15.6,0.2,observed
2024-02-04,0,20.8,26.8,15.3,0.4,observed
2024-02-05,0,20.7,27.6,15.2,0.1,observed
2024-02-06,0,21.0,28.2,15.2,0.0,observed
2024-02-07,0,20.8,27.8,15.7,0.2,observed
2024-02-08,0,20.6,27.9,14.5,0.6,observed
2024-02-09,0,21.2,28.8,15.0,0.0,observed
2024-02-10,0,21.4,28.4,16.0,0.4,observed
2024-02-11,0,20.9,28.0,15.3,0.0,observed
2024-02-12,0,21.1,28.6,14.2,0.0,observed
2024-02-13,0,21.7,29.2,15.7,0.0,observed
2024-02-14,0,21.8,28.6,16.3,0.0,observed
2024-02-15,0,22.0,29.4,16.0,0.0,observed
2024-02-16,0,21.7,28.6,15.7,0.0,observed
2024-02-17,0,21.8,28.9,15.9,0.3,observed
2024-02-18,0,22.3,31.1,13.5,0.0,observed
2024-02-19,0,22.9,30.1,15.7,0.0,observed
2024-02-20,0,22.6,29.7,16.8,1.6,observed
2024-02-21,0,21.9,29.2,15.9,1.1,observed
2024-02-22,0,21.0,27.9,14.9,0.0,observed
2024-02-23,0,20.1,26.7,15.7,0.8,observed
2024-02-24,0,18.9,24.3,15.9,15.6,observed
2024-02-25,0,20.6,27.9,14.3,0.1,observed
2024-02-26,0,21.6,30.1,15.6,2.8,observed
2024-02-27,0,20.6,29.8,15.6,2.0,observed
2024-02-28,0,20.6,26.6,15.6,1.2,observed
2024-02-29,0,21.2,29.1,15.5,0.1,observed
2024-03-01,0,21.3,29.4,14.5,0.0,observed
2024-03-02,0,21.4,29.1,15.5,0.0,observed
2024-03-03,0,21.6,28.8,15.0,0.0,observed
2024-03-04,0,22.3,29.7,16.6,0.7,observed
2024-03-05,0,20.7,27.6,15.2,0.9,observed
2024-03-06,0,20.6,27.4,15.4,0.3,observed
2024-03-07,0,20.8,27.7,14.3,0.6,observed
2024-03-08,0,21.8,30.0,14.8,0.0,observed
2024-03-09,0,21.3,28.5,16.1,0.2,observed
2024-03-10,0,21.2,28.6,15.0,0.4,observed
2024-03-11,0,21.0,28.0,14.9,0.0,observed
2024-03-12,0,21.1,29.3,13.8,0.0,observed
2024-03-13,0,21.9,29.3,15.4,0.0,observed
2024-03-14,0,21.3,29.0,15.7,0.0,observed
2024-03-15,0,20.5,27.5,14.4,0.1,observed
2024-03-16,0,21.2,28.9,14.6,0.0,observed
2024-03-17,0,22.5,30.7,15.5,0.0,observed
2024-03-18,0,21.9,29.6,15.5,0.1,observed
2024-03-19,0,22.2,29.9,15.3,0.6,observed
2024-03-20,0,21.8,29.5,15.0,0.0,observed
2024-03-21,0,21.8,29.6,15.2,0.0,observed
2024-03-22,0,21.9,30.1,14.7,0.2,observed
2024-03-23,0,22.5,29.8,16.4,0.4,observed
2024-03-24,0,21.8,30.0,16.9,2.3,observed
2024-03-25,0,21.1,27.7,16.7,5.6,observed
2024-03-26,0,21.1,28.1,17.1,4.0,observed
2024-03-27,0,20.6,26.8,17.9,3.7,observed
2024-03-28,0,20.6,27.5,16.1,1.2,observed
2024-03-29,0,20.7,27.5,15.2,0.7,observed
2024-03-30,0,20.1,26.0,16.9,4.4,observed
2024-03-31,0,19.9,25.8,16.2,9.1,observed
2024-04-01,0,20.5,26.6,16.8,2.7,observed
2024-04-02,0,21.0,27.4,16.7,0.8,observed
2024-04-03,0,20.4,28.1,15.4,5.2,observed
2024-04-04,0,20.1,25.8,16.6,3.0,observed
2024-04-05,0,19.9,25.7,16.7,9.9,observed
2024-04-06,0,19.2,25.1,15.8,14.2,observed
2024-04-07,0,20.4,27.3,16.4,2.6,observed
2024-04-08,0,19.9,26.0,15.3,3.6,observed
2024-04-09,0,20.0,26.8,16.0,3.3,observed
2024-04-10,0,20.2,27.5,14.3,0.7,observed
2024-04-11,0,20.8,27.3,15.4,0.8,observed
2024-04-12,0,20.9,27.3,17.6,3.5,observed
2024-04-13,0,20.0,25.4,16.9,6.7,observed
2024-04-14,0,19.9,26.6,16.5,9.2,observed
2024-04-15,0,19.4,25.8,15.5,2.8,observed
2024-04-16,0,19.9,25.8,15.1,0.2,observed
2024-04-17,0,20.2,25.7,14.8,0.8,observed
2024-04-18,0,19.9,26.4,14.7,3.1,observed
2024-04-19,0,19.8,25.7,14.8,1.8,observed
2024-04-20,0,20.3,26.0,15.7,1.1,observed
2024-04-21,0,18.9,24.2,15.7,1.8,observed
2024-04-22,0,19.6,26.4,14.9,7.9,observed
2024-04-23,0,20.0,25.9,16.0,6.3,observed
2024-04-24,0,19.6,26.3,15.8,14.4,observed
2024-04-25,0,19.8,25.7,16.6,9.8,observed
2024-04-26,0,18.9,22.5,16.8,28.9,observed
2024-04-27,0,18.9,25.9,15.6,13.4,observed
2024-04-28,0,19.5,25.9,15.7,15.7,observed
2024-04-29,0,19.4,25.7,14.9,1.8,observed
2024-04-30,0,20.1,25.9,15.6,1.8,observed
2024-05-01,0,20.4,26.3,16.9,11.9,observed
2024-05-02,0,19.8,25.5,17.2,7.0,observed
2024-05-03,0,19.6,24.0,16.5,4.5,observed
2024-05-04,0,19.3,22.6,16.7,0.6,observed
2024-05-05,0,19.6,25.3,16.0,5.1,observed
2024-05-06,0,19.2,24.4,16.1,0.7,observed
2024-05-07,0,19.2,24.1,16.8,9.2,observed
2024-05-08,0,18.4,24.3,14.4,6.6,observed
2024-05-09,0,18.9,24.4,14.4,2.0,observed
2024-05-10,0,19.1,24.6,15.3,5.4,observed
2024-05-11,0,19.2,24.6,14.3,0.9,observed
2024-05-12,0,19.5,25.2,15.0,2.0,observed
2024-05-13,0,19.7,25.5,14.5,0.1,observed
2024-05-14,0,19.3,26.2,13.2,0.1,observed
2024-05-15,0,19.4,26.3,13.3,0.3,observed
2024-05-16,0,19.2,25.2,12.7,2.5,observed
2024-05-17,0,19.7,26.0,14.5,0.2,observed
2024-05-18,0,20.4,26.7,14.6,0.1,observed
2024-05-19,0,19.7,26.6,14.7,2.3,observed
2024-05-20,0,19.8,25.9,15.2,5.4,observed
2024-05-21,0,19.4,24.9,14.7,1.6,observed
2024-05-22,0,19.2,25.1,14.4,1.7,observed
2024-05-23,0,19.1,25.1,15.4,5.3,observed
2024-05-24,0,18.9,24.7,12.9,1.5,observed
2024-05-25,0,19.2,25.1,15.7,1.8,observed
2024-05-26,0,19.4,25.2,14.2,0.5,observed
2024-05-27,0,19.7,26.0,14.1,0.1,observed
2024-05-28,0,19.2,25.6,14.8,0.0,observed
2024-05-29,0,19.2,25.6,12.9,0.1,observed
2024-05-30,0,18.8,25.8,12.1,0.1,observed
2024-05-31,0,19.5,26.7,12.9,0.2,observed
2024-06-01,0,19.3,26.6,13.1,0.2,observed
2024-06-02,0,19.8,27.1,13.9,0.0,observed
2024-06-03,0,19.7,26.0,14.3,0.0,observed
2024-06-04,0,19.3,26.8,14.2,6.6,observed
2024-06-05,0,19.5,25.9,14.3,0.0,observed
2024-06-06,0,18.4,25.5,13.1,0.1,observed
2024-06-07,0,19.1,25.7,13.1,0.8,observed
2024-06-08,0,19.1,25.7,13.8,1.5,observed
2024-06-09,0,17.9,22.7,15.2,0.1,observed
2024-06-10,0,19.1,25.2,15.5,1.8,observed
2024-06-11,0,18.1,23.7,12.5,0.6,observed
2024-06-12,0,17.8,23.8,11.9,0.2,observed
2024-06-13,0,17.9,24.6,11.7,0.0,observed
2024-06-14,0,17.7,25.0,11.4,0.0,observed
2024-06-15,0,18.2,24.9,12.3,0.7,observed
2024-06-16,0,18.7,26.4,12.6,0.0,observed
2024-06-17,0,18.7,26.3,12.2,0.0,observed
2024-06-18,0,17.7,25.0,11.4,0.0,observed
2024-06-19,0,18.4,24.4,12.9,1.7,observed
2024-06-20,0,17.7,22.4,15.0,6.3,observed
2024-06-21,0,17.6,23.6,14.3,4.3,observed
2024-06-22,0,17.4,24.6,12.6,0.1,observed
2024-06-23,0,16.9,23.8,9.9,0.0,observed
2024-06-24,0,16.2,23.8,10.2,0.0,observed
2024-06-25,0,16.1,24.3,9.7,0.0,observed
2024-06-26,0,16.7,23.2,9.5,0.0,observed
2024-06-27,0,16.5,21.4,11.8,0.7,observed
2024-06-28,0,16.2,22.7,9.9,0.0,observed
2024-06-29,0,17.0,25.1,10.1,0.0,observed
2024-06-30,0,16.9,24.2,11.8,0.0,observed
2024-07-01,0,17.1,24.3,11.1,0.0,observed
2024-07-02,0,17.9,24.8,12.4,0.0,observed
2024-07-03,0,18.6,25.6,11.8,0.0,observed
2024-07-04,0,18.7,25.7,12.6,0.0,observed
2024-07-05,0,18.0,25.3,12.1,0.0,observed
2024-07-06,0,17.8,25.6,13.2,9.9,observed
2024-07-07,0,17.6,22.4,13.8,17.6,observed
2024-07-08,0,18.0,25.9,12.6,6.4,observed
2024-07-09,0,17.4,23.6,13.8,10.4,observed
2024-07-10,0,17.1,21.5,13.3,0.6,observed
2024-07-11,0,16.2,23.3,10.5,0.0,observed
2024-07-12,0,16.8,22.7,10.4,0.1,observed
2024-07-13,0,17.1,22.8,13.0,0.4,observed
2024-07-14,0,17.7,25.4,12.1,0.0,observed
2024-07-15,0,17.7,23.4,11.2,0.0,observed
2024-07-16,0,18.0,21.9,14.9,1.2,observed
2024-07-17,0,18.3,24.6,15.3,1.0,observed
2024-07-18,0,17.2,21.2,15.0,0.3,observed
2024-07-19,0,16.9,22.2,12.4,0.1,observed
2024-07-20,0,17.2,22.1,11.5,0.0,observed
2024-07-21,0,18.0,24.9,12.4,0.9,observed
2024-07-22,0,18.5,25.1,13.5,0.0,observed
2024-07-23,0,16.7,24.0,10.5,0.0,observed
2024-07-24,0,16.3,25.0,10.8,0.0,observed
2024-07-25,0,17.9,25.6,10.7,0.6,observed
2024-07-26,0,18.2,25.3,13.9,1.6,observed
2024-07-27,0,17.8,25.3,13.8,0.2,observed
2024-07-28,0,17.9,24.9,12.9,0.2,observed
2024-07-29,0,18.3,24.2,13.8,0.0,observed
2024-07-30,0,18.4,23.5,13.9,0.0,observed
2024-07-31,0,17.2,23.4,13.5,0.3,observed
2024-08-01,0,16.3,23.0,10.4,0.0,observed
2024-08-02,0,16.6,23.6,11.4,0.0,observed
2024-08-03,0,17.2,25.5,11.1,0.0,observed
2024-08-04,0,18.0,24.8,14.3,0.5,observed
2024-08-05,0,17.9,26.8,10.3,0.0,observed
2024-08-06,0,18.2,26.6,10.8,0.5,observed
2024-08-07,0,17.4,26.2,11.8,0.1,observed
2024-08-08,0,17.5,21.2,13.4,1.6,observed
2024-08-09,0,17.8,22.6,15.3,1.3,observed
2024-08-10,0,17.0,23.2,12.4,0.4,observed
2024-08-11,0,16.8,22.8,12.7,0.4,observed
2024-08-12,0,17.5,23.8,13.3,0.1,observed
2024-08-13,0,17.4,23.5,12.2,0.1,observed
2024-08-14,0,17.5,25.5,10.9,0.0,observed
2024-08-15,0,18.5,25.8,13.0,0.7,observed
2024-08-16,0,18.7,25.5,14.8,1.1,observed
2024-08-17,0,17.7,25.5,11.0,0.0,observed
2024-08-18,0,17.0,22.1,12.5,0.2,observed
2024-08-19,0,17.0,25.4,10.4,0.0,observed
2024-08-20,0,17.7,25.1,10.4,0.0,observed
2024-08-21,0,17.5,23.5,11.8,0.1,observed
2024-08-22,0,17.9,23.9,14.3,0.2,observed
2024-08-23,0,17.9,22.9,13.6,0.0,observed
2024-08-24,0,17.8,23.2,14.5,0.3,observed
2024-08-25,0,16.5,20.6,13.8,2.1,observed
2024-08-26,0,17.2,23.1,11.1,0.0,observed
2024-08-27,0,18.6,25.0,14.8,1.6,observed
2024-08-28,0,19.0,24.8,15.5,2.5,observed
2024-08-29,0,18.9,25.2,14.5,1.7,observed
2024-08-30,0,18.5,25.1,13.3,0.3,observed
2024-08-31,0,18.0,25.7,11.4,0.0,observed
2024-09-01,0,18.6,24.6,14.5,0.3,observed
2024-09-02,0,17.5,24.1,11.8,0.0,observed
2024-09-03,0,18.2,23.1,14.4,0.9,observed
2024-09-04,0,18.1,23.1,14.9,2.7,observed
2024-09-05,0,17.9,24.2,13.6,0.1,observed
2024-09-06,0,17.7,22.9,14.2,5.0,observed
2024-09-07,0,18.2,25.2,12.6,0.0,observed
2024-09-08,0,18.4,26.9,12.6,0.0,observed
2024-09-09,0,18.8,26.8,11.3,0.0,observed
2024-09-10,0,19.6,27.2,12.7,0.1,observed
2024-09-11,0,19.2,27.6,12.2,0.0,observed
2024-09-12,0,18.8,27.4,11.7,0.0,observed
2024-09-13,0,18.9,26.9,11.0,0.2,observed
2024-09-14,0,18.8,27.1,11.5,0.0,observed
2024-09-15,0,19.2,27.5,11.4,0.0,observed
2024-09-16,0,18.5,27.1,11.1,0.2,observed
2024-09-17,0,19.2,26.1,12.2,0.0,observed
2024-09-18,0,19.5,27.0,11.9,0.0,observed
2024-09-19,0,19.9,28.3,13.0,0.0,observed
2024-09-20,0,20.2,26.9,13.8,0.3,observed
2024-09-21,0,19.5,26.8,13.3,0.1,observed
2024-09-22,0,20.0,26.8,15.2,0.1,observed
2024-09-23,0,19.0,25.6,12.8,0.1,observed
2024-09-24,0,19.3,26.1,12.7,0.0,observed
2024-09-25,0,18.7,26.0,11.7,0.0,observed
2024-09-26,0,19.6,27.4,11.6,0.2,observed
2024-09-27,0,20.1,28.2,14.1,0.4,observed
2024-09-28,0,19.7,28.2,13.8,0.6,observed
2024-09-29,0,19.4,25.5,13.9,2.8,observed
2024-09-30,0,19.1,26.4,13.6,8.0,observed
2024-10-01,0,20.6,27.2,14.4,0.1,observed
2024-10-02,0,20.0,27.2,15.2,1.1,observed
2024-10-03,0,19.2,25.7,14.7,1.0,observed
2024-10-04,0,19.0,28.0,11.3,0.0,observed
2024-10-05,0,19.2,25.5,13.0,1.6,observed
2024-10-06,0,19.6,25.6,15.8,1.3,observed
2024-10-07,0,19.7,25.9,15.7,1.1,observed
2024-10-08,0,20.5,26.7,16.0,0.5,observed
2024-10-09,0,20.0,26.5,14.3,0.1,observed
2024-10-10,0,19.5,26.1,12.4,0.0,observed
2024-10-11,0,20.2,28.3,14.6,0.5,observed
2024-10-12,0,20.0,28.3,12.3,1.0,observed
2024-10-13,0,19.3,26.4,15.0,8.1,observed
2024-10-14,0,19.8,27.8,12.3,0.1,observed
2024-10-15,0,20.4,27.5,13.7,0.3,observed
2024-10-16,0,20.7,28.5,14.8,0.5,observed
2024-10-17,0,21.9,29.4,15.8,0.0,observed
2024-10-18,0,19.7,27.0,14.3,4.8,observed
2024-10-19,0,18.9,25.3,15.4,5.3,observed
2024-10-20,0,19.3,25.5,15.6,6.0,observed
2024-10-21,0,19.6,26.3,13.2,0.2,observed
2024-10-22,0,20.1,26.9,13.5,0.3,observed
2024-10-23,0,20.0,26.4,14.1,0.3,observed
2024-10-24,0,20.2,26.6,14.1,0.3,observed
2024-10-25,0,20.5,27.8,13.6,0.2,observed
2024-10-26,0,21.0,28.9,14.2,0.0,observed
2024-10-27,0,21.2,28.2,15.1,0.7,observed
2024-10-28,0,21.6,28.7,15.9,0.0,observed
2024-10-29,0,21.4,29.0,14.6,0.0,observed
2024-10-30,0,21.8,29.9,14.2,0.0,observed
2024-10-31,0,21.8,30.0,14.1,0.0,observed
2024-11-01,0,20.8,27.3,15.8,1.8,observed
2024-11-02,0,21.1,28.6,15.7,0.0,observed
2024-11-03,0,21.5,29.4,16.4,0.2,observed
2024-11-04,0,21.6,28.6,16.0,0.0,observed
2024-11-05,0,20.1,26.9,15.8,3.6,observed
2024-11-06,0,19.7,26.0,16.2,2.0,observed
2024-11-07,0,18.5,24.8,16.0,5.1,observed
2024-11-08,0,18.4,24.7,14.9,5.1,observed
2024-11-09,0,19.2,26.7,13.5,1.3,observed
2024-11-10,0,19.1,25.5,15.9,1.8,observed
2024-11-11,0,16.9,20.5,14.0,9.8,observed
2024-11-12,0,18.7,26.1,12.5,0.2,observed
2024-11-13,0,19.0,25.3,15.5,2.8,observed
2024-11-14,0,19.8,26.5,16.5,7.9,observed
2024-11-15,0,17.6,21.5,15.6,7.2,observed
2024-11-16,0,17.0,20.2,15.3,12.0,observed
2024-11-17,0,18.5,24.8,13.6,1.3,observed
2024-11-18,0,19.4,25.3,15.0,0.6,observed
2024-11-19,0,19.7,25.4,15.8,1.7,observed
2024-11-20,0,19.7,25.5,16.1,2.2,observed
2024-11-21,0,18.5,23.2,15.7,6.7,observed
2024-11-22,0,19.1,24.8,15.4,2.5,observed
2024-11-23,0,19.3,24.6,16.0,1.6,observed
2024-11-24,0,19.0,24.1,16.3,19.9,observed
2024-11-25,0,18.1,23.9,15.3,21.2,observed
2024-11-26,0,18.7,23.8,14.3,2.0,observed
2024-11-27,0,18.5,23.9,15.4,3.2,observed
2024-11-28,0,19.2,24.4,15.7,4.4,observed
2024-11-29,0,19.3,24.8,15.1,0.4,observed
2024-11-30,0,19.0,24.5,13.8,0.5,observed
2024-12-01,0,18.6,23.4,15.2,12.2,observed
2024-12-02,0,19.4,24.5,15.8,1.2,observed
2024-12-03,0,19.2,23.8,15.8,4.2,observed
2024-12-04,0,20.0,25.8,15.2,0.4,observed
2024-12-05,0,20.5,27.0,15.6,0.2,observed
2024-12-06,0,20.7,27.2,15.9,0.3,observed
2024-12-07,0,20.9,28.3,15.2,0.6,observed
2024-12-08,0,20.7,27.4,14.7,0.2,observed
2024-12-09,0,20.2,26.8,15.3,0.5,observed
2024-12-10,0,20.3,26.3,16.3,2.1,observed
2024-12-11,0,20.1,25.7,15.4,2.2,observed
2024-12-12,0,20.5,26.9,15.9,1.7,observed
2024-12-13,0,21.2,28.6,15.5,0.3,observed
2024-12-14,0,21.6,27.5,16.6,0.0,observed
2024-12-15,0,21.6,28.1,16.4,1.2,observed
2024-12-16,0,20.4,25.9,16.1,1.9,observed
2024-12-17,0,19.9,25.8,15.1,1.3,observed
2024-12-18,0,20.6,27.2,15.0,1.1,observed
2024-12-19,0,19.1,23.7,15.7,5.1,observed
2024-12-20,0,19.1,25.6,15.9,5.6,observed
2024-12-21,0,18.4,24.3,16.2,7.8,observed
2024-12-22,0,18.7,23.6,14.8,3.1,observed
2024-12-23,0,18.8,23.4,15.9,3.3,observed
2024-12-24,0,18.7,24.2,15.7,6.9,observed
2024-12-25,0,18.6,23.0,15.8,4.8,observed
2024-12-26,0,18.8,24.0,15.0,1.9,observed
2024-12-27,0,19.0,24.8,14.5,0.3,observed
2024-12-28,0,19.3,25.9,14.5,0.4,observed
2024-12-29,0,19.9,26.8,14.1,0.0,observed
2024-12-30,0,20.3,27.1,14.9,0.0,observed
2024-12-31,0,20.1,26.1,15.4,0.6,observed
2025-01-01,0,20.1,26.1,14.8,0.7,observed
2025-01-02,0,20.0,25.3,15.1,0.7,observed
2025-01-03,0,19.9,25.6,14.7,0.0,observed
2025-01-04,0,20.0,25.8,15.5,1.3,observed
2025-01-05,0,19.6,24.9,15.2,0.9,observed
2025-01-06,0,19.5,26.3,13.4,0.0,observed
2025-01-07,0,20.3,28.0,13.9,0.0,observed
2025-01-08,0,21.1,28.2,14.6,0.0,observed
2025-01-09,0,21.0,27.7,15.9,0.5,observed
2025-01-10,0,20.4,26.1,15.6,1.3,observed
2025-01-11,0,21.0,27.6,15.5,0.1,observed
2025-01-12,0,21.8,27.6,16.1,0.2,observed
2025-01-13,0,22.0,27.7,16.7,0.0,observed
2025-01-14,0,21.0,27.0,16.2,0.0,observed
2025-01-15,0,19.1,25.3,14.1,0.2,observed
2025-01-16,0,19.6,26.0,14.2,0.0,observed
2025-01-17,0,20.2,26.7,14.6,0.0,observed
2025-01-18,0,21.3,28.0,15.0,0.0,observed
2025-01-19,0,21.7,27.6,16.3,0.0,observed
2025-01-20,0,22.1,28.9,16.1,0.0,observed
2025-01-21,0,22.0,28.6,15.8,0.0,observed
2025-01-22,0,22.3,28.8,16.3,0.0,observed
2025-01-23,0,21.8,27.9,15.8,0.0,observed
2025-01-24,0,21.7,28.8,15.8,0.1,observed
2025-01-25,0,21.8,28.5,16.0,0.4,observed
2025-01-26,0,19.8,25.8,16.5,8.0,observed
2025-01-27,0,19.2,23.8,15.7,0.3,observed
2025-01-28,0,18.5,24.2,15.1,5.4,observed
2025-01-29,0,19.3,24.9,14.4,4.7,observed
2025-01-30,0,17.8,22.5,15.1,25.5,observed
2025-01-31,0,19.3,25.0,14.6,0.4,observed
2025-02-01,0,19.4,24.8,15.4,1.2,observed
2025-02-02,0,20.2,26.0,15.3,0.3,observed
2025-02-03,0,20.7,26.9,15.3,0.0,observed
2025-02-04,0,20.2,26.7,15.2,0.0,observed
2025-02-05,0,20.4,27.4,14.5,0.5,observed
2025-02-06,0,21.1,27.2,15.5,0.2,observed
2025-02-07,0,21.1,26.9,16.4,0.3,observed
2025-02-08,0,21.8,29.9,15.1,0.0,observed
2025-02-09,0,22.3,29.3,15.5,0.0,observed
2025-02-10,0,22.2,29.1,16.1,0.0,observed
2025-02-11,0,21.7,27.7,16.2,0.0,observed
2025-02-12,0,20.6,26.4,15.7,1.1,observed
2025-02-13,0,20.5,26.1,17.0,3.2,observed
2025-02-14,0,21.6,28.7,15.2,0.0,observed
2025-02-15,0,22.8,29.8,16.3,0.0,observed
2025-02-16,0,22.6,29.3,16.7,0.8,observed
2025-02-17,0,22.1,28.1,16.3,0.1,observed
2025-02-18,0,22.0,29.5,15.2,0.0,observed
2025-02-19,0,22.6,30.1,15.2,0.0,observed
2025-02-20,0,23.3,31.1,16.2,0.0,observed
2025-02-21,0,23.0,30.0,15.9,0.0,observed
2025-02-22,0,22.0,28.3,15.2,0.0,observed
2025-02-23,0,22.0,29.0,15.4,0.0,observed
2025-02-24,0,22.0,28.6,15.1,0.0,observed
2025-02-25,0,22.0,28.9,15.3,0.0,observed
2025-02-26,0,22.4,29.3,15.9,0.0,observed
2025-02-27,0,23.1,30.1,16.1,0.0,observed
2025-02-28,0,23.5,31.1,16.0,0.0,observed
2025-03-01,0,23.5,29.7,16.9,0.0,observed
2025-03-02,0,22.9,29.9,16.0,0.0,observed
2025-03-03,0,22.9,29.3,15.9,0.0,observed
2025-03-04,0,22.7,29.5,16.3,0.0,observed
2025-03-05,0,23.1,30.1,16.9,0.0,observed
2025-03-06,0,23.1,30.5,16.2,0.0,observed
2025-03-07,0,23.7,31.3,16.8,0.7,observed
2025-03-08,0,23.0,29.5,17.9,0.9,observed
2025-03-09,0,22.1,28.5,17.7,2.3,observed
2025-03-10,0,20.1,25.2,16.8,13.8,observed
2025-03-11,0,20.6,26.6,16.4,1.6,observed
2025-03-12,0,20.3,26.1,16.3,1.0,observed
2025-03-13,0,20.2,26.1,15.7,2.2,observed
2025-03-14,0,22.6,30.5,15.9,0.0,observed
2025-03-15,0,22.9,29.9,16.7,0.0,observed
2025-03-16,0,22.3,28.9,16.2,0.0,observed
2025-03-17,0,21.5,28.0,16.3,0.9,observed
2025-03-18,0,20.4,26.3,16.5,3.8,observed
2025-03-19,0,19.6,24.4,16.0,11.2,observed
2025-03-20,0,19.2,23.7,16.0,7.5,observed
2025-03-21,0,20.3,27.0,15.9,2.1,observed
2025-03-22,0,20.5,26.2,16.2,2.1,observed
2025-03-23,0,20.5,26.6,16.0,3.7,observed
2025-03-24,0,21.1,27.8,17.0,1.0,observed
2025-03-25,0,20.1,26.4,15.3,2.1,observed
2025-03-26,0,19.8,25.7,15.9,1.8,observed
2025-03-27,0,19.6,25.7,15.7,4.4,observed
2025-03-28,0,18.5,23.6,15.9,7.6,observed
2025-03-29,0,19.3,24.2,16.1,3.5,observed
2025-03-30,0,19.3,24.0,15.8,2.8,observed
2025-03-31,0,18.8,23.1,16.2,9.6,observed
2025-04-01,0,19.6,25.1,16.1,3.9,observed
2025-04-02,0,20.2,25.8,15.8,0.1,observed
2025-04-03,0,19.8,25.4,16.3,5.0,observed
2025-04-04,0,19.5,25.6,16.7,2.4,observed
2025-04-05,0,19.6,25.7,16.6,3.9,observed
2025-04-06,0,17.6,21.6,16.3,9.8,observed
2025-04-07,0,18.8,23.4,15.9,2.0,observed
2025-04-08,0,19.5,24.7,15.8,2.2,observed
2025-04-09,0,20.1,26.0,15.8,0.2,observed
2025-04-10,0,19.4,24.1,16.7,1.1,observed
2025-04-11,0,19.3,25.1,15.1,1.3,observed
2025-04-12,0,19.5,25.1,16.6,2.7,observed
2025-04-13,0,19.2,24.4,16.0,5.3,observed
2025-04-14,0,19.6,25.3,16.3,3.7,observed
2025-04-15,0,19.7,25.3,16.4,3.3,observed
2025-04-16,0,19.7,25.5,15.6,2.8,observed
2025-04-17,0,20.1,25.7,15.8,1.3,observed
2025-04-18,0,20.3,26.2,16.7,3.8,observed
2025-04-19,0,19.4,26.2,16.6,14.0,observed
2025-04-20,0,18.8,24.7,15.7,10.0,observed
2025-04-21,0,18.3,23.2,15.2,11.8,observed
2025-04-22,0,18.9,23.9,16.4,5.7,observed
2025-04-23,0,17.7,22.2,16.1,9.1,observed
2025-04-24,0,18.2,22.3,15.2,2.3,observed
2025-04-25,0,18.3,23.3,15.4,3.4,observed
2025-04-26,0,18.8,24.7,14.6,0.0,observed
2025-04-27,0,19.1,24.9,15.4,1.0,observed
2025-04-28,0,19.8,24.8,15.4,0.3,observed
2025-04-29,0,19.9,25.6,16.0,2.5,observed
2025-04-30,0,19.5,25.0,16.2,2.2,observed
2025-05-01,0,19.6,25.3,15.7,0.7,observed
2025-05-02,0,20.2,26.2,15.9,0.9,observed
2025-05-03,0,20.5,26.4,16.2,3.0,observed
2025-05-04,0,20.0,26.7,15.9,10.5,observed
2025-05-05,0,18.8,23.6,15.4,12.5,observed
2025-05-06,0,18.2,23.6,14.5,17.8,observed
2025-05-07,0,18.6,23.5,15.0,10.2,observed
2025-05-08,0,18.9,24.0,14.8,2.1,observed
2025-05-09,0,19.1,23.6,15.6,2.1,observed
2025-05-10,0,19.1,24.4,15.9,1.5,observed
2025-05-11,0,18.9,24.3,15.5,3.6,observed
2025-05-12,0,19.2,25.3,15.9,15.9,observed
2025-05-13,0,18.3,23.2,15.1,26.8,observed
2025-05-14,0,18.4,23.6,14.6,2.2,observed
2025-05-15,0,18.7,23.3,14.7,1.4,observed
2025-05-16,0,18.8,23.5,15.3,1.1,observed
2025-05-17,0,18.9,23.8,15.1,0.7,observed
2025-05-18,0,18.6,23.5,15.8,2.9,observed
2025-05-19,0,18.7,22.8,15.1,2.6,observed
2025-05-20,0,19.5,24.6,16.1,1.8,observed
2025-05-21,0,19.6,24.5,16.4,0.9,observed
2025-05-22,0,19.6,25.1,16.8,1.8,observed
2025-05-23,0,19.5,24.7,15.7,2.4,observed
2025-05-24,0,19.8,26.4,14.0,0.0,observed
2025-05-25,0,18.5,23.3,14.4,0.8,observed
2025-05-26,0,19.0,25.0,14.0,2.2,observed
2025-05-27,0,18.0,22.9,14.6,10.3,observed
2025-05-28,0,19.0,24.4,14.9,0.5,observed
2025-05-29,0,19.2,24.3,15.3,1.3,observed
2025-05-30,0,19.1,25.6,13.9,0.0,observed
2025-05-31,0,18.9,26.3,13.3,0.0,observed
2025-06-01,0,18.4,23.9,13.6,2.2,observed
2025-06-02,0,19.2,23.9,15.4,2.2,observed
2025-06-03,0,19.5,25.6,15.0,0.0,observed
2025-06-04,0,19.0,25.6,14.4,0.5,observed
2025-06-05,0,19.0,25.3,15.8,3.4,observed
2025-06-06,0,18.0,22.9,15.2,6.8,observed
2025-06-07,0,18.5,23.0,15.3,4.4,observed
2025-06-08,0,18.5,23.5,14.4,1.5,observed
2025-06-09,0,17.9,23.6,14.1,8.4,observed
2025-06-10,0,18.2,24.2,13.1,0.8,observed
2025-06-11,0,18.1,23.5,13.9,0.9,observed
2025-06-12,0,18.5,23.2,15.4,2.4,observed
2025-06-13,0,18.8,25.4,14.0,0.2,observed
2025-06-14,0,18.1,24.9,11.8,0.0,observed
2025-06-15,0,18.7,24.5,13.9,0.0,observed
2025-06-16,0,18.4,23.8,12.7,0.0,observed
2025-06-17,0,19.0,24.6,13.9,0.5,observed
2025-06-18,0,18.9,24.7,13.4,0.3,observed
2025-06-19,0,19.2,24.8,14.6,0.0,observed
2025-06-20,0,18.5,23.5,14.8,3.0,observed
2025-06-21,0,18.9,25.3,12.8,0.1,observed
2025-06-22,0,18.8,24.6,14.5,1.2,observed
2025-06-23,0,18.8,24.9,15.1,1.1,observed
2025-06-24,0,18.5,25.6,12.1,0.0,observed
2025-06-25,0,18.4,24.2,13.1,0.7,observed
2025-06-26,0,18.7,23.8,15.6,4.1,observed
2025-06-27,0,19.6,25.6,15.6,0.2,observed
2025-06-28,0,18.6,24.9,14.5,0.7,observed
2025-06-29,0,18.0,21.6,14.9,0.0,observed
2025-06-30,0,17.4,21.6,13.6,0.0,observed
2025-07-01,0,17.8,23.1,13.5,0.6,observed
2025-07-02,0,18.6,23.7,13.4,0.0,observed
2025-07-03,0,18.2,22.9,14.7,0.5,observed
2025-07-04,0,18.8,24.0,15.1,0.5,observed
2025-07-05,0,18.2,22.2,14.9,1.0,observed
2025-07-06,0,18.6,23.5,15.0,0.9,observed
2025-07-07,0,18.1,22.2,15.1,0.7,observed
2025-07-08,0,17.8,22.4,14.4,0.6,observed
2025-07-09,0,17.3,20.0,14.4,0.1,observed
2025-07-10,0,18.4,22.9,14.9,0.0,observed
2025-07-11,0,18.1,22.3,15.0,1.4,observed
2025-07-12,0,18.4,23.3,14.2,1.4,observed
2025-07-13,0,18.3,22.4,15.3,2.0,observed
2025-07-14,0,18.6,23.8,13.3,0.2,observed
2025-07-15,0,18.6,23.7,13.4,0.2,observed
2025-07-16,0,18.6,23.3,14.0,0.7,observed
2025-07-17,0,18.8,24.1,13.6,1.3,observed
2025-07-18,0,18.5,23.6,13.6,0.9,observed
2025-07-19,0,19.4,26.6,13.2,0.4,observed
2025-07-20,0,17.7,25.0,12.3,0.0,observed
2025-07-21,0,17.8,24.8,11.6,0.0,observed
2025-07-22,0,17.6,24.5,11.8,0.1,observed
2025-07-23,0,16.5,20.2,13.1,0.5,observed
2025-07-24,0,18.0,26.5,11.5,0.0,observed
2025-07-25,0,18.9,26.8,11.8,0.0,observed
2025-07-26,0,18.9,26.8,12.2,0.0,observed
2025-07-27,0,18.5,25.7,11.7,0.0,observed
2025-07-28,0,18.5,26.2,12.0,0.0,observed
2025-07-29,0,18.0,23.7,14.1,0.2,observed
2025-07-30,0,18.4,27.5,13.0,0.1,observed
2025-07-31,0,19.0,27.0,13.8,0.4,observed
2025-08-01,0,18.1,22.9,14.8,0.9,observed
2025-08-02,0,18.0,23.9,13.6,0.6,observed
2025-08-03,0,18.0,23.0,13.4,0.5,observed
2025-08-04,0,18.2,24.9,12.7,0.0,observed
2025-08-05,0,17.2,24.3,11.5,0.0,observed
2025-08-06,0,18.4,25.8,11.5,0.0,observed
2025-08-07,0,19.3,26.8,14.6,0.8,observed
2025-08-08,0,16.8,22.5,14.4,10.1,observed
2025-08-09,0,15.8,18.8,14.4,9.0,observed
2025-08-10,0,16.8,22.2,12.9,1.0,observed
2025-08-11,0,17.3,22.1,13.3,0.1,observed
2025-08-12,0,16.6,19.9,14.2,1.5,observed
2025-08-13,0,17.7,23.4,12.0,0.1,observed
2025-08-14,0,18.1,24.7,11.4,0.1,observed
2025-08-15,0,18.4,23.8,13.8,0.0,observed
2025-08-16,0,18.0,24.3,13.3,4.6,observed
2025-08-17,0,17.4,21.9,13.2,6.6,observed
2025-08-18,0,16.8,19.9,15.5,16.0,observed
2025-08-19,0,16.6,20.7,13.5,2.8,observed
2025-08-20,0,16.8,22.7,12.5,0.4,observed
2025-08-21,0,16.8,21.7,13.8,1.3,observed
2025-08-22,0,16.9,21.6,13.2,0.0,observed
2025-08-23,0,16.1,19.5,12.7,0.0,observed
2025-08-24,0,17.4,22.8,12.2,1.4,observed
2025-08-25,0,18.3,23.5,14.4,0.9,observed
2025-08-26,0,18.5,25.2,13.7,0.2,observed
2025-08-27,0,18.9,25.1,13.1,0.4,observed
2025-08-28,0,18.7,25.6,13.6,0.0,observed
2025-08-29,0,18.2,26.7,11.7,0.0,observed
2025-08-30,0,18.5,25.8,13.7,0.5,observed
2025-08-31,0,18.2,24.9,11.9,0.0,observed
2025-09-01,0,19.1,26.1,13.5,0.0,observed
2025-09-02,0,18.8,26.9,11.8,0.0,observed
2025-09-03,0,18.5,24.3,12.3,0.0,observed
2025-09-04,0,19.2,26.8,12.2,0.0,observed
2025-09-05,0,19.3,26.4,13.0,0.0,observed
2025-09-06,0,19.9,27.7,12.4,0.0,observed
2025-09-07,0,19.3,26.8,12.2,0.0,observed
2025-09-08,0,19.9,26.9,13.3,0.1,observed
2025-09-09,0,19.9,25.9,15.6,1.3,observed
2025-09-10,0,19.9,27.4,14.0,0.7,observed
2025-09-11,0,19.4,27.0,14.6,0.0,observed
2025-09-12,0,19.4,27.3,13.0,0.0,observed
2025-09-13,0,19.6,27.5,12.7,0.0,observed
2025-09-14,0,20.3,28.0,13.2,0.1,observed
2025-09-15,0,19.6,27.3,13.5,2.1,observed
2025-09-16,0,19.5,26.4,13.8,0.3,observed
2025-09-17,0,20.0,27.0,12.9,0.1,observed
2025-09-18,0,19.8,25.9,15.6,2.4,observed
2025-09-19,0,20.4,27.3,15.3,3.0,observed
2025-09-20,0,19.4,27.3,13.0,0.0,observed
2025-09-21,0,19.5,25.4,14.8,0.8,observed
2025-09-22,0,19.7,25.9,13.2,0.8,observed
2025-09-23,0,20.0,27.8,15.7,2.5,observed
2025-09-24,0,19.7,28.5,12.1,0.0,observed
2025-09-25,0,20.3,28.2,13.1,0.0,observed
2025-09-26,0,20.5,28.1,14.7,0.2,observed
2025-09-27,0,20.9,28.3,15.1,0.8,observed
2025-09-28,0,20.3,27.2,14.9,0.1,observed
2025-09-29,0,20.5,29.1,14.1,0.6,observed
2025-09-30,0,20.4,29.2,13.9,0.0,observed
2025-10-01,0,20.9,29.3,13.4,0.0,observed
2025-10-02,0,21.0,28.3,12.8,0.0,observed
2025-10-03,0,20.5,27.0,15.8,1.0,observed
2025-10-04,0,18.5,22.8,16.0,0.8,observed
2025-10-05,0,19.2,25.2,15.6,1.2,observed
2025-10-06,0,19.3,25.0,14.9,0.8,observed
2025-10-07,0,19.0,26.0,15.7,2.7,observed
2025-10-08,0,18.9,24.1,15.0,4.2,observed
2025-10-09,0,19.2,25.5,14.8,3.5,observed
2025-10-10,0,19.3,24.9,15.1,3.8,observed
2025-10-11,0,19.8,27.5,13.5,0.0,observed
2025-10-12,0,19.9,26.7,13.5,0.1,observed
2025-10-13,0,19.9,26.5,14.9,0.3,observed
2025-10-14,0,20.1,26.3,15.3,0.2,observed
2025-10-15,0,20.3,27.7,14.6,0.1,observed
2025-10-16,0,20.2,25.9,14.8,0.9,observed
2025-10-17,0,19.3,25.7,15.5,5.2,observed
2025-10-18,0,19.6,25.1,15.6,2.6,observed
2025-10-19,0,19.7,25.8,14.3,0.1,observed
2025-10-20,0,20.7,28.5,13.1,0.0,observed
2025-10-21,0,21.2,28.0,14.7,0.3,observed
2025-10-22,0,19.5,23.6,16.6,1.0,observed
2025-10-23,0,20.4,26.4,16.0,0.7,observed
2025-10-24,0,19.2,24.7,16.0,4.0,observed
2025-10-25,0,20.2,25.8,16.0,0.7,observed
2025-10-26,0,20.4,25.9,14.8,0.8,observed
2025-10-27,0,19.8,26.3,14.9,5.1,observed
2025-10-28,0,19.4,25.5,16.3,13.2,observed
2025-10-29,0,18.2,22.1,16.2,10.4,observed
2025-10-30,0,18.3,23.8,15.7,8.0,observed
2025-10-31,0,18.3,23.7,15.2,11.5,observed
2025-11-01,0,18.1,21.8,16.0,5.1,observed
2025-11-02,0,18.4,23.6,15.8,5.2,observed
2025-11-03,0,18.6,24.2,14.9,3.3,observed
2025-11-04,0,18.8,25.4,15.2,2.4,observed
2025-11-05,0,19.5,25.7,14.4,0.1,observed
2025-11-06,0,19.7,25.7,15.9,1.1,observed
2025-11-07,0,19.7,25.6,16.0,4.5,observed
2025-11-08,0,19.4,26.1,15.6,1.8,observed
2025-11-09,0,17.2,20.5,15.4,4.4,observed
2025-11-10,0,18.4,24.4,13.5,1.2,observed
2025-11-11,0,19.3,24.6,15.5,1.4,observed
2025-11-12,0,19.1,24.9,15.2,2.8,observed
2025-11-13,0,18.8,23.9,15.7,3.5,observed
2025-11-14,0,18.6,25.2,14.7,2.1,observed
2025-11-15,0,19.7,25.4,15.2,1.1,observed
2025-11-16,0,20.0,25.3,16.3,1.9,observed
2025-11-17,0,19.6,25.0,15.3,0.6,observed
2025-11-18,0,19.2,26.0,16.1,2.4,observed
2025-11-19,0,19.2,25.8,14.1,0.4,observed
2025-11-20,0,19.6,26.1,14.1,0.1,observed
2025-11-21,0,20.1,26.4,15.2,1.0,observed
2025-11-22,0,19.5,25.3,13.5,0.2,observed
2025-11-23,0,18.6,23.6,14.7,4.1,observed
2025-11-24,0,19.0,25.5,13.1,0.7,observed
2025-11-25,0,19.5,25.4,15.8,3.9,observed
2025-11-26,0,18.8,23.7,15.4,7.0,observed
2025-11-27,0,19.0,24.0,15.6,3.9,observed
2025-11-28,0,19.7,25.4,15.6,1.7,observed
2025-11-29,0,19.9,26.1,15.7,1.0,observed
2025-11-30,0,20.2,26.1,15.2,0.0,observed
2025-12-01,0,19.8,25.8,14.3,0.0,observed
2025-12-02,0,19.9,26.8,13.6,0.0,observed
2025-12-03,0,20.1,26.4,15.1,0.5,observed
2025-12-04,0,20.1,26.0,16.0,2.1,observed
2025-12-05,0,19.6,25.6,15.4,1.4,observed
2025-12-06,0,19.4,25.3,15.1,1.6,observed
2025-12-07,0,19.2,24.5,14.8,1.2,observed
2025-12-08,0,19.0,24.4,15.4,1.5,observed
2025-12-09,0,19.5,25.3,14.7,0.3,observed
2025-12-10,0,20.1,26.4,14.8,0.0,observed
2025-12-11,0,20.2,26.0,15.8,1.0,observed
2025-12-12,0,20.0,26.3,15.8,2.0,observed
2025-12-13,0,19.6,26.2,14.2,6.4,observed
2025-12-14,0,18.7,24.6,15.8,5.5,observed
2025-12-15,0,19.7,25.4,15.2,2.4,observed
2025-12-16,0,20.2,26.0,16.1,2.3,observed
2025-12-17,0,20.8,27.2,16.4,1.6,observed
2025-12-18,0,20.5,26.8,16.0,1.5,observed
2025-12-19,0,19.2,25.6,16.1,4.2,observed
2025-12-20,0,19.8,25.7,15.8,3.9,observed
2025-12-21,0,18.4,24.0,15.9,4.5,observed
2025-12-22,0,19.0,24.5,15.3,2.9,observed
2025-12-23,0,19.7,25.6,14.7,0.3,observed
2025-12-24,0,19.9,26.1,15.5,1.6,observed
2025-12-25,0,20.6,26.7,14.8,0.9,observed
2025-12-26,0,21.9,28.8,15.9,0.1,observed
2025-12-27,0,21.2,29.5,16.3,10.1,observed
2025-12-28,0,18.1,23.8,15.8,9.5,observed
2025-12-29,0,19.1,25.5,15.3,5.1,observed
2025-12-30,0,18.8,24.3,14.7,3.6,observed
2025-12-31,0,19.0,24.7,14.6,0.5,observed
2026-01-01,0,18.7,24.0,14.8,1.8,observed
2026-01-02,0,19.5,25.7,14.6,0.1,observed
2026-01-03,0,20.4,27.1,14.7,0.0,observed
2026-01-04,0,20.9,26.7,15.3,0.0,observed
2026-01-05,0,20.9,27.0,15.7,0.0,observed
2026-01-06,0,20.5,26.4,14.9,0.0,observed
2026-01-07,0,21.1,27.6,15.2,0.0,observed
2026-01-08,0,21.2,26.3,16.6,0.0,observed
2026-01-09,0,21.0,27.0,16.0,0.3,observed
2026-01-10,0,20.4,26.7,14.8,2.0,observed
2026-01-11,0,21.3,28.0,15.9,0.4,observed
2026-01-12,0,19.9,25.3,15.0,7.5,observed
2026-01-13,0,20.3,26.2,15.5,0.1,observed
2026-01-14,0,20.0,26.6,13.7,0.0,observed
2026-01-15,0,20.8,27.7,14.3,0.0,observed
2026-01-16,0,21.9,29.7,15.0,0.0,observed
2026-01-17,0,21.0,27.7,15.9,0.7,observed
2026-01-18,0,20.9,26.7,15.9,1.1,observed
2026-01-19,0,20.5,26.1,15.2,0.7,observed
2026-01-20,0,21.1,27.8,14.9,0.0,observed
2026-01-21,0,21.6,28.7,15.0,0.0,observed
2026-01-22,0,20.6,26.3,15.5,0.3,observed
2026-01-23,0,21.3,27.6,14.9,0.0,observed
2026-01-24,0,22.0,29.4,15.2,0.0,observed
2026-01-25,0,23.0,31.3,16.0,0.0,observed
2026-01-26,0,22.9,30.1,16.0,0.0,observed
2026-01-27,0,22.2,28.9,15.9,0.0,observed
2026-01-28,0,22.2,28.1,16.6,0.1,observed
2026-01-29,0,22.7,29.9,16.1,0.0,observed
2026-01-30,0,22.4,28.7,16.0,0.0,observed
2026-01-31,0,22.4,28.5,16.4,0.0,observed
2026-02-01,0,22.4,28.6,16.4,0.0,observed
2026-02-02,0,21.9,27.7,15.7,0.0,observed
2026-02-03,0,22.1,28.7,15.8,0.0,observed
2026-02-04,0,22.4,29.9,15.6,0.0,observed
2026-02-05,0,22.3,28.8,17.1,0.1,observed
2026-02-06,0,22.2,27.8,17.5,0.2,observed
2026-02-07,0,22.4,29.5,15.6,0.0,observed
2026-02-08,0,22.1,28.6,16.4,0.4,observed
2026-02-09,0,21.4,27.4,16.5,1.2,observed
2026-02-10,0,22.4,28.7,17.0,0.0,observed
2026-02-11,0,22.2,28.7,15.6,0.0,observed
2026-02-12,0,22.4,29.6,15.5,0.0,observed
2026-02-13,0,22.6,30.0,15.7,0.0,observed
2026-02-14,0,22.0,28.6,16.5,0.1,observed
2026-02-15,0,21.1,28.3,16.3,1.9,observed
2026-02-16,0,20.9,28.0,15.8,0.4,observed
2026-02-17,0,21.2,27.1,16.8,1.2,observed
2026-02-18,0,20.2,25.4,16.1,0.9,observed
2026-02-19,0,21.6,28.2,15.2,0.6,observed
2026-02-20,0,22.7,28.9,16.7,0.4,observed
2026-02-21,0,19.4,23.5,16.3,6.9,observed
2026-02-22,0,18.7,24.5,15.7,10.6,observed
2026-02-23,0,18.2,21.4,16.1,8.9,observed
2026-02-24,0,18.8,23.7,15.2,4.7,observed
2026-02-25,0,18.5,24.2,15.3,17.1,observed
2026-02-26,0,19.1,25.1,15.2,16.3,observed
2026-02-27,0,19.1,25.4,15.9,13.2,observed
2026-02-28,0,18.5,23.5,15.0,8.0,observed
2026-03-01,0,18.5,23.3,15.9,8.9,observed
2026-03-02,0,18.5,23.6,15.6,7.2,observed
2026-03-03,0,19.0,24.0,16.0,6.6,observed
2026-03-04,0,18.7,23.9,15.9,20.5,observed
2026-03-05,0,18.5,23.7,15.7,15.7,observed
2026-03-06,0,18.3,23.5,16.2,21.9,observed
2026-03-07,0,18.3,22.7,14.8,8.4,observed
2026-03-08,0,18.8,24.4,14.5,5.4,observed
2026-03-09,0,19.1,24.0,15.6,3.4,observed
2026-03-10,0,19.0,24.3,16.1,3.6,observed
2026-03-11,0,19.6,25.2,16.0,0.9,observed
2026-03-12,0,19.9,25.2,16.2,0.6,observed
2026-03-13,0,20.2,26.3,15.2,1.8,observed
2026-03-14,0,19.7,24.8,16.2,2.0,observed
2026-03-15,0,19.8,25.2,16.6,1.3,observed
2026-03-16,0,19.6,25.1,15.4,0.5,observed
2026-03-17,0,19.9,26.0,16.4,2.2,observed
2026-03-18,0,19.9,26.4,16.2,5.2,observed
2026-03-19,0,19.9,25.7,16.3,3.5,observed
2026-03-20,0,18.6,23.9,15.7,30.5,observed
2026-03-21,0,18.9,23.6,16.2,31.5,observed
2026-03-22,0,18.7,23.8,15.9,9.3,observed
2026-03-23,0,18.3,23.2,15.9,7.1,observed
2026-03-24,0,18.5,23.7,15.7,11.9,observed
2026-03-25,0,18.6,23.5,15.7,3.1,observed
2026-03-26,0,19.1,24.5,15.7,2.7,observed
2026-03-27,0,18.3,23.1,15.8,7.3,observed
2026-03-28,0,18.7,23.8,15.8,3.8,observed
2026-03-29,0,19.0,24.3,15.0,0.5,observed
2026-03-30,0,19.1,24.5,15.8,1.8,observed
2026-03-31,0,18.8,24.1,15.2,3.2,observed
2026-04-01,0,19.4,24.5,16.1,1.7,observed
2026-04-02,0,19.2,24.5,15.4,2.4,observed
2026-04-03,0,19.6,25.2,15.4,1.1,observed
2026-04-04,0,19.6,25.1,15.2,1.0,observed
2026-04-05,0,18.9,24.0,15.2,4.6,observed
2026-04-06,0,19.5,24.9,15.0,1.3,observed
2026-04-07,0,19.5,24.6,16.0,2.6,observed
2026-04-08,0,19.9,25.2,16.1,2.0,observed
2026-04-09,0,19.8,25.4,16.0,0.5,observed
2026-04-10,0,19.9,25.9,16.0,0.7,observed
2026-04-11,0,20.5,27.0,15.5,0.6,observed
2026-04-12,0,20.2,25.5,16.6,4.2,observed
2026-04-13,0,19.4,25.2,16.4,4.5,observed
2026-04-14,0,18.8,23.3,16.3,9.4,observed
2026-04-15,0,18.9,23.9,16.2,4.2,observed
2026-04-16,0,18.8,24.2,16.1,4.2,observed
2026-04-17,0,18.3,22.8,15.8,8.4,observed
2026-04-18,0,18.6,23.2,15.8,12.1,observed
2026-04-19,0,18.8,23.2,15.9,4.2,observed
2026-04-20,0,19.1,23.7,15.8,2.5,observed
2026-04-21,0,19.2,24.0,16.1,1.2,observed
2026-04-22,0,19.2,24.2,16.4,2.9,observed
2026-04-23,0,18.2,22.3,16.1,9.7,observed
2026-04-24,0,18.8,23.3,15.2,0.7,observed
2026-04-25,0,18.8,23.4,14.1,2.3,observed
2026-04-26,0,18.9,24.0,15.5,9.7,observed
2026-04-27,0,18.8,23.9,15.9,18.6,observed
2026-04-28,0,18.3,23.0,16.3,32.5,observed
2026-04-29,0,17.1,20.6,14.6,7.1,observed
2026-04-30,0,18.1,22.6,15.4,10.4,observed
2026-05-01,0,18.4,23.0,16.0,10.8,observed
2026-05-02,0,18.5,23.2,16.1,5.3,observed
2026-05-03,0,19.0,23.9,14.4,2.3,observed
2026-05-04,0,19.1,23.8,15.0,2.3,observed
2026-05-05,0,19.4,23.8,16.4,1.8,observed
2026-05-06,0,19.6,24.8,16.4,2.5,observed
2026-05-07,0,19.5,24.3,16.1,1.2,observed
2026-05-08,0,19.7,25.0,16.6,1.7,observed
2026-05-09,0,19.0,23.5,16.6,8.4,observed
2026-05-10,0,19.0,23.8,15.3,0.7,observed
2026-05-11,0,19.5,24.8,15.1,1.1,observed
2026-05-12,0,18.8,23.2,16.2,2.4,observed
2026-05-13,0,19.0,23.9,16.4,8.0,observed
2026-05-14,0,19.3,24.1,16.2,0.9,observed
2026-05-15,0,19.1,23.3,16.0,0.7,observed
2026-05-16,0,19.1,24.4,16.0,1.7,observed
2026-05-17,0,18.8,23.4,15.4,1.6,observed
2026-05-18,0,19.2,23.7,15.7,0.7,observed
2026-05-19,0,19.2,24.4,14.3,0.0,observed
2026-05-20,0,19.3,24.5,14.6,0.0,observed
2026-05-21,0,19.4,24.8,16.0,0.7,observed
2026-05-22,0,19.8,25.9,15.0,0.5,observed
2026-05-23,0,19.9,25.7,16.5,0.6,observed
2026-05-24,0,19.8,25.3,15.1,0.2,observed
2026-05-25,0,19.1,24.4,15.7,0.6,observed
2026-05-26,0,19.1,24.6,15.1,0.3,observed
2026-05-27,0,18.9,23.2,15.8,0.4,observed
2026-05-28,0,19.1,24.1,15.6,0.5,observed
2026-05-29,0,18.9,23.5,14.5,0.9,observed
2026-05-30,0,18.4,23.3,16.3,3.5,observed
2026-05-31,0,19.1,23.6,16.1,2.9,observed
2026-06-01,0,18.6,22.1,15.8,6.7,observed
2026-06-02,0,18.4,23.0,15.9,5.0,observed
2026-06-03,0,18.3,22.2,15.4,0.8,observed
2026-06-04,0,19.0,24.0,15.6,2.3,observed
2026-06-05,0,18.9,25.0,13.3,0.1,observed
2026-06-06,0,19.9,26.5,15.5,0.2,observed
2026-06-07,0,19.3,26.0,15.2,0.2,observed
2026-06-08,0,19.3,25.8,14.6,0.5,observed
2026-06-09,0,19.0,25.9,13.6,0.0,observed
2026-06-10,0,19.1,24.9,14.9,0.3,observed
2026-06-11,0,19.1,24.6,15.2,0.1,observed
2026-06-12,0,19.7,25.8,15.6,1.5,observed
2026-06-13,0,18.1,22.7,15.6,2.1,observed
2026-06-14,0,17.5,22.3,13.8,0.3,observed
2026-06-15,0,18.1,24.4,13.0,0.1,observed
2026-06-16,0,17.7,24.1,10.6,0.2,observed
2026-06-17,0,17.4,21.7,12.5,1.4,observed
2026-06-18,0,18.0,23.6,14.0,1.2,observed
2026-06-19,0,18.7,24.2,14.4,0.5,observed
2026-06-20,0,18.5,23.0,14.7,0.9,observed
2026-06-21,0,18.0,22.7,14.6,0.6,observed
2026-06-22,0,17.1,21.3,13.3,0.2,observed
2026-06-23,0,17.3,22.6,12.3,0.0,observed
2026-06-24,0,17.4,22.3,13.0,1.2,observed
2026-06-25,0,18.1,23.9,13.4,2.4,observed
2026-06-26,0,18.9,24.7,13.0,0.6,observed
2026-06-27,0,18.1,24.9,12.1,0.2,observed
2026-06-28,0,18.1,24.4,12.3,0.0,observed
2026-06-29,0,17.5,23.4,12.4,0.1,observed
2026-06-30,0,18.1,22.6,14.7,0.9,observed
2026-07-01,0,17.5,23.0,14.3,0.1,observed
2026-07-02,0,18.4,25.2,11.6,0.1,observed
2026-07-03,0,18.8,25.8,12.6,0.1,observed
2026-07-04,0,18.1,24.1,13.6,0.2,observed
2026-07-05,0,17.2,21.5,14.2,0.0,observed
2026-07-06,0,18.2,24.7,13.0,0.0,observed
2026-07-07,0,17.6,23.3,11.6,0.1,observed
2026-07-08,0,18.5,24.8,13.8,0.2,observed
2026-07-09,0,18.7,24.7,14.2,0.0,observed
2026-07-10,0,18.1,23.6,14.2,0.7,observed
2026-07-11,0,17.7,21.7,15.7,2.8,observed
2026-07-12,0,18.1,23.5,13.3,0.2,observed
2026-07-13,0,18.6,24.9,12.7,0.0,observed
2026-07-14,0,18.0,25.0,12.3,0.0,observed
2026-07-15,0,18.9,25.2,14.3,0.1,observed
2026-07-16,0,19.5,26.4,13.2,0.3,observed
2026-07-17,0,17.8,24.4,12.8,0.0,observed
2026-07-18,0,18.9,25.3,13.0,0.6,observed
2026-07-19,0,19.3,26.3,12.7,0.0,observed
2026-07-20,0,18.0,24.6,12.8,0.1,observed
2026-07-21,0,18.9,25.9,13.1,0.4,observed
2026-07-22,0,18.2,24.2,12.8,0.1,observed
2026-07-23,0,17.9,24.3,13.0,0.2,observed
2026-07-24,0,19.0,24.9,13.7,0.2,observed
2026-07-25,0,18.1,23.4,13.6,0.3,observed
2026-07-26,0,17.1,21.6,12.9,0.4,observed
2026-07-27,0,17.3,22.1,13.9,0.4,observed
2026-07-28,0,17.2,22.2,12.0,0.0,observed
2026-07-29,0,18.2,24.3,13.2,0.0,observed
2026-07-30,0,18.4,24.8,12.6,0.3,observed
2026-07-31,0,18.6,25.3,13.0,0.6,observed
2026-08-01,0,17.6,25.2,12.8,0.1,observed
2026-08-02,0,17.3,22.8,13.2,0.7,observed
2026-08-03,0,16.6,21.5,12.5,0.1,observed
2026-08-04,0,16.4,20.6,12.7,0.8,observed
2026-08-05,0,18.3,25.6,11.6,0.0,observed
2026-08-06,0,17.7,25.1,12.6,0.0,observed
2026-08-07,0,18.4,23.8,13.3,0.0,observed
2026-08-08,0,18.2,24.3,13.1,0.1,observed
2026-08-09,0,18.2,23.6,14.1,0.6,observed
2026-08-10,0,18.2,27.9,12.5,0.4,observed
2026-08-11,0,18.6,26.4,11.5,0.0,observed
2026-08-12,0,19.4,27.0,11.7,0.0,observed
2026-08-13,0,19.4,26.3,12.0,0.0,observed
2026-08-14,0,19.3,26.7,11.6,0.0,observed
2026-08-15,0,18.5,24.0,12.7,0.0,observed
2026-08-16,0,17.9,20.9,15.0,0.4,observed
2026-08-17,0,18.3,23.6,14.6,0.4,observed
2026-08-18,0,18.2,22.2,15.1,2.5,observed
2026-08-19,0,18.2,23.3,15.5,3.9,observed
2026-08-20,0,18.2,25.1,13.1,0.2,observed
2026-08-21,0,18.2,25.0,11.1,0.0,observed
2026-08-22,0,19.8,27.5,12.0,0.0,observed
2026-08-23,0,20.7,27.3,16.1,2.8,observed
2026-08-24,0,20.6,27.1,16.7,0.9,observed
2026-08-25,0,19.7,27.1,13.0,0.0,observed
2026-08-26,0,19.4,27.4,12.1,0.0,observed
2026-08-27,0,18.6,27.9,12.2,0.4,observed
2026-08-28,0,19.0,25.9,12.5,0.0,observed
2026-08-29,0,19.0,25.4,13.3,0.0,observed
2026-08-30,0,18.9,25.7,14.0,0.2,observed
2026-08-31,0,17.4,21.7,13.8,3.7,observed
2026-09-01,0,17.8,23.2,13.2,2.5,observed
2026-09-02,0,19.1,26.5,14.7,0.7,observed
2026-09-03,0,18.2,25.0,12.6,0.0,observed
2026-09-04,0,20.1,29.7,13.7,0.4,observed
2026-09-05,0,20.2,27.8,13.5,0.1,observed
2026-09-06,0,20.2,28.1,13.7,0.0,observed
2026-09-07,0,20.2,27.1,13.3,0.0,observed
2026-09-08,0,17.8,21.9,13.7,0.6,observed
2026-09-09,0,17.5,21.9,13.4,1.1,observed
2026-09-10,0,18.8,24.0,14.3,1.8,observed
2026-09-11,0,19.1,24.3,15.4,0.9,observed
2026-09-12,0,18.6,23.5,15.4,6.2,observed
2026-09-13,0,19.1,24.9,14.9,0.9,observed
2026-09-14,0,19.9,27.0,13.4,0.4,observed
2026-09-15,0,17.7,20.3,15.5,0.9,observed
2026-09-16,0,17.8,21.9,14.5,2.8,observed
2026-09-17,0,18.5,24.5,15.0,0.1,observed
2026-09-18,0,16.9,20.9,13.1,3.7,observed
2026-09-19,0,18.7,25.1,14.4,1.4,observed
2026-09-20,0,17.6,22.6,13.7,4.0,observed
2026-09-21,0,18.0,22.4,15.5,4.8,observed
2026-09-22,0,19.3,24.6,15.5,0.6,observed
2026-09-23,0,19.0,24.9,14.7,0.8,observed
2026-09-24,0,19.9,27.5,13.0,0.0,observed
2026-09-25,0,20.2,28.5,13.4,0.2,observed
2026-09-26,0,20.3,28.6,14.5,0.0,observed
2026-09-27,0,20.6,27.5,15.3,0.6,observed
2026-09-28,0,20.7,27.7,16.8,1.6,observed
2026-09-29,0,20.3,25.8,16.4,1.3,observed
2026-09-30,0,20.1,27.7,14.0,0.0,observed
2026-10-01,0,21.0,29.2,13.9,0.0,observed
2026-10-02,0,21.0,28.1,14.4,0.0,observed
2026-10-03,0,21.6,28.9,14.6,0.0,observed
2026-10-04,0,20.9,26.9,15.8,2.0,observed
2026-10-05,0,21.6,28.1,16.0,0.7,observed
2026-10-06,0,21.2,27.2,16.4,1.2,observed
2026-10-07,0,20.3,26.1,16.7,5.2,observed
2026-10-08,0,20.2,25.3,16.4,4.3,observed
2026-10-09,0,19.7,25.7,16.0,6.4,forecast
2026-10-10,0,18.3,24.0,15.2,32.5,forecast
2026-10-11,0,19.1,25.8,14.6,16.9,forecast
2026-10-12,0,17.1,22.0,13.5,16.3,forecast
2026-10-13,0,17.7,23.8,13.2,22.6,forecast
2026-10-14,0,17.7,22.3,15.6,35.7,forecast
2026-10-15,0,17.6,21.9,15.3,35.2,forecast
2026-10-16,0,18.7,24.5,14.0,0.2,forecast
2026-10-17,0,18.6,24.8,13.3,0.3,forecast
2026-10-18,0,18.7,23.6,15.0,2.2,forecast
2024-01-01,1,20.5,26.9,15.5,0.8,observed
2024-01-02,1,20.3,26.8,15.4,1.6,observed
2024-01-03,1,20.3,26.0,16.4,1.7,observed
2024-01-04,1,20.5,26.9,15.2,0.4,observed
2024-01-05,1,19.0,26.2,15.7,7.6,observed
2024-01-06,1,19.7,25.9,15.8,1.4,observed
2024-01-07,1,19.5,24.7,15.9,9.9,observed
2024-01-08,1,19.7,25.4,15.2,0.3,observed
2024-01-09,1,19.5,25.9,14.5,0.5,observed
2024-01-10,1,19.1,24.7,14.6,2.5,observed
2024-01-11,1,18.7,25.3,14.9,1.4,observed
2024-01-12,1,19.2,25.3,14.7,1.3,observed
2024-01-13,1,18.3,22.3,15.5,3.6,observed
2024-01-14,1,19.3,25.2,15.6,12.0,observed
2024-01-15,1,19.7,26.1,15.0,1.0,observed
2024-01-16,1,19.6,25.8,14.8,1.7,observed
2024-01-17,1,19.9,26.5,15.6,2.7,observed
2024-01-18,1,19.0,24.7,16.0,9.8,observed
2024-01-19,1,20.2,27.2,14.9,4.3,observed
2024-01-20,1,18.9,25.3,15.7,10.1,observed
2024-01-21,1,19.5,25.5,16.2,4.0,observed
2024-01-22,1,19.7,27.0,14.7,0.4,observed
2024-01-23,1,19.5,26.7,13.6,0.0,observed
2024-01-24,1,20.0,27.0,13.8,0.0,observed
2024-01-25,1,20.4,26.8,14.8,0.3,observed
2024-01-26,1,20.4,26.6,15.7,0.6,observed
2024-01-27,1,20.5,26.4,16.1,1.5,observed
2024-01-28,1,20.4,26.2,15.9,0.7,observed
2024-01-29,1,20.4,27.2,15.1,0.1,observed
2024-01-30,1,20.7,27.8,16.2,0.2,observed
2024-01-31,1,20.7,27.7,15.3,0.5,observed
2024-02-01,1,20.4,27.7,15.2,0.3,observed
2024-02-02,1,20.5,28.6,14.5,0.0,observed
2024-02-03,1,21.2,28.1,15.6,0.2,observed
2024-02-04,1,20.8,26.8,15.3,0.4,observed
2024-02-05,1,20.7,27.6,15.2,0.1,observed
2024-02-06,1,21.0,28.2,15.2,0.0,observed
2024-02-07,1,20.8,27.8,15.7,0.2,observed
2024-02-08,1,20.6,27.9,14.5,0.6,observed
2024-02-09,1,21.2,28.8,15.0,0.0,observed
2024-02-10,1,21.4,28.4,16.0,0.4,observed
2024-02-11,1,20.9,28.0,15.3,0.0,observed
2024-02-12,1,21.1,28.6,14.2,0.0,observed
2024-02-13,1,21.7,29.2,15.7,0.0,observed
2024-02-14,1,21.8,28.6,16.3,0.0,observed
2024-02-15,1,22.0,29.4,16.0,0.0,observed
2024-02-16,1,21.7,28.6,15.7,0.0,observed
2024-02-17,1,21.8,28.9,15.9,0.3,observed
2024-02-18,1,22.3,31.1,13.5,0.0,observed
2024-02-19,1,22.9,30.1,15.7,0.0,observed
2024-02-20,1,22.6,29.7,16.8,1.6,observed
2024-02-21,1,21.9,29.2,15.9,1.1,observed
2024-02-22,1,21.0,27.9,14.9,0.0,observed
2024-02-23,1,20.1,26.7,15.7,0.8,observed
2024-02-24,1,18.9,24.3,15.9,15.6,observed
2024-02-25,1,20.6,27.9,14.3,0.1,observed
2024-02-26,1,21.6,30.1,15.6,2.8,observed
2024-02-27,1,20.6,29.8,15.6,2.0,observed
2024-02-28,1,20.6,26.6,15.6,1.2,observed
2024-02-29,1,21.2,29.1,15.5,0.1,observed
2024-03-01,1,21.3,29.4,14.5,0.0,observed
2024-03-02,1,21.4,29.1,15.5,0.0,observed
2024-03-03,1,21.6,28.8,15.0,0.0,observed
2024-03-04,1,22.3,29.7,16.6,0.7,observed
2024-03-05,1,20.7,27.6,15.2,0.9,observed
2024-03-06,1,20.6,27.4,15.4,0.3,observed
2024-03-07,1,20.8,27.7,14.3,0.6,observed
2024-03-08,1,21.8,30.0,14.8,0.0,observed
2024-03-09,1,21.3,28.5,16.1,0.2,observed
2024-03-10,1,21.2,28.6,15.0,0.4,observed
2024-03-11,1,21.0,28.0,14.9,0.0,observed
2024-03-12,1,21.1,29.3,13.8,0.0,observed
2024-03-13,1,21.9,29.3,15.4,0.0,observed
2024-03-14,1,21.3,29.0,15.7,0.0,observed
2024-03-15,1,20.5,27.5,14.4,0.1,observed
2024-03-16,1,21.2,28.9,14.6,0.0,observed
2024-03-17,1,22.5,30.7,15.5,0.0,observed
2024-03-18,1,21.9,29.6,15.5,0.1,observed
2024-03-19,1,22.2,29.9,15.3,0.6,observed
2024-03-20,1,21.8,29.5,15.0,0.0,observed
2024-03-21,1,21.8,29.6,15.2,0.0,observed
2024-03-22,1,21.9,30.1,14.7,0.2,observed
2024-03-23,1,22.5,29.8,16.4,0.4,observed
2024-03-24,1,21.8,30.0,16.9,2.3,observed
2024-03-25,1,21.1,27.7,16.7,5.6,observed
2024-03-26,1,21.1,28.1,17.1,4.0,observed
2024-03-27,1,20.6,26.8,17.9,3.7,observed
2024-03-28,1,20.6,27.5,16.1,1.2,observed
2024-03-29,1,20.7,27.5,15.2,0.7,observed
2024-03-30,1,20.1,26.0,16.9,4.4,observed
2024-03-31,1,19.9,25.8,16.2,9.1,observed
2024-04-01,1,20.5,26.6,16.8,2.7,observed
2024-04-02,1,21.0,27.4,16.7,0.8,observed
2024-04-03,1,20.4,28.1,15.4,5.2,observed
2024-04-04,1,20.1,25.8,16.6,3.0,observed
2024-04-05,1,19.9,25.7,16.7,9.9,observed
2024-04-06,1,19.2,25.1,15.8,14.2,observed
2024-04-07,1,20.4,27.3,16.4,2.6,observed
2024-04-08,1,19.9,26.0,15.3,3.6,observed
2024-04-09,1,20.0,26.8,16.0,3.3,observed
2024-04-10,1,20.2,27.5,14.3,0.7,observed
2024-04-11,1,20.8,27.3,15.4,0.8,observed
2024-04-12,1,20.9,27.3,17.6,3.5,observed
2024-04-13,1,20.0,25.4,16.9,6.7,observed
2024-04-14,1,19.9,26.6,16.5,9.2,observed
2024-04-15,1,19.4,25.8,15.5,2.8,observed
2024-04-16,1,19.9,25.8,15.1,0.2,observed
2024-04-17,1,20.2,25.7,14.8,0.8,observed
2024-04-18,1,19.9,26.4,14.7,3.1,observed
2024-04-19,1,19.8,25.7,14.8,1.8,observed
2024-04-20,1,20.3,26.0,15.7,1.1,observed
2024-04-21,1,18.9,24.2,15.7,1.8,observed
2024-04-22,1,19.6,26.4,14.9,7.9,observed
2024-04-23,1,20.0,25.9,16.0,6.3,observed
2024-04-24,1,19.6,26.3,15.8,14.4,observed
2024-04-25,1,19.8,25.7,16.6,9.8,observed
2024-04-26,1,18.9,22.5,16.8,28.9,observed
2024-04-27,1,18.9,25.9,15.6,13.4,observed
2024-04-28,1,19.5,25.9,15.7,15.7,observed
2024-04-29,1,19.4,25.7,14.9,1.8,observed
2024-04-30,1,20.1,25.9,15.6,1.8,observed
2024-05-01,1,20.4,26.3,16.9,11.9,observed
2024-05-02,1,19.8,25.5,17.2,7.0,observed
2024-05-03,1,19.6,24.0,16.5,4.5,observed
2024-05-04,1,19.3,22.6,16.7,0.6,observed
2024-05-05,1,19.6,25.3,16.0,5.1,observed
2024-05-06,1,19.2,24.4,16.1,0.7,observed
2024-05-07,1,19.2,24.1,16.8,9.2,observed
2024-05-08,1,18.4,24.3,14.4,6.6,observed
2024-05-09,1,18.9,24.4,14.4,2.0,observed
2024-05-10,1,19.1,24.6,15.3,5.4,observed
2024-05-11,1,19.2,24.6,14.3,0.9,observed
2024-05-12,1,19.5,25.2,15.0,2.0,observed
2024-05-13,1,19.7,25.5,14.5,0.1,observed
2024-05-14,1,19.3,26.2,13.2,0.1,observed
2024-05-15,1,19.4,26.3,13.3,0.3,observed
2024-05-16,1,19.2,25.2,12.7,2.5,observed
2024-05-17,1,19.7,26.0,14.5,0.2,observed
2024-05-18,1,20.4,26.7,14.6,0.1,observed
2024-05-19,1,19.7,26.6,14.7,2.3,observed
2024-05-20,1,19.8,25.9,15.2,5.4,observed
2024-05-21,1,19.4,24.9,14.7,1.6,observed
2024-05-22,1,19.2,25.1,14.4,1.7,observed
2024-05-23,1,19.1,25.1,15.4,5.3,observed
2024-05-24,1,18.9,24.7,12.9,1.5,observed
2024-05-25,1,19.2,25.1,15.7,1.8,observed
2024-05-26,1,19.4,25.2,14.2,0.5,observed
2024-05-27,1,19.7,26.0,14.1,0.1,observed
2024-05-28,1,19.2,25.6,14.8,0.0,observed
2024-05-29,1,19.2,25.6,12.9,0.1,observed
2024-05-30,1,18.8,25.8,12.1,0.1,observed
2024-05-31,1,19.5,26.7,12.9,0.2,observed
2024-06-01,1,19.3,26.6,13.1,0.2,observed
2024-06-02,1,19.8,27.1,13.9,0.0,observed
2024-06-03,1,19.7,26.0,14.3,0.0,observed
2024-06-04,1,19.3,26.8,14.2,6.6,observed
2024-06-05,1,19.5,25.9,14.3,0.0,observed
2024-06-06,1,18.4,25.5,13.1,0.1,observed
2024-06-07,1,19.1,25.7,13.1,0.8,observed
2024-06-08,1,19.1,25.7,13.8,1.5,observed
2024-06-09,1,17.9,22.7,15.2,0.1,observed
2024-06-10,1,19.1,25.2,15.5,1.8,observed
2024-06-11,1,18.1,23.7,12.5,0.6,observed
2024-06-12,1,17.8,23.8,11.9,0.2,observed
2024-06-13,1,17.9,24.6,11.7,0.0,observed
2024-06-14,1,17.7,25.0,11.4,0.0,observed
2024-06-15,1,18.2,24.9,12.3,0.7,observed
2024-06-16,1,18.7,26.4,12.6,0.0,observed
2024-06-17,1,18.7,26.3,12.2,0.0,observed
2024-06-18,1,17.7,25.0,11.4,0.0,observed
2024-06-19,1,18.4,24.4,12.9,1.7,observed
2024-06-20,1,17.7,22.4,15.0,6.3,observed
2024-06-21,1,17.6,23.6,14.3,4.3,observed
2024-06-22,1,17.4,24.6,12.6,0.1,observed
2024-06-23,1,16.9,23.8,9.9,0.0,observed
2024-06-24,1,16.2,23.8,10.2,0.0,observed
2024-06-25,1,16.1,24.3,9.7,0.0,observed
2024-06-26,1,16.7,23.2,9.5,0.0,observed
2024-06-27,1,16.5,21.4,11.8,0.7,observed
2024-06-28,1,16.2,22.7,9.9,0.0,observed
2024-06-29,1,17.0,25.1,10.1,0.0,observed
2024-06-30,1,16.9,24.2,11.8,0.0,observed
2024-07-01,1,17.1,24.3,11.1,0.0,observed
2024-07-02,1,17.9,24.8,12.4,0.0,observed
2024-07-03,1,18.6,25.6,11.8,0.0,observed
2024-07-04,1,18.7,25.7,12.6,0.0,observed
2024-07-05,1,18.0,25.3,12.1,0.0,observed
2024-07-06,1,17.8,25.6,13.2,9.9,observed
2024-07-07,1,17.6,22.4,13.8,17.6,observed
2024-07-08,1,18.0,25.9,12.6,6.4,observed
2024-07-09,1,17.4,23.6,13.8,10.4,observed
2024-07-10,1,17.1,21.5,13.3,0.6,observed
2024-07-11,1,16.2,23.3,10.5,0.0,observed
2024-07-12,1,16.8,22.7,10.4,0.1,observed
2024-07-13,1,17.1,22.8,13.0,0.4,observed
2024-07-14,1,17.7,25.4,12.1,0.0,observed
2024-07-15,1,17.7,23.4,11.2,0.0,observed
2024-07-16,1,18.0,21.9,14.9,1.2,observed
2024-07-17,1,18.3,24.6,15.3,1.0,observed
2024-07-18,1,17.2,21.2,15.0,0.3,observed
2024-07-19,1,16.9,22.2,12.4,0.1,observed
2024-07-20,1,17.2,22.1,11.5,0.0,observed
2024-07-21,1,18.0,24.9,12.4,0.9,observed
2024-07-22,1,18.5,25.1,13.5,0.0,observed
2024-07-23,1,16.7,24.0,10.5,0.0,observed
2024-07-24,1,16.3,25.0,10.8,0.0,observed
2024-07-25,1,17.9,25.6,10.7,0.6,observed
2024-07-26,1,18.2,25.3,13.9,1.6,observed
2024-07-27,1,17.8,25.3,13.8,0.2,observed
2024-07-28,1,17.9,24.9,12.9,0.2,observed
2024-07-29,1,18.3,24.2,13.8,0.0,observed
2024-07-30,1,18.4,23.5,13.9,0.0,observed
2024-07-31,1,17.2,23.4,13.5,0.3,observed
2024-08-01,1,16.3,23.0,10.4,0.0,observed
2024-08-02,1,16.6,23.6,11.4,0.0,observed
2024-08-03,1,17.2,25.5,11.1,0.0,observed
2024-08-04,1,18.0,24.8,14.3,0.5,observed
2024-08-05,1,17.9,26.8,10.3,0.0,observed
2024-08-06,1,18.2,26.6,10.8,0.5,observed
2024-08-07,1,17.4,26.2,11.8,0.1,observed
2024-08-08,1,17.5,21.2,13.4,1.6,observed
2024-08-09,1,17.8,22.6,15.3,1.3,observed
2024-08-10,1,17.0,23.2,12.4,0.4,observed
2024-08-11,1,16.8,22.8,12.7,0.4,observed
2024-08-12,1,17.5,23.8,13.3,0.1,observed
2024-08-13,1,17.4,23.5,12.2,0.1,observed
2024-08-14,1,17.5,25.5,10.9,0.0,observed
2024-08-15,1,18.5,25.8,13.0,0.7,observed
2024-08-16,1,18.7,25.5,14.8,1.1,observed
2024-08-17,1,17.7,25.5,11.0,0.0,observed
2024-08-18,1,17.0,22.1,12.5,0.2,observed
2024-08-19,1,17.0,25.4,10.4,0.0,observed
2024-08-20,1,17.7,25.1,10.4,0.0,observed
2024-08-21,1,17.5,23.5,11.8,0.1,observed
2024-08-22,1,17.9,23.9,14.3,0.2,observed
2024-08-23,1,17.9,22.9,13.6,0.0,observed
2024-08-24,1,17.8,23.2,14.5,0.3,observed
2024-08-25,1,16.5,20.6,13.8,2.1,observed
2024-08-26,1,17.2,23.1,11.1,0.0,observed
2024-08-27,1,18.6,25.0,14.8,1.6,observed
2024-08-28,1,19.0,24.8,15.5,2.5,observed
2024-08-29,1,18.9,25.2,14.5,1.7,observed
2024-08-30,1,18.5,25.1,13.3,0.3,observed
2024-08-31,1,18.0,25.7,11.4,0.0,observed
2024-09-01,1,18.6,24.6,14.5,0.3,observed
2024-09-02,1,17.5,24.1,11.8,0.0,observed
2024-09-03,1,18.2,23.1,14.4,0.9,observed
2024-09-04,1,18.1,23.1,14.9,2.7,observed
2024-09-05,1,17.9,24.2,13.6,0.1,observed
2024-09-06,1,17.7,22.9,14.2,5.0,observed
2024-09-07,1,18.2,25.2,12.6,0.0,observed
2024-09-08,1,18.4,26.9,12.6,0.0,observed
2024-09-09,1,18.8,26.8,11.3,0.0,observed
2024-09-10,1,19.6,27.2,12.7,0.1,observed
2024-09-11,1,19.2,27.6,12.2,0.0,observed
2024-09-12,1,18.8,27.4,11.7,0.0,observed
2024-09-13,1,18.9,26.9,11.0,0.2,observed
2024-09-14,1,18.8,27.1,11.5,0.0,observed
2024-09-15,1,19.2,27.5,11.4,0.0,observed
2024-09-16,1,18.5,27.1,11.1,0.2,observed
2024-09-17,1,19.2,26.1,12.2,0.0,observed
2024-09-18,1,19.5,27.0,11.9,0.0,observed
2024-09-19,1,19.9,28.3,13.0,0.0,observed
2024-09-20,1,20.2,26.9,13.8,0.3,observed
2024-09-21,1,19.5,26.8,13.3,0.1,observed
2024-09-22,1,20.0,26.8,15.2,0.1,observed
2024-09-23,1,19.0,25.6,12.8,0.1,observed
2024-09-24,1,19.3,26.1,12.7,0.0,observed
2024-09-25,1,18.7,26.0,11.7,0.0,observed
2024-09-26,1,19.6,27.4,11.6,0.2,observed
2024-09-27,1,20.1,28.2,14.1,0.4,observed
2024-09-28,1,19.7,28.2,13.8,0.6,observed
2024-09-29,1,19.4,25.5,13.9,2.8,observed
2024-09-30,1,19.1,26.4,13.6,8.0,observed
2024-10-01,1,20.6,27.2,14.4,0.1,observed
2024-10-02,1,20.0,27.2,15.2,1.1,observed
2024-10-03,1,19.2,25.7,14.7,1.0,observed
2024-10-04,1,19.0,28.0,11.3,0.0,observed
2024-10-05,1,19.2,25.5,13.0,1.6,observed
2024-10-06,1,19.6,25.6,15.8,1.3,observed
2024-10-07,1,19.7,25.9,15.7,1.1,observed
2024-10-08,1,20.5,26.7,16.0,0.5,observed
2024-10-09,1,20.0,26.5,14.3,0.1,observed
2024-10-10,1,19.5,26.1,12.4,0.0,observed
2024-10-11,1,20.2,28.3,14.6,0.5,observed
2024-10-12,1,20.0,28.3,12.3,1.0,observed
2024-10-13,1,19.3,26.4,15.0,8.1,observed
2024-10-14,1,19.8,27.8,12.3,0.1,observed
2024-10-15,1,20.4,27.5,13.7,0.3,observed
2024-10-16,1,20.7,28.5,14.8,0.5,observed
2024-10-17,1,21.9,29.4,15.8,0.0,observed
2024-10-18,1,19.7,27.0,14.3,4.8,observed
2024-10-19,1,18.9,25.3,15.4,5.3,observed
2024-10-20,1,19.3,25.5,15.6,6.0,observed
2024-10-21,1,19.6,26.3,13.2,0.2,observed
2024-10-22,1,20.1,26.9,13.5,0.3,observed
2024-10-23,1,20.0,26.4,14.1,0.3,observed
2024-10-24,1,20.2,26.6,14.1,0.3,observed
2024-10-25,1,20.5,27.8,13.6,0.2,observed
2024-10-26,1,21.0,28.9,14.2,0.0,observed
2024-10-27,1,21.2,28.2,15.1,0.7,observed
2024-10-28,1,21.6,28.7,15.9,0.0,observed
2024-10-29,1,21.4,29.0,14.6,0.0,observed
2024-10-30,1,21.8,29.9,14.2,0.0,observed
2024-10-31,1,21.8,30.0,14.1,0.0,observed
2024-11-01,1,20.8,27.3,15.8,1.8,observed
2024-11-02,1,21.1,28.6,15.7,0.0,observed
2024-11-03,1,21.5,29.4,16.4,0.2,observed
2024-11-04,1,21.6,28.6,16.0,0.0,observed
2024-11-05,1,20.1,26.9,15.8,3.6,observed
2024-11-06,1,19.7,26.0,16.2,2.0,observed
2024-11-07,1,18.5,24.8,16.0,5.1,observed
2024-11-08,1,18.4,24.7,14.9,5.1,observed
2024-11-09,1,19.2,26.7,13.5,1.3,observed
2024-11-10,1,19.1,25.5,15.9,1.8,observed
2024-11-11,1,16.9,20.5,14.0,9.8,observed
2024-11-12,1,18.7,26.1,12.5,0.2,observed
2024-11-13,1,19.0,25.3,15.5,2.8,observed
2024-11-14,1,19.8,26.5,16.5,7.9,observed
2024-11-15,1,17.6,21.5,15.6,7.2,observed
2024-11-16,1,17.0,20.2,15.3,12.0,observed
2024-11-17,1,18.5,24.8,13.6,1.3,observed
2024-11-18,1,19.4,25.3,15.0,0.6,observed
2024-11-19,1,19.7,25.4,15.8,1.7,observed
2024-11-20,1,19.7,25.5,16.1,2.2,observed
2024-11-21,1,18.5,23.2,15.7,6.7,observed
2024-11-22,1,19.1,24.8,15.4,2.5,observed
2024-11-23,1,19.3,24.6,16.0,1.6,observed
2024-11-24,1,19.0,24.1,16.3,19.9,observed
2024-11-25,1,18.1,23.9,15.3,21.2,observed
2024-11-26,1,18.7,23.8,14.3,2.0,observed
2024-11-27,1,18.5,23.9,15.4,3.2,observed
2024-11-28,1,19.2,24.4,15.7,4.4,observed
2024-11-29,1,19.3,24.8,15.1,0.4,observed
2024-11-30,1,19.0,24.5,13.8,0.5,observed
2024-12-01,1,18.6,23.4,15.2,12.2,observed
2024-12-02,1,19.4,24.5,15.8,1.2,observed
2024-12-03,1,19.2,23.8,15.8,4.2,observed
2024-12-04,1,20.0,25.8,15.2,0.4,observed
2024-12-05,1,20.5,27.0,15.6,0.2,observed
2024-12-06,1,20.7,27.2,15.9,0.3,observed
2024-12-07,1,20.9,28.3,15.2,0.6,observed
2024-12-08,1,20.7,27.4,14.7,0.2,observed
2024-12-09,1,20.2,26.8,15.3,0.5,observed
2024-12-10,1,20.3,26.3,16.3,2.1,observed
2024-12-11,1,20.1,25.7,15.4,2.2,observed
2024-12-12,1,20.5,26.9,15.9,1.7,observed
2024-12-13,1,21.2,28.6,15.5,0.3,observed
2024-12-14,1,21.6,27.5,16.6,0.0,observed
2024-12-15,1,21.6,28.1,16.4,1.2,observed
2024-12-16,1,20.4,25.9,16.1,1.9,observed
2024-12-17,1,19.9,25.8,15.1,1.3,observed
2024-12-18,1,20.6,27.2,15.0,1.1,observed
2024-12-19,1,19.1,23.7,15.7,5.1,observed
2024-12-20,1,19.1,25.6,15.9,5.6,observed
2024-12-21,1,18.4,24.3,16.2,7.8,observed
2024-12-22,1,18.7,23.6,14.8,3.1,observed
2024-12-23,1,18.8,23.4,15.9,3.3,observed
2024-12-24,1,18.7,24.2,15.7,6.9,observed
2024-12-25,1,18.6,23.0,15.8,4.8,observed
2024-12-26,1,18.8,24.0,15.0,1.9,observed
2024-12-27,1,19.0,24.8,14.5,0.3,observed
2024-12-28,1,19.3,25.9,14.5,0.4,observed
2024-12-29,1,19.9,26.8,14.1,0.0,observed
2024-12-30,1,20.3,27.1,14.9,0.0,observed
2024-12-31,1,20.1,26.1,15.4,0.6,observed
2025-01-01,1,20.1,26.1,14.8,0.7,observed
2025-01-02,1,20.0,25.3,15.1,0.7,observed
2025-01-03,1,19.9,25.6,14.7,0.0,observed
2025-01-04,1,20.0,25.8,15.5,1.3,observed
2025-01-05,1,19.6,24.9,15.2,0.9,observed
2025-01-06,1,19.5,26.3,13.4,0.0,observed
2025-01-07,1,20.3,28.0,13.9,0.0,observed
2025-01-08,1,21.1,28.2,14.6,0.0,observed
2025-01-09,1,21.0,27.7,15.9,0.5,observed
2025-01-10,1,20.4,26.1,15.6,1.3,observed
2025-01-11,1,21.0,27.6,15.5,0.1,observed
2025-01-12,1,21.8,27.6,16.1,0.2,observed
2025-01-13,1,22.0,27.7,16.7,0.0,observed
2025-01-14,1,21.0,27.0,16.2,0.0,observed
2025-01-15,1,19.1,25.3,14.1,0.2,observed
2025-01-16,1,19.6,26.0,14.2,0.0,observed
2025-01-17,1,20.2,26.7,14.6,0.0,observed
2025-01-18,1,21.3,28.0,15.0,0.0,observed
2025-01-19,1,21.7,27.6,16.3,0.0,observed
2025-01-20,1,22.1,28.9,16.1,0.0,observed
2025-01-21,1,22.0,28.6,15.8,0.0,observed
2025-01-22,1,22.3,28.8,16.3,0.0,observed
2025-01-23,1,21.8,27.9,15.8,0.0,observed
2025-01-24,1,21.7,28.8,15.8,0.1,observed
2025-01-25,1,21.8,28.5,16.0,0.4,observed
2025-01-26,1,19.8,25.8,16.5,8.0,observed
2025-01-27,1,19.2,23.8,15.7,0.3,observed
2025-01-28,1,18.5,24.2,15.1,5.4,observed
2025-01-29,1,19.3,24.9,14.4,4.7,observed
2025-01-30,1,17.8,22.5,15.1,25.5,observed
2025-01-31,1,19.3,25.0,14.6,0.4,observed
2025-02-01,1,19.4,24.8,15.4,1.2,observed
2025-02-02,1,20.2,26.0,15.3,0.3,observed
2025-02-03,1,20.7,26.9,15.3,0.0,observed
2025-02-04,1,20.2,26.7,15.2,0.0,observed
2025-02-05,1,20.4,27.4,14.5,0.5,observed
2025-02-06,1,21.1,27.2,15.5,0.2,observed
2025-02-07,1,21.1,26.9,16.4,0.3,observed
2025-02-08,1,21.8,29.9,15.1,0.0,observed
2025-02-09,1,22.3,29.3,15.5,0.0,observed
2025-02-10,1,22.2,29.1,16.1,0.0,observed
2025-02-11,1,21.7,27.7,16.2,0.0,observed
2025-02-12,1,20.6,26.4,15.7,1.1,observed
2025-02-13,1,20.5,26.1,17.0,3.2,observed
2025-02-14,1,21.6,28.7,15.2,0.0,observed
2025-02-15,1,22.8,29.8,16.3,0.0,observed
2025-02-16,1,22.6,29.3,16.7,0.8,observed
2025-02-17,1,22.1,28.1,16.3,0.1,observed
2025-02-18,1,22.0,29.5,15.2,0.0,observed
2025-02-19,1,22.6,30.1,15.2,0.0,observed
2025-02-20,1,23.3,31.1,16.2,0.0,observed
2025-02-21,1,23.0,30.0,15.9,0.0,observed
2025-02-22,1,22.0,28.3,15.2,0.0,observed
2025-02-23,1,22.0,29.0,15.4,0.0,observed
2025-02-24,1,22.0,28.6,15.1,0.0,observed
2025-02-25,1,22.0,28.9,15.3,0.0,observed
2025-02-26,1,22.4,29.3,15.9,0.0,observed
2025-02-27,1,23.1,30.1,16.1,0.0,observed
2025-02-28,1,23.5,31.1,16.0,0.0,observed
2025-03-01,1,23.5,29.7,16.9,0.0,observed
2025-03-02,1,22.9,29.9,16.0,0.0,observed
2025-03-03,1,22.9,29.3,15.9,0.0,observed
2025-03-04,1,22.7,29.5,16.3,0.0,observed
2025-03-05,1,23.1,30.1,16.9,0.0,observed
2025-03-06,1,23.1,30.5,16.2,0.0,observed
2025-03-07,1,23.7,31.3,16.8,0.7,observed
2025-03-08,1,23.0,29.5,17.9,0.9,observed
2025-03-09,1,22.1,28.5,17.7,2.3,observed
2025-03-10,1,20.1,25.2,16.8,13.8,observed
2025-03-11,1,20.6,26.6,16.4,1.6,observed
2025-03-12,1,20.3,26.1,16.3,1.0,observed
2025-03-13,1,20.2,26.1,15.7,2.2,observed
2025-03-14,1,22.6,30.5,15.9,0.0,observed
2025-03-15,1,22.9,29.9,16.7,0.0,observed
2025-03-16,1,22.3,28.9,16.2,0.0,observed
2025-03-17,1,21.5,28.0,16.3,0.9,observed
2025-03-18,1,20.4,26.3,16.5,3.8,observed
2025-03-19,1,19.6,24.4,16.0,11.2,observed
2025-03-20,1,19.2,23.7,16.0,7.5,observed
2025-03-21,1,20.3,27.0,15.9,2.1,observed
2025-03-22,1,20.5,26.2,16.2,2.1,observed
2025-03-23,1,20.5,26.6,16.0,3.7,observed
2025-03-24,1,21.1,27.8,17.0,1.0,observed
2025-03-25,1,20.1,26.4,15.3,2.1,observed
2025-03-26,1,19.8,25.7,15.9,1.8,observed
2025-03-27,1,19.6,25.7,15.7,4.4,observed
2025-03-28,1,18.5,23.6,15.9,7.6,observed
2025-03-29,1,19.3,24.2,16.1,3.5,observed
2025-03-30,1,19.3,24.0,15.8,2.8,observed
2025-03-31,1,18.8,23.1,16.2,9.6,observed
2025-04-01,1,19.6,25.1,16.1,3.9,observed
2025-04-02,1,20.2,25.8,15.8,0.1,observed
2025-04-03,1,19.8,25.4,16.3,5.0,observed
2025-04-04,1,19.5,25.6,16.7,2.4,observed
2025-04-05,1,19.6,25.7,16.6,3.9,observed
2025-04-06,1,17.6,21.6,16.3,9.8,observed
2025-04-07,1,18.8,23.4,15.9,2.0,observed
2025-04-08,1,19.5,24.7,15.8,2.2,observed
2025-04-09,1,20.1,26.0,15.8,0.2,observed
2025-04-10,1,19.4,24.1,16.7,1.1,observed
2025-04-11,1,19.3,25.1,15.1,1.3,observed
2025-04-12,1,19.5,25.1,16.6,2.7,observed
2025-04-13,1,19.2,24.4,16.0,5.3,observed
2025-04-14,1,19.6,25.3,16.3,3.7,observed
2025-04-15,1,19.7,25.3,16.4,3.3,observed
2025-04-16,1,19.7,25.5,15.6,2.8,observed
2025-04-17,1,20.1,25.7,15.8,1.3,observed
2025-04-18,1,20.3,26.2,16.7,3.8,observed
2025-04-19,1,19.4,26.2,16.6,14.0,observed
2025-04-20,1,18.8,24.7,15.7,10.0,observed
2025-04-21,1,18.3,23.2,15.2,11.8,observed
2025-04-22,1,18.9,23.9,16.4,5.7,observed
2025-04-23,1,17.7,22.2,16.1,9.1,observed
2025-04-24,1,18.2,22.3,15.2,2.3,observed
2025-04-25,1,18.3,23.3,15.4,3.4,observed
2025-04-26,1,18.8,24.7,14.6,0.0,observed
2025-04-27,1,19.1,24.9,15.4,1.0,observed
2025-04-28,1,19.8,24.8,15.4,0.3,observed
2025-04-29,1,19.9,25.6,16.0,2.5,observed
2025-04-30,1,19.5,25.0,16.2,2.2,observed
2025-05-01,1,19.6,25.3,15.7,0.7,observed
2025-05-02,1,20.2,26.2,15.9,0.9,observed
2025-05-03,1,20.5,26.4,16.2,3.0,observed
2025-05-04,1,20.0,26.7,15.9,10.5,observed
2025-05-05,1,18.8,23.6,15.4,12.5,observed
2025-05-06,1,18.2,23.6,14.5,17.8,observed
2025-05-07,1,18.6,23.5,15.0,10.2,observed
2025-05-08,1,18.9,24.0,14.8,2.1,observed
2025-05-09,1,19.1,23.6,15.6,2.1,observed
2025-05-10,1,19.1,24.4,15.9,1.5,observed
2025-05-11,1,18.9,24.3,15.5,3.6,observed
2025-05-12,1,19.2,25.3,15.9,15.9,observed
2025-05-13,1,18.3,23.2,15.1,26.8,observed
2025-05-14,1,18.4,23.6,14.6,2.2,observed
2025-05-15,1,18.7,23.3,14.7,1.4,observed
2025-05-16,1,18.8,23.5,15.3,1.1,observed
2025-05-17,1,18.9,23.8,15.1,0.7,observed
2025-05-18,1,18.6,23.5,15.8,2.9,observed
2025-05-19,1,18.7,22.8,15.1,2.6,observed
2025-05-20,1,19.5,24.6,16.1,1.8,observed
2025-05-21,1,19.6,24.5,16.4,0.9,observed
2025-05-22,1,19.6,25.1,16.8,1.8,observed
2025-05-23,1,19.5,24.7,15.7,2.4,observed
2025-05-24,1,19.8,26.4,14.0,0.0,observed
2025-05-25,1,18.5,23.3,14.4,0.8,observed
2025-05-26,1,19.0,25.0,14.0,2.2,observed
2025-05-27,1,18.0,22.9,14.6,10.3,observed
2025-05-28,1,19.0,24.4,14.9,0.5,observed
2025-05-29,1,19.2,24.3,15.3,1.3,observed
2025-05-30,1,19.1,25.6,13.9,0.0,observed
2025-05-31,1,18.9,26.3,13.3,0.0,observed
2025-06-01,1,18.4,23.9,13.6,2.2,observed
2025-06-02,1,19.2,23.9,15.4,2.2,observed
2025-06-03,1,19.5,25.6,15.0,0.0,observed
2025-06-04,1,19.0,25.6,14.4,0.5,observed
2025-06-05,1,19.0,25.3,15.8,3.4,observed
2025-06-06,1,18.0,22.9,15.2,6.8,observed
2025-06-07,1,18.5,23.0,15.3,4.4,observed
2025-06-08,1,18.5,23.5,14.4,1.5,observed
2025-06-09,1,17.9,23.6,14.1,8.4,observed
2025-06-10,1,18.2,24.2,13.1,0.8,observed
2025-06-11,1,18.1,23.5,13.9,0.9,observed
2025-06-12,1,18.5,23.2,15.4,2.4,observed
2025-06-13,1,18.8,25.4,14.0,0.2,observed
2025-06-14,1,18.1,24.9,11.8,0.0,observed
2025-06-15,1,18.7,24.5,13.9,0.0,observed
2025-06-16,1,18.4,23.8,12.7,0.0,observed
2025-06-17,1,19.0,24.6,13.9,0.5,observed
2025-06-18,1,18.9,24.7,13.4,0.3,observed
2025-06-19,1,19.2,24.8,14.6,0.0,observed
2025-06-20,1,18.5,23.5,14.8,3.0,observed
2025-06-21,1,18.9,25.3,12.8,0.1,observed
2025-06-22,1,18.8,24.6,14.5,1.2,observed
2025-06-23,1,18.8,24.9,15.1,1.1,observed
2025-06-24,1,18.5,25.6,12.1,0.0,observed
2025-06-25,1,18.4,24.2,13.1,0.7,observed
2025-06-26,1,18.7,23.8,15.6,4.1,observed
2025-06-27,1,19.6,25.6,15.6,0.2,observed
2025-06-28,1,18.6,24.9,14.5,0.7,observed
2025-06-29,1,18.0,21.6,14.9,0.0,observed
2025-06-30,1,17.4,21.6,13.6,0.0,observed
2025-07-01,1,17.8,23.1,13.5,0.6,observed
2025-07-02,1,18.6,23.7,13.4,0.0,observed
2025-07-03,1,18.2,22.9,14.7,0.5,observed
2025-07-04,1,18.8,24.0,15.1,0.5,observed
2025-07-05,1,18.2,22.2,14.9,1.0,observed
2025-07-06,1,18.6,23.5,15.0,0.9,observed
2025-07-07,1,18.1,22.2,15.1,0.7,observed
2025-07-08,1,17.8,22.4,14.4,0.6,observed
2025-07-09,1,17.3,20.0,14.4,0.1,observed
2025-07-10,1,18.4,22.9,14.9,0.0,observed
2025-07-11,1,18.1,22.3,15.0,1.4,observed
2025-07-12,1,18.4,23.3,14.2,1.4,observed
2025-07-13,1,18.3,22.4,15.3,2.0,observed
2025-07-14,1,18.6,23.8,13.3,0.2,observed
2025-07-15,1,18.6,23.7,13.4,0.2,observed
2025-07-16,1,18.6,23.3,14.0,0.7,observed
2025-07-17,1,18.8,24.1,13.6,1.3,observed
2025-07-18,1,18.5,23.6,13.6,0.9,observed
2025-07-19,1,19.4,26.6,13.2,0.4,observed
2025-07-20,1,17.7,25.0,12.3,0.0,observed
2025-07-21,1,17.8,24.8,11.6,0.0,observed
2025-07-22,1,17.6,24.5,11.8,0.1,observed
2025-07-23,1,16.5,20.2,13.1,0.5,observed
2025-07-24,1,18.0,26.5,11.5,0.0,observed
2025-07-25,1,18.9,26.8,11.8,0.0,observed
2025-07-26,1,18.9,26.8,12.2,0.0,observed
2025-07-27,1,18.5,25.7,11.7,0.0,observed
2025-07-28,1,18.5,26.2,12.0,0.0,observed
2025-07-29,1,18.0,23.7,14.1,0.2,observed
2025-07-30,1,18.4,27.5,13.0,0.1,observed
2025-07-31,1,19.0,27.0,13.8,0.4,observed
2025-08-01,1,18.1,22.9,14.8,0.9,observed
2025-08-02,1,18.0,23.9,13.6,0.6,observed
2025-08-03,1,18.0,23.0,13.4,0.5,observed
2025-08-04,1,18.2,24.9,12.7,0.0,observed
2025-08-05,1,17.2,24.3,11.5,0.0,observed
2025-08-06,1,18.4,25.8,11.5,0.0,observed
2025-08-07,1,19.3,26.8,14.6,0.8,observed
2025-08-08,1,16.8,22.5,14.4,10.1,observed
2025-08-09,1,15.8,18.8,14.4,9.0,observed
2025-08-10,1,16.8,22.2,12.9,1.0,observed
2025-08-11,1,17.3,22.1,13.3,0.1,observed
2025-08-12,1,16.6,19.9,14.2,1.5,observed
2025-08-13,1,17.7,23.4,12.0,0.1,observed
2025-08-14,1,18.1,24.7,11.4,0.1,observed
2025-08-15,1,18.4,23.8,13.8,0.0,observed
2025-08-16,1,18.0,24.3,13.3,4.6,observed
2025-08-17,1,17.4,21.9,13.2,6.6,observed
2025-08-18,1,16.8,19.9,15.5,16.0,observed
2025-08-19,1,16.6,20.7,13.5,2.8,observed
2025-08-20,1,16.8,22.7,12.5,0.4,observed
2025-08-21,1,16.8,21.7,13.8,1.3,observed
2025-08-22,1,16.9,21.6,13.2,0.0,observed
2025-08-23,1,16.1,19.5,12.7,0.0,observed
2025-08-24,1,17.4,22.8,12.2,1.4,observed
2025-08-25,1,18.3,23.5,14.4,0.9,observed
2025-08-26,1,18.5,25.2,13.7,0.2,observed
2025-08-27,1,18.9,25.1,13.1,0.4,observed
2025-08-28,1,18.7,25.6,13.6,0.0,observed
2025-08-29,1,18.2,26.7,11.7,0.0,observed
2025-08-30,1,18.5,25.8,13.7,0.5,observed
2025-08-31,1,18.2,24.9,11.9,0.0,observed
2025-09-01,1,19.1,26.1,13.5,0.0,observed
2025-09-02,1,18.8,26.9,11.8,0.0,observed
2025-09-03,1,18.5,24.3,12.3,0.0,observed
2025-09-04,1,19.2,26.8,12.2,0.0,observed
2025-09-05,1,19.3,26.4,13.0,0.0,observed
2025-09-06,1,19.9,27.7,12.4,0.0,observed
2025-09-07,1,19.3,26.8,12.2,0.0,observed
2025-09-08,1,19.9,26.9,13.3,0.1,observed
2025-09-09,1,19.9,25.9,15.6,1.3,observed
2025-09-10,1,19.9,27.4,14.0,0.7,observed
2025-09-11,1,19.4,27.0,14.6,0.0,observed
2025-09-12,1,19.4,27.3,13.0,0.0,observed
2025-09-13,1,19.6,27.5,12.7,0.0,observed
2025-09-14,1,20.3,28.0,13.2,0.1,observed
2025-09-15,1,19.6,27.3,13.5,2.1,observed
2025-09-16,1,19.5,26.4,13.8,0.3,observed
2025-09-17,1,20.0,27.0,12.9,0.1,observed
2025-09-18,1,19.8,25.9,15.6,2.4,observed
2025-09-19,1,20.4,27.3,15.3,3.0,observed
2025-09-20,1,19.4,27.3,13.0,0.0,observed
2025-09-21,1,19.5,25.4,14.8,0.8,observed
2025-09-22,1,19.7,25.9,13.2,0.8,observed
2025-09-23,1,20.0,27.8,15.7,2.5,observed
2025-09-24,1,19.7,28.5,12.1,0.0,observed
2025-09-25,1,20.3,28.2,13.1,0.0,observed
2025-09-26,1,20.5,28.1,14.7,0.2,observed
2025-09-27,1,20.9,28.3,15.1,0.8,observed
2025-09-28,1,20.3,27.2,14.9,0.1,observed
2025-09-29,1,20.5,29.1,14.1,0.6,observed
2025-09-30,1,20.4,29.2,13.9,0.0,observed
2025-10-01,1,20.9,29.3,13.4,0.0,observed
2025-10-02,1,21.0,28.3,12.8,0.0,observed
2025-10-03,1,20.5,27.0,15.8,1.0,observed
2025-10-04,1,18.5,22.8,16.0,0.8,observed
2025-10-05,1,19.2,25.2,15.6,1.2,observed
2025-10-06,1,19.3,25.0,14.9,0.8,observed
2025-10-07,1,19.0,26.0,15.7,2.7,observed
2025-10-08,1,18.9,24.1,15.0,4.2,observed
2025-10-09,1,19.2,25.5,14.8,3.5,observed
2025-10-10,1,19.3,24.9,15.1,3.8,observed
2025-10-11,1,19.8,27.5,13.5,0.0,observed
2025-10-12,1,19.9,26.7,13.5,0.1,observed
2025-10-13,1,19.9,26.5,14.9,0.3,observed
2025-10-14,1,20.1,26.3,15.3,0.2,observed
2025-10-15,1,20.3,27.7,14.6,0.1,observed
2025-10-16,1,20.2,25.9,14.8,0.9,observed
2025-10-17,1,19.3,25.7,15.5,5.2,observed
2025-10-18,1,19.6,25.1,15.6,2.6,observed
2025-10-19,1,19.7,25.8,14.3,0.1,observed
2025-10-20,1,20.7,28.5,13.1,0.0,observed
2025-10-21,1,21.2,28.0,14.7,0.3,observed
2025-10-22,1,19.5,23.6,16.6,1.0,observed
2025-10-23,1,20.4,26.4,16.0,0.7,observed
2025-10-24,1,19.2,24.7,16.0,4.0,observed
2025-10-25,1,20.2,25.8,16.0,0.7,observed
2025-10-26,1,20.4,25.9,14.8,0.8,observed
2025-10-27,1,19.8,26.3,14.9,5.1,observed
2025-10-28,1,19.4,25.5,16.3,13.2,observed
2025-10-29,1,18.2,22.1,16.2,10.4,observed
2025-10-30,1,18.3,23.8,15.7,8.0,observed
2025-10-31,1,18.3,23.7,15.2,11.5,observed
2025-11-01,1,18.1,21.8,16.0,5.1,observed
2025-11-02,1,18.4,23.6,15.8,5.2,observed
2025-11-03,1,18.6,24.2,14.9,3.3,observed
2025-11-04,1,18.8,25.4,15.2,2.4,observed
2025-11-05,1,19.5,25.7,14.4,0.1,observed
2025-11-06,1,19.7,25.7,15.9,1.1,observed
2025-11-07,1,19.7,25.6,16.0,4.5,observed
2025-11-08,1,19.4,26.1,15.6,1.8,observed
2025-11-09,1,17.2,20.5,15.4,4.4,observed
2025-11-10,1,18.4,24.4,13.5,1.2,observed
2025-11-11,1,19.3,24.6,15.5,1.4,observed
2025-11-12,1,19.1,24.9,15.2,2.8,observed
2025-11-13,1,18.8,23.9,15.7,3.5,observed
2025-11-14,1,18.6,25.2,14.7,2.1,observed
2025-11-15,1,19.7,25.4,15.2,1.1,observed
2025-11-16,1,20.0,25.3,16.3,1.9,observed
2025-11-17,1,19.6,25.0,15.3,0.6,observed
2025-11-18,1,19.2,26.0,16.1,2.4,observed
2025-11-19,1,19.2,25.8,14.1,0.4,observed
2025-11-20,1,19.6,26.1,14.1,0.1,observed
2025-11-21,1,20.1,26.4,15.2,1.0,observed
2025-11-22,1,19.5,25.3,13.5,0.2,observed
2025-11-23,1,18.6,23.6,14.7,4.1,observed
2025-11-24,1,19.0,25.5,13.1,0.7,observed
2025-11-25,1,19.5,25.4,15.8,3.9,observed
2025-11-26,1,18.8,23.7,15.4,7.0,observed
2025-11-27,1,19.0,24.0,15.6,3.9,observed
2025-11-28,1,19.7,25.4,15.6,1.7,observed
2025-11-29,1,19.9,26.1,15.7,1.0,observed
2025-11-30,1,20.2,26.1,15.2,0.0,observed
2025-12-01,1,19.8,25.8,14.3,0.0,observed
2025-12-02,1,19.9,26.8,13.6,0.0,observed
2025-12-03,1,20.1,26.4,15.1,0.5,observed
2025-12-04,1,20.1,26.0,16.0,2.1,observed
2025-12-05,1,19.6,25.6,15.4,1.4,observed
2025-12-06,1,19.4,25.3,15.1,1.6,observed
2025-12-07,1,19.2,24.5,14.8,1.2,observed
2025-12-08,1,19.0,24.4,15.4,1.5,observed
2025-12-09,1,19.5,25.3,14.7,0.3,observed
2025-12-10,1,20.1,26.4,14.8,0.0,observed
2025-12-11,1,20.2,26.0,15.8,1.0,observed
2025-12-12,1,20.0,26.3,15.8,2.0,observed
2025-12-13,1,19.6,26.2,14.2,6.4,observed
2025-12-14,1,18.7,24.6,15.8,5.5,observed
2025-12-15,1,19.7,25.4,15.2,2.4,observed
2025-12-16,1,20.2,26.0,16.1,2.3,observed
2025-12-17,1,20.8,27.2,16.4,1.6,observed
2025-12-18,1,20.5,26.8,16.0,1.5,observed
2025-12-19,1,19.2,25.6,16.1,4.2,observed
2025-12-20,1,19.8,25.7,15.8,3.9,observed
2025-12-21,1,18.4,24.0,15.9,4.5,observed
2025-12-22,1,19.0,24.5,15.3,2.9,observed
2025-12-23,1,19.7,25.6,14.7,0.3,observed
2025-12-24,1,19.9,26.1,15.5,1.6,observed
2025-12-25,1,20.6,26.7,14.8,0.9,observed
2025-12-26,1,21.9,28.8,15.9,0.1,observed
2025-12-27,1,21.2,29.5,16.3,10.1,observed
2025-12-28,1,18.1,23.8,15.8,9.5,observed
2025-12-29,1,19.1,25.5,15.3,5.1,observed
2025-12-30,1,18.8,24.3,14.7,3.6,observed
2025-12-31,1,19.0,24.7,14.6,0.5,observed
2026-01-01,1,18.7,24.0,14.8,1.8,observed
2026-01-02,1,19.5,25.7,14.6,0.1,observed
2026-01-03,1,20.4,27.1,14.7,0.0,observed
2026-01-04,1,20.9,26.7,15.3,0.0,observed
2026-01-05,1,20.9,27.0,15.7,0.0,observed
2026-01-06,1,20.5,26.4,14.9,0.0,observed
2026-01-07,1,21.1,27.6,15.2,0.0,observed
2026-01-08,1,21.2,26.3,16.6,0.0,observed
2026-01-09,1,21.0,27.0,16.0,0.3,observed
2026-01-10,1,20.4,26.7,14.8,2.0,observed
2026-01-11,1,21.3,28.0,15.9,0.4,observed
2026-01-12,1,19.9,25.3,15.0,7.5,observed
2026-01-13,1,20.3,26.2,15.5,0.1,observed
2026-01-14,1,20.0,26.6,13.7,0.0,observed
2026-01-15,1,20.8,27.7,14.3,0.0,observed
2026-01-16,1,21.9,29.7,15.0,0.0,observed
2026-01-17,1,21.0,27.7,15.9,0.7,observed
2026-01-18,1,20.9,26.7,15.9,1.1,observed
2026-01-19,1,20.5,26.1,15.2,0.7,observed
2026-01-20,1,21.1,27.8,14.9,0.0,observed
2026-01-21,1,21.6,28.7,15.0,0.0,observed
2026-01-22,1,20.6,26.3,15.5,0.3,observed
2026-01-23,1,21.3,27.6,14.9,0.0,observed
2026-01-24,1,22.0,29.4,15.2,0.0,observed
2026-01-25,1,23.0,31.3,16.0,0.0,observed
2026-01-26,1,22.9,30.1,16.0,0.0,observed
2026-01-27,1,22.2,28.9,15.9,0.0,observed
2026-01-28,1,22.2,28.1,16.6,0.1,observed
2026-01-29,1,22.7,29.9,16.1,0.0,observed
2026-01-30,1,22.4,28.7,16.0,0.0,observed
2026-01-31,1,22.4,28.5,16.4,0.0,observed
2026-02-01,1,22.4,28.6,16.4,0.0,observed
2026-02-02,1,21.9,27.7,15.7,0.0,observed
2026-02-03,1,22.1,28.7,15.8,0.0,observed
2026-02-04,1,22.4,29.9,15.6,0.0,observed
2026-02-05,1,22.3,28.8,17.1,0.1,observed
2026-02-06,1,22.2,27.8,17.5,0.2,observed
2026-02-07,1,22.4,29.5,15.6,0.0,observed
2026-02-08,1,22.1,28.6,16.4,0.4,observed
2026-02-09,1,21.4,27.4,16.5,1.2,observed
2026-02-10,1,22.4,28.7,17.0,0.0,observed
2026-02-11,1,22.2,28.7,15.6,0.0,observed
2026-02-12,1,22.4,29.6,15.5,0.0,observed
2026-02-13,1,22.6,30.0,15.7,0.0,observed
2026-02-14,1,22.0,28.6,16.5,0.1,observed
2026-02-15,1,21.1,28.3,16.3,1.9,observed
2026-02-16,1,20.9,28.0,15.8,0.4,observed
2026-02-17,1,21.2,27.1,16.8,1.2,observed
2026-02-18,1,20.2,25.4,16.1,0.9,observed
2026-02-19,1,21.6,28.2,15.2,0.6,observed
2026-02-20,1,22.7,28.9,16.7,0.4,observed
2026-02-21,1,19.4,23.5,16.3,6.9,observed
2026-02-22,1,18.7,24.5,15.7,10.6,observed
2026-02-23,1,18.2,21.4,16.1,8.9,observed
2026-02-24,1,18.8,23.7,15.2,4.7,observed
2026-02-25,1,18.5,24.2,15.3,17.1,observed
2026-02-26,1,19.1,25.1,15.2,16.3,observed
2026-02-27,1,19.1,25.4,15.9,13.2,observed
2026-02-28,1,18.5,23.5,15.0,8.0,observed
2026-03-01,1,18.5,23.3,15.9,8.9,observed
2026-03-02,1,18.5,23.6,15.6,7.2,observed
2026-03-03,1,19.0,24.0,16.0,6.6,observed
2026-03-04,1,18.7,23.9,15.9,20.5,observed
2026-03-05,1,18.5,23.7,15.7,15.7,observed
2026-03-06,1,18.3,23.5,16.2,21.9,observed
2026-03-07,1,18.3,22.7,14.8,8.4,observed
2026-03-08,1,18.8,24.4,14.5,5.4,observed
2026-03-09,1,19.1,24.0,15.6,3.4,observed
2026-03-10,1,19.0,24.3,16.1,3.6,observed
2026-03-11,1,19.6,25.2,16.0,0.9,observed
2026-03-12,1,19.9,25.2,16.2,0.6,observed
2026-03-13,1,20.2,26.3,15.2,1.8,observed
2026-03-14,1,19.7,24.8,16.2,2.0,observed
2026-03-15,1,19.8,25.2,16.6,1.3,observed
2026-03-16,1,19.6,25.1,15.4,0.5,observed
2026-03-17,1,19.9,26.0,16.4,2.2,observed
2026-03-18,1,19.9,26.4,16.2,5.2,observed
2026-03-19,1,19.9,25.7,16.3,3.5,observed
2026-03-20,1,18.6,23.9,15.7,30.5,observed
2026-03-21,1,18.9,23.6,16.2,31.5,observed
2026-03-22,1,18.7,23.8,15.9,9.3,observed
2026-03-23,1,18.3,23.2,15.9,7.1,observed
2026-03-24,1,18.5,23.7,15.7,11.9,observed
2026-03-25,1,18.6,23.5,15.7,3.1,observed
2026-03-26,1,19.1,24.5,15.7,2.7,observed
2026-03-27,1,18.3,23.1,15.8,7.3,observed
2026-03-28,1,18.7,23.8,15.8,3.8,observed
2026-03-29,1,19.0,24.3,15.0,0.5,observed
2026-03-30,1,19.1,24.5,15.8,1.8,observed
2026-03-31,1,18.8,24.1,15.2,3.2,observed
2026-04-01,1,19.4,24.5,16.1,1.7,observed
2026-04-02,1,19.2,24.5,15.4,2.4,observed
2026-04-03,1,19.6,25.2,15.4,1.1,observed
2026-04-04,1,19.6,25.1,15.2,1.0,observed
2026-04-05,1,18.9,24.0,15.2,4.6,observed
2026-04-06,1,19.5,24.9,15.0,1.3,observed
2026-04-07,1,19.5,24.6,16.0,2.6,observed
2026-04-08,1,19.9,25.2,16.1,2.0,observed
2026-04-09,1,19.8,25.4,16.0,0.5,observed
2026-04-10,1,19.9,25.9,16.0,0.7,observed
2026-04-11,1,20.5,27.0,15.5,0.6,observed
2026-04-12,1,20.2,25.5,16.6,4.2,observed
2026-04-13,1,19.4,25.2,16.4,4.5,observed
2026-04-14,1,18.8,23.3,16.3,9.4,observed
2026-04-15,1,18.9,23.9,16.2,4.2,observed
2026-04-16,1,18.8,24.2,16.1,4.2,observed
2026-04-17,1,18.3,22.8,15.8,8.4,observed
2026-04-18,1,18.6,23.2,15.8,12.1,observed
2026-04-19,1,18.8,23.2,15.9,4.2,observed
2026-04-20,1,19.1,23.7,15.8,2.5,observed
2026-04-21,1,19.2,24.0,16.1,1.2,observed
2026-04-22,1,19.2,24.2,16.4,2.9,observed
2026-04-23,1,18.2,22.3,16.1,9.7,observed
2026-04-24,1,18.8,23.3,15.2,0.7,observed
2026-04-25,1,18.8,23.4,14.1,2.3,observed
2026-04-26,1,18.9,24.0,15.5,9.7,observed
2026-04-27,1,18.8,23.9,15.9,18.6,observed
2026-04-28,1,18.3,23.0,16.3,32.5,observed
2026-04-29,1,17.1,20.6,14.6,7.1,observed
2026-04-30,1,18.1,22.6,15.4,10.4,observed
2026-05-01,1,18.4,23.0,16.0,10.8,observed
2026-05-02,1,18.5,23.2,16.1,5.3,observed
2026-05-03,1,19.0,23.9,14.4,2.3,observed
2026-05-04,1,19.1,23.8,15.0,2.3,observed
2026-05-05,1,19.4,23.8,16.4,1.8,observed
2026-05-06,1,19.6,24.8,16.4,2.5,observed
2026-05-07,1,19.5,24.3,16.1,1.2,observed
2026-05-08,1,19.7,25.0,16.6,1.7,observed
2026-05-09,1,19.0,23.5,16.6,8.4,observed
2026-05-10,1,19.0,23.8,15.3,0.7,observed
2026-05-11,1,19.5,24.8,15.1,1.1,observed
2026-05-12,1,18.8,23.2,16.2,2.4,observed
2026-05-13,1,19.0,23.9,16.4,8.0,observed
2026-05-14,1,19.3,24.1,16.2,0.9,observed
2026-05-15,1,19.1,23.3,16.0,0.7,observed
2026-05-16,1,19.1,24.4,16.0,1.7,observed
2026-05-17,1,18.8,23.4,15.4,1.6,observed
2026-05-18,1,19.2,23.7,15.7,0.7,observed
2026-05-19,1,19.2,24.4,14.3,0.0,observed
2026-05-20,1,19.3,24.5,14.6,0.0,observed
2026-05-21,1,19.4,24.8,16.0,0.7,observed
2026-05-22,1,19.8,25.9,15.0,0.5,observed
2026-05-23,1,19.9,25.7,16.5,0.6,observed
2026-05-24,1,19.8,25.3,15.1,0.2,observed
2026-05-25,1,19.1,24.4,15.7,0.6,observed
2026-05-26,1,19.1,24.6,15.1,0.3,observed
2026-05-27,1,18.9,23.2,15.8,0.4,observed
2026-05-28,1,19.1,24.1,15.6,0.5,observed
2026-05-29,1,18.9,23.5,14.5,0.9,observed
2026-05-30,1,18.4,23.3,16.3,3.5,observed
2026-05-31,1,19.1,23.6,16.1,2.9,observed
2026-06-01,1,18.6,22.1,15.8,6.7,observed
2026-06-02,1,18.4,23.0,15.9,5.0,observed
2026-06-03,1,18.3,22.2,15.4,0.8,observed
2026-06-04,1,19.0,24.0,15.6,2.3,observed
2026-06-05,1,18.9,25.0,13.3,0.1,observed
2026-06-06,1,19.9,26.5,15.5,0.2,observed
2026-06-07,1,19.3,26.0,15.2,0.2,observed
2026-06-08,1,19.3,25.8,14.6,0.5,observed
2026-06-09,1,19.0,25.9,13.6,0.0,observed
2026-06-10,1,19.1,24.9,14.9,0.3,observed
2026-06-11,1,19.1,24.6,15.2,0.1,observed
2026-06-12,1,19.7,25.8,15.6,1.5,observed
2026-06-13,1,18.1,22.7,15.6,2.1,observed
2026-06-14,1,17.5,22.3,13.8,0.3,observed
2026-06-15,1,18.1,24.4,13.0,0.1,observed
2026-06-16,1,17.7,24.1,10.6,0.2,observed
2026-06-17,1,17.4,21.7,12.5,1.4,observed
2026-06-18,1,18.0,23.6,14.0,1.2,observed
2026-06-19,1,18.7,24.2,14.4,0.5,observed
2026-06-20,1,18.5,23.0,14.7,0.9,observed
2026-06-21,1,18.0,22.7,14.6,0.6,observed
2026-06-22,1,17.1,21.3,13.3,0.2,observed
2026-06-23,1,17.3,22.6,12.3,0.0,observed
2026-06-24,1,17.4,22.3,13.0,1.2,observed
2026-06-25,1,18.1,23.9,13.4,2.4,observed
2026-06-26,1,18.9,24.7,13.0,0.6,observed
2026-06-27,1,18.1,24.9,12.1,0.2,observed
2026-06-28,1,18.1,24.4,12.3,0.0,observed
2026-06-29,1,17.5,23.4,12.4,0.1,observed
2026-06-30,1,18.1,22.6,14.7,0.9,observed
2026-07-01,1,17.5,23.0,14.3,0.1,observed
2026-07-02,1,18.4,25.2,11.6,0.1,observed
2026-07-03,1,18.8,25.8,12.6,0.1,observed
2026-07-04,1,18.1,24.1,13.6,0.2,observed
2026-07-05,1,17.2,21.5,14.2,0.0,observed
2026-07-06,1,18.2,24.7,13.0,0.0,observed
2026-07-07,1,17.6,23.3,11.6,0.1,observed
2026-07-08,1,18.5,24.8,13.8,0.2,observed
2026-07-09,1,18.7,24.7,14.2,0.0,observed
2026-07-10,1,18.1,23.6,14.2,0.7,observed
2026-07-11,1,17.7,21.7,15.7,2.8,observed
2026-07-12,1,18.1,23.5,13.3,0.2,observed
2026-07-13,1,18.6,24.9,12.7,0.0,observed
2026-07-14,1,18.0,25.0,12.3,0.0,observed
2026-07-15,1,18.9,25.2,14.3,0.1,observed
2026-07-16,1,19.5,26.4,13.2,0.3,observed
2026-07-17,1,17.8,24.4,12.8,0.0,observed
2026-07-18,1,18.9,25.3,13.0,0.6,observed
2026-07-19,1,19.3,26.3,12.7,0.0,observed
2026-07-20,1,18.0,24.6,12.8,0.1,observed
2026-07-21,1,18.9,25.9,13.1,0.4,observed
2026-07-22,1,18.2,24.2,12.8,0.1,observed
2026-07-23,1,17.9,24.3,13.0,0.2,observed
2026-07-24,1,19.0,24.9,13.7,0.2,observed
2026-07-25,1,18.1,23.4,13.6,0.3,observed
2026-07-26,1,17.1,21.6,12.9,0.4,observed
2026-07-27,1,17.3,22.1,13.9,0.4,observed
2026-07-28,1,17.2,22.2,12.0,0.0,observed
2026-07-29,1,18.2,24.3,13.2,0.0,observed
2026-07-30,1,18.4,24.8,12.6,0.3,observed
2026-07-31,1,18.6,25.3,13.0,0.6,observed
2026-08-01,1,17.6,25.2,12.8,0.1,observed
2026-08-02,1,17.3,22.8,13.2,0.7,observed
2026-08-03,1,16.6,21.5,12.5,0.1,observed
2026-08-04,1,16.4,20.6,12.7,0.8,observed
2026-08-05,1,18.3,25.6,11.6,0.0,observed
2026-08-06,1,17.7,25.1,12.6,0.0,observed
2026-08-07,1,18.4,23.8,13.3,0.0,observed
2026-08-08,1,18.2,24.3,13.1,0.1,observed
2026-08-09,1,18.2,23.6,14.1,0.6,observed
2026-08-10,1,18.2,27.9,12.5,0.4,observed
2026-08-11,1,18.6,26.4,11.5,0.0,observed
2026-08-12,1,19.4,27.0,11.7,0.0,observed
2026-08-13,1,19.4,26.3,12.0,0.0,observed
2026-08-14,1,19.3,26.7,11.6,0.0,observed
2026-08-15,1,18.5,24.0,12.7,0.0,observed
2026-08-16,1,17.9,20.9,15.0,0.4,observed
2026-08-17,1,18.3,23.6,14.6,0.4,observed
2026-08-18,1,18.2,22.2,15.1,2.5,observed
2026-08-19,1,18.2,23.3,15.5,3.9,observed
2026-08-20,1,18.2,25.1,13.1,0.2,observed
2026-08-21,1,18.2,25.0,11.1,0.0,observed
2026-08-22,1,19.8,27.5,12.0,0.0,observed
2026-08-23,1,20.7,27.3,16.1,2.8,observed
2026-08-24,1,20.6,27.1,16.7,0.9,observed
2026-08-25,1,19.7,27.1,13.0,0.0,observed
2026-08-26,1,19.4,27.4,12.1,0.0,observed
2026-08-27,1,18.6,27.9,12.2,0.4,observed
2026-08-28,1,19.0,25.9,12.5,0.0,observed
2026-08-29,1,19.0,25.4,13.3,0.0,observed
2026-08-30,1,18.9,25.7,14.0,0.2,observed
2026-08-31,1,17.4,21.7,13.8,3.7,observed
2026-09-01,1,17.8,23.2,13.2,2.5,observed
2026-09-02,1,19.1,26.5,14.7,0.7,observed
2026-09-03,1,18.2,25.0,12.6,0.0,observed
2026-09-04,1,20.1,29.7,13.7,0.4,observed
2026-09-05,1,20.2,27.8,13.5,0.1,observed
2026-09-06,1,20.2,28.1,13.7,0.0,observed
2026-09-07,1,20.2,27.1,13.3,0.0,observed
2026-09-08,1,17.8,21.9,13.7,0.6,observed
2026-09-09,1,17.5,21.9,13.4,1.1,observed
2026-09-10,1,18.8,24.0,14.3,1.8,observed
2026-09-11,1,19.1,24.3,15.4,0.9,observed
2026-09-12,1,18.6,23.5,15.4,6.2,observed
2026-09-13,1,19.1,24.9,14.9,0.9,observed
2026-09-14,1,19.9,27.0,13.4,0.4,observed
2026-09-15,1,17.7,20.3,15.5,0.9,observed
2026-09-16,1,17.8,21.9,14.5,2.8,observed
2026-09-17,1,18.5,24.5,15.0,0.1,observed
2026-09-18,1,16.9,20.9,13.1,3.7,observed
2026-09-19,1,18.7,25.1,14.4,1.4,observed
2026-09-20,1,17.6,22.6,13.7,4.0,observed
2026-09-21,1,18.0,22.4,15.5,4.8,observed
2026-09-22,1,19.3,24.6,15.5,0.6,observed
2026-09-23,1,19.0,24.9,14.7,0.8,observed
2026-09-24,1,19.9,27.5,13.0,0.0,observed
2026-09-25,1,20.2,28.5,13.4,0.2,observed
2026-09-26,1,20.3,28.6,14.5,0.0,observed
2026-09-27,1,20.6,27.5,15.3,0.6,observed
2026-09-28,1,20.7,27.7,16.8,1.6,observed
2026-09-29,1,20.3,25.8,16.4,1.3,observed
2026-09-30,1,20.1,27.7,14.0,0.0,observed
2026-10-01,1,21.0,29.2,13.9,0.0,observed
2026-10-02,1,21.0,28.1,14.4,0.0,observed
2026-10-03,1,21.6,28.9,14.6,0.0,observed
2026-10-04,1,20.9,26.9,15.8,2.0,observed
2026-10-05,1,21.6,28.1,16.0,0.7,observed
2026-10-06,1,21.2,27.2,16.4,1.2,observed
2026-10-07,1,20.3,26.1,16.7,5.2,observed
2026-10-08,1,20.2,25.3,16.4,4.3,observed
2026-10-09,1,19.7,25.7,16.0,6.4,forecast
2026-10-10,1,18.3,24.0,15.2,32.5,forecast
2026-10-11,1,19.1,25.8,14.6,16.9,forecast
2026-10-12,1,17.1,22.0,13.5,16.3,forecast
2026-10-13,1,17.7,23.8,13.2,22.6,forecast
2026-10-14,1,17.7,22.3,15.6,35.7,forecast
2026-10-15,1,17.6,21.9,15.3,35.2,forecast
2026-10-16,1,18.7,24.5,14.0,0.2,forecast
2026-10-17,1,18.6,24.8,13.3,0.3,forecast
2026-10-18,1,18.7,23.6,15.0,2.2,forecast
2024-01-01,2,20.5,26.9,15.5,0.8,observed
2024-01-02,2,20.3,26.8,15.4,1.6,observed
2024-01-03,2,20.3,26.0,16.4,1.7,observed
2024-01-04,2,20.5,26.9,15.2,0.4,observed
2024-01-05,2,19.0,26.2,15.7,7.6,observed
2024-01-06,2,19.7,25.9,15.8,1.4,observed
2024-01-07,2,19.5,24.7,15.9,9.9,observed
2024-01-08,2,19.7,25.4,15.2,0.3,observed
2024-01-09,2,19.5,25.9,14.5,0.5,observed
2024-01-10,2,19.1,24.7,14.6,2.5,observed
2024-01-11,2,18.7,25.3,14.9,1.4,observed
2024-01-12,2,19.2,25.3,14.7,1.3,observed
2024-01-13,2,18.3,22.3,15.5,3.6,observed
2024-01-14,2,19.3,25.2,15.6,12.0,observed
2024-01-15,2,19.7,26.1,15.0,1.0,observed
2024-01-16,2,19.6,25.8,14.8,1.7,observed
2024-01-17,2,19.9,26.5,15.6,2.7,observed
2024-01-18,2,19.0,24.7,16.0,9.8,observed
2024-01-19,2,20.2,27.2,14.9,4.3,observed
2024-01-20,2,18.9,25.3,15.7,10.1,observed
2024-01-21,2,19.5,25.5,16.2,4.0,observed
2024-01-22,2,19.7,27.0,14.7,0.4,observed
2024-01-23,2,19.5,26.7,13.6,0.0,observed
2024-01-24,2,20.0,27.0,13.8,0.0,observed
2024-01-25,2,20.4,26.8,14.8,0.3,observed
2024-01-26,2,20.4,26.6,15.7,0.6,observed
2024-01-27,2,20.5,26.4,16.1,1.5,observed
2024-01-28,2,20.4,26.2,15.9,0.7,observed
2024-01-29,2,20.4,27.2,15.1,0.1,observed
2024-01-30,2,20.7,27.8,16.2,0.2,observed
2024-01-31,2,20.7,27.7,15.3,0.5,observed
2024-02-01,2,20.4,27.7,15.2,0.3,observed
2024-02-02,2,20.5,28.6,14.5,0.0,observed
2024-02-03,2,21.2,28.1,15.6,0.2,observed
2024-02-04,2,20.8,26.8,15.3,0.4,observed
2024-02-05,2,20.7,27.6,15.2,0.1,observed
2024-02-06,2,21.0,28.2,15.2,0.0,observed
2024-02-07,2,20.8,27.8,15.7,0.2,observed
2024-02-08,2,20.6,27.9,14.5,0.6,observed
2024-02-09,2,21.2,28.8,15.0,0.0,observed
2024-02-10,2,21.4,28.4,16.0,0.4,observed
2024-02-11,2,20.9,28.0,15.3,0.0,observed
2024-02-12,2,21.1,28.6,14.2,0.0,observed
2024-02-13,2,21.7,29.2,15.7,0.0,observed
2024-02-14,2,21.8,28.6,16.3,0.0,observed
2024-02-15,2,22.0,29.4,16.0,0.0,observed
2024-02-16,2,21.7,28.6,15.7,0.0,observed
2024-02-17,2,21.8,28.9,15.9,0.3,observed
2024-02-18,2,22.3,31.1,13.5,0.0,observed
2024-02-19,2,22.9,30.1,15.7,0.0,observed
2024-02-20,2,22.6,29.7,16.8,1.6,observed
2024-02-21,2,21.9,29.2,15.9,1.1,observed
2024-02-22,2,21.0,27.9,14.9,0.0,observed
2024-02-23,2,20.1,26.7,15.7,0.8,observed
2024-02-24,2,18.9,24.3,15.9,15.6,observed
2024-02-25,2,20.6,27.9,14.3,0.1,observed
2024-02-26,2,21.6,30.1,15.6,2.8,observed
2024-02-27,2,20.6,29.8,15.6,2.0,observed
2024-02-28,2,20.6,26.6,15.6,1.2,observed
2024-02-29,2,21.2,29.1,15.5,0.1,observed
2024-03-01,2,21.3,29.4,14.5,0.0,observed
2024-03-02,2,21.4,29.1,15.5,0.0,observed
2024-03-03,2,21.6,28.8,15.0,0.0,observed
2024-03-04,2,22.3,29.7,16.6,0.7,observed
2024-03-05,2,20.7,27.6,15.2,0.9,observed
2024-03-06,2,20.6,27.4,15.4,0.3,observed
2024-03-07,2,20.8,27.7,14.3,0.6,observed
2024-03-08,2,21.8,30.0,14.8,0.0,observed
2024-03-09,2,21.3,28.5,16.1,0.2,observed
2024-03-10,2,21.2,28.6,15.0,0.4,observed
2024-03-11,2,21.0,28.0,14.9,0.0,observed
2024-03-12,2,21.1,29.3,13.8,0.0,observed
2024-03-13,2,21.9,29.3,15.4,0.0,observed
2024-03-14,2,21.3,29.0,15.7,0.0,observed
2024-03-15,2,20.5,27.5,14.4,0.1,observed
2024-03-16,2,21.2,28.9,14.6,0.0,observed
2024-03-17,2,22.5,30.7,15.5,0.0,observed
2024-03-18,2,21.9,29.6,15.5,0.1,observed
2024-03-19,2,22.2,29.9,15.3,0.6,observed
2024-03-20,2,21.8,29.5,15.0,0.0,observed
2024-03-21,2,21.8,29.6,15.2,0.0,observed
2024-03-22,2,21.9,30.1,14.7,0.2,observed
2024-03-23,2,22.5,29.8,16.4,0.4,observed
2024-03-24,2,21.8,30.0,16.9,2.3,observed
2024-03-25,2,21.1,27.7,16.7,5.6,observed
2024-03-26,2,21.1,28.1,17.1,4.0,observed
2024-03-27,2,20.6,26.8,17.9,3.7,observed
2024-03-28,2,20.6,27.5,16.1,1.2,observed
2024-03-29,2,20.7,27.5,15.2,0.7,observed
2024-03-30,2,20.1,26.0,16.9,4.4,observed
2024-03-31,2,19.9,25.8,16.2,9.1,observed
2024-04-01,2,20.5,26.6,16.8,2.7,observed
2024-04-02,2,21.0,27.4,16.7,0.8,observed
2024-04-03,2,20.4,28.1,15.4,5.2,observed
2024-04-04,2,20.1,25.8,16.6,3.0,observed
2024-04-05,2,19.9,25.7,16.7,9.9,observed
2024-04-06,2,19.2,25.1,15.8,14.2,observed
2024-04-07,2,20.4,27.3,16.4,2.6,observed
2024-04-08,2,19.9,26.0,15.3,3.6,observed
2024-04-09,2,20.0,26.8,16.0,3.3,observed
2024-04-10,2,20.2,27.5,14.3,0.7,observed
2024-04-11,2,20.8,27.3,15.4,0.8,observed
2024-04-12,2,20.9,27.3,17.6,3.5,observed
2024-04-13,2,20.0,25.4,16.9,6.7,observed
2024-04-14,2,19.9,26.6,16.5,9.2,observed
2024-04-15,2,19.4,25.8,15.5,2.8,observed
2024-04-16,2,19.9,25.8,15.1,0.2,observed
2024-04-17,2,20.2,25.7,14.8,0.8,observed
2024-04-18,2,19.9,26.4,14.7,3.1,observed
2024-04-19,2,19.8,25.7,14.8,1.8,observed
2024-04-20,2,20.3,26.0,15.7,1.1,observed
2024-04-21,2,18.9,24.2,15.7,1.8,observed
2024-04-22,2,19.6,26.4,14.9,7.9,observed
2024-04-23,2,20.0,25.9,16.0,6.3,observed
2024-04-24,2,19.6,26.3,15.8,14.4,observed
2024-04-25,2,19.8,25.7,16.6,9.8,observed
2024-04-26,2,18.9,22.5,16.8,28.9,observed
2024-04-27,2,18.9,25.9,15.6,13.4,observed
2024-04-28,2,19.5,25.9,15.7,15.7,observed
2024-04-29,2,19.4,25.7,14.9,1.8,observed
2024-04-30,2,20.1,25.9,15.6,1.8,observed
2024-05-01,2,20.4,26.3,16.9,11.9,observed
2024-05-02,2,19.8,25.5,17.2,7.0,observed
2024-05-03,2,19.6,24.0,16.5,4.5,observed
2024-05-04,2,19.3,22.6,16.7,0.6,observed
2024-05-05,2,19.6,25.3,16.0,5.1,observed
2024-05-06,2,19.2,24.4,16.1,0.7,observed
2024-05-07,2,19.2,24.1,16.8,9.2,observed
2024-05-08,2,18.4,24.3,14.4,6.6,observed
2024-05-09,2,18.9,24.4,14.4,2.0,observed
2024-05-10,2,19.1,24.6,15.3,5.4,observed
2024-05-11,2,19.2,24.6,14.3,0.9,observed
2024-05-12,2,19.5,25.2,15.0,2.0,observed
2024-05-13,2,19.7,25.5,14.5,0.1,observed
2024-05-14,2,19.3,26.2,13.2,0.1,observed
2024-05-15,2,19.4,26.3,13.3,0.3,observed
2024-05-16,2,19.2,25.2,12.7,2.5,observed
2024-05-17,2,19.7,26.0,14.5,0.2,observed
2024-05-18,2,20.4,26.7,14.6,0.1,observed
2024-05-19,2,19.7,26.6,14.7,2.3,observed
2024-05-20,2,19.8,25.9,15.2,5.4,observed
2024-05-21,2,19.4,24.9,14.7,1.6,observed
2024-05-22,2,19.2,25.1,14.4,1.7,observed
2024-05-23,2,19.1,25.1,15.4,5.3,observed
2024-05-24,2,18.9,24.7,12.9,1.5,observed
2024-05-25,2,19.2,25.1,15.7,1.8,observed
2024-05-26,2,19.4,25.2,14.2,0.5,observed
2024-05-27,2,19.7,26.0,14.1,0.1,observed
2024-05-28,2,19.2,25.6,14.8,0.0,observed
2024-05-29,2,19.2,25.6,12.9,0.1,observed
2024-05-30,2,18.8,25.8,12.1,0.1,observed
2024-05-31,2,19.5,26.7,12.9,0.2,observed
2024-06-01,2,19.3,26.6,13.1,0.2,observed
2024-06-02,2,19.8,27.1,13.9,0.0,observed
2024-06-03,2,19.7,26.0,14.3,0.0,observed
2024-06-04,2,19.3,26.8,14.2,6.6,observed
2024-06-05,2,19.5,25.9,14.3,0.0,observed
2024-06-06,2,18.4,25.5,13.1,0.1,observed
2024-06-07,2,19.1,25.7,13.1,0.8,observed
2024-06-08,2,19.1,25.7,13.8,1.5,observed
2024-06-09,2,17.9,22.7,15.2,0.1,observed
2024-06-10,2,19.1,25.2,15.5,1.8,observed
2024-06-11,2,18.1,23.7,12.5,0.6,observed
2024-06-12,2,17.8,23.8,11.9,0.2,observed
2024-06-13,2,17.9,24.6,11.7,0.0,observed
2024-06-14,2,17.7,25.0,11.4,0.0,observed
2024-06-15,2,18.2,24.9,12.3,0.7,observed
2024-06-16,2,18.7,26.4,12.6,0.0,observed
2024-06-17,2,18.7,26.3,12.2,0.0,observed
2024-06-18,2,17.7,25.0,11.4,0.0,observed
2024-06-19,2,18.4,24.4,12.9,1.7,observed
2024-06-20,2,17.7,22.4,15.0,6.3,observed
2024-06-21,2,17.6,23.6,14.3,4.3,observed
2024-06-22,2,17.4,24.6,12.6,0.1,observed
2024-06-23,2,16.9,23.8,9.9,0.0,observed
2024-06-24,2,16.2,23.8,10.2,0.0,observed
2024-06-25,2,16.1,24.3,9.7,0.0,observed
2024-06-26,2,16.7,23.2,9.5,0.0,observed
2024-06-27,2,16.5,21.4,11.8,0.7,observed
2024-06-28,2,16.2,22.7,9.9,0.0,observed
2024-06-29,2,17.0,25.1,10.1,0.0,observed
2024-06-30,2,16.9,24.2,11.8,0.0,observed
2024-07-01,2,17.1,24.3,11.1,0.0,observed
2024-07-02,2,17.9,24.8,12.4,0.0,observed
2024-07-03,2,18.6,25.6,11.8,0.0,observed
2024-07-04,2,18.7,25.7,12.6,0.0,observed
2024-07-05,2,18.0,25.3,12.1,0.0,observed
2024-07-06,2,17.8,25.6,13.2,9.9,observed
2024-07-07,2,17.6,22.4,13.8,17.6,observed
2024-07-08,2,18.0,25.9,12.6,6.4,observed
2024-07-09,2,17.4,23.6,13.8,10.4,observed
2024-07-10,2,17.1,21.5,13.3,0.6,observed
2024-07-11,2,16.2,23.3,10.5,0.0,observed
2024-07-12,2,16.8,22.7,10.4,0.1,observed
2024-07-13,2,17.1,22.8,13.0,0.4,observed
2024-07-14,2,17.7,25.4,12.1,0.0,observed
2024-07-15,2,17.7,23.4,11.2,0.0,observed
2024-07-16,2,18.0,21.9,14.9,1.2,observed
2024-07-17,2,18.3,24.6,15.3,1.0,observed
2024-07-18,2,17.2,21.2,15.0,0.3,observed
2024-07-19,2,16.9,22.2,12.4,0.1,observed
2024-07-20,2,17.2,22.1,11.5,0.0,observed
2024-07-21,2,18.0,24.9,12.4,0.9,observed
2024-07-22,2,18.5,25.1,13.5,0.0,observed
2024-07-23,2,16.7,24.0,10.5,0.0,observed
2024-07-24,2,16.3,25.0,10.8,0.0,observed
2024-07-25,2,17.9,25.6,10.7,0.6,observed
2024-07-26,2,18.2,25.3,13.9,1.6,observed
2024-07-27,2,17.8,25.3,13.8,0.2,observed
2024-07-28,2,17.9,24.9,12.9,0.2,observed
2024-07-29,2,18.3,24.2,13.8,0.0,observed
2024-07-30,2,18.4,23.5,13.9,0.0,observed
2024-07-31,2,17.2,23.4,13.5,0.3,observed
2024-08-01,2,16.3,23.0,10.4,0.0,observed
2024-08-02,2,16.6,23.6,11.4,0.0,observed
2024-08-03,2,17.2,25.5,11.1,0.0,observed
2024-08-04,2,18.0,24.8,14.3,0.5,observed
2024-08-05,2,17.9,26.8,10.3,0.0,observed
2024-08-06,2,18.2,26.6,10.8,0.5,observed
2024-08-07,2,17.4,26.2,11.8,0.1,observed
2024-08-08,2,17.5,21.2,13.4,1.6,observed
2024-08-09,2,17.8,22.6,15.3,1.3,observed
2024-08-10,2,17.0,23.2,12.4,0.4,observed
2024-08-11,2,16.8,22.8,12.7,0.4,observed
2024-08-12,2,17.5,23.8,13.3,0.1,observed
2024-08-13,2,17.4,23.5,12.2,0.1,observed
2024-08-14,2,17.5,25.5,10.9,0.0,observed
2024-08-15,2,18.5,25.8,13.0,0.7,observed
2024-08-16,2,18.7,25.5,14.8,1.1,observed
2024-08-17,2,17.7,25.5,11.0,0.0,observed
2024-08-18,2,17.0,22.1,12.5,0.2,observed
2024-08-19,2,17.0,25.4,10.4,0.0,observed
2024-08-20,2,17.7,25.1,10.4,0.0,observed
2024-08-21,2,17.5,23.5,11.8,0.1,observed
2024-08-22,2,17.9,23.9,14.3,0.2,observed
2024-08-23,2,17.9,22.9,13.6,0.0,observed
2024-08-24,2,17.8,23.2,14.5,0.3,observed
2024-08-25,2,16.5,20.6,13.8,2.1,observed
2024-08-26,2,17.2,23.1,11.1,0.0,observed
2024-08-27,2,18.6,25.0,14.8,1.6,observed
2024-08-28,2,19.0,24.8,15.5,2.5,observed
2024-08-29,2,18.9,25.2,14.5,1.7,observed
2024-08-30,2,18.5,25.1,13.3,0.3,observed
2024-08-31,2,18.0,25.7,11.4,0.0,observed
2024-09-01,2,18.6,24.6,14.5,0.3,observed
2024-09-02,2,17.5,24.1,11.8,0.0,observed
2024-09-03,2,18.2,23.1,14.4,0.9,observed
2024-09-04,2,18.1,23.1,14.9,2.7,observed
2024-09-05,2,17.9,24.2,13.6,0.1,observed
2024-09-06,2,17.7,22.9,14.2,5.0,observed
2024-09-07,2,18.2,25.2,12.6,0.0,observed
2024-09-08,2,18.4,26.9,12.6,0.0,observed
2024-09-09,2,18.8,26.8,11.3,0.0,observed
2024-09-10,2,19.6,27.2,12.7,0.1,observed
2024-09-11,2,19.2,27.6,12.2,0.0,observed
2024-09-12,2,18.8,27.4,11.7,0.0,observed
2024-09-13,2,18.9,26.9,11.0,0.2,observed
2024-09-14,2,18.8,27.1,11.5,0.0,observed
2024-09-15,2,19.2,27.5,11.4,0.0,observed
2024-09-16,2,18.5,27.1,11.1,0.2,observed
2024-09-17,2,19.2,26.1,12.2,0.0,observed
2024-09-18,2,19.5,27.0,11.9,0.0,observed
2024-09-19,2,19.9,28.3,13.0,0.0,observed
2024-09-20,2,20.2,26.9,13.8,0.3,observed
2024-09-21,2,19.5,26.8,13.3,0.1,observed
2024-09-22,2,20.0,26.8,15.2,0.1,observed
2024-09-23,2,19.0,25.6,12.8,0.1,observed
2024-09-24,2,19.3,26.1,12.7,0.0,observed
2024-09-25,2,18.7,26.0,11.7,0.0,observed
2024-09-26,2,19.6,27.4,11.6,0.2,observed
2024-09-27,2,20.1,28.2,14.1,0.4,observed
2024-09-28,2,19.7,28.2,13.8,0.6,observed
2024-09-29,2,19.4,25.5,13.9,2.8,observed
2024-09-30,2,19.1,26.4,13.6,8.0,observed
2024-10-01,2,20.6,27.2,14.4,0.1,observed
2024-10-02,2,20.0,27.2,15.2,1.1,observed
2024-10-03,2,19.2,25.7,14.7,1.0,observed
2024-10-04,2,19.0,28.0,11.3,0.0,observed
2024-10-05,2,19.2,25.5,13.0,1.6,observed
2024-10-06,2,19.6,25.6,15.8,1.3,observed
2024-10-07,2,19.7,25.9,15.7,1.1,observed
2024-10-08,2,20.5,26.7,16.0,0.5,observed
2024-10-09,2,20.0,26.5,14.3,0.1,observed
2024-10-10,2,19.5,26.1,12.4,0.0,observed
2024-10-11,2,20.2,28.3,14.6,0.5,observed
2024-10-12,2,20.0,28.3,12.3,1.0,observed
2024-10-13,2,19.3,26.4,15.0,8.1,observed
2024-10-14,2,19.8,27.8,12.3,0.1,observed
2024-10-15,2,20.4,27.5,13.7,0.3,observed
2024-10-16,2,20.7,28.5,14.8,0.5,observed
2024-10-17,2,21.9,29.4,15.8,0.0,observed
2024-10-18,2,19.7,27.0,14.3,4.8,observed
2024-10-19,2,18.9,25.3,15.4,5.3,observed
2024-10-20,2,19.3,25.5,15.6,6.0,observed
2024-10-21,2,19.6,26.3,13.2,0.2,observed
2024-10-22,2,20.1,26.9,13.5,0.3,observed
2024-10-23,2,20.0,26.4,14.1,0.3,observed
2024-10-24,2,20.2,26.6,14.1,0.3,observed
2024-10-25,2,20.5,27.8,13.6,0.2,observed
2024-10-26,2,21.0,28.9,14.2,0.0,observed
2024-10-27,2,21.2,28.2,15.1,0.7,observed
2024-10-28,2,21.6,28.7,15.9,0.0,observed
2024-10-29,2,21.4,29.0,14.6,0.0,observed
2024-10-30,2,21.8,29.9,14.2,0.0,observed
2024-10-31,2,21.8,30.0,14.1,0.0,observed
2024-11-01,2,20.8,27.3,15.8,1.8,observed
2024-11-02,2,21.1,28.6,15.7,0.0,observed
2024-11-03,2,21.5,29.4,16.4,0.2,observed
2024-11-04,2,21.6,28.6,16.0,0.0,observed
2024-11-05,2,20.1,26.9,15.8,3.6,observed
2024-11-06,2,19.7,26.0,16.2,2.0,observed
2024-11-07,2,18.5,24.8,16.0,5.1,observed
2024-11-08,2,18.4,24.7,14.9,5.1,observed
2024-11-09,2,19.2,26.7,13.5,1.3,observed
2024-11-10,2,19.1,25.5,15.9,1.8,observed
2024-11-11,2,16.9,20.5,14.0,9.8,observed
2024-11-12,2,18.7,26.1,12.5,0.2,observed
2024-11-13,2,19.0,25.3,15.5,2.8,observed
2024-11-14,2,19.8,26.5,16.5,7.9,observed
2024-11-15,2,17.6,21.5,15.6,7.2,observed
2024-11-16,2,17.0,20.2,15.3,12.0,observed
2024-11-17,2,18.5,24.8,13.6,1.3,observed
2024-11-18,2,19.4,25.3,15.0,0.6,observed
2024-11-19,2,19.7,25.4,15.8,1.7,observed
2024-11-20,2,19.7,25.5,16.1,2.2,observed
2024-11-21,2,18.5,23.2,15.7,6.7,observed
2024-11-22,2,19.1,24.8,15.4,2.5,observed
2024-11-23,2,19.3,24.6,16.0,1.6,observed
2024-11-24,2,19.0,24.1,16.3,19.9,observed
2024-11-25,2,18.1,23.9,15.3,21.2,observed
2024-11-26,2,18.7,23.8,14.3,2.0,observed
2024-11-27,2,18.5,23.9,15.4,3.2,observed
2024-11-28,2,19.2,24.4,15.7,4.4,observed
2024-11-29,2,19.3,24.8,15.1,0.4,observed
2024-11-30,2,19.0,24.5,13.8,0.5,observed
2024-12-01,2,18.6,23.4,15.2,12.2,observed
2024-12-02,2,19.4,24.5,15.8,1.2,observed
2024-12-03,2,19.2,23.8,15.8,4.2,observed
2024-12-04,2,20.0,25.8,15.2,0.4,observed
2024-12-05,2,20.5,27.0,15.6,0.2,observed
2024-12-06,2,20.7,27.2,15.9,0.3,observed
2024-12-07,2,20.9,28.3,15.2,0.6,observed
2024-12-08,2,20.7,27.4,14.7,0.2,observed
2024-12-09,2,20.2,26.8,15.3,0.5,observed
2024-12-10,2,20.3,26.3,16.3,2.1,observed
2024-12-11,2,20.1,25.7,15.4,2.2,observed
2024-12-12,2,20.5,26.9,15.9,1.7,observed
2024-12-13,2,21.2,28.6,15.5,0.3,observed
2024-12-14,2,21.6,27.5,16.6,0.0,observed
2024-12-15,2,21.6,28.1,16.4,1.2,observed
2024-12-16,2,20.4,25.9,16.1,1.9,observed
2024-12-17,2,19.9,25.8,15.1,1.3,observed
2024-12-18,2,20.6,27.2,15.0,1.1,observed
2024-12-19,2,19.1,23.7,15.7,5.1,observed
2024-12-20,2,19.1,25.6,15.9,5.6,observed
2024-12-21,2,18.4,24.3,16.2,7.8,observed
2024-12-22,2,18.7,23.6,14.8,3.1,observed
2024-12-23,2,18.8,23.4,15.9,3.3,observed
2024-12-24,2,18.7,24.2,15.7,6.9,observed
2024-12-25,2,18.6,23.0,15.8,4.8,observed
2024-12-26,2,18.8,24.0,15.0,1.9,observed
2024-12-27,2,19.0,24.8,14.5,0.3,observed
2024-12-28,2,19.3,25.9,14.5,0.4,observed
2024-12-29,2,19.9,26.8,14.1,0.0,observed
2024-12-30,2,20.3,27.1,14.9,0.0,observed
2024-12-31,2,20.1,26.1,15.4,0.6,observed
2025-01-01,2,20.1,26.1,14.8,0.7,observed
2025-01-02,2,20.0,25.3,15.1,0.7,observed
2025-01-03,2,19.9,25.6,14.7,0.0,observed
2025-01-04,2,20.0,25.8,15.5,1.3,observed
2025-01-05,2,19.6,24.9,15.2,0.9,observed
2025-01-06,2,19.5,26.3,13.4,0.0,observed
2025-01-07,2,20.3,28.0,13.9,0.0,observed
2025-01-08,2,21.1,28.2,14.6,0.0,observed
2025-01-09,2,21.0,27.7,15.9,0.5,observed
2025-01-10,2,20.4,26.1,15.6,1.3,observed
2025-01-11,2,21.0,27.6,15.5,0.1,observed
2025-01-12,2,21.8,27.6,16.1,0.2,observed
2025-01-13,2,22.0,27.7,16.7,0.0,observed
2025-01-14,2,21.0,27.0,16.2,0.0,observed
2025-01-15,2,19.1,25.3,14.1,0.2,observed
2025-01-16,2,19.6,26.0,14.2,0.0,observed
2025-01-17,2,20.2,26.7,14.6,0.0,observed
2025-01-18,2,21.3,28.0,15.0,0.0,observed
2025-01-19,2,21.7,27.6,16.3,0.0,observed
2025-01-20,2,22.1,28.9,16.1,0.0,observed
2025-01-21,2,22.0,28.6,15.8,0.0,observed
2025-01-22,2,22.3,28.8,16.3,0.0,observed
2025-01-23,2,21.8,27.9,15.8,0.0,observed
2025-01-24,2,21.7,28.8,15.8,0.1,observed
2025-01-25,2,21.8,28.5,16.0,0.4,observed
2025-01-26,2,19.8,25.8,16.5,8.0,observed
2025-01-27,2,19.2,23.8,15.7,0.3,observed
2025-01-28,2,18.5,24.2,15.1,5.4,observed
2025-01-29,2,19.3,24.9,14.4,4.7,observed
2025-01-30,2,17.8,22.5,15.1,25.5,observed
2025-01-31,2,19.3,25.0,14.6,0.4,observed
2025-02-01,2,19.4,24.8,15.4,1.2,observed
2025-02-02,2,20.2,26.0,15.3,0.3,observed
2025-02-03,2,20.7,26.9,15.3,0.0,observed
2025-02-04,2,20.2,26.7,15.2,0.0,observed
2025-02-05,2,20.4,27.4,14.5,0.5,observed
2025-02-06,2,21.1,27.2,15.5,0.2,observed
2025-02-07,2,21.1,26.9,16.4,0.3,observed
2025-02-08,2,21.8,29.9,15.1,0.0,observed
2025-02-09,2,22.3,29.3,15.5,0.0,observed
2025-02-10,2,22.2,29.1,16.1,0.0,observed
2025-02-11,2,21.7,27.7,16.2,0.0,observed
2025-02-12,2,20.6,26.4,15.7,1.1,observed
2025-02-13,2,20.5,26.1,17.0,3.2,observed
2025-02-14,2,21.6,28.7,15.2,0.0,observed
2025-02-15,2,22.8,29.8,16.3,0.0,observed
2025-02-16,2,22.6,29.3,16.7,0.8,observed
2025-02-17,2,22.1,28.1,16.3,0.1,observed
2025-02-18,2,22.0,29.5,15.2,0.0,observed
2025-02-19,2,22.6,30.1,15.2,0.0,observed
2025-02-20,2,23.3,31.1,16.2,0.0,observed
2025-02-21,2,23.0,30.0,15.9,0.0,observed
2025-02-22,2,22.0,28.3,15.2,0.0,observed
2025-02-23,2,22.0,29.0,15.4,0.0,observed
2025-02-24,2,22.0,28.6,15.1,0.0,observed
2025-02-25,2,22.0,28.9,15.3,0.0,observed
2025-02-26,2,22.4,29.3,15.9,0.0,observed
2025-02-27,2,23.1,30.1,16.1,0.0,observed
2025-02-28,2,23.5,31.1,16.0,0.0,observed
2025-03-01,2,23.5,29.7,16.9,0.0,observed
2025-03-02,2,22.9,29.9,16.0,0.0,observed
2025-03-03,2,22.9,29.3,15.9,0.0,observed
2025-03-04,2,22.7,29.5,16.3,0.0,observed
2025-03-05,2,23.1,30.1,16.9,0.0,observed
2025-03-06,2,23.1,30.5,16.2,0.0,observed
2025-03-07,2,23.7,31.3,16.8,0.7,observed
2025-03-08,2,23.0,29.5,17.9,0.9,observed
2025-03-09,2,22.1,28.5,17.7,2.3,observed
2025-03-10,2,20.1,25.2,16.8,13.8,observed
2025-03-11,2,20.6,26.6,16.4,1.6,observed
2025-03-12,2,20.3,26.1,16.3,1.0,observed
2025-03-13,2,20.2,26.1,15.7,2.2,observed
2025-03-14,2,22.6,30.5,15.9,0.0,observed
2025-03-15,2,22.9,29.9,16.7,0.0,observed
2025-03-16,2,22.3,28.9,16.2,0.0,observed
2025-03-17,2,21.5,28.0,16.3,0.9,observed
2025-03-18,2,20.4,26.3,16.5,3.8,observed
2025-03-19,2,19.6,24.4,16.0,11.2,observed
2025-03-20,2,19.2,23.7,16.0,7.5,observed
2025-03-21,2,20.3,27.0,15.9,2.1,observed
2025-03-22,2,20.5,26.2,16.2,2.1,observed
2025-03-23,2,20.5,26.6,16.0,3.7,observed
2025-03-24,2,21.1,27.8,17.0,1.0,observed
2025-03-25,2,20.1,26.4,15.3,2.1,observed
2025-03-26,2,19.8,25.7,15.9,1.8,observed
2025-03-27,2,19.6,25.7,15.7,4.4,observed
2025-03-28,2,18.5,23.6,15.9,7.6,observed
2025-03-29,2,19.3,24.2,16.1,3.5,observed
2025-03-30,2,19.3,24.0,15.8,2.8,observed
2025-03-31,2,18.8,23.1,16.2,9.6,observed
2025-04-01,2,19.6,25.1,16.1,3.9,observed
2025-04-02,2,20.2,25.8,15.8,0.1,observed
2025-04-03,2,19.8,25.4,16.3,5.0,observed
2025-04-04,2,19.5,25.6,16.7,2.4,observed
2025-04-05,2,19.6,25.7,16.6,3.9,observed
2025-04-06,2,17.6,21.6,16.3,9.8,observed
2025-04-07,2,18.8,23.4,15.9,2.0,observed
2025-04-08,2,19.5,24.7,15.8,2.2,observed
2025-04-09,2,20.1,26.0,15.8,0.2,observed
2025-04-10,2,19.4,24.1,16.7,1.1,observed
2025-04-11,2,19.3,25.1,15.1,1.3,observed
2025-04-12,2,19.5,25.1,16.6,2.7,observed
2025-04-13,2,19.2,24.4,16.0,5.3,observed
2025-04-14,2,19.6,25.3,16.3,3.7,observed
2025-04-15,2,19.7,25.3,16.4,3.3,observed
2025-04-16,2,19.7,25.5,15.6,2.8,observed
2025-04-17,2,20.1,25.7,15.8,1.3,observed
2025-04-18,2,20.3,26.2,16.7,3.8,observed
2025-04-19,2,19.4,26.2,16.6,14.0,observed
2025-04-20,2,18.8,24.7,15.7,10.0,observed
2025-04-21,2,18.3,23.2,15.2,11.8,observed
2025-04-22,2,18.9,23.9,16.4,5.7,observed
2025-04-23,2,17.7,22.2,16.1,9.1,observed
2025-04-24,2,18.2,22.3,15.2,2.3,observed
2025-04-25,2,18.3,23.3,15.4,3.4,observed
2025-04-26,2,18.8,24.7,14.6,0.0,observed
2025-04-27,2,19.1,24.9,15.4,1.0,observed
2025-04-28,2,19.8,24.8,15.4,0.3,observed
2025-04-29,2,19.9,25.6,16.0,2.5,observed
2025-04-30,2,19.5,25.0,16.2,2.2,observed
2025-05-01,2,19.6,25.3,15.7,0.7,observed
2025-05-02,2,20.2,26.2,15.9,0.9,observed
2025-05-03,2,20.5,26.4,16.2,3.0,observed
2025-05-04,2,20.0,26.7,15.9,10.5,observed
2025-05-05,2,18.8,23.6,15.4,12.5,observed
2025-05-06,2,18.2,23.6,14.5,17.8,observed
2025-05-07,2,18.6,23.5,15.0,10.2,observed
2025-05-08,2,18.9,24.0,14.8,2.1,observed
2025-05-09,2,19.1,23.6,15.6,2.1,observed
2025-05-10,2,19.1,24.4,15.9,1.5,observed
2025-05-11,2,18.9,24.3,15.5,3.6,observed
2025-05-12,2,19.2,25.3,15.9,15.9,observed
2025-05-13,2,18.3,23.2,15.1,26.8,observed
2025-05-14,2,18.4,23.6,14.6,2.2,observed
2025-05-15,2,18.7,23.3,14.7,1.4,observed
2025-05-16,2,18.8,23.5,15.3,1.1,observed
2025-05-17,2,18.9,23.8,15.1,0.7,observed
2025-05-18,2,18.6,23.5,15.8,2.9,observed
2025-05-19,2,18.7,22.8,15.1,2.6,observed
2025-05-20,2,19.5,24.6,16.1,1.8,observed
2025-05-21,2,19.6,24.5,16.4,0.9,observed
2025-05-22,2,19.6,25.1,16.8,1.8,observed
2025-05-23,2,19.5,24.7,15.7,2.4,observed
2025-05-24,2,19.8,26.4,14.0,0.0,observed
2025-05-25,2,18.5,23.3,14.4,0.8,observed
2025-05-26,2,19.0,25.0,14.0,2.2,observed
2025-05-27,2,18.0,22.9,14.6,10.3,observed
2025-05-28,2,19.0,24.4,14.9,0.5,observed
2025-05-29,2,19.2,24.3,15.3,1.3,observed
2025-05-30,2,19.1,25.6,13.9,0.0,observed
2025-05-31,2,18.9,26.3,13.3,0.0,observed
2025-06-01,2,18.4,23.9,13.6,2.2,observed
2025-06-02,2,19.2,23.9,15.4,2.2,observed
2025-06-03,2,19.5,25.6,15.0,0.0,observed
2025-06-04,2,19.0,25.6,14.4,0.5,observed
2025-06-05,2,19.0,25.3,15.8,3.4,observed
2025-06-06,2,18.0,22.9,15.2,6.8,observed
2025-06-07,2,18.5,23.0,15.3,4.4,observed
2025-06-08,2,18.5,23.5,14.4,1.5,observed
2025-06-09,2,17.9,23.6,14.1,8.4,observed
2025-06-10,2,18.2,24.2,13.1,0.8,observed
2025-06-11,2,18.1,23.5,13.9,0.9,observed
2025-06-12,2,18.5,23.2,15.4,2.4,observed
2025-06-13,2,18.8,25.4,14.0,0.2,observed
2025-06-14,2,18.1,24.9,11.8,0.0,observed
2025-06-15,2,18.7,24.5,13.9,0.0,observed
2025-06-16,2,18.4,23.8,12.7,0.0,observed
2025-06-17,2,19.0,24.6,13.9,0.5,observed
2025-06-18,2,18.9,24.7,13.4,0.3,observed
2025-06-19,2,19.2,24.8,14.6,0.0,observed
2025-06-20,2,18.5,23.5,14.8,3.0,observed
2025-06-21,2,18.9,25.3,12.8,0.1,observed
2025-06-22,2,18.8,24.6,14.5,1.2,observed
2025-06-23,2,18.8,24.9,15.1,1.1,observed
2025-06-24,2,18.5,25.6,12.1,0.0,observed
2025-06-25,2,18.4,24.2,13.1,0.7,observed
2025-06-26,2,18.7,23.8,15.6,4.1,observed
2025-06-27,2,19.6,25.6,15.6,0.2,observed
2025-06-28,2,18.6,24.9,14.5,0.7,observed
2025-06-29,2,18.0,21.6,14.9,0.0,observed
2025-06-30,2,17.4,21.6,13.6,0.0,observed
2025-07-01,2,17.8,23.1,13.5,0.6,observed
2025-07-02,2,18.6,23.7,13.4,0.0,observed
2025-07-03,2,18.2,22.9,14.7,0.5,observed
2025-07-04,2,18.8,24.0,15.1,0.5,observed
2025-07-05,2,18.2,22.2,14.9,1.0,observed
2025-07-06,2,18.6,23.5,15.0,0.9,observed
2025-07-07,2,18.1,22.2,15.1,0.7,observed
2025-07-08,2,17.8,22.4,14.4,0.6,observed
2025-07-09,2,17.3,20.0,14.4,0.1,observed
2025-07-10,2,18.4,22.9,14.9,0.0,observed
2025-07-11,2,18.1,22.3,15.0,1.4,observed
2025-07-12,2,18.4,23.3,14.2,1.4,observed
2025-07-13,2,18.3,22.4,15.3,2.0,observed
2025-07-14,2,18.6,23.8,13.3,0.2,observed
2025-07-15,2,18.6,23.7,13.4,0.2,observed
2025-07-16,2,18.6,23.3,14.0,0.7,observed
2025-07-17,2,18.8,24.1,13.6,1.3,observed
2025-07-18,2,18.5,23.6,13.6,0.9,observed
2025-07-19,2,19.4,26.6,13.2,0.4,observed
2025-07-20,2,17.7,25.0,12.3,0.0,observed
2025-07-21,2,17.8,24.8,11.6,0.0,observed
2025-07-22,2,17.6,24.5,11.8,0.1,observed
2025-07-23,2,16.5,20.2,13.1,0.5,observed
2025-07-24,2,18.0,26.5,11.5,0.0,observed
2025-07-25,2,18.9,26.8,11.8,0.0,observed
2025-07-26,2,18.9,26.8,12.2,0.0,observed
2025-07-27,2,18.5,25.7,11.7,0.0,observed
2025-07-28,2,18.5,26.2,12.0,0.0,observed
2025-07-29,2,18.0,23.7,14.1,0.2,observed
2025-07-30,2,18.4,27.5,13.0,0.1,observed
2025-07-31,2,19.0,27.0,13.8,0.4,observed
2025-08-01,2,18.1,22.9,14.8,0.9,observed
2025-08-02,2,18.0,23.9,13.6,0.6,observed
2025-08-03,2,18.0,23.0,13.4,0.5,observed
2025-08-04,2,18.2,24.9,12.7,0.0,observed
2025-08-05,2,17.2,24.3,11.5,0.0,observed
2025-08-06,2,18.4,25.8,11.5,0.0,observed
2025-08-07,2,19.3,26.8,14.6,0.8,observed
2025-08-08,2,16.8,22.5,14.4,10.1,observed
2025-08-09,2,15.8,18.8,14.4,9.0,observed
2025-08-10,2,16.8,22.2,12.9,1.0,observed
2025-08-11,2,17.3,22.1,13.3,0.1,observed
2025-08-12,2,16.6,19.9,14.2,1.5,observed
2025-08-13,2,17.7,23.4,12.0,0.1,observed
2025-08-14,2,18.1,24.7,11.4,0.1,observed
2025-08-15,2,18.4,23.8,13.8,0.0,observed
2025-08-16,2,18.0,24.3,13.3,4.6,observed
2025-08-17,2,17.4,21.9,13.2,6.6,observed
2025-08-18,2,16.8,19.9,15.5,16.0,observed
2025-08-19,2,16.6,20.7,13.5,2.8,observed
2025-08-20,2,16.8,22.7,12.5,0.4,observed
2025-08-21,2,16.8,21.7,13.8,1.3,observed
2025-08-22,2,16.9,21.6,13.2,0.0,observed
2025-08-23,2,16.1,19.5,12.7,0.0,observed
2025-08-24,2,17.4,22.8,12.2,1.4,observed
2025-08-25,2,18.3,23.5,14.4,0.9,observed
2025-08-26,2,18.5,25.2,13.7,0.2,observed
2025-08-27,2,18.9,25.1,13.1,0.4,observed
2025-08-28,2,18.7,25.6,13.6,0.0,observed
2025-08-29,2,18.2,26.7,11.7,0.0,observed
2025-08-30,2,18.5,25.8,13.7,0.5,observed
2025-08-31,2,18.2,24.9,11.9,0.0,observed
2025-09-01,2,19.1,26.1,13.5,0.0,observed
2025-09-02,2,18.8,26.9,11.8,0.0,observed
2025-09-03,2,18.5,24.3,12.3,0.0,observed
2025-09-04,2,19.2,26.8,12.2,0.0,observed
2025-09-05,2,19.3,26.4,13.0,0.0,observed
2025-09-06,2,19.9,27.7,12.4,0.0,observed
2025-09-07,2,19.3,26.8,12.2,0.0,observed
2025-09-08,2,19.9,26.9,13.3,0.1,observed
2025-09-09,2,19.9,25.9,15.6,1.3,observed
2025-09-10,2,19.9,27.4,14.0,0.7,observed
2025-09-11,2,19.4,27.0,14.6,0.0,observed
2025-09-12,2,19.4,27.3,13.0,0.0,observed
2025-09-13,2,19.6,27.5,12.7,0.0,observed
2025-09-14,2,20.3,28.0,13.2,0.1,observed
2025-09-15,2,19.6,27.3,13.5,2.1,observed
2025-09-16,2,19.5,26.4,13.8,0.3,observed
2025-09-17,2,20.0,27.0,12.9,0.1,observed
2025-09-18,2,19.8,25.9,15.6,2.4,observed
2025-09-19,2,20.4,27.3,15.3,3.0,observed
2025-09-20,2,19.4,27.3,13.0,0.0,observed
2025-09-21,2,19.5,25.4,14.8,0.8,observed
2025-09-22,2,19.7,25.9,13.2,0.8,observed
2025-09-23,2,20.0,27.8,15.7,2.5,observed
2025-09-24,2,19.7,28.5,12.1,0.0,observed
2025-09-25,2,20.3,28.2,13.1,0.0,observed
2025-09-26,2,20.5,28.1,14.7,0.2,observed
2025-09-27,2,20.9,28.3,15.1,0.8,observed
2025-09-28,2,20.3,27.2,14.9,0.1,observed
2025-09-29,2,20.5,29.1,14.1,0.6,observed
2025-09-30,2,20.4,29.2,13.9,0.0,observed
2025-10-01,2,20.9,29.3,13.4,0.0,observed
2025-10-02,2,21.0,28.3,12.8,0.0,observed
2025-10-03,2,20.5,27.0,15.8,1.0,observed
2025-10-04,2,18.5,22.8,16.0,0.8,observed
2025-10-05,2,19.2,25.2,15.6,1.2,observed
2025-10-06,2,19.3,25.0,14.9,0.8,observed
2025-10-07,2,19.0,26.0,15.7,2.7,observed
2025-10-08,2,18.9,24.1,15.0,4.2,observed
2025-10-09,2,19.2,25.5,14.8,3.5,observed
2025-10-10,2,19.3,24.9,15.1,3.8,observed
2025-10-11,2,19.8,27.5,13.5,0.0,observed
2025-10-12,2,19.9,26.7,13.5,0.1,observed
2025-10-13,2,19.9,26.5,14.9,0.3,observed
2025-10-14,2,20.1,26.3,15.3,0.2,observed
2025-10-15,2,20.3,27.7,14.6,0.1,observed
2025-10-16,2,20.2,25.9,14.8,0.9,observed
2025-10-17,2,19.3,25.7,15.5,5.2,observed
2025-10-18,2,19.6,25.1,15.6,2.6,observed
2025-10-19,2,19.7,25.8,14.3,0.1,observed
2025-10-20,2,20.7,28.5,13.1,0.0,observed
2025-10-21,2,21.2,28.0,14.7,0.3,observed
2025-10-22,2,19.5,23.6,16.6,1.0,observed
2025-10-23,2,20.4,26.4,16.0,0.7,observed
2025-10-24,2,19.2,24.7,16.0,4.0,observed
2025-10-25,2,20.2,25.8,16.0,0.7,observed
2025-10-26,2,20.4,25.9,14.8,0.8,observed
2025-10-27,2,19.8,26.3,14.9,5.1,observed
2025-10-28,2,19.4,25.5,16.3,13.2,observed
2025-10-29,2,18.2,22.1,16.2,10.4,observed
2025-10-30,2,18.3,23.8,15.7,8.0,observed
2025-10-31,2,18.3,23.7,15.2,11.5,observed
2025-11-01,2,18.1,21.8,16.0,5.1,observed
2025-11-02,2,18.4,23.6,15.8,5.2,observed
2025-11-03,2,18.6,24.2,14.9,3.3,observed
2025-11-04,2,18.8,25.4,15.2,2.4,observed
2025-11-05,2,19.5,25.7,14.4,0.1,observed
2025-11-06,2,19.7,25.7,15.9,1.1,observed
2025-11-07,2,19.7,25.6,16.0,4.5,observed
2025-11-08,2,19.4,26.1,15.6,1.8,observed
2025-11-09,2,17.2,20.5,15.4,4.4,observed
2025-11-10,2,18.4,24.4,13.5,1.2,observed
2025-11-11,2,19.3,24.6,15.5,1.4,observed
2025-11-12,2,19.1,24.9,15.2,2.8,observed
2025-11-13,2,18.8,23.9,15.7,3.5,observed
2025-11-14,2,18.6,25.2,14.7,2.1,observed
2025-11-15,2,19.7,25.4,15.2,1.1,observed
2025-11-16,2,20.0,25.3,16.3,1.9,observed
2025-11-17,2,19.6,25.0,15.3,0.6,observed
2025-11-18,2,19.2,26.0,16.1,2.4,observed
2025-11-19,2,19.2,25.8,14.1,0.4,observed
2025-11-20,2,19.6,26.1,14.1,0.1,observed
2025-11-21,2,20.1,26.4,15.2,1.0,observed
2025-11-22,2,19.5,25.3,13.5,0.2,observed
2025-11-23,2,18.6,23.6,14.7,4.1,observed
2025-11-24,2,19.0,25.5,13.1,0.7,observed
2025-11-25,2,19.5,25.4,15.8,3.9,observed
2025-11-26,2,18.8,23.7,15.4,7.0,observed
2025-11-27,2,19.0,24.0,15.6,3.9,observed
2025-11-28,2,19.7,25.4,15.6,1.7,observed
2025-11-29,2,19.9,26.1,15.7,1.0,observed
2025-11-30,2,20.2,26.1,15.2,0.0,observed
2025-12-01,2,19.8,25.8,14.3,0.0,observed
2025-12-02,2,19.9,26.8,13.6,0.0,observed
2025-12-03,2,20.1,26.4,15.1,0.5,observed
2025-12-04,2,20.1,26.0,16.0,2.1,observed
2025-12-05,2,19.6,25.6,15.4,1.4,observed
2025-12-06,2,19.4,25.3,15.1,1.6,observed
2025-12-07,2,19.2,24.5,14.8,1.2,observed
2025-12-08,2,19.0,24.4,15.4,1.5,observed
2025-12-09,2,19.5,25.3,14.7,0.3,observed
2025-12-10,2,20.1,26.4,14.8,0.0,observed
2025-12-11,2,20.2,26.0,15.8,1.0,observed
2025-12-12,2,20.0,26.3,15.8,2.0,observed
2025-12-13,2,19.6,26.2,14.2,6.4,observed
2025-12-14,2,18.7,24.6,15.8,5.5,observed
2025-12-15,2,19.7,25.4,15.2,2.4,observed
2025-12-16,2,20.2,26.0,16.1,2.3,observed
2025-12-17,2,20.8,27.2,16.4,1.6,observed
2025-12-18,2,20.5,26.8,16.0,1.5,observed
2025-12-19,2,19.2,25.6,16.1,4.2,observed
2025-12-20,2,19.8,25.7,15.8,3.9,observed
2025-12-21,2,18.4,24.0,15.9,4.5,observed
2025-12-22,2,19.0,24.5,15.3,2.9,observed
2025-12-23,2,19.7,25.6,14.7,0.3,observed
2025-12-24,2,19.9,26.1,15.5,1.6,observed
2025-12-25,2,20.6,26.7,14.8,0.9,observed
2025-12-26,2,21.9,28.8,15.9,0.1,observed
2025-12-27,2,21.2,29.5,16.3,10.1,observed
2025-12-28,2,18.1,23.8,15.8,9.5,observed
2025-12-29,2,19.1,25.5,15.3,5.1,observed
2025-12-30,2,18.8,24.3,14.7,3.6,observed
2025-12-31,2,19.0,24.7,14.6,0.5,observed
2026-01-01,2,18.7,24.0,14.8,1.8,observed
2026-01-02,2,19.5,25.7,14.6,0.1,observed
2026-01-03,2,20.4,27.1,14.7,0.0,observed
2026-01-04,2,20.9,26.7,15.3,0.0,observed
2026-01-05,2,20.9,27.0,15.7,0.0,observed
2026-01-06,2,20.5,26.4,14.9,0.0,observed
2026-01-07,2,21.1,27.6,15.2,0.0,observed
2026-01-08,2,21.2,26.3,16.6,0.0,observed
2026-01-09,2,21.0,27.0,16.0,0.3,observed
2026-01-10,2,20.4,26.7,14.8,2.0,observed
2026-01-11,2,21.3,28.0,15.9,0.4,observed
2026-01-12,2,19.9,25.3,15.0,7.5,observed
2026-01-13,2,20.3,26.2,15.5,0.1,observed
2026-01-14,2,20.0,26.6,13.7,0.0,observed
2026-01-15,2,20.8,27.7,14.3,0.0,observed
2026-01-16,2,21.9,29.7,15.0,0.0,observed
2026-01-17,2,21.0,27.7,15.9,0.7,observed
2026-01-18,2,20.9,26.7,15.9,1.1,observed
2026-01-19,2,20.5,26.1,15.2,0.7,observed
2026-01-20,2,21.1,27.8,14.9,0.0,observed
2026-01-21,2,21.6,28.7,15.0,0.0,observed
2026-01-22,2,20.6,26.3,15.5,0.3,observed
2026-01-23,2,21.3,27.6,14.9,0.0,observed
2026-01-24,2,22.0,29.4,15.2,0.0,observed
2026-01-25,2,23.0,31.3,16.0,0.0,observed
2026-01-26,2,22.9,30.1,16.0,0.0,observed
2026-01-27,2,22.2,28.9,15.9,0.0,observed
2026-01-28,2,22.2,28.1,16.6,0.1,observed
2026-01-29,2,22.7,29.9,16.1,0.0,observed
2026-01-30,2,22.4,28.7,16.0,0.0,observed
2026-01-31,2,22.4,28.5,16.4,0.0,observed
2026-02-01,2,22.4,28.6,16.4,0.0,observed
2026-02-02,2,21.9,27.7,15.7,0.0,observed
2026-02-03,2,22.1,28.7,15.8,0.0,observed
2026-02-04,2,22.4,29.9,15.6,0.0,observed
2026-02-05,2,22.3,28.8,17.1,0.1,observed
2026-02-06,2,22.2,27.8,17.5,0.2,observed
2026-02-07,2,22.4,29.5,15.6,0.0,observed
2026-02-08,2,22.1,28.6,16.4,0.4,observed
2026-02-09,2,21.4,27.4,16.5,1.2,observed
2026-02-10,2,22.4,28.7,17.0,0.0,observed
2026-02-11,2,22.2,28.7,15.6,0.0,observed
2026-02-12,2,22.4,29.6,15.5,0.0,observed
2026-02-13,2,22.6,30.0,15.7,0.0,observed
2026-02-14,2,22.0,28.6,16.5,0.1,observed
2026-02-15,2,21.1,28.3,16.3,1.9,observed
2026-02-16,2,20.9,28.0,15.8,0.4,observed
2026-02-17,2,21.2,27.1,16.8,1.2,observed
2026-02-18,2,20.2,25.4,16.1,0.9,observed
2026-02-19,2,21.6,28.2,15.2,0.6,observed
2026-02-20,2,22.7,28.9,16.7,0.4,observed
2026-02-21,2,19.4,23.5,16.3,6.9,observed
2026-02-22,2,18.7,24.5,15.7,10.6,observed
2026-02-23,2,18.2,21.4,16.1,8.9,observed
2026-02-24,2,18.8,23.7,15.2,4.7,observed
2026-02-25,2,18.5,24.2,15.3,17.1,observed
2026-02-26,2,19.1,25.1,15.2,16.3,observed
2026-02-27,2,19.1,25.4,15.9,13.2,observed
2026-02-28,2,18.5,23.5,15.0,8.0,observed
2026-03-01,2,18.5,23.3,15.9,8.9,observed
2026-03-02,2,18.5,23.6,15.6,7.2,observed
2026-03-03,2,19.0,24.0,16.0,6.6,observed
2026-03-04,2,18.7,23.9,15.9,20.5,observed
2026-03-05,2,18.5,23.7,15.7,15.7,observed
2026-03-06,2,18.3,23.5,16.2,21.9,observed
2026-03-07,2,18.3,22.7,14.8,8.4,observed
2026-03-08,2,18.8,24.4,14.5,5.4,observed
2026-03-09,2,19.1,24.0,15.6,3.4,observed
2026-03-10,2,19.0,24.3,16.1,3.6,observed
2026-03-11,2,19.6,25.2,16.0,0.9,observed
2026-03-12,2,19.9,25.2,16.2,0.6,observed
2026-03-13,2,20.2,26.3,15.2,1.8,observed
2026-03-14,2,19.7,24.8,16.2,2.0,observed
2026-03-15,2,19.8,25.2,16.6,1.3,observed
2026-03-16,2,19.6,25.1,15.4,0.5,observed
2026-03-17,2,19.9,26.0,16.4,2.2,observed
2026-03-18,2,19.9,26.4,16.2,5.2,observed
2026-03-19,2,19.9,25.7,16.3,3.5,observed
2026-03-20,2,18.6,23.9,15.7,30.5,observed
2026-03-21,2,18.9,23.6,16.2,31.5,observed
2026-03-22,2,18.7,23.8,15.9,9.3,observed
2026-03-23,2,18.3,23.2,15.9,7.1,observed
2026-03-24,2,18.5,23.7,15.7,11.9,observed
2026-03-25,2,18.6,23.5,15.7,3.1,observed
2026-03-26,2,19.1,24.5,15.7,2.7,observed
2026-03-27,2,18.3,23.1,15.8,7.3,observed
2026-03-28,2,18.7,23.8,15.8,3.8,observed
2026-03-29,2,19.0,24.3,15.0,0.5,observed
2026-03-30,2,19.1,24.5,15.8,1.8,observed
2026-03-31,2,18.8,24.1,15.2,3.2,observed
2026-04-01,2,19.4,24.5,16.1,1.7,observed
2026-04-02,2,19.2,24.5,15.4,2.4,observed
2026-04-03,2,19.6,25.2,15.4,1.1,observed
2026-04-04,2,19.6,25.1,15.2,1.0,observed
2026-04-05,2,18.9,24.0,15.2,4.6,observed
2026-04-06,2,19.5,24.9,15.0,1.3,observed
2026-04-07,2,19.5,24.6,16.0,2.6,observed
2026-04-08,2,19.9,25.2,16.1,2.0,observed
2026-04-09,2,19.8,25.4,16.0,0.5,observed
2026-04-10,2,19.9,25.9,16.0,0.7,observed
2026-04-11,2,20.5,27.0,15.5,0.6,observed
2026-04-12,2,20.2,25.5,16.6,4.2,observed
2026-04-13,2,19.4,25.2,16.4,4.5,observed
2026-04-14,2,18.8,23.3,16.3,9.4,observed
2026-04-15,2,18.9,23.9,16.2,4.2,observed
2026-04-16,2,18.8,24.2,16.1,4.2,observed
2026-04-17,2,18.3,22.8,15.8,8.4,observed
2026-04-18,2,18.6,23.2,15.8,12.1,observed
2026-04-19,2,18.8,23.2,15.9,4.2,observed
2026-04-20,2,19.1,23.7,15.8,2.5,observed
2026-04-21,2,19.2,24.0,16.1,1.2,observed
2026-04-22,2,19.2,24.2,16.4,2.9,observed
2026-04-23,2,18.2,22.3,16.1,9.7,observed
2026-04-24,2,18.8,23.3,15.2,0.7,observed
2026-04-25,2,18.8,23.4,14.1,2.3,observed
2026-04-26,2,18.9,24.0,15.5,9.7,observed
2026-04-27,2,18.8,23.9,15.9,18.6,observed
2026-04-28,2,18.3,23.0,16.3,32.5,observed
2026-04-29,2,17.1,20.6,14.6,7.1,observed
2026-04-30,2,18.1,22.6,15.4,10.4,observed
2026-05-01,2,18.4,23.0,16.0,10.8,observed
2026-05-02,2,18.5,23.2,16.1,5.3,observed
2026-05-03,2,19.0,23.9,14.4,2.3,observed
2026-05-04,2,19.1,23.8,15.0,2.3,observed
2026-05-05,2,19.4,23.8,16.4,1.8,observed
2026-05-06,2,19.6,24.8,16.4,2.5,observed
2026-05-07,2,19.5,24.3,16.1,1.2,observed
2026-05-08,2,19.7,25.0,16.6,1.7,observed
2026-05-09,2,19.0,23.5,16.6,8.4,observed
2026-05-10,2,19.0,23.8,15.3,0.7,observed
2026-05-11,2,19.5,24.8,15.1,1.1,observed
2026-05-12,2,18.8,23.2,16.2,2.4,observed
2026-05-13,2,19.0,23.9,16.4,8.0,observed
2026-05-14,2,19.3,24.1,16.2,0.9,observed
2026-05-15,2,19.1,23.3,16.0,0.7,observed
2026-05-16,2,19.1,24.4,16.0,1.7,observed
2026-05-17,2,18.8,23.4,15.4,1.6,observed
2026-05-18,2,19.2,23.7,15.7,0.7,observed
2026-05-19,2,19.2,24.4,14.3,0.0,observed
2026-05-20,2,19.3,24.5,14.6,0.0,observed
2026-05-21,2,19.4,24.8,16.0,0.7,observed
2026-05-22,2,19.8,25.9,15.0,0.5,observed
2026-05-23,2,19.9,25.7,16.5,0.6,observed
2026-05-24,2,19.8,25.3,15.1,0.2,observed
2026-05-25,2,19.1,24.4,15.7,0.6,observed
2026-05-26,2,19.1,24.6,15.1,0.3,observed
2026-05-27,2,18.9,23.2,15.8,0.4,observed
2026-05-28,2,19.1,24.1,15.6,0.5,observed
2026-05-29,2,18.9,23.5,14.5,0.9,observed
2026-05-30,2,18.4,23.3,16.3,3.5,observed
2026-05-31,2,19.1,23.6,16.1,2.9,observed
2026-06-01,2,18.6,22.1,15.8,6.7,observed
2026-06-02,2,18.4,23.0,15.9,5.0,observed
2026-06-03,2,18.3,22.2,15.4,0.8,observed
2026-06-04,2,19.0,24.0,15.6,2.3,observed
2026-06-05,2,18.9,25.0,13.3,0.1,observed
2026-06-06,2,19.9,26.5,15.5,0.2,observed
2026-06-07,2,19.3,26.0,15.2,0.2,observed
2026-06-08,2,19.3,25.8,14.6,0.5,observed
2026-06-09,2,19.0,25.9,13.6,0.0,observed
2026-06-10,2,19.1,24.9,14.9,0.3,observed
2026-06-11,2,19.1,24.6,15.2,0.1,observed
2026-06-12,2,19.7,25.8,15.6,1.5,observed
2026-06-13,2,18.1,22.7,15.6,2.1,observed
2026-06-14,2,17.5,22.3,13.8,0.3,observed
2026-06-15,2,18.1,24.4,13.0,0.1,observed
2026-06-16,2,17.7,24.1,10.6,0.2,observed
2026-06-17,2,17.4,21.7,12.5,1.4,observed
2026-06-18,2,18.0,23.6,14.0,1.2,observed
2026-06-19,2,18.7,24.2,14.4,0.5,observed
2026-06-20,2,18.5,23.0,14.7,0.9,observed
2026-06-21,2,18.0,22.7,14.6,0.6,observed
2026-06-22,2,17.1,21.3,13.3,0.2,observed
2026-06-23,2,17.3,22.6,12.3,0.0,observed
2026-06-24,2,17.4,22.3,13.0,1.2,observed
2026-06-25,2,18.1,23.9,13.4,2.4,observed
2026-06-26,2,18.9,24.7,13.0,0.6,observed
2026-06-27,2,18.1,24.9,12.1,0.2,observed
2026-06-28,2,18.1,24.4,12.3,0.0,observed
2026-06-29,2,17.5,23.4,12.4,0.1,observed
2026-06-30,2,18.1,22.6,14.7,0.9,observed
2026-07-01,2,17.5,23.0,14.3,0.1,observed
2026-07-02,2,18.4,25.2,11.6,0.1,observed
2026-07-03,2,18.8,25.8,12.6,0.1,observed
2026-07-04,2,18.1,24.1,13.6,0.2,observed
2026-07-05,2,17.2,21.5,14.2,0.0,observed
2026-07-06,2,18.2,24.7,13.0,0.0,observed
2026-07-07,2,17.6,23.3,11.6,0.1,observed
2026-07-08,2,18.5,24.8,13.8,0.2,observed
2026-07-09,2,18.7,24.7,14.2,0.0,observed
2026-07-10,2,18.1,23.6,14.2,0.7,observed
2026-07-11,2,17.7,21.7,15.7,2.8,observed
2026-07-12,2,18.1,23.5,13.3,0.2,observed
2026-07-13,2,18.6,24.9,12.7,0.0,observed
2026-07-14,2,18.0,25.0,12.3,0.0,observed
2026-07-15,2,18.9,25.2,14.3,0.1,observed
2026-07-16,2,19.5,26.4,13.2,0.3,observed
2026-07-17,2,17.8,24.4,12.8,0.0,observed
2026-07-18,2,18.9,25.3,13.0,0.6,observed
2026-07-19,2,19.3,26.3,12.7,0.0,observed
2026-07-20,2,18.0,24.6,12.8,0.1,observed
2026-07-21,2,18.9,25.9,13.1,0.4,observed
2026-07-22,2,18.2,24.2,12.8,0.1,observed
2026-07-23,2,17.9,24.3,13.0,0.2,observed
2026-07-24,2,19.0,24.9,13.7,0.2,observed
2026-07-25,2,18.1,23.4,13.6,0.3,observed
2026-07-26,2,17.1,21.6,12.9,0.4,observed
2026-07-27,2,17.3,22.1,13.9,0.4,observed
2026-07-28,2,17.2,22.2,12.0,0.0,observed
2026-07-29,2,18.2,24.3,13.2,0.0,observed
2026-07-30,2,18.4,24.8,12.6,0.3,observed
2026-07-31,2,18.6,25.3,13.0,0.6,observed
2026-08-01,2,17.6,25.2,12.8,0.1,observed
2026-08-02,2,17.3,22.8,13.2,0.7,observed
2026-08-03,2,16.6,21.5,12.5,0.1,observed
2026-08-04,2,16.4,20.6,12.7,0.8,observed
2026-08-05,2,18.3,25.6,11.6,0.0,observed
2026-08-06,2,17.7,25.1,12.6,0.0,observed
2026-08-07,2,18.4,23.8,13.3,0.0,observed
2026-08-08,2,18.2,24.3,13.1,0.1,observed
2026-08-09,2,18.2,23.6,14.1,0.6,observed
2026-08-10,2,18.2,27.9,12.5,0.4,observed
2026-08-11,2,18.6,26.4,11.5,0.0,observed
2026-08-12,2,19.4,27.0,11.7,0.0,observed
2026-08-13,2,19.4,26.3,12.0,0.0,observed
2026-08-14,2,19.3,26.7,11.6,0.0,observed
2026-08-15,2,18.5,24.0,12.7,0.0,observed
2026-08-16,2,17.9,20.9,15.0,0.4,observed
2026-08-17,2,18.3,23.6,14.6,0.4,observed
2026-08-18,2,18.2,22.2,15.1,2.5,observed
2026-08-19,2,18.2,23.3,15.5,3.9,observed
2026-08-20,2,18.2,25.1,13.1,0.2,observed
2026-08-21,2,18.2,25.0,11.1,0.0,observed
2026-08-22,2,19.8,27.5,12.0,0.0,observed
2026-08-23,2,20.7,27.3,16.1,2.8,observed
2026-08-24,2,20.6,27.1,16.7,0.9,observed
2026-08-25,2,19.7,27.1,13.0,0.0,observed
2026-08-26,2,19.4,27.4,12.1,0.0,observed
2026-08-27,2,18.6,27.9,12.2,0.4,observed
2026-08-28,2,19.0,25.9,12.5,0.0,observed
2026-08-29,2,19.0,25.4,13.3,0.0,observed
2026-08-30,2,18.9,25.7,14.0,0.2,observed
2026-08-31,2,17.4,21.7,13.8,3.7,observed
2026-09-01,2,17.8,23.2,13.2,2.5,observed
2026-09-02,2,19.1,26.5,14.7,0.7,observed
2026-09-03,2,18.2,25.0,12.6,0.0,observed
2026-09-04,2,20.1,29.7,13.7,0.4,observed
2026-09-05,2,20.2,27.8,13.5,0.1,observed
2026-09-06,2,20.2,28.1,13.7,0.0,observed
2026-09-07,2,20.2,27.1,13.3,0.0,observed
2026-09-08,2,17.8,21.9,13.7,0.6,observed
2026-09-09,2,17.5,21.9,13.4,1.1,observed
2026-09-10,2,18.8,24.0,14.3,1.8,observed
2026-09-11,2,19.1,24.3,15.4,0.9,observed
2026-09-12,2,18.6,23.5,15.4,6.2,observed
2026-09-13,2,19.1,24.9,14.9,0.9,observed
2026-09-14,2,19.9,27.0,13.4,0.4,observed
2026-09-15,2,17.7,20.3,15.5,0.9,observed
2026-09-16,2,17.8,21.9,14.5,2.8,observed
2026-09-17,2,18.5,24.5,15.0,0.1,observed
2026-09-18,2,16.9,20.9,13.1,3.7,observed
2026-09-19,2,18.7,25.1,14.4,1.4,observed
2026-09-20,2,17.6,22.6,13.7,4.0,observed
2026-09-21,2,18.0,22.4,15.5,4.8,observed
2026-09-22,2,19.3,24.6,15.5,0.6,observed
2026-09-23,2,19.0,24.9,14.7,0.8,observed
2026-09-24,2,19.9,27.5,13.0,0.0,observed
2026-09-25,2,20.2,28.5,13.4,0.2,observed
2026-09-26,2,20.3,28.6,14.5,0.0,observed
2026-09-27,2,20.6,27.5,15.3,0.6,observed
2026-09-28,2,20.7,27.7,16.8,1.6,observed
2026-09-29,2,20.3,25.8,16.4,1.3,observed
2026-09-30,2,20.1,27.7,14.0,0.0,observed
2026-10-01,2,21.0,29.2,13.9,0.0,observed
2026-10-02,2,21.0,28.1,14.4,0.0,observed
2026-10-03,2,21.6,28.9,14.6,0.0,observed
2026-10-04,2,20.9,26.9,15.8,2.0,observed
2026-10-05,2,21.6,28.1,16.0,0.7,observed
2026-10-06,2,21.2,27.2,16.4,1.2,observed
2026-10-07,2,20.3,26.1,16.7,5.2,observed
2026-10-08,2,20.2,25.3,16.4,4.3,observed
2026-10-09,2,19.7,25.7,16.0,6.4,forecast
2026-10-10,2,18.3,24.0,15.2,32.5,forecast
2026-10-11,2,19.1,25.8,14.6,16.9,forecast
2026-10-12,2,17.1,22.0,13.5,16.3,forecast
2026-10-13,2,17.7,23.8,13.2,22.6,forecast
2026-10-14,2,17.7,22.3,15.6,35.7,forecast
2026-10-15,2,17.6,21.9,15.3,35.2,forecast
2026-10-16,2,18.7,24.5,14.0,0.2,forecast
2026-10-17,2,18.6,24.8,13.3,0.3,forecast
2026-10-18,2,18.7,23.6,15.0,2.2,forecast
2024-01-01,3,20.5,26.9,15.5,0.8,observed
2024-01-02,3,20.3,26.8,15.4,1.6,observed
2024-01-03,3,20.3,26.0,16.4,1.7,observed
2024-01-04,3,20.5,26.9,15.2,0.4,observed
2024-01-05,3,19.0,26.2,15.7,7.6,observed
2024-01-06,3,19.7,25.9,15.8,1.4,observed
2024-01-07,3,19.5,24.7,15.9,9.9,observed
2024-01-08,3,19.7,25.4,15.2,0.3,observed
2024-01-09,3,19.5,25.9,14.5,0.5,observed
2024-01-10,3,19.1,24.7,14.6,2.5,observed
2024-01-11,3,18.7,25.3,14.9,1.4,observed
2024-01-12,3,19.2,25.3,14.7,1.3,observed
2024-01-13,3,18.3,22.3,15.5,3.6,observed
2024-01-14,3,19.3,25.2,15.6,12.0,observed
2024-01-15,3,19.7,26.1,15.0,1.0,observed
2024-01-16,3,19.6,25.8,14.8,1.7,observed
2024-01-17,3,19.9,26.5,15.6,2.7,observed
2024-01-18,3,19.0,24.7,16.0,9.8,observed
2024-01-19,3,20.2,27.2,14.9,4.3,observed
2024-01-20,3,18.9,25.3,15.7,10.1,observed
2024-01-21,3,19.5,25.5,16.2,4.0,observed
2024-01-22,3,19.7,27.0,14.7,0.4,observed
2024-01-23,3,19.5,26.7,13.6,0.0,observed
2024-01-24,3,20.0,27.0,13.8,0.0,observed
2024-01-25,3,20.4,26.8,14.8,0.3,observed
2024-01-26,3,20.4,26.6,15.7,0.6,observed
2024-01-27,3,20.5,26.4,16.1,1.5,observed
2024-01-28,3,20.4,26.2,15.9,0.7,observed
2024-01-29,3,20.4,27.2,15.1,0.1,observed
2024-01-30,3,20.7,27.8,16.2,0.2,observed
2024-01-31,3,20.7,27.7,15.3,0.5,observed
2024-02-01,3,20.4,27.7,15.2,0.3,observed
2024-02-02,3,20.5,28.6,14.5,0.0,observed
2024-02-03,3,21.2,28.1,15.6,0.2,observed
2024-02-04,3,20.8,26.8,15.3,0.4,observed
2024-02-05,3,20.7,27.6,15.2,0.1,observed
2024-02-06,3,21.0,28.2,15.2,0.0,observed
2024-02-07,3,20.8,27.8,15.7,0.2,observed
2024-02-08,3,20.6,27.9,14.5,0.6,observed
2024-02-09,3,21.2,28.8,15.0,0.0,observed
2024-02-10,3,21.4,28.4,16.0,0.4,observed
2024-02-11,3,20.9,28.0,15.3,0.0,observed
2024-02-12,3,21.1,28.6,14.2,0.0,observed
2024-02-13,3,21.7,29.2,15.7,0.0,observed
2024-02-14,3,21.8,28.6,16.3,0.0,observed
2024-02-15,3,22.0,29.4,16.0,0.0,observed
2024-02-16,3,21.7,28.6,15.7,0.0,observed
2024-02-17,3,21.8,28.9,15.9,0.3,observed
2024-02-18,3,22.3,31.1,13.5,0.0,observed
2024-02-19,3,22.9,30.1,15.7,0.0,observed
2024-02-20,3,22.6,29.7,16.8,1.6,observed
2024-02-21,3,21.9,29.2,15.9,1.1,observed
2024-02-22,3,21.0,27.9,14.9,0.0,observed
2024-02-23,3,20.1,26.7,15.7,0.8,observed
2024-02-24,3,18.9,24.3,15.9,15.6,observed
2024-02-25,3,20.6,27.9,14.3,0.1,observed
2024-02-26,3,21.6,30.1,15.6,2.8,observed
2024-02-27,3,20.6,29.8,15.6,2.0,observed
2024-02-28,3,20.6,26.6,15.6,1.2,observed
2024-02-29,3,21.2,29.1,15.5,0.1,observed
2024-03-01,3,21.3,29.4,14.5,0.0,observed
2024-03-02,3,21.4,29.1,15.5,0.0,observed
2024-03-03,3,21.6,28.8,15.0,0.0,observed
2024-03-04,3,22.3,29.7,16.6,0.7,observed
2024-03-05,3,20.7,27.6,15.2,0.9,observed
2024-03-06,3,20.6,27.4,15.4,0.3,observed
2024-03-07,3,20.8,27.7,14.3,0.6,observed
2024-03-08,3,21.8,30.0,14.8,0.0,observed
2024-03-09,3,21.3,28.5,16.1,0.2,observed
2024-03-10,3,21.2,28.6,15.0,0.4,observed
2024-03-11,3,21.0,28.0,14.9,0.0,observed
2024-03-12,3,21.1,29.3,13.8,0.0,observed
2024-03-13,3,21.9,29.3,15.4,0.0,observed
2024-03-14,3,21.3,29.0,15.7,0.0,observed
2024-03-15,3,20.5,27.5,14.4,0.1,observed
2024-03-16,3,21.2,28.9,14.6,0.0,observed
2024-03-17,3,22.5,30.7,15.5,0.0,observed
2024-03-18,3,21.9,29.6,15.5,0.1,observed
2024-03-19,3,22.2,29.9,15.3,0.6,observed
2024-03-20,3,21.8,29.5,15.0,0.0,observed
2024-03-21,3,21.8,29.6,15.2,0.0,observed
2024-03-22,3,21.9,30.1,14.7,0.2,observed
2024-03-23,3,22.5,29.8,16.4,0.4,observed
2024-03-24,3,21.8,30.0,16.9,2.3,observed
2024-03-25,3,21.1,27.7,16.7,5.6,observed
2024-03-26,3,21.1,28.1,17.1,4.0,observed
2024-03-27,3,20.6,26.8,17.9,3.7,observed
2024-03-28,3,20.6,27.5,16.1,1.2,observed
2024-03-29,3,20.7,27.5,15.2,0.7,observed
2024-03-30,3,20.1,26.0,16.9,4.4,observed
2024-03-31,3,19.9,25.8,16.2,9.1,observed
2024-04-01,3,20.5,26.6,16.8,2.7,observed
2024-04-02,3,21.0,27.4,16.7,0.8,observed
2024-04-03,3,20.4,28.1,15.4,5.2,observed
2024-04-04,3,20.1,25.8,16.6,3.0,observed
2024-04-05,3,19.9,25.7,16.7,9.9,observed
2024-04-06,3,19.2,25.1,15.8,14.2,observed
2024-04-07,3,20.4,27.3,16.4,2.6,observed
2024-04-08,3,19.9,26.0,15.3,3.6,observed
2024-04-09,3,20.0,26.8,16.0,3.3,observed
2024-04-10,3,20.2,27.5,14.3,0.7,observed
2024-04-11,3,20.8,27.3,15.4,0.8,observed
2024-04-12,3,20.9,27.3,17.6,3.5,observed
2024-04-13,3,20.0,25.4,16.9,6.7,observed
2024-04-14,3,19.9,26.6,16.5,9.2,observed
2024-04-15,3,19.4,25.8,15.5,2.8,observed
2024-04-16,3,19.9,25.8,15.1,0.2,observed
2024-04-17,3,20.2,25.7,14.8,0.8,observed
2024-04-18,3,19.9,26.4,14.7,3.1,observed
2024-04-19,3,19.8,25.7,14.8,1.8,observed
2024-04-20,3,20.3,26.0,15.7,1.1,observed
2024-04-21,3,18.9,24.2,15.7,1.8,observed
2024-04-22,3,19.6,26.4,14.9,7.9,observed
2024-04-23,3,20.0,25.9,16.0,6.3,observed
2024-04-24,3,19.6,26.3,15.8,14.4,observed
2024-04-25,3,19.8,25.7,16.6,9.8,observed
2024-04-26,3,18.9,22.5,16.8,28.9,observed
2024-04-27,3,18.9,25.9,15.6,13.4,observed
2024-04-28,3,19.5,25.9,15.7,15.7,observed
2024-04-29,3,19.4,25.7,14.9,1.8,observed
2024-04-30,3,20.1,25.9,15.6,1.8,observed
2024-05-01,3,20.4,26.3,16.9,11.9,observed
2024-05-02,3,19.8,25.5,17.2,7.0,observed
2024-05-03,3,19.6,24.0,16.5,4.5,observed
2024-05-04,3,19.3,22.6,16.7,0.6,observed
2024-05-05,3,19.6,25.3,16.0,5.1,observed
2024-05-06,3,19.2,24.4,16.1,0.7,observed
2024-05-07,3,19.2,24.1,16.8,9.2,observed
2024-05-08,3,18.4,24.3,14.4,6.6,observed
2024-05-09,3,18.9,24.4,14.4,2.0,observed
2024-05-10,3,19.1,24.6,15.3,5.4,observed
2024-05-11,3,19.2,24.6,14.3,0.9,observed
2024-05-12,3,19.5,25.2,15.0,2.0,observed
2024-05-13,3,19.7,25.5,14.5,0.1,observed
2024-05-14,3,19.3,26.2,13.2,0.1,observed
2024-05-15,3,19.4,26.3,13.3,0.3,observed
2024-05-16,3,19.2,25.2,12.7,2.5,observed
2024-05-17,3,19.7,26.0,14.5,0.2,observed
2024-05-18,3,20.4,26.7,14.6,0.1,observed
2024-05-19,3,19.7,26.6,14.7,2.3,observed
2024-05-20,3,19.8,25.9,15.2,5.4,observed
2024-05-21,3,19.4,24.9,14.7,1.6,observed
2024-05-22,3,19.2,25.1,14.4,1.7,observed
2024-05-23,3,19.1,25.1,15.4,5.3,observed
2024-05-24,3,18.9,24.7,12.9,1.5,observed
2024-05-25,3,19.2,25.1,15.7,1.8,observed
2024-05-26,3,19.4,25.2,14.2,0.5,observed
2024-05-27,3,19.7,26.0,14.1,0.1,observed
2024-05-28,3,19.2,25.6,14.8,0.0,observed
2024-05-29,3,19.2,25.6,12.9,0.1,observed
2024-05-30,3,18.8,25.8,12.1,0.1,observed
2024-05-31,3,19.5,26.7,12.9,0.2,observed
2024-06-01,3,19.3,26.6,13.1,0.2,observed
2024-06-02,3,19.8,27.1,13.9,0.0,observed
2024-06-03,3,19.7,26.0,14.3,0.0,observed
2024-06-04,3,19.3,26.8,14.2,6.6,observed
2024-06-05,3,19.5,25.9,14.3,0.0,observed
2024-06-06,3,18.4,25.5,13.1,0.1,observed
2024-06-07,3,19.1,25.7,13.1,0.8,observed
2024-06-08,3,19.1,25.7,13.8,1.5,observed
2024-06-09,3,17.9,22.7,15.2,0.1,observed
2024-06-10,3,19.1,25.2,15.5,1.8,observed
2024-06-11,3,18.1,23.7,12.5,0.6,observed
2024-06-12,3,17.8,23.8,11.9,0.2,observed
2024-06-13,3,17.9,24.6,11.7,0.0,observed
2024-06-14,3,17.7,25.0,11.4,0.0,observed
2024-06-15,3,18.2,24.9,12.3,0.7,observed
2024-06-16,3,18.7,26.4,12.6,0.0,observed
2024-06-17,3,18.7,26.3,12.2,0.0,observed
2024-06-18,3,17.7,25.0,11.4,0.0,observed
2024-06-19,3,18.4,24.4,12.9,1.7,observed
2024-06-20,3,17.7,22.4,15.0,6.3,observed
2024-06-21,3,17.6,23.6,14.3,4.3,observed
2024-06-22,3,17.4,24.6,12.6,0.1,observed
2024-06-23,3,16.9,23.8,9.9,0.0,observed
2024-06-24,3,16.2,23.8,10.2,0.0,observed
2024-06-25,3,16.1,24.3,9.7,0.0,observed
2024-06-26,3,16.7,23.2,9.5,0.0,observed
2024-06-27,3,16.5,21.4,11.8,0.7,observed
2024-06-28,3,16.2,22.7,9.9,0.0,observed
2024-06-29,3,17.0,25.1,10.1,0.0,observed
2024-06-30,3,16.9,24.2,11.8,0.0,observed
2024-07-01,3,17.1,24.3,11.1,0.0,observed
2024-07-02,3,17.9,24.8,12.4,0.0,observed
2024-07-03,3,18.6,25.6,11.8,0.0,observed
2024-07-04,3,18.7,25.7,12.6,0.0,observed
2024-07-05,3,18.0,25.3,12.1,0.0,observed
2024-07-06,3,17.8,25.6,13.2,9.9,observed
2024-07-07,3,17.6,22.4,13.8,17.6,observed
2024-07-08,3,18.0,25.9,12.6,6.4,observed
2024-07-09,3,17.4,23.6,13.8,10.4,observed
2024-07-10,3,17.1,21.5,13.3,0.6,observed
2024-07-11,3,16.2,23.3,10.5,0.0,observed
2024-07-12,3,16.8,22.7,10.4,0.1,observed
2024-07-13,3,17.1,22.8,13.0,0.4,observed
2024-07-14,3,17.7,25.4,12.1,0.0,observed
2024-07-15,3,17.7,23.4,11.2,0.0,observed
2024-07-16,3,18.0,21.9,14.9,1.2,observed
2024-07-17,3,18.3,24.6,15.3,1.0,observed
2024-07-18,3,17.2,21.2,15.0,0.3,observed
2024-07-19,3,16.9,22.2,12.4,0.1,observed
2024-07-20,3,17.2,22.1,11.5,0.0,observed
2024-07-21,3,18.0,24.9,12.4,0.9,observed
2024-07-22,3,18.5,25.1,13.5,0.0,observed
2024-07-23,3,16.7,24.0,10.5,0.0,observed
2024-07-24,3,16.3,25.0,10.8,0.0,observed
2024-07-25,3,17.9,25.6,10.7,0.6,observed
2024-07-26,3,18.2,25.3,13.9,1.6,observed
2024-07-27,3,17.8,25.3,13.8,0.2,observed
2024-07-28,3,17.9,24.9,12.9,0.2,observed
2024-07-29,3,18.3,24.2,13.8,0.0,observed
2024-07-30,3,18.4,23.5,13.9,0.0,observed
2024-07-31,3,17.2,23.4,13.5,0.3,observed
2024-08-01,3,16.3,23.0,10.4,0.0,observed
2024-08-02,3,16.6,23.6,11.4,0.0,observed
2024-08-03,3,17.2,25.5,11.1,0.0,observed
2024-08-04,3,18.0,24.8,14.3,0.5,observed
2024-08-05,3,17.9,26.8,10.3,0.0,observed
2024-08-06,3,18.2,26.6,10.8,0.5,observed
2024-08-07,3,17.4,26.2,11.8,0.1,observed
2024-08-08,3,17.5,21.2,13.4,1.6,observed
2024-08-09,3,17.8,22.6,15.3,1.3,observed
2024-08-10,3,17.0,23.2,12.4,0.4,observed
2024-08-11,3,16.8,22.8,12.7,0.4,observed
2024-08-12,3,17.5,23.8,13.3,0.1,observed
2024-08-13,3,17.4,23.5,12.2,0.1,observed
2024-08-14,3,17.5,25.5,10.9,0.0,observed
2024-08-15,3,18.5,25.8,13.0,0.7,observed
2024-08-16,3,18.7,25.5,14.8,1.1,observed
2024-08-17,3,17.7,25.5,11.0,0.0,observed
2024-08-18,3,17.0,22.1,12.5,0.2,observed
2024-08-19,3,17.0,25.4,10.4,0.0,observed
2024-08-20,3,17.7,25.1,10.4,0.0,observed
2024-08-21,3,17.5,23.5,11.8,0.1,observed
2024-08-22,3,17.9,23.9,14.3,0.2,observed
2024-08-23,3,17.9,22.9,13.6,0.0,observed
2024-08-24,3,17.8,23.2,14.5,0.3,observed
2024-08-25,3,16.5,20.6,13.8,2.1,observed
2024-08-26,3,17.2,23.1,11.1,0.0,observed
2024-08-27,3,18.6,25.0,14.8,1.6,observed
2024-08-28,3,19.0,24.8,15.5,2.5,observed
2024-08-29,3,18.9,25.2,14.5,1.7,observed
2024-08-30,3,18.5,25.1,13.3,0.3,observed
2024-08-31,3,18.0,25.7,11.4,0.0,observed
2024-09-01,3,18.6,24.6,14.5,0.3,observed
2024-09-02,3,17.5,24.1,11.8,0.0,observed
2024-09-03,3,18.2,23.1,14.4,0.9,observed
2024-09-04,3,18.1,23.1,14.9,2.7,observed
2024-09-05,3,17.9,24.2,13.6,0.1,observed
2024-09-06,3,17.7,22.9,14.2,5.0,observed
2024-09-07,3,18.2,25.2,12.6,0.0,observed
2024-09-08,3,18.4,26.9,12.6,0.0,observed
2024-09-09,3,18.8,26.8,11.3,0.0,observed
2024-09-10,3,19.6,27.2,12.7,0.1,observed
2024-09-11,3,19.2,27.6,12.2,0.0,observed
2024-09-12,3,18.8,27.4,11.7,0.0,observed
2024-09-13,3,18.9,26.9,11.0,0.2,observed
2024-09-14,3,18.8,27.1,11.5,0.0,observed
2024-09-15,3,19.2,27.5,11.4,0.0,observed
2024-09-16,3,18.5,27.1,11.1,0.2,observed
2024-09-17,3,19.2,26.1,12.2,0.0,observed
2024-09-18,3,19.5,27.0,11.9,0.0,observed
2024-09-19,3,19.9,28.3,13.0,0.0,observed
2024-09-20,3,20.2,26.9,13.8,0.3,observed
2024-09-21,3,19.5,26.8,13.3,0.1,observed
2024-09-22,3,20.0,26.8,15.2,0.1,observed
2024-09-23,3,19.0,25.6,12.8,0.1,observed
2024-09-24,3,19.3,26.1,12.7,0.0,observed
2024-09-25,3,18.7,26.0,11.7,0.0,observed
2024-09-26,3,19.6,27.4,11.6,0.2,observed
2024-09-27,3,20.1,28.2,14.1,0.4,observed
2024-09-28,3,19.7,28.2,13.8,0.6,observed
2024-09-29,3,19.4,25.5,13.9,2.8,observed
2024-09-30,3,19.1,26.4,13.6,8.0,observed
2024-10-01,3,20.6,27.2,14.4,0.1,observed
2024-10-02,3,20.0,27.2,15.2,1.1,observed
2024-10-03,3,19.2,25.7,14.7,1.0,observed
2024-10-04,3,19.0,28.0,11.3,0.0,observed
2024-10-05,3,19.2,25.5,13.0,1.6,observed
2024-10-06,3,19.6,25.6,15.8,1.3,observed
2024-10-07,3,19.7,25.9,15.7,1.1,observed
2024-10-08,3,20.5,26.7,16.0,0.5,observed
2024-10-09,3,20.0,26.5,14.3,0.1,observed
2024-10-10,3,19.5,26.1,12.4,0.0,observed
2024-10-11,3,20.2,28.3,14.6,0.5,observed
2024-10-12,3,20.0,28.3,12.3,1.0,observed
2024-10-13,3,19.3,26.4,15.0,8.1,observed
2024-10-14,3,19.8,27.8,12.3,0.1,observed
2024-10-15,3,20.4,27.5,13.7,0.3,observed
2024-10-16,3,20.7,28.5,14.8,0.5,observed
2024-10-17,3,21.9,29.4,15.8,0.0,observed
2024-10-18,3,19.7,27.0,14.3,4.8,observed
2024-10-19,3,18.9,25.3,15.4,5.3,observed
2024-10-20,3,19.3,25.5,15.6,6.0,observed
2024-10-21,3,19.6,26.3,13.2,0.2,observed
2024-10-22,3,20.1,26.9,13.5,0.3,observed
2024-10-23,3,20.0,26.4,14.1,0.3,observed
2024-10-24,3,20.2,26.6,14.1,0.3,observed
2024-10-25,3,20.5,27.8,13.6,0.2,observed
2024-10-26,3,21.0,28.9,14.2,0.0,observed
2024-10-27,3,21.2,28.2,15.1,0.7,observed
2024-10-28,3,21.6,28.7,15.9,0.0,observed
2024-10-29,3,21.4,29.0,14.6,0.0,observed
2024-10-30,3,21.8,29.9,14.2,0.0,observed
2024-10-31,3,21.8,30.0,14.1,0.0,observed
2024-11-01,3,20.8,27.3,15.8,1.8,observed
2024-11-02,3,21.1,28.6,15.7,0.0,observed
2024-11-03,3,21.5,29.4,16.4,0.2,observed
2024-11-04,3,21.6,28.6,16.0,0.0,observed
2024-11-05,3,20.1,26.9,15.8,3.6,observed
2024-11-06,3,19.7,26.0,16.2,2.0,observed
2024-11-07,3,18.5,24.8,16.0,5.1,observed
2024-11-08,3,18.4,24.7,14.9,5.1,observed
2024-11-09,3,19.2,26.7,13.5,1.3,observed
2024-11-10,3,19.1,25.5,15.9,1.8,observed
2024-11-11,3,16.9,20.5,14.0,9.8,observed
2024-11-12,3,18.7,26.1,12.5,0.2,observed
2024-11-13,3,19.0,25.3,15.5,2.8,observed
2024-11-14,3,19.8,26.5,16.5,7.9,observed
2024-11-15,3,17.6,21.5,15.6,7.2,observed
2024-11-16,3,17.0,20.2,15.3,12.0,observed
2024-11-17,3,18.5,24.8,13.6,1.3,observed
2024-11-18,3,19.4,25.3,15.0,0.6,observed
2024-11-19,3,19.7,25.4,15.8,1.7,observed
2024-11-20,3,19.7,25.5,16.1,2.2,observed
2024-11-21,3,18.5,23.2,15.7,6.7,observed
2024-11-22,3,19.1,24.8,15.4,2.5,observed
2024-11-23,3,19.3,24.6,16.0,1.6,observed
2024-11-24,3,19.0,24.1,16.3,19.9,observed
2024-11-25,3,18.1,23.9,15.3,21.2,observed
2024-11-26,3,18.7,23.8,14.3,2.0,observed
2024-11-27,3,18.5,23.9,15.4,3.2,observed
2024-11-28,3,19.2,24.4,15.7,4.4,observed
2024-11-29,3,19.3,24.8,15.1,0.4,observed
2024-11-30,3,19.0,24.5,13.8,0.5,observed
2024-12-01,3,18.6,23.4,15.2,12.2,observed
2024-12-02,3,19.4,24.5,15.8,1.2,observed
2024-12-03,3,19.2,23.8,15.8,4.2,observed
2024-12-04,3,20.0,25.8,15.2,0.4,observed
2024-12-05,3,20.5,27.0,15.6,0.2,observed
2024-12-06,3,20.7,27.2,15.9,0.3,observed
2024-12-07,3,20.9,28.3,15.2,0.6,observed
2024-12-08,3,20.7,27.4,14.7,0.2,observed
2024-12-09,3,20.2,26.8,15.3,0.5,observed
2024-12-10,3,20.3,26.3,16.3,2.1,observed
2024-12-11,3,20.1,25.7,15.4,2.2,observed
2024-12-12,3,20.5,26.9,15.9,1.7,observed
2024-12-13,3,21.2,28.6,15.5,0.3,observed
2024-12-14,3,21.6,27.5,16.6,0.0,observed
2024-12-15,3,21.6,28.1,16.4,1.2,observed
2024-12-16,3,20.4,25.9,16.1,1.9,observed
2024-12-17,3,19.9,25.8,15.1,1.3,observed
2024-12-18,3,20.6,27.2,15.0,1.1,observed
2024-12-19,3,19.1,23.7,15.7,5.1,observed
2024-12-20,3,19.1,25.6,15.9,5.6,observed
2024-12-21,3,18.4,24.3,16.2,7.8,observed
2024-12-22,3,18.7,23.6,14.8,3.1,observed
2024-12-23,3,18.8,23.4,15.9,3.3,observed
2024-12-24,3,18.7,24.2,15.7,6.9,observed
2024-12-25,3,18.6,23.0,15.8,4.8,observed
2024-12-26,3,18.8,24.0,15.0,1.9,observed
2024-12-27,3,19.0,24.8,14.5,0.3,observed
2024-12-28,3,19.3,25.9,14.5,0.4,observed
2024-12-29,3,19.9,26.8,14.1,0.0,observed
2024-12-30,3,20.3,27.1,14.9,0.0,observed
2024-12-31,3,20.1,26.1,15.4,0.6,observed
2025-01-01,3,20.1,26.1,14.8,0.7,observed
2025-01-02,3,20.0,25.3,15.1,0.7,observed
2025-01-03,3,19.9,25.6,14.7,0.0,observed
2025-01-04,3,20.0,25.8,15.5,1.3,observed
2025-01-05,3,19.6,24.9,15.2,0.9,observed
2025-01-06,3,19.5,26.3,13.4,0.0,observed
2025-01-07,3,20.3,28.0,13.9,0.0,observed
2025-01-08,3,21.1,28.2,14.6,0.0,observed
2025-01-09,3,21.0,27.7,15.9,0.5,observed
2025-01-10,3,20.4,26.1,15.6,1.3,observed
2025-01-11,3,21.0,27.6,15.5,0.1,observed
2025-01-12,3,21.8,27.6,16.1,0.2,observed
2025-01-13,3,22.0,27.7,16.7,0.0,observed
2025-01-14,3,21.0,27.0,16.2,0.0,observed
2025-01-15,3,19.1,25.3,14.1,0.2,observed
2025-01-16,3,19.6,26.0,14.2,0.0,observed
2025-01-17,3,20.2,26.7,14.6,0.0,observed
2025-01-18,3,21.3,28.0,15.0,0.0,observed
2025-01-19,3,21.7,27.6,16.3,0.0,observed
2025-01-20,3,22.1,28.9,16.1,0.0,observed
2025-01-21,3,22.0,28.6,15.8,0.0,observed
2025-01-22,3,22.3,28.8,16.3,0.0,observed
2025-01-23,3,21.8,27.9,15.8,0.0,observed
2025-01-24,3,21.7,28.8,15.8,0.1,observed
2025-01-25,3,21.8,28.5,16.0,0.4,observed
2025-01-26,3,19.8,25.8,16.5,8.0,observed
2025-01-27,3,19.2,23.8,15.7,0.3,observed
2025-01-28,3,18.5,24.2,15.1,5.4,observed
2025-01-29,3,19.3,24.9,14.4,4.7,observed
2025-01-30,3,17.8,22.5,15.1,25.5,observed
2025-01-31,3,19.3,25.0,14.6,0.4,observed
2025-02-01,3,19.4,24.8,15.4,1.2,observed
2025-02-02,3,20.2,26.0,15.3,0.3,observed
2025-02-03,3,20.7,26.9,15.3,0.0,observed
2025-02-04,3,20.2,26.7,15.2,0.0,observed
2025-02-05,3,20.4,27.4,14.5,0.5,observed
2025-02-06,3,21.1,27.2,15.5,0.2,observed
2025-02-07,3,21.1,26.9,16.4,0.3,observed
2025-02-08,3,21.8,29.9,15.1,0.0,observed
2025-02-09,3,22.3,29.3,15.5,0.0,observed
2025-02-10,3,22.2,29.1,16.1,0.0,observed
2025-02-11,3,21.7,27.7,16.2,0.0,observed
2025-02-12,3,20.6,26.4,15.7,1.1,observed
2025-02-13,3,20.5,26.1,17.0,3.2,observed
2025-02-14,3,21.6,28.7,15.2,0.0,observed
2025-02-15,3,22.8,29.8,16.3,0.0,observed
2025-02-16,3,22.6,29.3,16.7,0.8,observed
2025-02-17,3,22.1,28.1,16.3,0.1,observed
2025-02-18,3,22.0,29.5,15.2,0.0,observed
2025-02-19,3,22.6,30.1,15.2,0.0,observed
2025-02-20,3,23.3,31.1,16.2,0.0,observed
2025-02-21,3,23.0,30.0,15.9,0.0,observed
2025-02-22,3,22.0,28.3,15.2,0.0,observed
2025-02-23,3,22.0,29.0,15.4,0.0,observed
2025-02-24,3,22.0,28.6,15.1,0.0,observed
2025-02-25,3,22.0,28.9,15.3,0.0,observed
2025-02-26,3,22.4,29.3,15.9,0.0,observed
2025-02-27,3,23.1,30.1,16.1,0.0,observed
2025-02-28,3,23.5,31.1,16.0,0.0,observed
2025-03-01,3,23.5,29.7,16.9,0.0,observed
2025-03-02,3,22.9,29.9,16.0,0.0,observed
2025-03-03,3,22.9,29.3,15.9,0.0,observed
2025-03-04,3,22.7,29.5,16.3,0.0,observed
2025-03-05,3,23.1,30.1,16.9,0.0,observed
2025-03-06,3,23.1,30.5,16.2,0.0,observed
2025-03-07,3,23.7,31.3,16.8,0.7,observed
2025-03-08,3,23.0,29.5,17.9,0.9,observed
2025-03-09,3,22.1,28.5,17.7,2.3,observed
2025-03-10,3,20.1,25.2,16.8,13.8,observed
2025-03-11,3,20.6,26.6,16.4,1.6,observed
2025-03-12,3,20.3,26.1,16.3,1.0,observed
2025-03-13,3,20.2,26.1,15.7,2.2,observed
2025-03-14,3,22.6,30.5,15.9,0.0,observed
2025-03-15,3,22.9,29.9,16.7,0.0,observed
2025-03-16,3,22.3,28.9,16.2,0.0,observed
2025-03-17,3,21.5,28.0,16.3,0.9,observed
2025-03-18,3,20.4,26.3,16.5,3.8,observed
2025-03-19,3,19.6,24.4,16.0,11.2,observed
2025-03-20,3,19.2,23.7,16.0,7.5,observed
2025-03-21,3,20.3,27.0,15.9,2.1,observed
2025-03-22,3,20.5,26.2,16.2,2.1,observed
2025-03-23,3,20.5,26.6,16.0,3.7,observed
2025-03-24,3,21.1,27.8,17.0,1.0,observed
2025-03-25,3,20.1,26.4,15.3,2.1,observed
2025-03-26,3,19.8,25.7,15.9,1.8,observed
2025-03-27,3,19.6,25.7,15.7,4.4,observed
2025-03-28,3,18.5,23.6,15.9,7.6,observed
2025-03-29,3,19.3,24.2,16.1,3.5,observed
2025-03-30,3,19.3,24.0,15.8,2.8,observed
2025-03-31,3,18.8,23.1,16.2,9.6,observed
2025-04-01,3,19.6,25.1,16.1,3.9,observed
2025-04-02,3,20.2,25.8,15.8,0.1,observed
2025-04-03,3,19.8,25.4,16.3,5.0,observed
2025-04-04,3,19.5,25.6,16.7,2.4,observed
2025-04-05,3,19.6,25.7,16.6,3.9,observed
2025-04-06,3,17.6,21.6,16.3,9.8,observed
2025-04-07,3,18.8,23.4,15.9,2.0,observed
2025-04-08,3,19.5,24.7,15.8,2.2,observed
2025-04-09,3,20.1,26.0,15.8,0.2,observed
2025-04-10,3,19.4,24.1,16.7,1.1,observed
2025-04-11,3,19.3,25.1,15.1,1.3,observed
2025-04-12,3,19.5,25.1,16.6,2.7,observed
2025-04-13,3,19.2,24.4,16.0,5.3,observed
2025-04-14,3,19.6,25.3,16.3,3.7,observed
2025-04-15,3,19.7,25.3,16.4,3.3,observed
2025-04-16,3,19.7,25.5,15.6,2.8,observed
2025-04-17,3,20.1,25.7,15.8,1.3,observed
2025-04-18,3,20.3,26.2,16.7,3.8,observed
2025-04-19,3,19.4,26.2,16.6,14.0,observed
2025-04-20,3,18.8,24.7,15.7,10.0,observed
2025-04-21,3,18.3,23.2,15.2,11.8,observed
2025-04-22,3,18.9,23.9,16.4,5.7,observed
2025-04-23,3,17.7,22.2,16.1,9.1,observed
2025-04-24,3,18.2,22.3,15.2,2.3,observed
2025-04-25,3,18.3,23.3,15.4,3.4,observed
2025-04-26,3,18.8,24.7,14.6,0.0,observed
2025-04-27,3,19.1,24.9,15.4,1.0,observed
2025-04-28,3,19.8,24.8,15.4,0.3,observed
2025-04-29,3,19.9,25.6,16.0,2.5,observed
2025-04-30,3,19.5,25.0,16.2,2.2,observed
2025-05-01,3,19.6,25.3,15.7,0.7,observed
2025-05-02,3,20.2,26.2,15.9,0.9,observed
2025-05-03,3,20.5,26.4,16.2,3.0,observed
2025-05-04,3,20.0,26.7,15.9,10.5,observed
2025-05-05,3,18.8,23.6,15.4,12.5,observed
2025-05-06,3,18.2,23.6,14.5,17.8,observed
2025-05-07,3,18.6,23.5,15.0,10.2,observed
2025-05-08,3,18.9,24.0,14.8,2.1,observed
2025-05-09,3,19.1,23.6,15.6,2.1,observed
2025-05-10,3,19.1,24.4,15.9,1.5,observed
2025-05-11,3,18.9,24.3,15.5,3.6,observed
2025-05-12,3,19.2,25.3,15.9,15.9,observed
2025-05-13,3,18.3,23.2,15.1,26.8,observed
2025-05-14,3,18.4,23.6,14.6,2.2,observed
2025-05-15,3,18.7,23.3,14.7,1.4,observed
2025-05-16,3,18.8,23.5,15.3,1.1,observed
2025-05-17,3,18.9,23.8,15.1,0.7,observed
2025-05-18,3,18.6,23.5,15.8,2.9,observed
2025-05-19,3,18.7,22.8,15.1,2.6,observed
2025-05-20,3,19.5,24.6,16.1,1.8,observed
2025-05-21,3,19.6,24.5,16.4,0.9,observed
2025-05-22,3,19.6,25.1,16.8,1.8,observed
2025-05-23,3,19.5,24.7,15.7,2.4,observed
2025-05-24,3,19.8,26.4,14.0,0.0,observed
2025-05-25,3,18.5,23.3,14.4,0.8,observed
2025-05-26,3,19.0,25.0,14.0,2.2,observed
2025-05-27,3,18.0,22.9,14.6,10.3,observed
2025-05-28,3,19.0,24.4,14.9,0.5,observed
2025-05-29,3,19.2,24.3,15.3,1.3,observed
2025-05-30,3,19.1,25.6,13.9,0.0,observed
2025-05-31,3,18.9,26.3,13.3,0.0,observed
2025-06-01,3,18.4,23.9,13.6,2.2,observed
2025-06-02,3,19.2,23.9,15.4,2.2,observed
2025-06-03,3,19.5,25.6,15.0,0.0,observed
2025-06-04,3,19.0,25.6,14.4,0.5,observed
2025-06-05,3,19.0,25.3,15.8,3.4,observed
2025-06-06,3,18.0,22.9,15.2,6.8,observed
2025-06-07,3,18.5,23.0,15.3,4.4,observed
2025-06-08,3,18.5,23.5,14.4,1.5,observed
2025-06-09,3,17.9,23.6,14.1,8.4,observed
2025-06-10,3,18.2,24.2,13.1,0.8,observed
2025-06-11,3,18.1,23.5,13.9,0.9,observed
2025-06-12,3,18.5,23.2,15.4,2.4,observed
2025-06-13,3,18.8,25.4,14.0,0.2,observed
2025-06-14,3,18.1,24.9,11.8,0.0,observed
2025-06-15,3,18.7,24.5,13.9,0.0,observed
2025-06-16,3,18.4,23.8,12.7,0.0,observed
2025-06-17,3,19.0,24.6,13.9,0.5,observed
2025-06-18,3,18.9,24.7,13.4,0.3,observed
2025-06-19,3,19.2,24.8,14.6,0.0,observed
2025-06-20,3,18.5,23.5,14.8,3.0,observed
2025-06-21,3,18.9,25.3,12.8,0.1,observed
2025-06-22,3,18.8,24.6,14.5,1.2,observed
2025-06-23,3,18.8,24.9,15.1,1.1,observed
2025-06-24,3,18.5,25.6,12.1,0.0,observed
2025-06-25,3,18.4,24.2,13.1,0.7,observed
2025-06-26,3,18.7,23.8,15.6,4.1,observed
2025-06-27,3,19.6,25.6,15.6,0.2,observed
2025-06-28,3,18.6,24.9,14.5,0.7,observed
2025-06-29,3,18.0,21.6,14.9,0.0,observed
2025-06-30,3,17.4,21.6,13.6,0.0,observed
2025-07-01,3,17.8,23.1,13.5,0.6,observed
2025-07-02,3,18.6,23.7,13.4,0.0,observed
2025-07-03,3,18.2,22.9,14.7,0.5,observed
2025-07-04,3,18.8,24.0,15.1,0.5,observed
2025-07-05,3,18.2,22.2,14.9,1.0,observed
2025-07-06,3,18.6,23.5,15.0,0.9,observed
2025-07-07,3,18.1,22.2,15.1,0.7,observed
2025-07-08,3,17.8,22.4,14.4,0.6,observed
2025-07-09,3,17.3,20.0,14.4,0.1,observed
2025-07-10,3,18.4,22.9,14.9,0.0,observed
2025-07-11,3,18.1,22.3,15.0,1.4,observed
2025-07-12,3,18.4,23.3,14.2,1.4,observed
2025-07-13,3,18.3,22.4,15.3,2.0,observed
2025-07-14,3,18.6,23.8,13.3,0.2,observed
2025-07-15,3,18.6,23.7,13.4,0.2,observed
2025-07-16,3,18.6,23.3,14.0,0.7,observed
2025-07-17,3,18.8,24.1,13.6,1.3,observed
2025-07-18,3,18.5,23.6,13.6,0.9,observed
2025-07-19,3,19.4,26.6,13.2,0.4,observed
2025-07-20,3,17.7,25.0,12.3,0.0,observed
2025-07-21,3,17.8,24.8,11.6,0.0,observed
2025-07-22,3,17.6,24.5,11.8,0.1,observed
2025-07-23,3,16.5,20.2,13.1,0.5,observed
2025-07-24,3,18.0,26.5,11.5,0.0,observed
2025-07-25,3,18.9,26.8,11.8,0.0,observed
2025-07-26,3,18.9,26.8,12.2,0.0,observed
2025-07-27,3,18.5,25.7,11.7,0.0,observed
2025-07-28,3,18.5,26.2,12.0,0.0,observed
2025-07-29,3,18.0,23.7,14.1,0.2,observed
2025-07-30,3,18.4,27.5,13.0,0.1,observed
2025-07-31,3,19.0,27.0,13.8,0.4,observed
2025-08-01,3,18.1,22.9,14.8,0.9,observed
2025-08-02,3,18.0,23.9,13.6,0.6,observed
2025-08-03,3,18.0,23.0,13.4,0.5,observed
2025-08-04,3,18.2,24.9,12.7,0.0,observed
2025-08-05,3,17.2,24.3,11.5,0.0,observed
2025-08-06,3,18.4,25.8,11.5,0.0,observed
2025-08-07,3,19.3,26.8,14.6,0.8,observed
2025-08-08,3,16.8,22.5,14.4,10.1,observed
2025-08-09,3,15.8,18.8,14.4,9.0,observed
2025-08-10,3,16.8,22.2,12.9,1.0,observed
2025-08-11,3,17.3,22.1,13.3,0.1,observed
2025-08-12,3,16.6,19.9,14.2,1.5,observed
2025-08-13,3,17.7,23.4,12.0,0.1,observed
2025-08-14,3,18.1,24.7,11.4,0.1,observed
2025-08-15,3,18.4,23.8,13.8,0.0,observed
2025-08-16,3,18.0,24.3,13.3,4.6,observed
2025-08-17,3,17.4,21.9,13.2,6.6,observed
2025-08-18,3,16.8,19.9,15.5,16.0,observed
2025-08-19,3,16.6,20.7,13.5,2.8,observed
2025-08-20,3,16.8,22.7,12.5,0.4,observed
2025-08-21,3,16.8,21.7,13.8,1.3,observed
2025-08-22,3,16.9,21.6,13.2,0.0,observed
2025-08-23,3,16.1,19.5,12.7,0.0,observed
2025-08-24,3,17.4,22.8,12.2,1.4,observed
2025-08-25,3,18.3,23.5,14.4,0.9,observed
2025-08-26,3,18.5,25.2,13.7,0.2,observed
2025-08-27,3,18.9,25.1,13.1,0.4,observed
2025-08-28,3,18.7,25.6,13.6,0.0,observed
2025-08-29,3,18.2,26.7,11.7,0.0,observed
2025-08-30,3,18.5,25.8,13.7,0.5,observed
2025-08-31,3,18.2,24.9,11.9,0.0,observed
2025-09-01,3,19.1,26.1,13.5,0.0,observed
2025-09-02,3,18.8,26.9,11.8,0.0,observed
2025-09-03,3,18.5,24.3,12.3,0.0,observed
2025-09-04,3,19.2,26.8,12.2,0.0,observed
2025-09-05,3,19.3,26.4,13.0,0.0,observed
2025-09-06,3,19.9,27.7,12.4,0.0,observed
2025-09-07,3,19.3,26.8,12.2,0.0,observed
2025-09-08,3,19.9,26.9,13.3,0.1,observed
2025-09-09,3,19.9,25.9,15.6,1.3,observed
2025-09-10,3,19.9,27.4,14.0,0.7,observed
2025-09-11,3,19.4,27.0,14.6,0.0,observed
2025-09-12,3,19.4,27.3,13.0,0.0,observed
2025-09-13,3,19.6,27.5,12.7,0.0,observed
2025-09-14,3,20.3,28.0,13.2,0.1,observed
2025-09-15,3,19.6,27.3,13.5,2.1,observed
2025-09-16,3,19.5,26.4,13.8,0.3,observed
2025-09-17,3,20.0,27.0,12.9,0.1,observed
2025-09-18,3,19.8,25.9,15.6,2.4,observed
2025-09-19,3,20.4,27.3,15.3,3.0,observed
2025-09-20,3,19.4,27.3,13.0,0.0,observed
2025-09-21,3,19.5,25.4,14.8,0.8,observed
2025-09-22,3,19.7,25.9,13.2,0.8,observed
2025-09-23,3,20.0,27.8,15.7,2.5,observed
2025-09-24,3,19.7,28.5,12.1,0.0,observed
2025-09-25,3,20.3,28.2,13.1,0.0,observed
2025-09-26,3,20.5,28.1,14.7,0.2,observed
2025-09-27,3,20.9,28.3,15.1,0.8,observed
2025-09-28,3,20.3,27.2,14.9,0.1,observed
2025-09-29,3,20.5,29.1,14.1,0.6,observed
2025-09-30,3,20.4,29.2,13.9,0.0,observed
2025-10-01,3,20.9,29.3,13.4,0.0,observed
2025-10-02,3,21.0,28.3,12.8,0.0,observed
2025-10-03,3,20.5,27.0,15.8,1.0,observed
2025-10-04,3,18.5,22.8,16.0,0.8,observed
2025-10-05,3,19.2,25.2,15.6,1.2,observed
2025-10-06,3,19.3,25.0,14.9,0.8,observed
2025-10-07,3,19.0,26.0,15.7,2.7,observed
2025-10-08,3,18.9,24.1,15.0,4.2,observed
2025-10-09,3,19.2,25.5,14.8,3.5,observed
2025-10-10,3,19.3,24.9,15.1,3.8,observed
2025-10-11,3,19.8,27.5,13.5,0.0,observed
2025-10-12,3,19.9,26.7,13.5,0.1,observed
2025-10-13,3,19.9,26.5,14.9,0.3,observed
2025-10-14,3,20.1,26.3,15.3,0.2,observed
2025-10-15,3,20.3,27.7,14.6,0.1,observed
2025-10-16,3,20.2,25.9,14.8,0.9,observed
2025-10-17,3,19.3,25.7,15.5,5.2,observed
2025-10-18,3,19.6,25.1,15.6,2.6,observed
2025-10-19,3,19.7,25.8,14.3,0.1,observed
2025-10-20,3,20.7,28.5,13.1,0.0,observed
2025-10-21,3,21.2,28.0,14.7,0.3,observed
2025-10-22,3,19.5,23.6,16.6,1.0,observed
2025-10-23,3,20.4,26.4,16.0,0.7,observed
2025-10-24,3,19.2,24.7,16.0,4.0,observed
2025-10-25,3,20.2,25.8,16.0,0.7,observed
2025-10-26,3,20.4,25.9,14.8,0.8,observed
2025-10-27,3,19.8,26.3,14.9,5.1,observed
2025-10-28,3,19.4,25.5,16.3,13.2,observed
2025-10-29,3,18.2,22.1,16.2,10.4,observed
2025-10-30,3,18.3,23.8,15.7,8.0,observed
2025-10-31,3,18.3,23.7,15.2,11.5,observed
2025-11-01,3,18.1,21.8,16.0,5.1,observed
2025-11-02,3,18.4,23.6,15.8,5.2,observed
2025-11-03,3,18.6,24.2,14.9,3.3,observed
2025-11-04,3,18.8,25.4,15.2,2.4,observed
2025-11-05,3,19.5,25.7,14.4,0.1,observed
2025-11-06,3,19.7,25.7,15.9,1.1,observed
2025-11-07,3,19.7,25.6,16.0,4.5,observed
2025-11-08,3,19.4,26.1,15.6,1.8,observed
2025-11-09,3,17.2,20.5,15.4,4.4,observed
2025-11-10,3,18.4,24.4,13.5,1.2,observed
2025-11-11,3,19.3,24.6,15.5,1.4,observed
2025-11-12,3,19.1,24.9,15.2,2.8,observed
2025-11-13,3,18.8,23.9,15.7,3.5,observed
2025-11-14,3,18.6,25.2,14.7,2.1,observed
2025-11-15,3,19.7,25.4,15.2,1.1,observed
2025-11-16,3,20.0,25.3,16.3,1.9,observed
2025-11-17,3,19.6,25.0,15.3,0.6,observed
2025-11-18,3,19.2,26.0,16.1,2.4,observed
2025-11-19,3,19.2,25.8,14.1,0.4,observed
2025-11-20,3,19.6,26.1,14.1,0.1,observed
2025-11-21,3,20.1,26.4,15.2,1.0,observed
2025-11-22,3,19.5,25.3,13.5,0.2,observed
2025-11-23,3,18.6,23.6,14.7,4.1,observed
2025-11-24,3,19.0,25.5,13.1,0.7,observed
2025-11-25,3,19.5,25.4,15.8,3.9,observed
2025-11-26,3,18.8,23.7,15.4,7.0,observed
2025-11-27,3,19.0,24.0,15.6,3.9,observed
2025-11-28,3,19.7,25.4,15.6,1.7,observed
2025-11-29,3,19.9,26.1,15.7,1.0,observed
2025-11-30,3,20.2,26.1,15.2,0.0,observed
2025-12-01,3,19.8,25.8,14.3,0.0,observed
2025-12-02,3,19.9,26.8,13.6,0.0,observed
2025-12-03,3,20.1,26.4,15.1,0.5,observed
2025-12-04,3,20.1,26.0,16.0,2.1,observed
2025-12-05,3,19.6,25.6,15.4,1.4,observed
2025-12-06,3,19.4,25.3,15.1,1.6,observed
2025-12-07,3,19.2,24.5,14.8,1.2,observed
2025-12-08,3,19.0,24.4,15.4,1.5,observed
2025-12-09,3,19.5,25.3,14.7,0.3,observed
2025-12-10,3,20.1,26.4,14.8,0.0,observed
2025-12-11,3,20.2,26.0,15.8,1.0,observed
2025-12-12,3,20.0,26.3,15.8,2.0,observed
2025-12-13,3,19.6,26.2,14.2,6.4,observed
2025-12-14,3,18.7,24.6,15.8,5.5,observed
2025-12-15,3,19.7,25.4,15.2,2.4,observed
2025-12-16,3,20.2,26.0,16.1,2.3,observed
2025-12-17,3,20.8,27.2,16.4,1.6,observed
2025-12-18,3,20.5,26.8,16.0,1.5,observed
2025-12-19,3,19.2,25.6,16.1,4.2,observed
2025-12-20,3,19.8,25.7,15.8,3.9,observed
2025-12-21,3,18.4,24.0,15.9,4.5,observed
2025-12-22,3,19.0,24.5,15.3,2.9,observed
2025-12-23,3,19.7,25.6,14.7,0.3,observed
2025-12-24,3,19.9,26.1,15.5,1.6,observed
2025-12-25,3,20.6,26.7,14.8,0.9,observed
2025-12-26,3,21.9,28.8,15.9,0.1,observed
2025-12-27,3,21.2,29.5,16.3,10.1,observed
2025-12-28,3,18.1,23.8,15.8,9.5,observed
2025-12-29,3,19.1,25.5,15.3,5.1,observed
2025-12-30,3,18.8,24.3,14.7,3.6,observed
2025-12-31,3,19.0,24.7,14.6,0.5,observed
2026-01-01,3,18.7,24.0,14.8,1.8,observed
2026-01-02,3,19.5,25.7,14.6,0.1,observed
2026-01-03,3,20.4,27.1,14.7,0.0,observed
2026-01-04,3,20.9,26.7,15.3,0.0,observed
2026-01-05,3,20.9,27.0,15.7,0.0,observed
2026-01-06,3,20.5,26.4,14.9,0.0,observed
2026-01-07,3,21.1,27.6,15.2,0.0,observed
2026-01-08,3,21.2,26.3,16.6,0.0,observed
2026-01-09,3,21.0,27.0,16.0,0.3,observed
2026-01-10,3,20.4,26.7,14.8,2.0,observed
2026-01-11,3,21.3,28.0,15.9,0.4,observed
2026-01-12,3,19.9,25.3,15.0,7.5,observed
2026-01-13,3,20.3,26.2,15.5,0.1,observed
2026-01-14,3,20.0,26.6,13.7,0.0,observed
2026-01-15,3,20.8,27.7,14.3,0.0,observed
2026-01-16,3,21.9,29.7,15.0,0.0,observed
2026-01-17,3,21.0,27.7,15.9,0.7,observed
2026-01-18,3,20.9,26.7,15.9,1.1,observed
2026-01-19,3,20.5,26.1,15.2,0.7,observed
2026-01-20,3,21.1,27.8,14.9,0.0,observed
2026-01-21,3,21.6,28.7,15.0,0.0,observed
2026-01-22,3,20.6,26.3,15.5,0.3,observed
2026-01-23,3,21.3,27.6,14.9,0.0,observed
2026-01-24,3,22.0,29.4,15.2,0.0,observed
2026-01-25,3,23.0,31.3,16.0,0.0,observed
2026-01-26,3,22.9,30.1,16.0,0.0,observed
2026-01-27,3,22.2,28.9,15.9,0.0,observed
2026-01-28,3,22.2,28.1,16.6,0.1,observed
2026-01-29,3,22.7,29.9,16.1,0.0,observed
2026-01-30,3,22.4,28.7,16.0,0.0,observed
2026-01-31,3,22.4,28.5,16.4,0.0,observed
2026-02-01,3,22.4,28.6,16.4,0.0,observed
2026-02-02,3,21.9,27.7,15.7,0.0,observed
2026-02-03,3,22.1,28.7,15.8,0.0,observed
2026-02-04,3,22.4,29.9,15.6,0.0,observed
2026-02-05,3,22.3,28.8,17.1,0.1,observed
2026-02-06,3,22.2,27.8,17.5,0.2,observed
2026-02-07,3,22.4,29.5,15.6,0.0,observed
2026-02-08,3,22.1,28.6,16.4,0.4,observed
2026-02-09,3,21.4,27.4,16.5,1.2,observed
2026-02-10,3,22.4,28.7,17.0,0.0,observed
2026-02-11,3,22.2,28.7,15.6,0.0,observed
2026-02-12,3,22.4,29.6,15.5,0.0,observed
2026-02-13,3,22.6,30.0,15.7,0.0,observed
2026-02-14,3,22.0,28.6,16.5,0.1,observed
2026-02-15,3,21.1,28.3,16.3,1.9,observed
2026-02-16,3,20.9,28.0,15.8,0.4,observed
2026-02-17,3,21.2,27.1,16.8,1.2,observed
2026-02-18,3,20.2,25.4,16.1,0.9,observed
2026-02-19,3,21.6,28.2,15.2,0.6,observed
2026-02-20,3,22.7,28.9,16.7,0.4,observed
2026-02-21,3,19.4,23.5,16.3,6.9,observed
2026-02-22,3,18.7,24.5,15.7,10.6,observed
2026-02-23,3,18.2,21.4,16.1,8.9,observed
2026-02-24,3,18.8,23.7,15.2,4.7,observed
2026-02-25,3,18.5,24.2,15.3,17.1,observed
2026-02-26,3,19.1,25.1,15.2,16.3,observed
2026-02-27,3,19.1,25.4,15.9,13.2,observed
2026-02-28,3,18.5,23.5,15.0,8.0,observed
2026-03-01,3,18.5,23.3,15.9,8.9,observed
2026-03-02,3,18.5,23.6,15.6,7.2,observed
2026-03-03,3,19.0,24.0,16.0,6.6,observed
2026-03-04,3,18.7,23.9,15.9,20.5,observed
2026-03-05,3,18.5,23.7,15.7,15.7,observed
2026-03-06,3,18.3,23.5,16.2,21.9,observed
2026-03-07,3,18.3,22.7,14.8,8.4,observed
2026-03-08,3,18.8,24.4,14.5,5.4,observed
2026-03-09,3,19.1,24.0,15.6,3.4,observed
2026-03-10,3,19.0,24.3,16.1,3.6,observed
2026-03-11,3,19.6,25.2,16.0,0.9,observed
2026-03-12,3,19.9,25.2,16.2,0.6,observed
2026-03-13,3,20.2,26.3,15.2,1.8,observed
2026-03-14,3,19.7,24.8,16.2,2.0,observed
2026-03-15,3,19.8,25.2,16.6,1.3,observed
2026-03-16,3,19.6,25.1,15.4,0.5,observed
2026-03-17,3,19.9,26.0,16.4,2.2,observed
2026-03-18,3,19.9,26.4,16.2,5.2,observed
2026-03-19,3,19.9,25.7,16.3,3.5,observed
2026-03-20,3,18.6,23.9,15.7,30.5,observed
2026-03-21,3,18.9,23.6,16.2,31.5,observed
2026-03-22,3,18.7,23.8,15.9,9.3,observed
2026-03-23,3,18.3,23.2,15.9,7.1,observed
2026-03-24,3,18.5,23.7,15.7,11.9,observed
2026-03-25,3,18.6,23.5,15.7,3.1,observed
2026-03-26,3,19.1,24.5,15.7,2.7,observed
2026-03-27,3,18.3,23.1,15.8,7.3,observed
2026-03-28,3,18.7,23.8,15.8,3.8,observed
2026-03-29,3,19.0,24.3,15.0,0.5,observed
2026-03-30,3,19.1,24.5,15.8,1.8,observed
2026-03-31,3,18.8,24.1,15.2,3.2,observed
2026-04-01,3,19.4,24.5,16.1,1.7,observed
2026-04-02,3,19.2,24.5,15.4,2.4,observed
2026-04-03,3,19.6,25.2,15.4,1.1,observed
2026-04-04,3,19.6,25.1,15.2,1.0,observed
2026-04-05,3,18.9,24.0,15.2,4.6,observed
2026-04-06,3,19.5,24.9,15.0,1.3,observed
2026-04-07,3,19.5,24.6,16.0,2.6,observed
2026-04-08,3,19.9,25.2,16.1,2.0,observed
2026-04-09,3,19.8,25.4,16.0,0.5,observed
2026-04-10,3,19.9,25.9,16.0,0.7,observed
2026-04-11,3,20.5,27.0,15.5,0.6,observed
2026-04-12,3,20.2,25.5,16.6,4.2,observed
2026-04-13,3,19.4,25.2,16.4,4.5,observed
2026-04-14,3,18.8,23.3,16.3,9.4,observed
2026-04-15,3,18.9,23.9,16.2,4.2,observed
2026-04-16,3,18.8,24.2,16.1,4.2,observed
2026-04-17,3,18.3,22.8,15.8,8.4,observed
2026-04-18,3,18.6,23.2,15.8,12.1,observed
2026-04-19,3,18.8,23.2,15.9,4.2,observed
2026-04-20,3,19.1,23.7,15.8,2.5,observed
2026-04-21,3,19.2,24.0,16.1,1.2,observed
2026-04-22,3,19.2,24.2,16.4,2.9,observed
2026-04-23,3,18.2,22.3,16.1,9.7,observed
2026-04-24,3,18.8,23.3,15.2,0.7,observed
2026-04-25,3,18.8,23.4,14.1,2.3,observed
2026-04-26,3,18.9,24.0,15.5,9.7,observed
2026-04-27,3,18.8,23.9,15.9,18.6,observed
2026-04-28,3,18.3,23.0,16.3,32.5,observed
2026-04-29,3,17.1,20.6,14.6,7.1,observed
2026-04-30,3,18.1,22.6,15.4,10.4,observed
2026-05-01,3,18.4,23.0,16.0,10.8,observed
2026-05-02,3,18.5,23.2,16.1,5.3,observed
2026-05-03,3,19.0,23.9,14.4,2.3,observed
2026-05-04,3,19.1,23.8,15.0,2.3,observed
2026-05-05,3,19.4,23.8,16.4,1.8,observed
2026-05-06,3,19.6,24.8,16.4,2.5,observed
2026-05-07,3,19.5,24.3,16.1,1.2,observed
2026-05-08,3,19.7,25.0,16.6,1.7,observed
2026-05-09,3,19.0,23.5,16.6,8.4,observed
2026-05-10,3,19.0,23.8,15.3,0.7,observed
2026-05-11,3,19.5,24.8,15.1,1.1,observed
2026-05-12,3,18.8,23.2,16.2,2.4,observed
2026-05-13,3,19.0,23.9,16.4,8.0,observed
2026-05-14,3,19.3,24.1,16.2,0.9,observed
2026-05-15,3,19.1,23.3,16.0,0.7,observed
2026-05-16,3,19.1,24.4,16.0,1.7,observed
2026-05-17,3,18.8,23.4,15.4,1.6,observed
2026-05-18,3,19.2,23.7,15.7,0.7,observed
2026-05-19,3,19.2,24.4,14.3,0.0,observed
2026-05-20,3,19.3,24.5,14.6,0.0,observed
2026-05-21,3,19.4,24.8,16.0,0.7,observed
2026-05-22,3,19.8,25.9,15.0,0.5,observed
2026-05-23,3,19.9,25.7,16.5,0.6,observed
2026-05-24,3,19.8,25.3,15.1,0.2,observed
2026-05-25,3,19.1,24.4,15.7,0.6,observed
2026-05-26,3,19.1,24.6,15.1,0.3,observed
2026-05-27,3,18.9,23.2,15.8,0.4,observed
2026-05-28,3,19.1,24.1,15.6,0.5,observed
2026-05-29,3,18.9,23.5,14.5,0.9,observed
2026-05-30,3,18.4,23.3,16.3,3.5,observed
2026-05-31,3,19.1,23.6,16.1,2.9,observed
2026-06-01,3,18.6,22.1,15.8,6.7,observed
2026-06-02,3,18.4,23.0,15.9,5.0,observed
2026-06-03,3,18.3,22.2,15.4,0.8,observed
2026-06-04,3,19.0,24.0,15.6,2.3,observed
2026-06-05,3,18.9,25.0,13.3,0.1,observed
2026-06-06,3,19.9,26.5,15.5,0.2,observed
2026-06-07,3,19.3,26.0,15.2,0.2,observed
2026-06-08,3,19.3,25.8,14.6,0.5,observed
2026-06-09,3,19.0,25.9,13.6,0.0,observed
2026-06-10,3,19.1,24.9,14.9,0.3,observed
2026-06-11,3,19.1,24.6,15.2,0.1,observed
2026-06-12,3,19.7,25.8,15.6,1.5,observed
2026-06-13,3,18.1,22.7,15.6,2.1,observed
2026-06-14,3,17.5,22.3,13.8,0.3,observed
2026-06-15,3,18.1,24.4,13.0,0.1,observed
2026-06-16,3,17.7,24.1,10.6,0.2,observed
2026-06-17,3,17.4,21.7,12.5,1.4,observed
2026-06-18,3,18.0,23.6,14.0,1.2,observed
2026-06-19,3,18.7,24.2,14.4,0.5,observed
2026-06-20,3,18.5,23.0,14.7,0.9,observed
2026-06-21,3,18.0,22.7,14.6,0.6,observed
2026-06-22,3,17.1,21.3,13.3,0.2,observed
2026-06-23,3,17.3,22.6,12.3,0.0,observed
2026-06-24,3,17.4,22.3,13.0,1.2,observed
2026-06-25,3,18.1,23.9,13.4,2.4,observed
2026-06-26,3,18.9,24.7,13.0,0.6,observed
2026-06-27,3,18.1,24.9,12.1,0.2,observed
2026-06-28,3,18.1,24.4,12.3,0.0,observed
2026-06-29,3,17.5,23.4,12.4,0.1,observed
2026-06-30,3,18.1,22.6,14.7,0.9,observed
2026-07-01,3,17.5,23.0,14.3,0.1,observed
2026-07-02,3,18.4,25.2,11.6,0.1,observed
2026-07-03,3,18.8,25.8,12.6,0.1,observed
2026-07-04,3,18.1,24.1,13.6,0.2,observed
2026-07-05,3,17.2,21.5,14.2,0.0,observed
2026-07-06,3,18.2,24.7,13.0,0.0,observed
2026-07-07,3,17.6,23.3,11.6,0.1,observed
2026-07-08,3,18.5,24.8,13.8,0.2,observed
2026-07-09,3,18.7,24.7,14.2,0.0,observed
2026-07-10,3,18.1,23.6,14.2,0.7,observed
2026-07-11,3,17.7,21.7,15.7,2.8,observed
2026-07-12,3,18.1,23.5,13.3,0.2,observed
2026-07-13,3,18.6,24.9,12.7,0.0,observed
2026-07-14,3,18.0,25.0,12.3,0.0,observed
2026-07-15,3,18.9,25.2,14.3,0.1,observed
2026-07-16,3,19.5,26.4,13.2,0.3,observed
2026-07-17,3,17.8,24.4,12.8,0.0,observed
2026-07-18,3,18.9,25.3,13.0,0.6,observed
2026-07-19,3,19.3,26.3,12.7,0.0,observed
2026-07-20,3,18.0,24.6,12.8,0.1,observed
2026-07-21,3,18.9,25.9,13.1,0.4,observed
2026-07-22,3,18.2,24.2,12.8,0.1,observed
2026-07-23,3,17.9,24.3,13.0,0.2,observed
2026-07-24,3,19.0,24.9,13.7,0.2,observed
2026-07-25,3,18.1,23.4,13.6,0.3,observed
2026-07-26,3,17.1,21.6,12.9,0.4,observed
2026-07-27,3,17.3,22.1,13.9,0.4,observed
2026-07-28,3,17.2,22.2,12.0,0.0,observed
2026-07-29,3,18.2,24.3,13.2,0.0,observed
2026-07-30,3,18.4,24.8,12.6,0.3,observed
2026-07-31,3,18.6,25.3,13.0,0.6,observed
2026-08-01,3,17.6,25.2,12.8,0.1,observed
2026-08-02,3,17.3,22.8,13.2,0.7,observed
2026-08-03,3,16.6,21.5,12.5,0.1,observed
2026-08-04,3,16.4,20.6,12.7,0.8,observed
2026-08-05,3,18.3,25.6,11.6,0.0,observed
2026-08-06,3,17.7,25.1,12.6,0.0,observed
2026-08-07,3,18.4,23.8,13.3,0.0,observed
2026-08-08,3,18.2,24.3,13.1,0.1,observed
2026-08-09,3,18.2,23.6,14.1,0.6,observed
2026-08-10,3,18.2,27.9,12.5,0.4,observed
2026-08-11,3,18.6,26.4,11.5,0.0,observed
2026-08-12,3,19.4,27.0,11.7,0.0,observed
2026-08-13,3,19.4,26.3,12.0,0.0,observed
2026-08-14,3,19.3,26.7,11.6,0.0,observed
2026-08-15,3,18.5,24.0,12.7,0.0,observed
2026-08-16,3,17.9,20.9,15.0,0.4,observed
2026-08-17,3,18.3,23.6,14.6,0.4,observed
2026-08-18,3,18.2,22.2,15.1,2.5,observed
2026-08-19,3,18.2,23.3,15.5,3.9,observed
2026-08-20,3,18.2,25.1,13.1,0.2,observed
2026-08-21,3,18.2,25.0,11.1,0.0,observed
2026-08-22,3,19.8,27.5,12.0,0.0,observed
2026-08-23,3,20.7,27.3,16.1,2.8,observed
2026-08-24,3,20.6,27.1,16.7,0.9,observed
2026-08-25,3,19.7,27.1,13.0,0.0,observed
2026-08-26,3,19.4,27.4,12.1,0.0,observed
2026-08-27,3,18.6,27.9,12.2,0.4,observed
2026-08-28,3,19.0,25.9,12.5,0.0,observed
2026-08-29,3,19.0,25.4,13.3,0.0,observed
2026-08-30,3,18.9,25.7,14.0,0.2,observed
2026-08-31,3,17.4,21.7,13.8,3.7,observed
2026-09-01,3,17.8,23.2,13.2,2.5,observed
2026-09-02,3,19.1,26.5,14.7,0.7,observed
2026-09-03,3,18.2,25.0,12.6,0.0,observed
2026-09-04,3,20.1,29.7,13.7,0.4,observed
2026-09-05,3,20.2,27.8,13.5,0.1,observed
2026-09-06,3,20.2,28.1,13.7,0.0,observed
2026-09-07,3,20.2,27.1,13.3,0.0,observed
2026-09-08,3,17.8,21.9,13.7,0.6,observed
2026-09-09,3,17.5,21.9,13.4,1.1,observed
2026-09-10,3,18.8,24.0,14.3,1.8,observed
2026-09-11,3,19.1,24.3,15.4,0.9,observed
2026-09-12,3,18.6,23.5,15.4,6.2,observed
2026-09-13,3,19.1,24.9,14.9,0.9,observed
2026-09-14,3,19.9,27.0,13.4,0.4,observed
2026-09-15,3,17.7,20.3,15.5,0.9,observed
2026-09-16,3,17.8,21.9,14.5,2.8,observed
2026-09-17,3,18.5,24.5,15.0,0.1,observed
2026-09-18,3,16.9,20.9,13.1,3.7,observed
2026-09-19,3,18.7,25.1,14.4,1.4,observed
2026-09-20,3,17.6,22.6,13.7,4.0,observed
2026-09-21,3,18.0,22.4,15.5,4.8,observed
2026-09-22,3,19.3,24.6,15.5,0.6,observed
2026-09-23,3,19.0,24.9,14.7,0.8,observed
2026-09-24,3,19.9,27.5,13.0,0.0,observed
2026-09-25,3,20.2,28.5,13.4,0.2,observed
2026-09-26,3,20.3,28.6,14.5,0.0,observed
2026-09-27,3,20.6,27.5,15.3,0.6,observed
2026-09-28,3,20.7,27.7,16.8,1.6,observed
2026-09-29,3,20.3,25.8,16.4,1.3,observed
2026-09-30,3,20.1,27.7,14.0,0.0,observed
2026-10-01,3,21.0,29.2,13.9,0.0,observed
2026-10-02,3,21.0,28.1,14.4,0.0,observed
2026-10-03,3,21.6,28.9,14.6,0.0,observed
2026-10-04,3,20.9,26.9,15.8,2.0,observed
2026-10-05,3,21.6,28.1,16.0,0.7,observed
2026-10-06,3,21.2,27.2,16.4,1.2,observed
2026-10-07,3,20.3,26.1,16.7,5.2,observed
2026-10-08,3,20.2,25.3,16.4,4.3,observed
2026-10-09,3,19.7,25.7,16.0,6.4,forecast
2026-10-10,3,18.3,24.0,15.2,32.5,forecast
2026-10-11,3,19.1,25.8,14.6,16.9,forecast
2026-10-12,3,17.1,22.0,13.5,16.3,forecast
2026-10-13,3,17.7,23.8,13.2,22.6,forecast
2026-10-14,3,17.7,22.3,15.6,35.7,forecast
2026-10-15,3,17.6,21.9,15.3,35.2,forecast
2026-10-16,3,18.7,24.5,14.0,0.2,forecast
2026-10-17,3,18.6,24.8,13.3,0.3,forecast
2026-10-18,3,18.7,23.6,15.0,2.2,forecast
2024-01-01,4,20.5,26.9,15.5,0.8,observed
2024-01-02,4,20.3,26.8,15.4,1.6,observed
2024-01-03,4,20.3,26.0,16.4,1.7,observed
2024-01-04,4,20.5,26.9,15.2,0.4,observed
2024-01-05,4,19.0,26.2,15.7,7.6,observed
2024-01-06,4,19.7,25.9,15.8,1.4,observed
2024-01-07,4,19.5,24.7,15.9,9.9,observed
2024-01-08,4,19.7,25.4,15.2,0.3,observed
2024-01-09,4,19.5,25.9,14.5,0.5,observed
2024-01-10,4,19.1,24.7,14.6,2.5,observed
2024-01-11,4,18.7,25.3,14.9,1.4,observed
2024-01-12,4,19.2,25.3,14.7,1.3,observed
2024-01-13,4,18.3,22.3,15.5,3.6,observed
2024-01-14,4,19.3,25.2,15.6,12.0,observed
2024-01-15,4,19.7,26.1,15.0,1.0,observed
2024-01-16,4,19.6,25.8,14.8,1.7,observed
2024-01-17,4,19.9,26.5,15.6,2.7,observed
2024-01-18,4,19.0,24.7,16.0,9.8,observed
2024-01-19,4,20.2,27.2,14.9,4.3,observed
2024-01-20,4,18.9,25.3,15.7,10.1,observed
2024-01-21,4,19.5,25.5,16.2,4.0,observed
2024-01-22,4,19.7,27.0,14.7,0.4,observed
2024-01-23,4,19.5,26.7,13.6,0.0,observed
2024-01-24,4,20.0,27.0,13.8,0.0,observed
2024-01-25,4,20.4,26.8,14.8,0.3,observed
2024-01-26,4,20.4,26.6,15.7,0.6,observed
2024-01-27,4,20.5,26.4,16.1,1.5,observed
2024-01-28,4,20.4,26.2,15.9,0.7,observed
2024-01-29,4,20.4,27.2,15.1,0.1,observed
2024-01-30,4,20.7,27.8,16.2,0.2,observed
2024-01-31,4,20.7,27.7,15.3,0.5,observed
2024-02-01,4,20.4,27.7,15.2,0.3,observed
2024-02-02,4,20.5,28.6,14.5,0.0,observed
2024-02-03,4,21.2,28.1,15.6,0.2,observed
2024-02-04,4,20.8,26.8,15.3,0.4,observed
2024-02-05,4,20.7,27.6,15.2,0.1,observed
2024-02-06,4,21.0,28.2,15.2,0.0,observed
2024-02-07,4,20.8,27.8,15.7,0.2,observed
2024-02-08,4,20.6,27.9,14.5,0.6,observed
2024-02-09,4,21.2,28.8,15.0,0.0,observed
2024-02-10,4,21.4,28.4,16.0,0.4,observed
2024-02-11,4,20.9,28.0,15.3,0.0,observed
2024-02-12,4,21.1,28.6,14.2,0.0,observed
2024-02-13,4,21.7,29.2,15.7,0.0,observed
2024-02-14,4,21.8,28.6,16.3,0.0,observed
2024-02-15,4,22.0,29.4,16.0,0.0,observed
2024-02-16,4,21.7,28.6,15.7,0.0,observed
2024-02-17,4,21.8,28.9,15.9,0.3,observed
2024-02-18,4,22.3,31.1,13.5,0.0,observed
2024-02-19,4,22.9,30.1,15.7,0.0,observed
2024-02-20,4,22.6,29.7,16.8,1.6,observed
2024-02-21,4,21.9,29.2,15.9,1.1,observed
2024-02-22,4,21.0,27.9,14.9,0.0,observed
2024-02-23,4,20.1,26.7,15.7,0.8,observed
2024-02-24,4,18.9,24.3,15.9,15.6,observed
2024-02-25,4,20.6,27.9,14.3,0.1,observed
2024-02-26,4,21.6,30.1,15.6,2.8,observed
2024-02-27,4,20.6,29.8,15.6,2.0,observed
2024-02-28,4,20.6,26.6,15.6,1.2,observed
2024-02-29,4,21.2,29.1,15.5,0.1,observed
2024-03-01,4,21.3,29.4,14.5,0.0,observed
2024-03-02,4,21.4,29.1,15.5,0.0,observed
2024-03-03,4,21.6,28.8,15.0,0.0,observed
2024-03-04,4,22.3,29.7,16.6,0.7,observed
2024-03-05,4,20.7,27.6,15.2,0.9,observed
2024-03-06,4,20.6,27.4,15.4,0.3,observed
2024-03-07,4,20.8,27.7,14.3,0.6,observed
2024-03-08,4,21.8,30.0,14.8,0.0,observed
2024-03-09,4,21.3,28.5,16.1,0.2,observed
2024-03-10,4,21.2,28.6,15.0,0.4,observed
2024-03-11,4,21.0,28.0,14.9,0.0,observed
2024-03-12,4,21.1,29.3,13.8,0.0,observed
2024-03-13,4,21.9,29.3,15.4,0.0,observed
2024-03-14,4,21.3,29.0,15.7,0.0,observed
2024-03-15,4,20.5,27.5,14.4,0.1,observed
2024-03-16,4,21.2,28.9,14.6,0.0,observed
2024-03-17,4,22.5,30.7,15.5,0.0,observed
2024-03-18,4,21.9,29.6,15.5,0.1,observed
2024-03-19,4,22.2,29.9,15.3,0.6,observed
2024-03-20,4,21.8,29.5,15.0,0.0,observed
2024-03-21,4,21.8,29.6,15.2,0.0,observed
2024-03-22,4,21.9,30.1,14.7,0.2,observed
2024-03-23,4,22.5,29.8,16.4,0.4,observed
2024-03-24,4,21.8,30.0,16.9,2.3,observed
2024-03-25,4,21.1,27.7,16.7,5.6,observed
2024-03-26,4,21.1,28.1,17.1,4.0,observed
2024-03-27,4,20.6,26.8,17.9,3.7,observed
2024-03-28,4,20.6,27.5,16.1,1.2,observed
2024-03-29,4,20.7,27.5,15.2,0.7,observed
2024-03-30,4,20.1,26.0,16.9,4.4,observed
2024-03-31,4,19.9,25.8,16.2,9.1,observed
2024-04-01,4,20.5,26.6,16.8,2.7,observed
2024-04-02,4,21.0,27.4,16.7,0.8,observed
2024-04-03,4,20.4,28.1,15.4,5.2,observed
2024-04-04,4,20.1,25.8,16.6,3.0,observed
2024-04-05,4,19.9,25.7,16.7,9.9,observed
2024-04-06,4,19.2,25.1,15.8,14.2,observed
2024-04-07,4,20.4,27.3,16.4,2.6,observed
2024-04-08,4,19.9,26.0,15.3,3.6,observed
2024-04-09,4,20.0,26.8,16.0,3.3,observed
2024-04-10,4,20.2,27.5,14.3,0.7,observed
2024-04-11,4,20.8,27.3,15.4,0.8,observed
2024-04-12,4,20.9,27.3,17.6,3.5,observed
2024-04-13,4,20.0,25.4,16.9,6.7,observed
2024-04-14,4,19.9,26.6,16.5,9.2,observed
2024-04-15,4,19.4,25.8,15.5,2.8,observed
2024-04-16,4,19.9,25.8,15.1,0.2,observed
2024-04-17,4,20.2,25.7,14.8,0.8,observed
2024-04-18,4,19.9,26.4,14.7,3.1,observed
2024-04-19,4,19.8,25.7,14.8,1.8,observed
2024-04-20,4,20.3,26.0,15.7,1.1,observed
2024-04-21,4,18.9,24.2,15.7,1.8,observed
2024-04-22,4,19.6,26.4,14.9,7.9,observed
2024-04-23,4,20.0,25.9,16.0,6.3,observed
2024-04-24,4,19.6,26.3,15.8,14.4,observed
2024-04-25,4,19.8,25.7,16.6,9.8,observed
2024-04-26,4,18.9,22.5,16.8,28.9,observed
2024-04-27,4,18.9,25.9,15.6,13.4,observed
2024-04-28,4,19.5,25.9,15.7,15.7,observed
2024-04-29,4,19.4,25.7,14.9,1.8,observed
2024-04-30,4,20.1,25.9,15.6,1.8,observed
2024-05-01,4,20.4,26.3,16.9,11.9,observed
2024-05-02,4,19.8,25.5,17.2,7.0,observed
2024-05-03,4,19.6,24.0,16.5,4.5,observed
2024-05-04,4,19.3,22.6,16.7,0.6,observed
2024-05-05,4,19.6,25.3,16.0,5.1,observed
2024-05-06,4,19.2,24.4,16.1,0.7,observed
2024-05-07,4,19.2,24.1,16.8,9.2,observed
2024-05-08,4,18.4,24.3,14.4,6.6,observed
2024-05-09,4,18.9,24.4,14.4,2.0,observed
2024-05-10,4,19.1,24.6,15.3,5.4,observed
2024-05-11,4,19.2,24.6,14.3,0.9,observed
2024-05-12,4,19.5,25.2,15.0,2.0,observed
2024-05-13,4,19.7,25.5,14.5,0.1,observed
2024-05-14,4,19.3,26.2,13.2,0.1,observed
2024-05-15,4,19.4,26.3,13.3,0.3,observed
2024-05-16,4,19.2,25.2,12.7,2.5,observed
2024-05-17,4,19.7,26.0,14.5,0.2,observed
2024-05-18,4,20.4,26.7,14.6,0.1,observed
2024-05-19,4,19.7,26.6,14.7,2.3,observed
2024-05-20,4,19.8,25.9,15.2,5.4,observed
2024-05-21,4,19.4,24.9,14.7,1.6,observed
2024-05-22,4,19.2,25.1,14.4,1.7,observed
2024-05-23,4,19.1,25.1,15.4,5.3,observed
2024-05-24,4,18.9,24.7,12.9,1.5,observed
2024-05-25,4,19.2,25.1,15.7,1.8,observed
2024-05-26,4,19.4,25.2,14.2,0.5,observed
2024-05-27,4,19.7,26.0,14.1,0.1,observed
2024-05-28,4,19.2,25.6,14.8,0.0,observed
2024-05-29,4,19.2,25.6,12.9,0.1,observed
2024-05-30,4,18.8,25.8,12.1,0.1,observed
2024-05-31,4,19.5,26.7,12.9,0.2,observed
2024-06-01,4,19.3,26.6,13.1,0.2,observed
2024-06-02,4,19.8,27.1,13.9,0.0,observed
2024-06-03,4,19.7,26.0,14.3,0.0,observed
2024-06-04,4,19.3,26.8,14.2,6.6,observed
2024-06-05,4,19.5,25.9,14.3,0.0,observed
2024-06-06,4,18.4,25.5,13.1,0.1,observed
2024-06-07,4,19.1,25.7,13.1,0.8,observed
2024-06-08,4,19.1,25.7,13.8,1.5,observed
2024-06-09,4,17.9,22.7,15.2,0.1,observed
2024-06-10,4,19.1,25.2,15.5,1.8,observed
2024-06-11,4,18.1,23.7,12.5,0.6,observed
2024-06-12,4,17.8,23.8,11.9,0.2,observed
2024-06-13,4,17.9,24.6,11.7,0.0,observed
2024-06-14,4,17.7,25.0,11.4,0.0,observed
2024-06-15,4,18.2,24.9,12.3,0.7,observed
2024-06-16,4,18.7,26.4,12.6,0.0,observed
2024-06-17,4,18.7,26.3,12.2,0.0,observed
2024-06-18,4,17.7,25.0,11.4,0.0,observed
2024-06-19,4,18.4,24.4,12.9,1.7,observed
2024-06-20,4,17.7,22.4,15.0,6.3,observed
2024-06-21,4,17.6,23.6,14.3,4.3,observed
2024-06-22,4,17.4,24.6,12.6,0.1,observed
2024-06-23,4,16.9,23.8,9.9,0.0,observed
2024-06-24,4,16.2,23.8,10.2,0.0,observed
2024-06-25,4,16.1,24.3,9.7,0.0,observed
2024-06-26,4,16.7,23.2,9.5,0.0,observed
2024-06-27,4,16.5,21.4,11.8,0.7,observed
2024-06-28,4,16.2,22.7,9.9,0.0,observed
2024-06-29,4,17.0,25.1,10.1,0.0,observed
2024-06-30,4,16.9,24.2,11.8,0.0,observed
2024-07-01,4,17.1,24.3,11.1,0.0,observed
2024-07-02,4,17.9,24.8,12.4,0.0,observed
2024-07-03,4,18.6,25.6,11.8,0.0,observed
2024-07-04,4,18.7,25.7,12.6,0.0,observed
2024-07-05,4,18.0,25.3,12.1,0.0,observed
2024-07-06,4,17.8,25.6,13.2,9.9,observed
2024-07-07,4,17.6,22.4,13.8,17.6,observed
2024-07-08,4,18.0,25.9,12.6,6.4,observed
2024-07-09,4,17.4,23.6,13.8,10.4,observed
2024-07-10,4,17.1,21.5,13.3,0.6,observed
2024-07-11,4,16.2,23.3,10.5,0.0,observed
2024-07-12,4,16.8,22.7,10.4,0.1,observed
2024-07-13,4,17.1,22.8,13.0,0.4,observed
2024-07-14,4,17.7,25.4,12.1,0.0,observed
2024-07-15,4,17.7,23.4,11.2,0.0,observed
2024-07-16,4,18.0,21.9,14.9,1.2,observed
2024-07-17,4,18.3,24.6,15.3,1.0,observed
2024-07-18,4,17.2,21.2,15.0,0.3,observed
2024-07-19,4,16.9,22.2,12.4,0.1,observed
2024-07-20,4,17.2,22.1,11.5,0.0,observed
2024-07-21,4,18.0,24.9,12.4,0.9,observed
2024-07-22,4,18.5,25.1,13.5,0.0,observed
2024-07-23,4,16.7,24.0,10.5,0.0,observed
2024-07-24,4,16.3,25.0,10.8,0.0,observed
2024-07-25,4,17.9,25.6,10.7,0.6,observed
2024-07-26,4,18.2,25.3,13.9,1.6,observed
2024-07-27,4,17.8,25.3,13.8,0.2,observed
2024-07-28,4,17.9,24.9,12.9,0.2,observed
2024-07-29,4,18.3,24.2,13.8,0.0,observed
2024-07-30,4,18.4,23.5,13.9,0.0,observed
2024-07-31,4,17.2,23.4,13.5,0.3,observed
2024-08-01,4,16.3,23.0,10.4,0.0,observed
2024-08-02,4,16.6,23.6,11.4,0.0,observed
2024-08-03,4,17.2,25.5,11.1,0.0,observed
2024-08-04,4,18.0,24.8,14.3,0.5,observed
2024-08-05,4,17.9,26.8,10.3,0.0,observed
2024-08-06,4,18.2,26.6,10.8,0.5,observed
2024-08-07,4,17.4,26.2,11.8,0.1,observed
2024-08-08,4,17.5,21.2,13.4,1.6,observed
2024-08-09,4,17.8,22.6,15.3,1.3,observed
2024-08-10,4,17.0,23.2,12.4,0.4,observed
2024-08-11,4,16.8,22.8,12.7,0.4,observed
2024-08-12,4,17.5,23.8,13.3,0.1,observed
2024-08-13,4,17.4,23.5,12.2,0.1,observed
2024-08-14,4,17.5,25.5,10.9,0.0,observed
2024-08-15,4,18.5,25.8,13.0,0.7,observed
2024-08-16,4,18.7,25.5,14.8,1.1,observed
2024-08-17,4,17.7,25.5,11.0,0.0,observed
2024-08-18,4,17.0,22.1,12.5,0.2,observed
2024-08-19,4,17.0,25.4,10.4,0.0,observed
2024-08-20,4,17.7,25.1,10.4,0.0,observed
2024-08-21,4,17.5,23.5,11.8,0.1,observed
2024-08-22,4,17.9,23.9,14.3,0.2,observed
2024-08-23,4,17.9,22.9,13.6,0.0,observed
2024-08-24,4,17.8,23.2,14.5,0.3,observed
2024-08-25,4,16.5,20.6,13.8,2.1,observed
2024-08-26,4,17.2,23.1,11.1,0.0,observed
2024-08-27,4,18.6,25.0,14.8,1.6,observed
2024-08-28,4,19.0,24.8,15.5,2.5,observed
2024-08-29,4,18.9,25.2,14.5,1.7,observed
2024-08-30,4,18.5,25.1,13.3,0.3,observed
2024-08-31,4,18.0,25.7,11.4,0.0,observed
2024-09-01,4,18.6,24.6,14.5,0.3,observed
2024-09-02,4,17.5,24.1,11.8,0.0,observed
2024-09-03,4,18.2,23.1,14.4,0.9,observed
2024-09-04,4,18.1,23.1,14.9,2.7,observed
2024-09-05,4,17.9,24.2,13.6,0.1,observed
2024-09-06,4,17.7,22.9,14.2,5.0,observed
2024-09-07,4,18.2,25.2,12.6,0.0,observed
2024-09-08,4,18.4,26.9,12.6,0.0,observed
2024-09-09,4,18.8,26.8,11.3,0.0,observed
2024-09-10,4,19.6,27.2,12.7,0.1,observed
2024-09-11,4,19.2,27.6,12.2,0.0,observed
2024-09-12,4,18.8,27.4,11.7,0.0,observed
2024-09-13,4,18.9,26.9,11.0,0.2,observed
2024-09-14,4,18.8,27.1,11.5,0.0,observed
2024-09-15,4,19.2,27.5,11.4,0.0,observed
2024-09-16,4,18.5,27.1,11.1,0.2,observed
2024-09-17,4,19.2,26.1,12.2,0.0,observed
2024-09-18,4,19.5,27.0,11.9,0.0,observed
2024-09-19,4,19.9,28.3,13.0,0.0,observed
2024-09-20,4,20.2,26.9,13.8,0.3,observed
2024-09-21,4,19.5,26.8,13.3,0.1,observed
2024-09-22,4,20.0,26.8,15.2,0.1,observed
2024-09-23,4,19.0,25.6,12.8,0.1,observed
2024-09-24,4,19.3,26.1,12.7,0.0,observed
2024-09-25,4,18.7,26.0,11.7,0.0,observed
2024-09-26,4,19.6,27.4,11.6,0.2,observed
2024-09-27,4,20.1,28.2,14.1,0.4,observed
2024-09-28,4,19.7,28.2,13.8,0.6,observed
2024-09-29,4,19.4,25.5,13.9,2.8,observed
2024-09-30,4,19.1,26.4,13.6,8.0,observed
2024-10-01,4,20.6,27.2,14.4,0.1,observed
2024-10-02,4,20.0,27.2,15.2,1.1,observed
2024-10-03,4,19.2,25.7,14.7,1.0,observed
2024-10-04,4,19.0,28.0,11.3,0.0,observed
2024-10-05,4,19.2,25.5,13.0,1.6,observed
2024-10-06,4,19.6,25.6,15.8,1.3,observed
2024-10-07,4,19.7,25.9,15.7,1.1,observed
2024-10-08,4,20.5,26.7,16.0,0.5,observed
2024-10-09,4,20.0,26.5,14.3,0.1,observed
2024-10-10,4,19.5,26.1,12.4,0.0,observed
2024-10-11,4,20.2,28.3,14.6,0.5,observed
2024-10-12,4,20.0,28.3,12.3,1.0,observed
2024-10-13,4,19.3,26.4,15.0,8.1,observed
2024-10-14,4,19.8,27.8,12.3,0.1,observed
2024-10-15,4,20.4,27.5,13.7,0.3,observed
2024-10-16,4,20.7,28.5,14.8,0.5,observed
2024-10-17,4,21.9,29.4,15.8,0.0,observed
2024-10-18,4,19.7,27.0,14.3,4.8,observed
2024-10-19,4,18.9,25.3,15.4,5.3,observed
2024-10-20,4,19.3,25.5,15.6,6.0,observed
2024-10-21,4,19.6,26.3,13.2,0.2,observed
2024-10-22,4,20.1,26.9,13.5,0.3,observed
2024-10-23,4,20.0,26.4,14.1,0.3,observed
2024-10-24,4,20.2,26.6,14.1,0.3,observed
2024-10-25,4,20.5,27.8,13.6,0.2,observed
2024-10-26,4,21.0,28.9,14.2,0.0,observed
2024-10-27,4,21.2,28.2,15.1,0.7,observed
2024-10-28,4,21.6,28.7,15.9,0.0,observed
2024-10-29,4,21.4,29.0,14.6,0.0,observed
2024-10-30,4,21.8,29.9,14.2,0.0,observed
2024-10-31,4,21.8,30.0,14.1,0.0,observed
2024-11-01,4,20.8,27.3,15.8,1.8,observed
2024-11-02,4,21.1,28.6,15.7,0.0,observed
2024-11-03,4,21.5,29.4,16.4,0.2,observed
2024-11-04,4,21.6,28.6,16.0,0.0,observed
2024-11-05,4,20.1,26.9,15.8,3.6,observed
2024-11-06,4,19.7,26.0,16.2,2.0,observed
2024-11-07,4,18.5,24.8,16.0,5.1,observed
2024-11-08,4,18.4,24.7,14.9,5.1,observed
2024-11-09,4,19.2,26.7,13.5,1.3,observed
2024-11-10,4,19.1,25.5,15.9,1.8,observed
2024-11-11,4,16.9,20.5,14.0,9.8,observed
2024-11-12,4,18.7,26.1,12.5,0.2,observed
2024-11-13,4,19.0,25.3,15.5,2.8,observed
2024-11-14,4,19.8,26.5,16.5,7.9,observed
2024-11-15,4,17.6,21.5,15.6,7.2,observed
2024-11-16,4,17.0,20.2,15.3,12.0,observed
2024-11-17,4,18.5,24.8,13.6,1.3,observed
2024-11-18,4,19.4,25.3,15.0,0.6,observed
2024-11-19,4,19.7,25.4,15.8,1.7,observed
2024-11-20,4,19.7,25.5,16.1,2.2,observed
2024-11-21,4,18.5,23.2,15.7,6.7,observed
2024-11-22,4,19.1,24.8,15.4,2.5,observed
2024-11-23,4,19.3,24.6,16.0,1.6,observed
2024-11-24,4,19.0,24.1,16.3,19.9,observed
2024-11-25,4,18.1,23.9,15.3,21.2,observed
2024-11-26,4,18.7,23.8,14.3,2.0,observed
2024-11-27,4,18.5,23.9,15.4,3.2,observed
2024-11-28,4,19.2,24.4,15.7,4.4,observed
2024-11-29,4,19.3,24.8,15.1,0.4,observed
2024-11-30,4,19.0,24.5,13.8,0.5,observed
2024-12-01,4,18.6,23.4,15.2,12.2,observed
2024-12-02,4,19.4,24.5,15.8,1.2,observed
2024-12-03,4,19.2,23.8,15.8,4.2,observed
2024-12-04,4,20.0,25.8,15.2,0.4,observed
2024-12-05,4,20.5,27.0,15.6,0.2,observed
2024-12-06,4,20.7,27.2,15.9,0.3,observed
2024-12-07,4,20.9,28.3,15.2,0.6,observed
2024-12-08,4,20.7,27.4,14.7,0.2,observed
2024-12-09,4,20.2,26.8,15.3,0.5,observed
2024-12-10,4,20.3,26.3,16.3,2.1,observed
2024-12-11,4,20.1,25.7,15.4,2.2,observed
2024-12-12,4,20.5,26.9,15.9,1.7,observed
2024-12-13,4,21.2,28.6,15.5,0.3,observed
2024-12-14,4,21.6,27.5,16.6,0.0,observed
2024-12-15,4,21.6,28.1,16.4,1.2,observed
2024-12-16,4,20.4,25.9,16.1,1.9,observed
2024-12-17,4,19.9,25.8,15.1,1.3,observed
2024-12-18,4,20.6,27.2,15.0,1.1,observed
2024-12-19,4,19.1,23.7,15.7,5.1,observed
2024-12-20,4,19.1,25.6,15.9,5.6,observed
2024-12-21,4,18.4,24.3,16.2,7.8,observed
2024-12-22,4,18.7,23.6,14.8,3.1,observed
2024-12-23,4,18.8,23.4,15.9,3.3,observed
2024-12-24,4,18.7,24.2,15.7,6.9,observed
2024-12-25,4,18.6,23.0,15.8,4.8,observed
2024-12-26,4,18.8,24.0,15.0,1.9,observed
2024-12-27,4,19.0,24.8,14.5,0.3,observed
2024-12-28,4,19.3,25.9,14.5,0.4,observed
2024-12-29,4,19.9,26.8,14.1,0.0,observed
2024-12-30,4,20.3,27.1,14.9,0.0,observed
2024-12-31,4,20.1,26.1,15.4,0.6,observed
2025-01-01,4,20.1,26.1,14.8,0.7,observed
2025-01-02,4,20.0,25.3,15.1,0.7,observed
2025-01-03,4,19.9,25.6,14.7,0.0,observed
2025-01-04,4,20.0,25.8,15.5,1.3,observed
2025-01-05,4,19.6,24.9,15.2,0.9,observed
2025-01-06,4,19.5,26.3,13.4,0.0,observed
2025-01-07,4,20.3,28.0,13.9,0.0,observed
2025-01-08,4,21.1,28.2,14.6,0.0,observed
2025-01-09,4,21.0,27.7,15.9,0.5,observed
2025-01-10,4,20.4,26.1,15.6,1.3,observed
2025-01-11,4,21.0,27.6,15.5,0.1,observed
2025-01-12,4,21.8,27.6,16.1,0.2,observed
2025-01-13,4,22.0,27.7,16.7,0.0,observed
2025-01-14,4,21.0,27.0,16.2,0.0,observed
2025-01-15,4,19.1,25.3,14.1,0.2,observed
2025-01-16,4,19.6,26.0,14.2,0.0,observed
2025-01-17,4,20.2,26.7,14.6,0.0,observed
2025-01-18,4,21.3,28.0,15.0,0.0,observed
2025-01-19,4,21.7,27.6,16.3,0.0,observed
2025-01-20,4,22.1,28.9,16.1,0.0,observed
2025-01-21,4,22.0,28.6,15.8,0.0,observed
2025-01-22,4,22.3,28.8,16.3,0.0,observed
2025-01-23,4,21.8,27.9,15.8,0.0,observed
2025-01-24,4,21.7,28.8,15.8,0.1,observed
2025-01-25,4,21.8,28.5,16.0,0.4,observed
2025-01-26,4,19.8,25.8,16.5,8.0,observed
2025-01-27,4,19.2,23.8,15.7,0.3,observed
2025-01-28,4,18.5,24.2,15.1,5.4,observed
2025-01-29,4,19.3,24.9,14.4,4.7,observed
2025-01-30,4,17.8,22.5,15.1,25.5,observed
2025-01-31,4,19.3,25.0,14.6,0.4,observed
2025-02-01,4,19.4,24.8,15.4,1.2,observed
2025-02-02,4,20.2,26.0,15.3,0.3,observed
2025-02-03,4,20.7,26.9,15.3,0.0,observed
2025-02-04,4,20.2,26.7,15.2,0.0,observed
2025-02-05,4,20.4,27.4,14.5,0.5,observed
2025-02-06,4,21.1,27.2,15.5,0.2,observed
2025-02-07,4,21.1,26.9,16.4,0.3,observed
2025-02-08,4,21.8,29.9,15.1,0.0,observed
2025-02-09,4,22.3,29.3,15.5,0.0,observed
2025-02-10,4,22.2,29.1,16.1,0.0,observed
2025-02-11,4,21.7,27.7,16.2,0.0,observed
2025-02-12,4,20.6,26.4,15.7,1.1,observed
2025-02-13,4,20.5,26.1,17.0,3.2,observed
2025-02-14,4,21.6,28.7,15.2,0.0,observed
2025-02-15,4,22.8,29.8,16.3,0.0,observed
2025-02-16,4,22.6,29.3,16.7,0.8,observed
2025-02-17,4,22.1,28.1,16.3,0.1,observed
2025-02-18,4,22.0,29.5,15.2,0.0,observed
2025-02-19,4,22.6,30.1,15.2,0.0,observed
2025-02-20,4,23.3,31.1,16.2,0.0,observed
2025-02-21,4,23.0,30.0,15.9,0.0,observed
2025-02-22,4,22.0,28.3,15.2,0.0,observed
2025-02-23,4,22.0,29.0,15.4,0.0,observed
2025-02-24,4,22.0,28.6,15.1,0.0,observed
2025-02-25,4,22.0,28.9,15.3,0.0,observed
2025-02-26,4,22.4,29.3,15.9,0.0,observed
2025-02-27,4,23.1,30.1,16.1,0.0,observed
2025-02-28,4,23.5,31.1,16.0,0.0,observed
2025-03-01,4,23.5,29.7,16.9,0.0,observed
2025-03-02,4,22.9,29.9,16.0,0.0,observed
2025-03-03,4,22.9,29.3,15.9,0.0,observed
2025-03-04,4,22.7,29.5,16.3,0.0,observed
2025-03-05,4,23.1,30.1,16.9,0.0,observed
2025-03-06,4,23.1,30.5,16.2,0.0,observed
2025-03-07,4,23.7,31.3,16.8,0.7,observed
2025-03-08,4,23.0,29.5,17.9,0.9,observed
2025-03-09,4,22.1,28.5,17.7,2.3,observed
2025-03-10,4,20.1,25.2,16.8,13.8,observed
2025-03-11,4,20.6,26.6,16.4,1.6,observed
2025-03-12,4,20.3,26.1,16.3,1.0,observed
2025-03-13,4,20.2,26.1,15.7,2.2,observed
2025-03-14,4,22.6,30.5,15.9,0.0,observed
2025-03-15,4,22.9,29.9,16.7,0.0,observed
2025-03-16,4,22.3,28.9,16.2,0.0,observed
2025-03-17,4,21.5,28.0,16.3,0.9,observed
2025-03-18,4,20.4,26.3,16.5,3.8,observed
2025-03-19,4,19.6,24.4,16.0,11.2,observed
2025-03-20,4,19.2,23.7,16.0,7.5,observed
2025-03-21,4,20.3,27.0,15.9,2.1,observed
2025-03-22,4,20.5,26.2,16.2,2.1,observed
2025-03-23,4,20.5,26.6,16.0,3.7,observed
2025-03-24,4,21.1,27.8,17.0,1.0,observed
2025-03-25,4,20.1,26.4,15.3,2.1,observed
2025-03-26,4,19.8,25.7,15.9,1.8,observed
2025-03-27,4,19.6,25.7,15.7,4.4,observed
2025-03-28,4,18.5,23.6,15.9,7.6,observed
2025-03-29,4,19.3,24.2,16.1,3.5,observed
2025-03-30,4,19.3,24.0,15.8,2.8,observed
2025-03-31,4,18.8,23.1,16.2,9.6,observed
2025-04-01,4,19.6,25.1,16.1,3.9,observed
2025-04-02,4,20.2,25.8,15.8,0.1,observed
2025-04-03,4,19.8,25.4,16.3,5.0,observed
2025-04-04,4,19.5,25.6,16.7,2.4,observed
2025-04-05,4,19.6,25.7,16.6,3.9,observed
2025-04-06,4,17.6,21.6,16.3,9.8,observed
2025-04-07,4,18.8,23.4,15.9,2.0,observed
2025-04-08,4,19.5,24.7,15.8,2.2,observed
2025-04-09,4,20.1,26.0,15.8,0.2,observed
2025-04-10,4,19.4,24.1,16.7,1.1,observed
2025-04-11,4,19.3,25.1,15.1,1.3,observed
2025-04-12,4,19.5,25.1,16.6,2.7,observed
2025-04-13,4,19.2,24.4,16.0,5.3,observed
2025-04-14,4,19.6,25.3,16.3,3.7,observed
2025-04-15,4,19.7,25.3,16.4,3.3,observed
2025-04-16,4,19.7,25.5,15.6,2.8,observed
2025-04-17,4,20.1,25.7,15.8,1.3,observed
2025-04-18,4,20.3,26.2,16.7,3.8,observed
2025-04-19,4,19.4,26.2,16.6,14.0,observed
2025-04-20,4,18.8,24.7,15.7,10.0,observed
2025-04-21,4,18.3,23.2,15.2,11.8,observed
2025-04-22,4,18.9,23.9,16.4,5.7,observed
2025-04-23,4,17.7,22.2,16.1,9.1,observed
2025-04-24,4,18.2,22.3,15.2,2.3,observed
2025-04-25,4,18.3,23.3,15.4,3.4,observed
2025-04-26,4,18.8,24.7,14.6,0.0,observed
2025-04-27,4,19.1,24.9,15.4,1.0,observed
2025-04-28,4,19.8,24.8,15.4,0.3,observed
2025-04-29,4,19.9,25.6,16.0,2.5,observed
2025-04-30,4,19.5,25.0,16.2,2.2,observed
2025-05-01,4,19.6,25.3,15.7,0.7,observed
2025-05-02,4,20.2,26.2,15.9,0.9,observed
2025-05-03,4,20.5,26.4,16.2,3.0,observed
2025-05-04,4,20.0,26.7,15.9,10.5,observed
2025-05-05,4,18.8,23.6,15.4,12.5,observed
2025-05-06,4,18.2,23.6,14.5,17.8,observed
2025-05-07,4,18.6,23.5,15.0,10.2,observed
2025-05-08,4,18.9,24.0,14.8,2.1,observed
2025-05-09,4,19.1,23.6,15.6,2.1,observed
2025-05-10,4,19.1,24.4,15.9,1.5,observed
2025-05-11,4,18.9,24.3,15.5,3.6,observed
2025-05-12,4,19.2,25.3,15.9,15.9,observed
2025-05-13,4,18.3,23.2,15.1,26.8,observed
2025-05-14,4,18.4,23.6,14.6,2.2,observed
2025-05-15,4,18.7,23.3,14.7,1.4,observed
2025-05-16,4,18.8,23.5,15.3,1.1,observed
2025-05-17,4,18.9,23.8,15.1,0.7,observed
2025-05-18,4,18.6,23.5,15.8,2.9,observed
2025-05-19,4,18.7,22.8,15.1,2.6,observed
2025-05-20,4,19.5,24.6,16.1,1.8,observed
2025-05-21,4,19.6,24.5,16.4,0.9,observed
2025-05-22,4,19.6,25.1,16.8,1.8,observed
2025-05-23,4,19.5,24.7,15.7,2.4,observed
2025-05-24,4,19.8,26.4,14.0,0.0,observed
2025-05-25,4,18.5,23.3,14.4,0.8,observed
2025-05-26,4,19.0,25.0,14.0,2.2,observed
2025-05-27,4,18.0,22.9,14.6,10.3,observed
2025-05-28,4,19.0,24.4,14.9,0.5,observed
2025-05-29,4,19.2,24.3,15.3,1.3,observed
2025-05-30,4,19.1,25.6,13.9,0.0,observed
2025-05-31,4,18.9,26.3,13.3,0.0,observed
2025-06-01,4,18.4,23.9,13.6,2.2,observed
2025-06-02,4,19.2,23.9,15.4,2.2,observed
2025-06-03,4,19.5,25.6,15.0,0.0,observed
2025-06-04,4,19.0,25.6,14.4,0.5,observed
2025-06-05,4,19.0,25.3,15.8,3.4,observed
2025-06-06,4,18.0,22.9,15.2,6.8,observed
2025-06-07,4,18.5,23.0,15.3,4.4,observed
2025-06-08,4,18.5,23.5,14.4,1.5,observed
2025-06-09,4,17.9,23.6,14.1,8.4,observed
2025-06-10,4,18.2,24.2,13.1,0.8,observed
2025-06-11,4,18.1,23.5,13.9,0.9,observed
2025-06-12,4,18.5,23.2,15.4,2.4,observed
2025-06-13,4,18.8,25.4,14.0,0.2,observed
2025-06-14,4,18.1,24.9,11.8,0.0,observed
2025-06-15,4,18.7,24.5,13.9,0.0,observed
2025-06-16,4,18.4,23.8,12.7,0.0,observed
2025-06-17,4,19.0,24.6,13.9,0.5,observed
2025-06-18,4,18.9,24.7,13.4,0.3,observed
2025-06-19,4,19.2,24.8,14.6,0.0,observed
2025-06-20,4,18.5,23.5,14.8,3.0,observed
2025-06-21,4,18.9,25.3,12.8,0.1,observed
2025-06-22,4,18.8,24.6,14.5,1.2,observed
2025-06-23,4,18.8,24.9,15.1,1.1,observed
2025-06-24,4,18.5,25.6,12.1,0.0,observed
2025-06-25,4,18.4,24.2,13.1,0.7,observed
2025-06-26,4,18.7,23.8,15.6,4.1,observed
2025-06-27,4,19.6,25.6,15.6,0.2,observed
2025-06-28,4,18.6,24.9,14.5,0.7,observed
2025-06-29,4,18.0,21.6,14.9,0.0,observed
2025-06-30,4,17.4,21.6,13.6,0.0,observed
2025-07-01,4,17.8,23.1,13.5,0.6,observed
2025-07-02,4,18.6,23.7,13.4,0.0,observed
2025-07-03,4,18.2,22.9,14.7,0.5,observed
2025-07-04,4,18.8,24.0,15.1,0.5,observed
2025-07-05,4,18.2,22.2,14.9,1.0,observed
2025-07-06,4,18.6,23.5,15.0,0.9,observed
2025-07-07,4,18.1,22.2,15.1,0.7,observed
2025-07-08,4,17.8,22.4,14.4,0.6,observed
2025-07-09,4,17.3,20.0,14.4,0.1,observed
2025-07-10,4,18.4,22.9,14.9,0.0,observed
2025-07-11,4,18.1,22.3,15.0,1.4,observed
2025-07-12,4,18.4,23.3,14.2,1.4,observed
2025-07-13,4,18.3,22.4,15.3,2.0,observed
2025-07-14,4,18.6,23.8,13.3,0.2,observed
2025-07-15,4,18.6,23.7,13.4,0.2,observed
2025-07-16,4,18.6,23.3,14.0,0.7,observed
2025-07-17,4,18.8,24.1,13.6,1.3,observed
2025-07-18,4,18.5,23.6,13.6,0.9,observed
2025-07-19,4,19.4,26.6,13.2,0.4,observed
2025-07-20,4,17.7,25.0,12.3,0.0,observed
2025-07-21,4,17.8,24.8,11.6,0.0,observed
2025-07-22,4,17.6,24.5,11.8,0.1,observed
2025-07-23,4,16.5,20.2,13.1,0.5,observed
2025-07-24,4,18.0,26.5,11.5,0.0,observed
2025-07-25,4,18.9,26.8,11.8,0.0,observed
2025-07-26,4,18.9,26.8,12.2,0.0,observed
2025-07-27,4,18.5,25.7,11.7,0.0,observed
2025-07-28,4,18.5,26.2,12.0,0.0,observed
2025-07-29,4,18.0,23.7,14.1,0.2,observed
2025-07-30,4,18.4,27.5,13.0,0.1,observed
2025-07-31,4,19.0,27.0,13.8,0.4,observed
2025-08-01,4,18.1,22.9,14.8,0.9,observed
2025-08-02,4,18.0,23.9,13.6,0.6,observed
2025-08-03,4,18.0,23.0,13.4,0.5,observed
2025-08-04,4,18.2,24.9,12.7,0.0,observed
2025-08-05,4,17.2,24.3,11.5,0.0,observed
2025-08-06,4,18.4,25.8,11.5,0.0,observed
2025-08-07,4,19.3,26.8,14.6,0.8,observed
2025-08-08,4,16.8,22.5,14.4,10.1,observed
2025-08-09,4,15.8,18.8,14.4,9.0,observed
2025-08-10,4,16.8,22.2,12.9,1.0,observed
2025-08-11,4,17.3,22.1,13.3,0.1,observed
2025-08-12,4,16.6,19.9,14.2,1.5,observed
2025-08-13,4,17.7,23.4,12.0,0.1,observed
2025-08-14,4,18.1,24.7,11.4,0.1,observed
2025-08-15,4,18.4,23.8,13.8,0.0,observed
2025-08-16,4,18.0,24.3,13.3,4.6,observed
2025-08-17,4,17.4,21.9,13.2,6.6,observed
2025-08-18,4,16.8,19.9,15.5,16.0,observed
2025-08-19,4,16.6,20.7,13.5,2.8,observed
2025-08-20,4,16.8,22.7,12.5,0.4,observed
2025-08-21,4,16.8,21.7,13.8,1.3,observed
2025-08-22,4,16.9,21.6,13.2,0.0,observed
2025-08-23,4,16.1,19.5,12.7,0.0,observed
2025-08-24,4,17.4,22.8,12.2,1.4,observed
2025-08-25,4,18.3,23.5,14.4,0.9,observed
2025-08-26,4,18.5,25.2,13.7,0.2,observed
2025-08-27,4,18.9,25.1,13.1,0.4,observed
2025-08-28,4,18.7,25.6,13.6,0.0,observed
2025-08-29,4,18.2,26.7,11.7,0.0,observed
2025-08-30,4,18.5,25.8,13.7,0.5,observed
2025-08-31,4,18.2,24.9,11.9,0.0,observed
2025-09-01,4,19.1,26.1,13.5,0.0,observed
2025-09-02,4,18.8,26.9,11.8,0.0,observed
2025-09-03,4,18.5,24.3,12.3,0.0,observed
2025-09-04,4,19.2,26.8,12.2,0.0,observed
2025-09-05,4,19.3,26.4,13.0,0.0,observed
2025-09-06,4,19.9,27.7,12.4,0.0,observed
2025-09-07,4,19.3,26.8,12.2,0.0,observed
2025-09-08,4,19.9,26.9,13.3,0.1,observed
2025-09-09,4,19.9,25.9,15.6,1.3,observed
2025-09-10,4,19.9,27.4,14.0,0.7,observed
2025-09-11,4,19.4,27.0,14.6,0.0,observed
2025-09-12,4,19.4,27.3,13.0,0.0,observed
2025-09-13,4,19.6,27.5,12.7,0.0,observed
2025-09-14,4,20.3,28.0,13.2,0.1,observed
2025-09-15,4,19.6,27.3,13.5,2.1,observed
2025-09-16,4,19.5,26.4,13.8,0.3,observed
2025-09-17,4,20.0,27.0,12.9,0.1,observed
2025-09-18,4,19.8,25.9,15.6,2.4,observed
2025-09-19,4,20.4,27.3,15.3,3.0,observed
2025-09-20,4,19.4,27.3,13.0,0.0,observed
2025-09-21,4,19.5,25.4,14.8,0.8,observed
2025-09-22,4,19.7,25.9,13.2,0.8,observed
2025-09-23,4,20.0,27.8,15.7,2.5,observed
2025-09-24,4,19.7,28.5,12.1,0.0,observed
2025-09-25,4,20.3,28.2,13.1,0.0,observed
2025-09-26,4,20.5,28.1,14.7,0.2,observed
2025-09-27,4,20.9,28.3,15.1,0.8,observed
2025-09-28,4,20.3,27.2,14.9,0.1,observed
2025-09-29,4,20.5,29.1,14.1,0.6,observed
2025-09-30,4,20.4,29.2,13.9,0.0,observed
2025-10-01,4,20.9,29.3,13.4,0.0,observed
2025-10-02,4,21.0,28.3,12.8,0.0,observed
2025-10-03,4,20.5,27.0,15.8,1.0,observed
2025-10-04,4,18.5,22.8,16.0,0.8,observed
2025-10-05,4,19.2,25.2,15.6,1.2,observed
2025-10-06,4,19.3,25.0,14.9,0.8,observed
2025-10-07,4,19.0,26.0,15.7,2.7,observed
2025-10-08,4,18.9,24.1,15.0,4.2,observed
2025-10-09,4,19.2,25.5,14.8,3.5,observed
2025-10-10,4,19.3,24.9,15.1,3.8,observed
2025-10-11,4,19.8,27.5,13.5,0.0,observed
2025-10-12,4,19.9,26.7,13.5,0.1,observed
2025-10-13,4,19.9,26.5,14.9,0.3,observed
2025-10-14,4,20.1,26.3,15.3,0.2,observed
2025-10-15,4,20.3,27.7,14.6,0.1,observed
2025-10-16,4,20.2,25.9,14.8,0.9,observed
2025-10-17,4,19.3,25.7,15.5,5.2,observed
2025-10-18,4,19.6,25.1,15.6,2.6,observed
2025-10-19,4,19.7,25.8,14.3,0.1,observed
2025-10-20,4,20.7,28.5,13.1,0.0,observed
2025-10-21,4,21.2,28.0,14.7,0.3,observed
2025-10-22,4,19.5,23.6,16.6,1.0,observed
2025-10-23,4,20.4,26.4,16.0,0.7,observed
2025-10-24,4,19.2,24.7,16.0,4.0,observed
2025-10-25,4,20.2,25.8,16.0,0.7,observed
2025-10-26,4,20.4,25.9,14.8,0.8,observed
2025-10-27,4,19.8,26.3,14.9,5.1,observed
2025-10-28,4,19.4,25.5,16.3,13.2,observed
2025-10-29,4,18.2,22.1,16.2,10.4,observed
2025-10-30,4,18.3,23.8,15.7,8.0,observed
2025-10-31,4,18.3,23.7,15.2,11.5,observed
2025-11-01,4,18.1,21.8,16.0,5.1,observed
2025-11-02,4,18.4,23.6,15.8,5.2,observed
2025-11-03,4,18.6,24.2,14.9,3.3,observed
2025-11-04,4,18.8,25.4,15.2,2.4,observed
2025-11-05,4,19.5,25.7,14.4,0.1,observed
2025-11-06,4,19.7,25.7,15.9,1.1,observed
2025-11-07,4,19.7,25.6,16.0,4.5,observed
2025-11-08,4,19.4,26.1,15.6,1.8,observed
2025-11-09,4,17.2,20.5,15.4,4.4,observed
2025-11-10,4,18.4,24.4,13.5,1.2,observed
2025-11-11,4,19.3,24.6,15.5,1.4,observed
2025-11-12,4,19.1,24.9,15.2,2.8,observed
2025-11-13,4,18.8,23.9,15.7,3.5,observed
2025-11-14,4,18.6,25.2,14.7,2.1,observed
2025-11-15,4,19.7,25.4,15.2,1.1,observed
2025-11-16,4,20.0,25.3,16.3,1.9,observed
2025-11-17,4,19.6,25.0,15.3,0.6,observed
2025-11-18,4,19.2,26.0,16.1,2.4,observed
2025-11-19,4,19.2,25.8,14.1,0.4,observed
2025-11-20,4,19.6,26.1,14.1,0.1,observed
2025-11-21,4,20.1,26.4,15.2,1.0,observed
2025-11-22,4,19.5,25.3,13.5,0.2,observed
2025-11-23,4,18.6,23.6,14.7,4.1,observed
2025-11-24,4,19.0,25.5,13.1,0.7,observed
2025-11-25,4,19.5,25.4,15.8,3.9,observed
2025-11-26,4,18.8,23.7,15.4,7.0,observed
2025-11-27,4,19.0,24.0,15.6,3.9,observed
2025-11-28,4,19.7,25.4,15.6,1.7,observed
2025-11-29,4,19.9,26.1,15.7,1.0,observed
2025-11-30,4,20.2,26.1,15.2,0.0,observed
2025-12-01,4,19.8,25.8,14.3,0.0,observed
2025-12-02,4,19.9,26.8,13.6,0.0,observed
2025-12-03,4,20.1,26.4,15.1,0.5,observed
2025-12-04,4,20.1,26.0,16.0,2.1,observed
2025-12-05,4,19.6,25.6,15.4,1.4,observed
2025-12-06,4,19.4,25.3,15.1,1.6,observed
2025-12-07,4,19.2,24.5,14.8,1.2,observed
2025-12-08,4,19.0,24.4,15.4,1.5,observed
2025-12-09,4,19.5,25.3,14.7,0.3,observed
2025-12-10,4,20.1,26.4,14.8,0.0,observed
2025-12-11,4,20.2,26.0,15.8,1.0,observed
2025-12-12,4,20.0,26.3,15.8,2.0,observed
2025-12-13,4,19.6,26.2,14.2,6.4,observed
2025-12-14,4,18.7,24.6,15.8,5.5,observed
2025-12-15,4,19.7,25.4,15.2,2.4,observed
2025-12-16,4,20.2,26.0,16.1,2.3,observed
2025-12-17,4,20.8,27.2,16.4,1.6,observed
2025-12-18,4,20.5,26.8,16.0,1.5,observed
2025-12-19,4,19.2,25.6,16.1,4.2,observed
2025-12-20,4,19.8,25.7,15.8,3.9,observed
2025-12-21,4,18.4,24.0,15.9,4.5,observed
2025-12-22,4,19.0,24.5,15.3,2.9,observed
2025-12-23,4,19.7,25.6,14.7,0.3,observed
2025-12-24,4,19.9,26.1,15.5,1.6,observed
2025-12-25,4,20.6,26.7,14.8,0.9,observed
2025-12-26,4,21.9,28.8,15.9,0.1,observed
2025-12-27,4,21.2,29.5,16.3,10.1,observed
2025-12-28,4,18.1,23.8,15.8,9.5,observed
2025-12-29,4,19.1,25.5,15.3,5.1,observed
2025-12-30,4,18.8,24.3,14.7,3.6,observed
2025-12-31,4,19.0,24.7,14.6,0.5,observed
2026-01-01,4,18.7,24.0,14.8,1.8,observed
2026-01-02,4,19.5,25.7,14.6,0.1,observed
2026-01-03,4,20.4,27.1,14.7,0.0,observed
2026-01-04,4,20.9,26.7,15.3,0.0,observed
2026-01-05,4,20.9,27.0,15.7,0.0,observed
2026-01-06,4,20.5,26.4,14.9,0.0,observed
2026-01-07,4,21.1,27.6,15.2,0.0,observed
2026-01-08,4,21.2,26.3,16.6,0.0,observed
2026-01-09,4,21.0,27.0,16.0,0.3,observed
2026-01-10,4,20.4,26.7,14.8,2.0,observed
2026-01-11,4,21.3,28.0,15.9,0.4,observed
2026-01-12,4,19.9,25.3,15.0,7.5,observed
2026-01-13,4,20.3,26.2,15.5,0.1,observed
2026-01-14,4,20.0,26.6,13.7,0.0,observed
2026-01-15,4,20.8,27.7,14.3,0.0,observed
2026-01-16,4,21.9,29.7,15.0,0.0,observed
2026-01-17,4,21.0,27.7,15.9,0.7,observed
2026-01-18,4,20.9,26.7,15.9,1.1,observed
2026-01-19,4,20.5,26.1,15.2,0.7,observed
2026-01-20,4,21.1,27.8,14.9,0.0,observed
2026-01-21,4,21.6,28.7,15.0,0.0,observed
2026-01-22,4,20.6,26.3,15.5,0.3,observed
2026-01-23,4,21.3,27.6,14.9,0.0,observed
2026-01-24,4,22.0,29.4,15.2,0.0,observed
2026-01-25,4,23.0,31.3,16.0,0.0,observed
2026-01-26,4,22.9,30.1,16.0,0.0,observed
2026-01-27,4,22.2,28.9,15.9,0.0,observed
2026-01-28,4,22.2,28.1,16.6,0.1,observed
2026-01-29,4,22.7,29.9,16.1,0.0,observed
2026-01-30,4,22.4,28.7,16.0,0.0,observed
2026-01-31,4,22.4,28.5,16.4,0.0,observed
2026-02-01,4,22.4,28.6,16.4,0.0,observed
2026-02-02,4,21.9,27.7,15.7,0.0,observed
2026-02-03,4,22.1,28.7,15.8,0.0,observed
2026-02-04,4,22.4,29.9,15.6,0.0,observed
2026-02-05,4,22.3,28.8,17.1,0.1,observed
2026-02-06,4,22.2,27.8,17.5,0.2,observed
2026-02-07,4,22.4,29.5,15.6,0.0,observed
2026-02-08,4,22.1,28.6,16.4,0.4,observed
2026-02-09,4,21.4,27.4,16.5,1.2,observed
2026-02-10,4,22.4,28.7,17.0,0.0,observed
2026-02-11,4,22.2,28.7,15.6,0.0,observed
2026-02-12,4,22.4,29.6,15.5,0.0,observed
2026-02-13,4,22.6,30.0,15.7,0.0,observed
2026-02-14,4,22.0,28.6,16.5,0.1,observed
2026-02-15,4,21.1,28.3,16.3,1.9,observed
2026-02-16,4,20.9,28.0,15.8,0.4,observed
2026-02-17,4,21.2,27.1,16.8,1.2,observed
2026-02-18,4,20.2,25.4,16.1,0.9,observed
2026-02-19,4,21.6,28.2,15.2,0.6,observed
2026-02-20,4,22.7,28.9,16.7,0.4,observed
2026-02-21,4,19.4,23.5,16.3,6.9,observed
2026-02-22,4,18.7,24.5,15.7,10.6,observed
2026-02-23,4,18.2,21.4,16.1,8.9,observed
2026-02-24,4,18.8,23.7,15.2,4.7,observed
2026-02-25,4,18.5,24.2,15.3,17.1,observed
2026-02-26,4,19.1,25.1,15.2,16.3,observed
2026-02-27,4,19.1,25.4,15.9,13.2,observed
2026-02-28,4,18.5,23.5,15.0,8.0,observed
2026-03-01,4,18.5,23.3,15.9,8.9,observed
2026-03-02,4,18.5,23.6,15.6,7.2,observed
2026-03-03,4,19.0,24.0,16.0,6.6,observed
2026-03-04,4,18.7,23.9,15.9,20.5,observed
2026-03-05,4,18.5,23.7,15.7,15.7,observed
2026-03-06,4,18.3,23.5,16.2,21.9,observed
2026-03-07,4,18.3,22.7,14.8,8.4,observed
2026-03-08,4,18.8,24.4,14.5,5.4,observed
2026-03-09,4,19.1,24.0,15.6,3.4,observed
2026-03-10,4,19.0,24.3,16.1,3.6,observed
2026-03-11,4,19.6,25.2,16.0,0.9,observed
2026-03-12,4,19.9,25.2,16.2,0.6,observed
2026-03-13,4,20.2,26.3,15.2,1.8,observed
2026-03-14,4,19.7,24.8,16.2,2.0,observed
2026-03-15,4,19.8,25.2,16.6,1.3,observed
2026-03-16,4,19.6,25.1,15.4,0.5,observed
2026-03-17,4,19.9,26.0,16.4,2.2,observed
2026-03-18,4,19.9,26.4,16.2,5.2,observed
2026-03-19,4,19.9,25.7,16.3,3.5,observed
2026-03-20,4,18.6,23.9,15.7,30.5,observed
2026-03-21,4,18.9,23.6,16.2,31.5,observed
2026-03-22,4,18.7,23.8,15.9,9.3,observed
2026-03-23,4,18.3,23.2,15.9,7.1,observed
2026-03-24,4,18.5,23.7,15.7,11.9,observed
2026-03-25,4,18.6,23.5,15.7,3.1,observed
2026-03-26,4,19.1,24.5,15.7,2.7,observed
2026-03-27,4,18.3,23.1,15.8,7.3,observed
2026-03-28,4,18.7,23.8,15.8,3.8,observed
2026-03-29,4,19.0,24.3,15.0,0.5,observed
2026-03-30,4,19.1,24.5,15.8,1.8,observed
2026-03-31,4,18.8,24.1,15.2,3.2,observed
2026-04-01,4,19.4,24.5,16.1,1.7,observed
2026-04-02,4,19.2,24.5,15.4,2.4,observed
2026-04-03,4,19.6,25.2,15.4,1.1,observed
2026-04-04,4,19.6,25.1,15.2,1.0,observed
2026-04-05,4,18.9,24.0,15.2,4.6,observed
2026-04-06,4,19.5,24.9,15.0,1.3,observed
2026-04-07,4,19.5,24.6,16.0,2.6,observed
2026-04-08,4,19.9,25.2,16.1,2.0,observed
2026-04-09,4,19.8,25.4,16.0,0.5,observed
2026-04-10,4,19.9,25.9,16.0,0.7,observed
2026-04-11,4,20.5,27.0,15.5,0.6,observed
2026-04-12,4,20.2,25.5,16.6,4.2,observed
2026-04-13,4,19.4,25.2,16.4,4.5,observed
2026-04-14,4,18.8,23.3,16.3,9.4,observed
2026-04-15,4,18.9,23.9,16.2,4.2,observed
2026-04-16,4,18.8,24.2,16.1,4.2,observed
2026-04-17,4,18.3,22.8,15.8,8.4,observed
2026-04-18,4,18.6,23.2,15.8,12.1,observed
2026-04-19,4,18.8,23.2,15.9,4.2,observed
2026-04-20,4,19.1,23.7,15.8,2.5,observed
2026-04-21,4,19.2,24.0,16.1,1.2,observed
2026-04-22,4,19.2,24.2,16.4,2.9,observed
2026-04-23,4,18.2,22.3,16.1,9.7,observed
2026-04-24,4,18.8,23.3,15.2,0.7,observed
2026-04-25,4,18.8,23.4,14.1,2.3,observed
2026-04-26,4,18.9,24.0,15.5,9.7,observed
2026-04-27,4,18.8,23.9,15.9,18.6,observed
2026-04-28,4,18.3,23.0,16.3,32.5,observed
2026-04-29,4,17.1,20.6,14.6,7.1,observed
2026-04-30,4,18.1,22.6,15.4,10.4,observed
2026-05-01,4,18.4,23.0,16.0,10.8,observed
2026-05-02,4,18.5,23.2,16.1,5.3,observed
2026-05-03,4,19.0,23.9,14.4,2.3,observed
2026-05-04,4,19.1,23.8,15.0,2.3,observed
2026-05-05,4,19.4,23.8,16.4,1.8,observed
2026-05-06,4,19.6,24.8,16.4,2.5,observed
2026-05-07,4,19.5,24.3,16.1,1.2,observed
2026-05-08,4,19.7,25.0,16.6,1.7,observed
2026-05-09,4,19.0,23.5,16.6,8.4,observed
2026-05-10,4,19.0,23.8,15.3,0.7,observed
2026-05-11,4,19.5,24.8,15.1,1.1,observed
2026-05-12,4,18.8,23.2,16.2,2.4,observed
2026-05-13,4,19.0,23.9,16.4,8.0,observed
2026-05-14,4,19.3,24.1,16.2,0.9,observed
2026-05-15,4,19.1,23.3,16.0,0.7,observed
2026-05-16,4,19.1,24.4,16.0,1.7,observed
2026-05-17,4,18.8,23.4,15.4,1.6,observed
2026-05-18,4,19.2,23.7,15.7,0.7,observed
2026-05-19,4,19.2,24.4,14.3,0.0,observed
2026-05-20,4,19.3,24.5,14.6,0.0,observed
2026-05-21,4,19.4,24.8,16.0,0.7,observed
2026-05-22,4,19.8,25.9,15.0,0.5,observed
2026-05-23,4,19.9,25.7,16.5,0.6,observed
2026-05-24,4,19.8,25.3,15.1,0.2,observed
2026-05-25,4,19.1,24.4,15.7,0.6,observed
2026-05-26,4,19.1,24.6,15.1,0.3,observed
2026-05-27,4,18.9,23.2,15.8,0.4,observed
2026-05-28,4,19.1,24.1,15.6,0.5,observed
2026-05-29,4,18.9,23.5,14.5,0.9,observed
2026-05-30,4,18.4,23.3,16.3,3.5,observed
2026-05-31,4,19.1,23.6,16.1,2.9,observed
2026-06-01,4,18.6,22.1,15.8,6.7,observed
2026-06-02,4,18.4,23.0,15.9,5.0,observed
2026-06-03,4,18.3,22.2,15.4,0.8,observed
2026-06-04,4,19.0,24.0,15.6,2.3,observed
2026-06-05,4,18.9,25.0,13.3,0.1,observed
2026-06-06,4,19.9,26.5,15.5,0.2,observed
2026-06-07,4,19.3,26.0,15.2,0.2,observed
2026-06-08,4,19.3,25.8,14.6,0.5,observed
2026-06-09,4,19.0,25.9,13.6,0.0,observed
2026-06-10,4,19.1,24.9,14.9,0.3,observed
2026-06-11,4,19.1,24.6,15.2,0.1,observed
2026-06-12,4,19.7,25.8,15.6,1.5,observed
2026-06-13,4,18.1,22.7,15.6,2.1,observed
2026-06-14,4,17.5,22.3,13.8,0.3,observed
2026-06-15,4,18.1,24.4,13.0,0.1,observed
2026-06-16,4,17.7,24.1,10.6,0.2,observed
2026-06-17,4,17.4,21.7,12.5,1.4,observed
2026-06-18,4,18.0,23.6,14.0,1.2,observed
2026-06-19,4,18.7,24.2,14.4,0.5,observed
2026-06-20,4,18.5,23.0,14.7,0.9,observed
2026-06-21,4,18.0,22.7,14.6,0.6,observed
2026-06-22,4,17.1,21.3,13.3,0.2,observed
2026-06-23,4,17.3,22.6,12.3,0.0,observed
2026-06-24,4,17.4,22.3,13.0,1.2,observed
2026-06-25,4,18.1,23.9,13.4,2.4,observed
2026-06-26,4,18.9,24.7,13.0,0.6,observed
2026-06-27,4,18.1,24.9,12.1,0.2,observed
2026-06-28,4,18.1,24.4,12.3,0.0,observed
2026-06-29,4,17.5,23.4,12.4,0.1,observed
2026-06-30,4,18.1,22.6,14.7,0.9,observed
2026-07-01,4,17.5,23.0,14.3,0.1,observed
2026-07-02,4,18.4,25.2,11.6,0.1,observed
2026-07-03,4,18.8,25.8,12.6,0.1,observed
2026-07-04,4,18.1,24.1,13.6,0.2,observed
2026-07-05,4,17.2,21.5,14.2,0.0,observed
2026-07-06,4,18.2,24.7,13.0,0.0,observed
2026-07-07,4,17.6,23.3,11.6,0.1,observed
2026-07-08,4,18.5,24.8,13.8,0.2,observed
2026-07-09,4,18.7,24.7,14.2,0.0,observed
2026-07-10,4,18.1,23.6,14.2,0.7,observed
2026-07-11,4,17.7,21.7,15.7,2.8,observed
2026-07-12,4,18.1,23.5,13.3,0.2,observed
2026-07-13,4,18.6,24.9,12.7,0.0,observed
2026-07-14,4,18.0,25.0,12.3,0.0,observed
2026-07-15,4,18.9,25.2,14.3,0.1,observed
2026-07-16,4,19.5,26.4,13.2,0.3,observed
2026-07-17,4,17.8,24.4,12.8,0.0,observed
2026-07-18,4,18.9,25.3,13.0,0.6,observed
2026-07-19,4,19.3,26.3,12.7,0.0,observed
2026-07-20,4,18.0,24.6,12.8,0.1,observed
2026-07-21,4,18.9,25.9,13.1,0.4,observed
2026-07-22,4,18.2,24.2,12.8,0.1,observed
2026-07-23,4,17.9,24.3,13.0,0.2,observed
2026-07-24,4,19.0,24.9,13.7,0.2,observed
2026-07-25,4,18.1,23.4,13.6,0.3,observed
2026-07-26,4,17.1,21.6,12.9,0.4,observed
2026-07-27,4,17.3,22.1,13.9,0.4,observed
2026-07-28,4,17.2,22.2,12.0,0.0,observed
2026-07-29,4,18.2,24.3,13.2,0.0,observed
2026-07-30,4,18.4,24.8,12.6,0.3,observed
2026-07-31,4,18.6,25.3,13.0,0.6,observed
2026-08-01,4,17.6,25.2,12.8,0.1,observed
2026-08-02,4,17.3,22.8,13.2,0.7,observed
2026-08-03,4,16.6,21.5,12.5,0.1,observed
2026-08-04,4,16.4,20.6,12.7,0.8,observed
2026-08-05,4,18.3,25.6,11.6,0.0,observed
2026-08-06,4,17.7,25.1,12.6,0.0,observed
2026-08-07,4,18.4,23.8,13.3,0.0,observed
2026-08-08,4,18.2,24.3,13.1,0.1,observed
2026-08-09,4,18.2,23.6,14.1,0.6,observed
2026-08-10,4,18.2,27.9,12.5,0.4,observed
2026-08-11,4,18.6,26.4,11.5,0.0,observed
2026-08-12,4,19.4,27.0,11.7,0.0,observed
2026-08-13,4,19.4,26.3,12.0,0.0,observed
2026-08-14,4,19.3,26.7,11.6,0.0,observed
2026-08-15,4,18.5,24.0,12.7,0.0,observed
2026-08-16,4,17.9,20.9,15.0,0.4,observed
2026-08-17,4,18.3,23.6,14.6,0.4,observed
2026-08-18,4,18.2,22.2,15.1,2.5,observed
2026-08-19,4,18.2,23.3,15.5,3.9,observed
2026-08-20,4,18.2,25.1,13.1,0.2,observed
2026-08-21,4,18.2,25.0,11.1,0.0,observed
2026-08-22,4,19.8,27.5,12.0,0.0,observed
2026-08-23,4,20.7,27.3,16.1,2.8,observed
2026-08-24,4,20.6,27.1,16.7,0.9,observed
2026-08-25,4,19.7,27.1,13.0,0.0,observed
2026-08-26,4,19.4,27.4,12.1,0.0,observed
2026-08-27,4,18.6,27.9,12.2,0.4,observed
2026-08-28,4,19.0,25.9,12.5,0.0,observed
2026-08-29,4,19.0,25.4,13.3,0.0,observed
2026-08-30,4,18.9,25.7,14.0,0.2,observed
2026-08-31,4,17.4,21.7,13.8,3.7,observed
2026-09-01,4,17.8,23.2,13.2,2.5,observed
2026-09-02,4,19.1,26.5,14.7,0.7,observed
2026-09-03,4,18.2,25.0,12.6,0.0,observed
2026-09-04,4,20.1,29.7,13.7,0.4,observed
2026-09-05,4,20.2,27.8,13.5,0.1,observed
2026-09-06,4,20.2,28.1,13.7,0.0,observed
2026-09-07,4,20.2,27.1,13.3,0.0,observed
2026-09-08,4,17.8,21.9,13.7,0.6,observed
2026-09-09,4,17.5,21.9,13.4,1.1,observed
2026-09-10,4,18.8,24.0,14.3,1.8,observed
2026-09-11,4,19.1,24.3,15.4,0.9,observed
2026-09-12,4,18.6,23.5,15.4,6.2,observed
2026-09-13,4,19.1,24.9,14.9,0.9,observed
2026-09-14,4,19.9,27.0,13.4,0.4,observed
2026-09-15,4,17.7,20.3,15.5,0.9,observed
2026-09-16,4,17.8,21.9,14.5,2.8,observed
2026-09-17,4,18.5,24.5,15.0,0.1,observed
2026-09-18,4,16.9,20.9,13.1,3.7,observed
2026-09-19,4,18.7,25.1,14.4,1.4,observed
2026-09-20,4,17.6,22.6,13.7,4.0,observed
2026-09-21,4,18.0,22.4,15.5,4.8,observed
2026-09-22,4,19.3,24.6,15.5,0.6,observed
2026-09-23,4,19.0,24.9,14.7,0.8,observed
2026-09-24,4,19.9,27.5,13.0,0.0,observed
2026-09-25,4,20.2,28.5,13.4,0.2,observed
2026-09-26,4,20.3,28.6,14.5,0.0,observed
2026-09-27,4,20.6,27.5,15.3,0.6,observed
2026-09-28,4,20.7,27.7,16.8,1.6,observed
2026-09-29,4,20.3,25.8,16.4,1.3,observed
2026-09-30,4,20.1,27.7,14.0,0.0,observed
2026-10-01,4,21.0,29.2,13.9,0.0,observed
2026-10-02,4,21.0,28.1,14.4,0.0,observed
2026-10-03,4,21.6,28.9,14.6,0.0,observed
2026-10-04,4,20.9,26.9,15.8,2.0,observed
2026-10-05,4,21.6,28.1,16.0,0.7,observed
2026-10-06,4,21.2,27.2,16.4,1.2,observed
2026-10-07,4,20.3,26.1,16.7,5.2,observed
2026-10-08,4,20.2,25.3,16.4,4.3,observed
2026-10-09,4,19.7,25.7,16.0,6.4,forecast
2026-10-10,4,18.3,24.0,15.2,32.5,forecast
2026-10-11,4,19.1,25.8,14.6,16.9,forecast
2026-10-12,4,17.1,22.0,13.5,16.3,forecast
2026-10-13,4,17.7,23.8,13.2,22.6,forecast
2026-10-14,4,17.7,22.3,15.6,35.7,forecast
2026-10-15,4,17.6,21.9,15.3,35.2,forecast
2026-10-16,4,18.7,24.5,14.0,0.2,forecast
2026-10-17,4,18.6,24.8,13.3,0.3,forecast
2026-10-18,4,18.7,23.6,15.0,2.2,forecast
2024-01-01,5,20.5,26.9,15.5,0.8,observed
2024-01-02,5,20.3,26.8,15.4,1.6,observed
2024-01-03,5,20.3,26.0,16.4,1.7,observed
2024-01-04,5,20.5,26.9,15.2,0.4,observed
2024-01-05,5,19.0,26.2,15.7,7.6,observed
2024-01-06,5,19.7,25.9,15.8,1.4,observed
2024-01-07,5,19.5,24.7,15.9,9.9,observed
2024-01-08,5,19.7,25.4,15.2,0.3,observed
2024-01-09,5,19.5,25.9,14.5,0.5,observed
2024-01-10,5,19.1,24.7,14.6,2.5,observed
2024-01-11,5,18.7,25.3,14.9,1.4,observed
2024-01-12,5,19.2,25.3,14.7,1.3,observed
2024-01-13,5,18.3,22.3,15.5,3.6,observed
2024-01-14,5,19.3,25.2,15.6,12.0,observed
2024-01-15,5,19.7,26.1,15.0,1.0,observed
2024-01-16,5,19.6,25.8,14.8,1.7,observed
2024-01-17,5,19.9,26.5,15.6,2.7,observed
2024-01-18,5,19.0,24.7,16.0,9.8,observed
2024-01-19,5,20.2,27.2,14.9,4.3,observed
2024-01-20,5,18.9,25.3,15.7,10.1,observed
2024-01-21,5,19.5,25.5,16.2,4.0,observed
2024-01-22,5,19.7,27.0,14.7,0.4,observed
2024-01-23,5,19.5,26.7,13.6,0.0,observed
2024-01-24,5,20.0,27.0,13.8,0.0,observed
2024-01-25,5,20.4,26.8,14.8,0.3,observed
2024-01-26,5,20.4,26.6,15.7,0.6,observed
2024-01-27,5,20.5,26.4,16.1,1.5,observed
2024-01-28,5,20.4,26.2,15.9,0.7,observed
2024-01-29,5,20.4,27.2,15.1,0.1,observed
2024-01-30,5,20.7,27.8,16.2,0.2,observed
2024-01-31,5,20.7,27.7,15.3,0.5,observed
2024-02-01,5,20.4,27.7,15.2,0.3,observed
2024-02-02,5,20.5,28.6,14.5,0.0,observed
2024-02-03,5,21.2,28.1,15.6,0.2,observed
2024-02-04,5,20.8,26.8,15.3,0.4,observed
2024-02-05,5,20.7,27.6,15.2,0.1,observed
2024-02-06,5,21.0,28.2,15.2,0.0,observed
2024-02-07,5,20.8,27.8,15.7,0.2,observed
2024-02-08,5,20.6,27.9,14.5,0.6,observed
2024-02-09,5,21.2,28.8,15.0,0.0,observed
2024-02-10,5,21.4,28.4,16.0,0.4,observed
2024-02-11,5,20.9,28.0,15.3,0.0,observed
2024-02-12,5,21.1,28.6,14.2,0.0,observed
2024-02-13,5,21.7,29.2,15.7,0.0,observed
2024-02-14,5,21.8,28.6,16.3,0.0,observed
2024-02-15,5,22.0,29.4,16.0,0.0,observed
2024-02-16,5,21.7,28.6,15.7,0.0,observed
2024-02-17,5,21.8,28.9,15.9,0.3,observed
2024-02-18,5,22.3,31.1,13.5,0.0,observed
2024-02-19,5,22.9,30.1,15.7,0.0,observed
2024-02-20,5,22.6,29.7,16.8,1.6,observed
2024-02-21,5,21.9,29.2,15.9,1.1,observed
2024-02-22,5,21.0,27.9,14.9,0.0,observed
2024-02-23,5,20.1,26.7,15.7,0.8,observed
2024-02-24,5,18.9,24.3,15.9,15.6,observed
2024-02-25,5,20.6,27.9,14.3,0.1,observed
2024-02-26,5,21.6,30.1,15.6,2.8,observed
2024-02-27,5,20.6,29.8,15.6,2.0,observed
2024-02-28,5,20.6,26.6,15.6,1.2,observed
2024-02-29,5,21.2,29.1,15.5,0.1,observed
2024-03-01,5,21.3,29.4,14.5,0.0,observed
2024-03-02,5,21.4,29.1,15.5,0.0,observed
2024-03-03,5,21.6,28.8,15.0,0.0,observed
2024-03-04,5,22.3,29.7,16.6,0.7,observed
2024-03-05,5,20.7,27.6,15.2,0.9,observed
2024-03-06,5,20.6,27.4,15.4,0.3,observed
2024-03-07,5,20.8,27.7,14.3,0.6,observed
2024-03-08,5,21.8,30.0,14.8,0.0,observed
2024-03-09,5,21.3,28.5,16.1,0.2,observed
2024-03-10,5,21.2,28.6,15.0,0.4,observed
2024-03-11,5,21.0,28.0,14.9,0.0,observed
2024-03-12,5,21.1,29.3,13.8,0.0,observed
2024-03-13,5,21.9,29.3,15.4,0.0,observed
2024-03-14,5,21.3,29.0,15.7,0.0,observed
2024-03-15,5,20.5,27.5,14.4,0.1,observed
2024-03-16,5,21.2,28.9,14.6,0.0,observed
2024-03-17,5,22.5,30.7,15.5,0.0,observed
2024-03-18,5,21.9,29.6,15.5,0.1,observed
2024-03-19,5,22.2,29.9,15.3,0.6,observed
2024-03-20,5,21.8,29.5,15.0,0.0,observed
2024-03-21,5,21.8,29.6,15.2,0.0,observed
2024-03-22,5,21.9,30.1,14.7,0.2,observed
2024-03-23,5,22.5,29.8,16.4,0.4,observed
2024-03-24,5,21.8,30.0,16.9,2.3,observed
2024-03-25,5,21.1,27.7,16.7,5.6,observed
2024-03-26,5,21.1,28.1,17.1,4.0,observed
2024-03-27,5,20.6,26.8,17.9,3.7,observed
2024-03-28,5,20.6,27.5,16.1,1.2,observed
2024-03-29,5,20.7,27.5,15.2,0.7,observed
2024-03-30,5,20.1,26.0,16.9,4.4,observed
2024-03-31,5,19.9,25.8,16.2,9.1,observed
2024-04-01,5,20.5,26.6,16.8,2.7,observed
2024-04-02,5,21.0,27.4,16.7,0.8,observed
2024-04-03,5,20.4,28.1,15.4,5.2,observed
2024-04-04,5,20.1,25.8,16.6,3.0,observed
2024-04-05,5,19.9,25.7,16.7,9.9,observed
2024-04-06,5,19.2,25.1,15.8,14.2,observed
2024-04-07,5,20.4,27.3,16.4,2.6,observed
2024-04-08,5,19.9,26.0,15.3,3.6,observed
2024-04-09,5,20.0,26.8,16.0,3.3,observed
2024-04-10,5,20.2,27.5,14.3,0.7,observed
2024-04-11,5,20.8,27.3,15.4,0.8,observed
2024-04-12,5,20.9,27.3,17.6,3.5,observed
2024-04-13,5,20.0,25.4,16.9,6.7,observed
2024-04-14,5,19.9,26.6,16.5,9.2,observed
2024-04-15,5,19.4,25.8,15.5,2.8,observed
2024-04-16,5,19.9,25.8,15.1,0.2,observed
2024-04-17,5,20.2,25.7,14.8,0.8,observed
2024-04-18,5,19.9,26.4,14.7,3.1,observed
2024-04-19,5,19.8,25.7,14.8,1.8,observed
2024-04-20,5,20.3,26.0,15.7,1.1,observed
2024-04-21,5,18.9,24.2,15.7,1.8,observed
2024-04-22,5,19.6,26.4,14.9,7.9,observed
2024-04-23,5,20.0,25.9,16.0,6.3,observed
2024-04-24,5,19.6,26.3,15.8,14.4,observed
2024-04-25,5,19.8,25.7,16.6,9.8,observed
2024-04-26,5,18.9,22.5,16.8,28.9,observed
2024-04-27,5,18.9,25.9,15.6,13.4,observed
2024-04-28,5,19.5,25.9,15.7,15.7,observed
2024-04-29,5,19.4,25.7,14.9,1.8,observed
2024-04-30,5,20.1,25.9,15.6,1.8,observed
2024-05-01,5,20.4,26.3,16.9,11.9,observed
2024-05-02,5,19.8,25.5,17.2,7.0,observed
2024-05-03,5,19.6,24.0,16.5,4.5,observed
2024-05-04,5,19.3,22.6,16.7,0.6,observed
2024-05-05,5,19.6,25.3,16.0,5.1,observed
2024-05-06,5,19.2,24.4,16.1,0.7,observed
2024-05-07,5,19.2,24.1,16.8,9.2,observed
2024-05-08,5,18.4,24.3,14.4,6.6,observed
2024-05-09,5,18.9,24.4,14.4,2.0,observed
2024-05-10,5,19.1,24.6,15.3,5.4,observed
2024-05-11,5,19.2,24.6,14.3,0.9,observed
2024-05-12,5,19.5,25.2,15.0,2.0,observed
2024-05-13,5,19.7,25.5,14.5,0.1,observed
2024-05-14,5,19.3,26.2,13.2,0.1,observed
2024-05-15,5,19.4,26.3,13.3,0.3,observed
2024-05-16,5,19.2,25.2,12.7,2.5,observed
2024-05-17,5,19.7,26.0,14.5,0.2,observed
2024-05-18,5,20.4,26.7,14.6,0.1,observed
2024-05-19,5,19.7,26.6,14.7,2.3,observed
2024-05-20,5,19.8,25.9,15.2,5.4,observed
2024-05-21,5,19.4,24.9,14.7,1.6,observed
2024-05-22,5,19.2,25.1,14.4,1.7,observed
2024-05-23,5,19.1,25.1,15.4,5.3,observed
2024-05-24,5,18.9,24.7,12.9,1.5,observed
2024-05-25,5,19.2,25.1,15.7,1.8,observed
2024-05-26,5,19.4,25.2,14.2,0.5,observed
2024-05-27,5,19.7,26.0,14.1,0.1,observed
2024-05-28,5,19.2,25.6,14.8,0.0,observed
2024-05-29,5,19.2,25.6,12.9,0.1,observed
2024-05-30,5,18.8,25.8,12.1,0.1,observed
2024-05-31,5,19.5,26.7,12.9,0.2,observed
2024-06-01,5,19.3,26.6,13.1,0.2,observed
2024-06-02,5,19.8,27.1,13.9,0.0,observed
2024-06-03,5,19.7,26.0,14.3,0.0,observed
2024-06-04,5,19.3,26.8,14.2,6.6,observed
2024-06-05,5,19.5,25.9,14.3,0.0,observed
2024-06-06,5,18.4,25.5,13.1,0.1,observed
2024-06-07,5,19.1,25.7,13.1,0.8,observed
2024-06-08,5,19.1,25.7,13.8,1.5,observed
2024-06-09,5,17.9,22.7,15.2,0.1,observed
2024-06-10,5,19.1,25.2,15.5,1.8,observed
2024-06-11,5,18.1,23.7,12.5,0.6,observed
2024-06-12,5,17.8,23.8,11.9,0.2,observed
2024-06-13,5,17.9,24.6,11.7,0.0,observed
2024-06-14,5,17.7,25.0,11.4,0.0,observed
2024-06-15,5,18.2,24.9,12.3,0.7,observed
2024-06-16,5,18.7,26.4,12.6,0.0,observed
2024-06-17,5,18.7,26.3,12.2,0.0,observed
2024-06-18,5,17.7,25.0,11.4,0.0,observed
2024-06-19,5,18.4,24.4,12.9,1.7,observed
2024-06-20,5,17.7,22.4,15.0,6.3,observed
2024-06-21,5,17.6,23.6,14.3,4.3,observed
2024-06-22,5,17.4,24.6,12.6,0.1,observed
2024-06-23,5,16.9,23.8,9.9,0.0,observed
2024-06-24,5,16.2,23.8,10.2,0.0,observed
2024-06-25,5,16.1,24.3,9.7,0.0,observed
2024-06-26,5,16.7,23.2,9.5,0.0,observed
2024-06-27,5,16.5,21.4,11.8,0.7,observed
2024-06-28,5,16.2,22.7,9.9,0.0,observed
2024-06-29,5,17.0,25.1,10.1,0.0,observed
2024-06-30,5,16.9,24.2,11.8,0.0,observed
2024-07-01,5,17.1,24.3,11.1,0.0,observed
2024-07-02,5,17.9,24.8,12.4,0.0,observed
2024-07-03,5,18.6,25.6,11.8,0.0,observed
2024-07-04,5,18.7,25.7,12.6,0.0,observed
2024-07-05,5,18.0,25.3,12.1,0.0,observed
2024-07-06,5,17.8,25.6,13.2,9.9,observed
2024-07-07,5,17.6,22.4,13.8,17.6,observed
2024-07-08,5,18.0,25.9,12.6,6.4,observed
2024-07-09,5,17.4,23.6,13.8,10.4,observed
2024-07-10,5,17.1,21.5,13.3,0.6,observed
2024-07-11,5,16.2,23.3,10.5,0.0,observed
2024-07-12,5,16.8,22.7,10.4,0.1,observed
2024-07-13,5,17.1,22.8,13.0,0.4,observed
2024-07-14,5,17.7,25.4,12.1,0.0,observed
2024-07-15,5,17.7,23.4,11.2,0.0,observed
2024-07-16,5,18.0,21.9,14.9,1.2,observed
2024-07-17,5,18.3,24.6,15.3,1.0,observed
2024-07-18,5,17.2,21.2,15.0,0.3,observed
2024-07-19,5,16.9,22.2,12.4,0.1,observed
2024-07-20,5,17.2,22.1,11.5,0.0,observed
2024-07-21,5,18.0,24.9,12.4,0.9,observed
2024-07-22,5,18.5,25.1,13.5,0.0,observed
2024-07-23,5,16.7,24.0,10.5,0.0,observed
2024-07-24,5,16.3,25.0,10.8,0.0,observed
2024-07-25,5,17.9,25.6,10.7,0.6,observed
2024-07-26,5,18.2,25.3,13.9,1.6,observed
2024-07-27,5,17.8,25.3,13.8,0.2,observed
2024-07-28,5,17.9,24.9,12.9,0.2,observed
2024-07-29,5,18.3,24.2,13.8,0.0,observed
2024-07-30,5,18.4,23.5,13.9,0.0,observed
2024-07-31,5,17.2,23.4,13.5,0.3,observed
2024-08-01,5,16.3,23.0,10.4,0.0,observed
2024-08-02,5,16.6,23.6,11.4,0.0,observed
2024-08-03,5,17.2,25.5,11.1,0.0,observed
2024-08-04,5,18.0,24.8,14.3,0.5,observed
2024-08-05,5,17.9,26.8,10.3,0.0,observed
2024-08-06,5,18.2,26.6,10.8,0.5,observed
2024-08-07,5,17.4,26.2,11.8,0.1,observed
2024-08-08,5,17.5,21.2,13.4,1.6,observed
2024-08-09,5,17.8,22.6,15.3,1.3,observed
2024-08-10,5,17.0,23.2,12.4,0.4,observed
2024-08-11,5,16.8,22.8,12.7,0.4,observed
2024-08-12,5,17.5,23.8,13.3,0.1,observed
2024-08-13,5,17.4,23.5,12.2,0.1,observed
2024-08-14,5,17.5,25.5,10.9,0.0,observed
2024-08-15,5,18.5,25.8,13.0,0.7,observed
2024-08-16,5,18.7,25.5,14.8,1.1,observed
2024-08-17,5,17.7,25.5,11.0,0.0,observed
2024-08-18,5,17.0,22.1,12.5,0.2,observed
2024-08-19,5,17.0,25.4,10.4,0.0,observed
2024-08-20,5,17.7,25.1,10.4,0.0,observed
2024-08-21,5,17.5,23.5,11.8,0.1,observed
2024-08-22,5,17.9,23.9,14.3,0.2,observed
2024-08-23,5,17.9,22.9,13.6,0.0,observed
2024-08-24,5,17.8,23.2,14.5,0.3,observed
2024-08-25,5,16.5,20.6,13.8,2.1,observed
2024-08-26,5,17.2,23.1,11.1,0.0,observed
2024-08-27,5,18.6,25.0,14.8,1.6,observed
2024-08-28,5,19.0,24.8,15.5,2.5,observed
2024-08-29,5,18.9,25.2,14.5,1.7,observed
2024-08-30,5,18.5,25.1,13.3,0.3,observed
2024-08-31,5,18.0,25.7,11.4,0.0,observed
2024-09-01,5,18.6,24.6,14.5,0.3,observed
2024-09-02,5,17.5,24.1,11.8,0.0,observed
2024-09-03,5,18.2,23.1,14.4,0.9,observed
2024-09-04,5,18.1,23.1,14.9,2.7,observed
2024-09-05,5,17.9,24.2,13.6,0.1,observed
2024-09-06,5,17.7,22.9,14.2,5.0,observed
2024-09-07,5,18.2,25.2,12.6,0.0,observed
2024-09-08,5,18.4,26.9,12.6,0.0,observed
2024-09-09,5,18.8,26.8,11.3,0.0,observed
2024-09-10,5,19.6,27.2,12.7,0.1,observed
2024-09-11,5,19.2,27.6,12.2,0.0,observed
2024-09-12,5,18.8,27.4,11.7,0.0,observed
2024-09-13,5,18.9,26.9,11.0,0.2,observed
2024-09-14,5,18.8,27.1,11.5,0.0,observed
2024-09-15,5,19.2,27.5,11.4,0.0,observed
2024-09-16,5,18.5,27.1,11.1,0.2,observed
2024-09-17,5,19.2,26.1,12.2,0.0,observed
2024-09-18,5,19.5,27.0,11.9,0.0,observed
2024-09-19,5,19.9,28.3,13.0,0.0,observed
2024-09-20,5,20.2,26.9,13.8,0.3,observed
2024-09-21,5,19.5,26.8,13.3,0.1,observed
2024-09-22,5,20.0,26.8,15.2,0.1,observed
2024-09-23,5,19.0,25.6,12.8,0.1,observed
2024-09-24,5,19.3,26.1,12.7,0.0,observed
2024-09-25,5,18.7,26.0,11.7,0.0,observed
2024-09-26,5,19.6,27.4,11.6,0.2,observed
2024-09-27,5,20.1,28.2,14.1,0.4,observed
2024-09-28,5,19.7,28.2,13.8,0.6,observed
2024-09-29,5,19.4,25.5,13.9,2.8,observed
2024-09-30,5,19.1,26.4,13.6,8.0,observed
2024-10-01,5,20.6,27.2,14.4,0.1,observed
2024-10-02,5,20.0,27.2,15.2,1.1,observed
2024-10-03,5,19.2,25.7,14.7,1.0,observed
2024-10-04,5,19.0,28.0,11.3,0.0,observed
2024-10-05,5,19.2,25.5,13.0,1.6,observed
2024-10-06,5,19.6,25.6,15.8,1.3,observed
2024-10-07,5,19.7,25.9,15.7,1.1,observed
2024-10-08,5,20.5,26.7,16.0,0.5,observed
2024-10-09,5,20.0,26.5,14.3,0.1,observed
2024-10-10,5,19.5,26.1,12.4,0.0,observed
2024-10-11,5,20.2,28.3,14.6,0.5,observed
2024-10-12,5,20.0,28.3,12.3,1.0,observed
2024-10-13,5,19.3,26.4,15.0,8.1,observed
2024-10-14,5,19.8,27.8,12.3,0.1,observed
2024-10-15,5,20.4,27.5,13.7,0.3,observed
2024-10-16,5,20.7,28.5,14.8,0.5,observed
2024-10-17,5,21.9,29.4,15.8,0.0,observed
2024-10-18,5,19.7,27.0,14.3,4.8,observed
2024-10-19,5,18.9,25.3,15.4,5.3,observed
2024-10-20,5,19.3,25.5,15.6,6.0,observed
2024-10-21,5,19.6,26.3,13.2,0.2,observed
2024-10-22,5,20.1,26.9,13.5,0.3,observed
2024-10-23,5,20.0,26.4,14.1,0.3,observed
2024-10-24,5,20.2,26.6,14.1,0.3,observed
2024-10-25,5,20.5,27.8,13.6,0.2,observed
2024-10-26,5,21.0,28.9,14.2,0.0,observed
2024-10-27,5,21.2,28.2,15.1,0.7,observed
2024-10-28,5,21.6,28.7,15.9,0.0,observed
2024-10-29,5,21.4,29.0,14.6,0.0,observed
2024-10-30,5,21.8,29.9,14.2,0.0,observed
2024-10-31,5,21.8,30.0,14.1,0.0,observed
2024-11-01,5,20.8,27.3,15.8,1.8,observed
2024-11-02,5,21.1,28.6,15.7,0.0,observed
2024-11-03,5,21.5,29.4,16.4,0.2,observed
2024-11-04,5,21.6,28.6,16.0,0.0,observed
2024-11-05,5,20.1,26.9,15.8,3.6,observed
2024-11-06,5,19.7,26.0,16.2,2.0,observed
2024-11-07,5,18.5,24.8,16.0,5.1,observed
2024-11-08,5,18.4,24.7,14.9,5.1,observed
2024-11-09,5,19.2,26.7,13.5,1.3,observed
2024-11-10,5,19.1,25.5,15.9,1.8,observed
2024-11-11,5,16.9,20.5,14.0,9.8,observed
2024-11-12,5,18.7,26.1,12.5,0.2,observed
2024-11-13,5,19.0,25.3,15.5,2.8,observed
2024-11-14,5,19.8,26.5,16.5,7.9,observed
2024-11-15,5,17.6,21.5,15.6,7.2,observed
2024-11-16,5,17.0,20.2,15.3,12.0,observed
2024-11-17,5,18.5,24.8,13.6,1.3,observed
2024-11-18,5,19.4,25.3,15.0,0.6,observed
2024-11-19,5,19.7,25.4,15.8,1.7,observed
2024-11-20,5,19.7,25.5,16.1,2.2,observed
2024-11-21,5,18.5,23.2,15.7,6.7,observed
2024-11-22,5,19.1,24.8,15.4,2.5,observed
2024-11-23,5,19.3,24.6,16.0,1.6,observed
2024-11-24,5,19.0,24.1,16.3,19.9,observed
2024-11-25,5,18.1,23.9,15.3,21.2,observed
2024-11-26,5,18.7,23.8,14.3,2.0,observed
2024-11-27,5,18.5,23.9,15.4,3.2,observed
2024-11-28,5,19.2,24.4,15.7,4.4,observed
2024-11-29,5,19.3,24.8,15.1,0.4,observed
2024-11-30,5,19.0,24.5,13.8,0.5,observed
2024-12-01,5,18.6,23.4,15.2,12.2,observed
2024-12-02,5,19.4,24.5,15.8,1.2,observed
2024-12-03,5,19.2,23.8,15.8,4.2,observed
2024-12-04,5,20.0,25.8,15.2,0.4,observed
2024-12-05,5,20.5,27.0,15.6,0.2,observed
2024-12-06,5,20.7,27.2,15.9,0.3,observed
2024-12-07,5,20.9,28.3,15.2,0.6,observed
2024-12-08,5,20.7,27.4,14.7,0.2,observed
2024-12-09,5,20.2,26.8,15.3,0.5,observed
2024-12-10,5,20.3,26.3,16.3,2.1,observed
2024-12-11,5,20.1,25.7,15.4,2.2,observed
2024-12-12,5,20.5,26.9,15.9,1.7,observed
2024-12-13,5,21.2,28.6,15.5,0.3,observed
2024-12-14,5,21.6,27.5,16.6,0.0,observed
2024-12-15,5,21.6,28.1,16.4,1.2,observed
2024-12-16,5,20.4,25.9,16.1,1.9,observed
2024-12-17,5,19.9,25.8,15.1,1.3,observed
2024-12-18,5,20.6,27.2,15.0,1.1,observed
2024-12-19,5,19.1,23.7,15.7,5.1,observed
2024-12-20,5,19.1,25.6,15.9,5.6,observed
2024-12-21,5,18.4,24.3,16.2,7.8,observed
2024-12-22,5,18.7,23.6,14.8,3.1,observed
2024-12-23,5,18.8,23.4,15.9,3.3,observed
2024-12-24,5,18.7,24.2,15.7,6.9,observed
2024-12-25,5,18.6,23.0,15.8,4.8,observed
2024-12-26,5,18.8,24.0,15.0,1.9,observed
2024-12-27,5,19.0,24.8,14.5,0.3,observed
2024-12-28,5,19.3,25.9,14.5,0.4,observed
2024-12-29,5,19.9,26.8,14.1,0.0,observed
2024-12-30,5,20.3,27.1,14.9,0.0,observed
2024-12-31,5,20.1,26.1,15.4,0.6,observed
2025-01-01,5,20.1,26.1,14.8,0.7,observed
2025-01-02,5,20.0,25.3,15.1,0.7,observed
2025-01-03,5,19.9,25.6,14.7,0.0,observed
2025-01-04,5,20.0,25.8,15.5,1.3,observed
2025-01-05,5,19.6,24.9,15.2,0.9,observed
2025-01-06,5,19.5,26.3,13.4,0.0,observed
2025-01-07,5,20.3,28.0,13.9,0.0,observed
2025-01-08,5,21.1,28.2,14.6,0.0,observed
2025-01-09,5,21.0,27.7,15.9,0.5,observed
2025-01-10,5,20.4,26.1,15.6,1.3,observed
2025-01-11,5,21.0,27.6,15.5,0.1,observed
2025-01-12,5,21.8,27.6,16.1,0.2,observed
2025-01-13,5,22.0,27.7,16.7,0.0,observed
2025-01-14,5,21.0,27.0,16.2,0.0,observed
2025-01-15,5,19.1,25.3,14.1,0.2,observed
2025-01-16,5,19.6,26.0,14.2,0.0,observed
2025-01-17,5,20.2,26.7,14.6,0.0,observed
2025-01-18,5,21.3,28.0,15.0,0.0,observed
2025-01-19,5,21.7,27.6,16.3,0.0,observed
2025-01-20,5,22.1,28.9,16.1,0.0,observed
2025-01-21,5,22.0,28.6,15.8,0.0,observed
2025-01-22,5,22.3,28.8,16.3,0.0,observed
2025-01-23,5,21.8,27.9,15.8,0.0,observed
2025-01-24,5,21.7,28.8,15.8,0.1,observed
2025-01-25,5,21.8,28.5,16.0,0.4,observed
2025-01-26,5,19.8,25.8,16.5,8.0,observed
2025-01-27,5,19.2,23.8,15.7,0.3,observed
2025-01-28,5,18.5,24.2,15.1,5.4,observed
2025-01-29,5,19.3,24.9,14.4,4.7,observed
2025-01-30,5,17.8,22.5,15.1,25.5,observed
2025-01-31,5,19.3,25.0,14.6,0.4,observed
2025-02-01,5,19.4,24.8,15.4,1.2,observed
2025-02-02,5,20.2,26.0,15.3,0.3,observed
2025-02-03,5,20.7,26.9,15.3,0.0,observed
2025-02-04,5,20.2,26.7,15.2,0.0,observed
2025-02-05,5,20.4,27.4,14.5,0.5,observed
2025-02-06,5,21.1,27.2,15.5,0.2,observed
2025-02-07,5,21.1,26.9,16.4,0.3,observed
2025-02-08,5,21.8,29.9,15.1,0.0,observed
2025-02-09,5,22.3,29.3,15.5,0.0,observed
2025-02-10,5,22.2,29.1,16.1,0.0,observed
2025-02-11,5,21.7,27.7,16.2,0.0,observed
2025-02-12,5,20.6,26.4,15.7,1.1,observed
2025-02-13,5,20.5,26.1,17.0,3.2,observed
2025-02-14,5,21.6,28.7,15.2,0.0,observed
2025-02-15,5,22.8,29.8,16.3,0.0,observed
2025-02-16,5,22.6,29.3,16.7,0.8,observed
2025-02-17,5,22.1,28.1,16.3,0.1,observed
2025-02-18,5,22.0,29.5,15.2,0.0,observed
2025-02-19,5,22.6,30.1,15.2,0.0,observed
2025-02-20,5,23.3,31.1,16.2,0.0,observed
2025-02-21,5,23.0,30.0,15.9,0.0,observed
2025-02-22,5,22.0,28.3,15.2,0.0,observed
2025-02-23,5,22.0,29.0,15.4,0.0,observed
2025-02-24,5,22.0,28.6,15.1,0.0,observed
2025-02-25,5,22.0,28.9,15.3,0.0,observed
2025-02-26,5,22.4,29.3,15.9,0.0,observed
2025-02-27,5,23.1,30.1,16.1,0.0,observed
2025-02-28,5,23.5,31.1,16.0,0.0,observed
2025-03-01,5,23.5,29.7,16.9,0.0,observed
2025-03-02,5,22.9,29.9,16.0,0.0,observed
2025-03-03,5,22.9,29.3,15.9,0.0,observed
2025-03-04,5,22.7,29.5,16.3,0.0,observed
2025-03-05,5,23.1,30.1,16.9,0.0,observed
2025-03-06,5,23.1,30.5,16.2,0.0,observed
2025-03-07,5,23.7,31.3,16.8,0.7,observed
2025-03-08,5,23.0,29.5,17.9,0.9,observed
2025-03-09,5,22.1,28.5,17.7,2.3,observed
2025-03-10,5,20.1,25.2,16.8,13.8,observed
2025-03-11,5,20.6,26.6,16.4,1.6,observed
2025-03-12,5,20.3,26.1,16.3,1.0,observed
2025-03-13,5,20.2,26.1,15.7,2.2,observed
2025-03-14,5,22.6,30.5,15.9,0.0,observed
2025-03-15,5,22.9,29.9,16.7,0.0,observed
2025-03-16,5,22.3,28.9,16.2,0.0,observed
2025-03-17,5,21.5,28.0,16.3,0.9,observed
2025-03-18,5,20.4,26.3,16.5,3.8,observed
2025-03-19,5,19.6,24.4,16.0,11.2,observed
2025-03-20,5,19.2,23.7,16.0,7.5,observed
2025-03-21,5,20.3,27.0,15.9,2.1,observed
2025-03-22,5,20.5,26.2,16.2,2.1,observed
2025-03-23,5,20.5,26.6,16.0,3.7,observed
2025-03-24,5,21.1,27.8,17.0,1.0,observed
2025-03-25,5,20.1,26.4,15.3,2.1,observed
2025-03-26,5,19.8,25.7,15.9,1.8,observed
2025-03-27,5,19.6,25.7,15.7,4.4,observed
2025-03-28,5,18.5,23.6,15.9,7.6,observed
2025-03-29,5,19.3,24.2,16.1,3.5,observed
2025-03-30,5,19.3,24.0,15.8,2.8,observed
2025-03-31,5,18.8,23.1,16.2,9.6,observed
2025-04-01,5,19.6,25.1,16.1,3.9,observed
2025-04-02,5,20.2,25.8,15.8,0.1,observed
2025-04-03,5,19.8,25.4,16.3,5.0,observed
2025-04-04,5,19.5,25.6,16.7,2.4,observed
2025-04-05,5,19.6,25.7,16.6,3.9,observed
2025-04-06,5,17.6,21.6,16.3,9.8,observed
2025-04-07,5,18.8,23.4,15.9,2.0,observed
2025-04-08,5,19.5,24.7,15.8,2.2,observed
2025-04-09,5,20.1,26.0,15.8,0.2,observed
2025-04-10,5,19.4,24.1,16.7,1.1,observed
2025-04-11,5,19.3,25.1,15.1,1.3,observed
2025-04-12,5,19.5,25.1,16.6,2.7,observed
2025-04-13,5,19.2,24.4,16.0,5.3,observed
2025-04-14,5,19.6,25.3,16.3,3.7,observed
2025-04-15,5,19.7,25.3,16.4,3.3,observed
2025-04-16,5,19.7,25.5,15.6,2.8,observed
2025-04-17,5,20.1,25.7,15.8,1.3,observed
2025-04-18,5,20.3,26.2,16.7,3.8,observed
2025-04-19,5,19.4,26.2,16.6,14.0,observed
2025-04-20,5,18.8,24.7,15.7,10.0,observed
2025-04-21,5,18.3,23.2,15.2,11.8,observed
2025-04-22,5,18.9,23.9,16.4,5.7,observed
2025-04-23,5,17.7,22.2,16.1,9.1,observed
2025-04-24,5,18.2,22.3,15.2,2.3,observed
2025-04-25,5,18.3,23.3,15.4,3.4,observed
2025-04-26,5,18.8,24.7,14.6,0.0,observed
2025-04-27,5,19.1,24.9,15.4,1.0,observed
2025-04-28,5,19.8,24.8,15.4,0.3,observed
2025-04-29,5,19.9,25.6,16.0,2.5,observed
2025-04-30,5,19.5,25.0,16.2,2.2,observed
2025-05-01,5,19.6,25.3,15.7,0.7,observed
2025-05-02,5,20.2,26.2,15.9,0.9,observed
2025-05-03,5,20.5,26.4,16.2,3.0,observed
2025-05-04,5,20.0,26.7,15.9,10.5,observed
2025-05-05,5,18.8,23.6,15.4,12.5,observed
2025-05-06,5,18.2,23.6,14.5,17.8,observed
2025-05-07,5,18.6,23.5,15.0,10.2,observed
2025-05-08,5,18.9,24.0,14.8,2.1,observed
2025-05-09,5,19.1,23.6,15.6,2.1,observed
2025-05-10,5,19.1,24.4,15.9,1.5,observed
2025-05-11,5,18.9,24.3,15.5,3.6,observed
2025-05-12,5,19.2,25.3,15.9,15.9,observed
2025-05-13,5,18.3,23.2,15.1,26.8,observed
2025-05-14,5,18.4,23.6,14.6,2.2,observed
2025-05-15,5,18.7,23.3,14.7,1.4,observed
2025-05-16,5,18.8,23.5,15.3,1.1,observed
2025-05-17,5,18.9,23.8,15.1,0.7,observed
2025-05-18,5,18.6,23.5,15.8,2.9,observed
2025-05-19,5,18.7,22.8,15.1,2.6,observed
2025-05-20,5,19.5,24.6,16.1,1.8,observed
2025-05-21,5,19.6,24.5,16.4,0.9,observed
2025-05-22,5,19.6,25.1,16.8,1.8,observed
2025-05-23,5,19.5,24.7,15.7,2.4,observed
2025-05-24,5,19.8,26.4,14.0,0.0,observed
2025-05-25,5,18.5,23.3,14.4,0.8,observed
2025-05-26,5,19.0,25.0,14.0,2.2,observed
2025-05-27,5,18.0,22.9,14.6,10.3,observed
2025-05-28,5,19.0,24.4,14.9,0.5,observed
2025-05-29,5,19.2,24.3,15.3,1.3,observed
2025-05-30,5,19.1,25.6,13.9,0.0,observed
2025-05-31,5,18.9,26.3,13.3,0.0,observed
2025-06-01,5,18.4,23.9,13.6,2.2,observed
2025-06-02,5,19.2,23.9,15.4,2.2,observed
2025-06-03,5,19.5,25.6,15.0,0.0,observed
2025-06-04,5,19.0,25.6,14.4,0.5,observed
2025-06-05,5,19.0,25.3,15.8,3.4,observed
2025-06-06,5,18.0,22.9,15.2,6.8,observed
2025-06-07,5,18.5,23.0,15.3,4.4,observed
2025-06-08,5,18.5,23.5,14.4,1.5,observed
2025-06-09,5,17.9,23.6,14.1,8.4,observed
2025-06-10,5,18.2,24.2,13.1,0.8,observed
2025-06-11,5,18.1,23.5,13.9,0.9,observed
2025-06-12,5,18.5,23.2,15.4,2.4,observed
2025-06-13,5,18.8,25.4,14.0,0.2,observed
2025-06-14,5,18.1,24.9,11.8,0.0,observed
2025-06-15,5,18.7,24.5,13.9,0.0,observed
2025-06-16,5,18.4,23.8,12.7,0.0,observed
2025-06-17,5,19.0,24.6,13.9,0.5,observed
2025-06-18,5,18.9,24.7,13.4,0.3,observed
2025-06-19,5,19.2,24.8,14.6,0.0,observed
2025-06-20,5,18.5,23.5,14.8,3.0,observed
2025-06-21,5,18.9,25.3,12.8,0.1,observed
2025-06-22,5,18.8,24.6,14.5,1.2,observed
2025-06-23,5,18.8,24.9,15.1,1.1,observed
2025-06-24,5,18.5,25.6,12.1,0.0,observed
2025-06-25,5,18.4,24.2,13.1,0.7,observed
2025-06-26,5,18.7,23.8,15.6,4.1,observed
2025-06-27,5,19.6,25.6,15.6,0.2,observed
2025-06-28,5,18.6,24.9,14.5,0.7,observed
2025-06-29,5,18.0,21.6,14.9,0.0,observed
2025-06-30,5,17.4,21.6,13.6,0.0,observed
2025-07-01,5,17.8,23.1,13.5,0.6,observed
2025-07-02,5,18.6,23.7,13.4,0.0,observed
2025-07-03,5,18.2,22.9,14.7,0.5,observed
2025-07-04,5,18.8,24.0,15.1,0.5,observed
2025-07-05,5,18.2,22.2,14.9,1.0,observed
2025-07-06,5,18.6,23.5,15.0,0.9,observed
2025-07-07,5,18.1,22.2,15.1,0.7,observed
2025-07-08,5,17.8,22.4,14.4,0.6,observed
2025-07-09,5,17.3,20.0,14.4,0.1,observed
2025-07-10,5,18.4,22.9,14.9,0.0,observed
2025-07-11,5,18.1,22.3,15.0,1.4,observed
2025-07-12,5,18.4,23.3,14.2,1.4,observed
2025-07-13,5,18.3,22.4,15.3,2.0,observed
2025-07-14,5,18.6,23.8,13.3,0.2,observed
2025-07-15,5,18.6,23.7,13.4,0.2,observed
2025-07-16,5,18.6,23.3,14.0,0.7,observed
2025-07-17,5,18.8,24.1,13.6,1.3,observed
2025-07-18,5,18.5,23.6,13.6,0.9,observed
2025-07-19,5,19.4,26.6,13.2,0.4,observed
2025-07-20,5,17.7,25.0,12.3,0.0,observed
2025-07-21,5,17.8,24.8,11.6,0.0,observed
2025-07-22,5,17.6,24.5,11.8,0.1,observed
2025-07-23,5,16.5,20.2,13.1,0.5,observed
2025-07-24,5,18.0,26.5,11.5,0.0,observed
2025-07-25,5,18.9,26.8,11.8,0.0,observed
2025-07-26,5,18.9,26.8,12.2,0.0,observed
2025-07-27,5,18.5,25.7,11.7,0.0,observed
2025-07-28,5,18.5,26.2,12.0,0.0,observed
2025-07-29,5,18.0,23.7,14.1,0.2,observed
2025-07-30,5,18.4,27.5,13.0,0.1,observed
2025-07-31,5,19.0,27.0,13.8,0.4,observed
2025-08-01,5,18.1,22.9,14.8,0.9,observed
2025-08-02,5,18.0,23.9,13.6,0.6,observed
2025-08-03,5,18.0,23.0,13.4,0.5,observed
2025-08-04,5,18.2,24.9,12.7,0.0,observed
2025-08-05,5,17.2,24.3,11.5,0.0,observed
2025-08-06,5,18.4,25.8,11.5,0.0,observed
2025-08-07,5,19.3,26.8,14.6,0.8,observed
2025-08-08,5,16.8,22.5,14.4,10.1,observed
2025-08-09,5,15.8,18.8,14.4,9.0,observed
2025-08-10,5,16.8,22.2,12.9,1.0,observed
2025-08-11,5,17.3,22.1,13.3,0.1,observed
2025-08-12,5,16.6,19.9,14.2,1.5,observed
2025-08-13,5,17.7,23.4,12.0,0.1,observed
2025-08-14,5,18.1,24.7,11.4,0.1,observed
2025-08-15,5,18.4,23.8,13.8,0.0,observed
2025-08-16,5,18.0,24.3,13.3,4.6,observed
2025-08-17,5,17.4,21.9,13.2,6.6,observed
2025-08-18,5,16.8,19.9,15.5,16.0,observed
2025-08-19,5,16.6,20.7,13.5,2.8,observed
2025-08-20,5,16.8,22.7,12.5,0.4,observed
2025-08-21,5,16.8,21.7,13.8,1.3,observed
2025-08-22,5,16.9,21.6,13.2,0.0,observed
2025-08-23,5,16.1,19.5,12.7,0.0,observed
2025-08-24,5,17.4,22.8,12.2,1.4,observed
2025-08-25,5,18.3,23.5,14.4,0.9,observed
2025-08-26,5,18.5,25.2,13.7,0.2,observed
2025-08-27,5,18.9,25.1,13.1,0.4,observed
2025-08-28,5,18.7,25.6,13.6,0.0,observed
2025-08-29,5,18.2,26.7,11.7,0.0,observed
2025-08-30,5,18.5,25.8,13.7,0.5,observed
2025-08-31,5,18.2,24.9,11.9,0.0,observed
2025-09-01,5,19.1,26.1,13.5,0.0,observed
2025-09-02,5,18.8,26.9,11.8,0.0,observed
2025-09-03,5,18.5,24.3,12.3,0.0,observed
2025-09-04,5,19.2,26.8,12.2,0.0,observed
2025-09-05,5,19.3,26.4,13.0,0.0,observed
2025-09-06,5,19.9,27.7,12.4,0.0,observed
2025-09-07,5,19.3,26.8,12.2,0.0,observed
2025-09-08,5,19.9,26.9,13.3,0.1,observed
2025-09-09,5,19.9,25.9,15.6,1.3,observed
2025-09-10,5,19.9,27.4,14.0,0.7,observed
2025-09-11,5,19.4,27.0,14.6,0.0,observed
2025-09-12,5,19.4,27.3,13.0,0.0,observed
2025-09-13,5,19.6,27.5,12.7,0.0,observed
2025-09-14,5,20.3,28.0,13.2,0.1,observed
2025-09-15,5,19.6,27.3,13.5,2.1,observed
2025-09-16,5,19.5,26.4,13.8,0.3,observed
2025-09-17,5,20.0,27.0,12.9,0.1,observed
2025-09-18,5,19.8,25.9,15.6,2.4,observed
2025-09-19,5,20.4,27.3,15.3,3.0,observed
2025-09-20,5,19.4,27.3,13.0,0.0,observed
2025-09-21,5,19.5,25.4,14.8,0.8,observed
2025-09-22,5,19.7,25.9,13.2,0.8,observed
2025-09-23,5,20.0,27.8,15.7,2.5,observed
2025-09-24,5,19.7,28.5,12.1,0.0,observed
2025-09-25,5,20.3,28.2,13.1,0.0,observed
2025-09-26,5,20.5,28.1,14.7,0.2,observed
2025-09-27,5,20.9,28.3,15.1,0.8,observed
2025-09-28,5,20.3,27.2,14.9,0.1,observed
2025-09-29,5,20.5,29.1,14.1,0.6,observed
2025-09-30,5,20.4,29.2,13.9,0.0,observed
2025-10-01,5,20.9,29.3,13.4,0.0,observed
2025-10-02,5,21.0,28.3,12.8,0.0,observed
2025-10-03,5,20.5,27.0,15.8,1.0,observed
2025-10-04,5,18.5,22.8,16.0,0.8,observed
2025-10-05,5,19.2,25.2,15.6,1.2,observed
2025-10-06,5,19.3,25.0,14.9,0.8,observed
2025-10-07,5,19.0,26.0,15.7,2.7,observed
2025-10-08,5,18.9,24.1,15.0,4.2,observed
2025-10-09,5,19.2,25.5,14.8,3.5,observed
2025-10-10,5,19.3,24.9,15.1,3.8,observed
2025-10-11,5,19.8,27.5,13.5,0.0,observed
2025-10-12,5,19.9,26.7,13.5,0.1,observed
2025-10-13,5,19.9,26.5,14.9,0.3,observed
2025-10-14,5,20.1,26.3,15.3,0.2,observed
2025-10-15,5,20.3,27.7,14.6,0.1,observed
2025-10-16,5,20.2,25.9,14.8,0.9,observed
2025-10-17,5,19.3,25.7,15.5,5.2,observed
2025-10-18,5,19.6,25.1,15.6,2.6,observed
2025-10-19,5,19.7,25.8,14.3,0.1,observed
2025-10-20,5,20.7,28.5,13.1,0.0,observed
2025-10-21,5,21.2,28.0,14.7,0.3,observed
2025-10-22,5,19.5,23.6,16.6,1.0,observed
2025-10-23,5,20.4,26.4,16.0,0.7,observed
2025-10-24,5,19.2,24.7,16.0,4.0,observed
2025-10-25,5,20.2,25.8,16.0,0.7,observed
2025-10-26,5,20.4,25.9,14.8,0.8,observed
2025-10-27,5,19.8,26.3,14.9,5.1,observed
2025-10-28,5,19.4,25.5,16.3,13.2,observed
2025-10-29,5,18.2,22.1,16.2,10.4,observed
2025-10-30,5,18.3,23.8,15.7,8.0,observed
2025-10-31,5,18.3,23.7,15.2,11.5,observed
2025-11-01,5,18.1,21.8,16.0,5.1,observed
2025-11-02,5,18.4,23.6,15.8,5.2,observed
2025-11-03,5,18.6,24.2,14.9,3.3,observed
2025-11-04,5,18.8,25.4,15.2,2.4,observed
2025-11-05,5,19.5,25.7,14.4,0.1,observed
2025-11-06,5,19.7,25.7,15.9,1.1,observed
2025-11-07,5,19.7,25.6,16.0,4.5,observed
2025-11-08,5,19.4,26.1,15.6,1.8,observed
2025-11-09,5,17.2,20.5,15.4,4.4,observed
2025-11-10,5,18.4,24.4,13.5,1.2,observed
2025-11-11,5,19.3,24.6,15.5,1.4,observed
2025-11-12,5,19.1,24.9,15.2,2.8,observed
2025-11-13,5,18.8,23.9,15.7,3.5,observed
2025-11-14,5,18.6,25.2,14.7,2.1,observed
2025-11-15,5,19.7,25.4,15.2,1.1,observed
2025-11-16,5,20.0,25.3,16.3,1.9,observed
2025-11-17,5,19.6,25.0,15.3,0.6,observed
2025-11-18,5,19.2,26.0,16.1,2.4,observed
2025-11-19,5,19.2,25.8,14.1,0.4,observed
2025-11-20,5,19.6,26.1,14.1,0.1,observed
2025-11-21,5,20.1,26.4,15.2,1.0,observed
2025-11-22,5,19.5,25.3,13.5,0.2,observed
2025-11-23,5,18.6,23.6,14.7,4.1,observed
2025-11-24,5,19.0,25.5,13.1,0.7,observed
2025-11-25,5,19.5,25.4,15.8,3.9,observed
2025-11-26,5,18.8,23.7,15.4,7.0,observed
2025-11-27,5,19.0,24.0,15.6,3.9,observed
2025-11-28,5,19.7,25.4,15.6,1.7,observed
2025-11-29,5,19.9,26.1,15.7,1.0,observed
2025-11-30,5,20.2,26.1,15.2,0.0,observed
2025-12-01,5,19.8,25.8,14.3,0.0,observed
2025-12-02,5,19.9,26.8,13.6,0.0,observed
2025-12-03,5,20.1,26.4,15.1,0.5,observed
2025-12-04,5,20.1,26.0,16.0,2.1,observed
2025-12-05,5,19.6,25.6,15.4,1.4,observed
2025-12-06,5,19.4,25.3,15.1,1.6,observed
2025-12-07,5,19.2,24.5,14.8,1.2,observed
2025-12-08,5,19.0,24.4,15.4,1.5,observed
2025-12-09,5,19.5,25.3,14.7,0.3,observed
2025-12-10,5,20.1,26.4,14.8,0.0,observed
2025-12-11,5,20.2,26.0,15.8,1.0,observed
2025-12-12,5,20.0,26.3,15.8,2.0,observed
2025-12-13,5,19.6,26.2,14.2,6.4,observed
2025-12-14,5,18.7,24.6,15.8,5.5,observed
2025-12-15,5,19.7,25.4,15.2,2.4,observed
2025-12-16,5,20.2,26.0,16.1,2.3,observed
2025-12-17,5,20.8,27.2,16.4,1.6,observed
2025-12-18,5,20.5,26.8,16.0,1.5,observed
2025-12-19,5,19.2,25.6,16.1,4.2,observed
2025-12-20,5,19.8,25.7,15.8,3.9,observed
2025-12-21,5,18.4,24.0,15.9,4.5,observed
2025-12-22,5,19.0,24.5,15.3,2.9,observed
2025-12-23,5,19.7,25.6,14.7,0.3,observed
2025-12-24,5,19.9,26.1,15.5,1.6,observed
2025-12-25,5,20.6,26.7,14.8,0.9,observed
2025-12-26,5,21.9,28.8,15.9,0.1,observed
2025-12-27,5,21.2,29.5,16.3,10.1,observed
2025-12-28,5,18.1,23.8,15.8,9.5,observed
2025-12-29,5,19.1,25.5,15.3,5.1,observed
2025-12-30,5,18.8,24.3,14.7,3.6,observed
2025-12-31,5,19.0,24.7,14.6,0.5,observed
2026-01-01,5,18.7,24.0,14.8,1.8,observed
2026-01-02,5,19.5,25.7,14.6,0.1,observed
2026-01-03,5,20.4,27.1,14.7,0.0,observed
2026-01-04,5,20.9,26.7,15.3,0.0,observed
2026-01-05,5,20.9,27.0,15.7,0.0,observed
2026-01-06,5,20.5,26.4,14.9,0.0,observed
2026-01-07,5,21.1,27.6,15.2,0.0,observed
2026-01-08,5,21.2,26.3,16.6,0.0,observed
2026-01-09,5,21.0,27.0,16.0,0.3,observed
2026-01-10,5,20.4,26.7,14.8,2.0,observed
2026-01-11,5,21.3,28.0,15.9,0.4,observed
2026-01-12,5,19.9,25.3,15.0,7.5,observed
2026-01-13,5,20.3,26.2,15.5,0.1,observed
2026-01-14,5,20.0,26.6,13.7,0.0,observed
2026-01-15,5,20.8,27.7,14.3,0.0,observed
2026-01-16,5,21.9,29.7,15.0,0.0,observed
2026-01-17,5,21.0,27.7,15.9,0.7,observed
2026-01-18,5,20.9,26.7,15.9,1.1,observed
2026-01-19,5,20.5,26.1,15.2,0.7,observed
2026-01-20,5,21.1,27.8,14.9,0.0,observed
2026-01-21,5,21.6,28.7,15.0,0.0,observed
2026-01-22,5,20.6,26.3,15.5,0.3,observed
2026-01-23,5,21.3,27.6,14.9,0.0,observed
2026-01-24,5,22.0,29.4,15.2,0.0,observed
2026-01-25,5,23.0,31.3,16.0,0.0,observed
2026-01-26,5,22.9,30.1,16.0,0.0,observed
2026-01-27,5,22.2,28.9,15.9,0.0,observed
2026-01-28,5,22.2,28.1,16.6,0.1,observed
2026-01-29,5,22.7,29.9,16.1,0.0,observed
2026-01-30,5,22.4,28.7,16.0,0.0,observed
2026-01-31,5,22.4,28.5,16.4,0.0,observed
2026-02-01,5,22.4,28.6,16.4,0.0,observed
2026-02-02,5,21.9,27.7,15.7,0.0,observed
2026-02-03,5,22.1,28.7,15.8,0.0,observed
2026-02-04,5,22.4,29.9,15.6,0.0,observed
2026-02-05,5,22.3,28.8,17.1,0.1,observed
2026-02-06,5,22.2,27.8,17.5,0.2,observed
2026-02-07,5,22.4,29.5,15.6,0.0,observed
2026-02-08,5,22.1,28.6,16.4,0.4,observed
2026-02-09,5,21.4,27.4,16.5,1.2,observed
2026-02-10,5,22.4,28.7,17.0,0.0,observed
2026-02-11,5,22.2,28.7,15.6,0.0,observed
2026-02-12,5,22.4,29.6,15.5,0.0,observed
2026-02-13,5,22.6,30.0,15.7,0.0,observed
2026-02-14,5,22.0,28.6,16.5,0.1,observed
2026-02-15,5,21.1,28.3,16.3,1.9,observed
2026-02-16,5,20.9,28.0,15.8,0.4,observed
2026-02-17,5,21.2,27.1,16.8,1.2,observed
2026-02-18,5,20.2,25.4,16.1,0.9,observed
2026-02-19,5,21.6,28.2,15.2,0.6,observed
2026-02-20,5,22.7,28.9,16.7,0.4,observed
2026-02-21,5,19.4,23.5,16.3,6.9,observed
2026-02-22,5,18.7,24.5,15.7,10.6,observed
2026-02-23,5,18.2,21.4,16.1,8.9,observed
2026-02-24,5,18.8,23.7,15.2,4.7,observed
2026-02-25,5,18.5,24.2,15.3,17.1,observed
2026-02-26,5,19.1,25.1,15.2,16.3,observed
2026-02-27,5,19.1,25.4,15.9,13.2,observed
2026-02-28,5,18.5,23.5,15.0,8.0,observed
2026-03-01,5,18.5,23.3,15.9,8.9,observed
2026-03-02,5,18.5,23.6,15.6,7.2,observed
2026-03-03,5,19.0,24.0,16.0,6.6,observed
2026-03-04,5,18.7,23.9,15.9,20.5,observed
2026-03-05,5,18.5,23.7,15.7,15.7,observed
2026-03-06,5,18.3,23.5,16.2,21.9,observed
2026-03-07,5,18.3,22.7,14.8,8.4,observed
2026-03-08,5,18.8,24.4,14.5,5.4,observed
2026-03-09,5,19.1,24.0,15.6,3.4,observed
2026-03-10,5,19.0,24.3,16.1,3.6,observed
2026-03-11,5,19.6,25.2,16.0,0.9,observed
2026-03-12,5,19.9,25.2,16.2,0.6,observed
2026-03-13,5,20.2,26.3,15.2,1.8,observed
2026-03-14,5,19.7,24.8,16.2,2.0,observed
2026-03-15,5,19.8,25.2,16.6,1.3,observed
2026-03-16,5,19.6,25.1,15.4,0.5,observed
2026-03-17,5,19.9,26.0,16.4,2.2,observed
2026-03-18,5,19.9,26.4,16.2,5.2,observed
2026-03-19,5,19.9,25.7,16.3,3.5,observed
2026-03-20,5,18.6,23.9,15.7,30.5,observed
2026-03-21,5,18.9,23.6,16.2,31.5,observed
2026-03-22,5,18.7,23.8,15.9,9.3,observed
2026-03-23,5,18.3,23.2,15.9,7.1,observed
2026-03-24,5,18.5,23.7,15.7,11.9,observed
2026-03-25,5,18.6,23.5,15.7,3.1,observed
2026-03-26,5,19.1,24.5,15.7,2.7,observed
2026-03-27,5,18.3,23.1,15.8,7.3,observed
2026-03-28,5,18.7,23.8,15.8,3.8,observed
2026-03-29,5,19.0,24.3,15.0,0.5,observed
2026-03-30,5,19.1,24.5,15.8,1.8,observed
2026-03-31,5,18.8,24.1,15.2,3.2,observed
2026-04-01,5,19.4,24.5,16.1,1.7,observed
2026-04-02,5,19.2,24.5,15.4,2.4,observed
2026-04-03,5,19.6,25.2,15.4,1.1,observed
2026-04-04,5,19.6,25.1,15.2,1.0,observed
2026-04-05,5,18.9,24.0,15.2,4.6,observed
2026-04-06,5,19.5,24.9,15.0,1.3,observed
2026-04-07,5,19.5,24.6,16.0,2.6,observed
2026-04-08,5,19.9,25.2,16.1,2.0,observed
2026-04-09,5,19.8,25.4,16.0,0.5,observed
2026-04-10,5,19.9,25.9,16.0,0.7,observed
2026-04-11,5,20.5,27.0,15.5,0.6,observed
2026-04-12,5,20.2,25.5,16.6,4.2,observed
2026-04-13,5,19.4,25.2,16.4,4.5,observed
2026-04-14,5,18.8,23.3,16.3,9.4,observed
2026-04-15,5,18.9,23.9,16.2,4.2,observed
2026-04-16,5,18.8,24.2,16.1,4.2,observed
2026-04-17,5,18.3,22.8,15.8,8.4,observed
2026-04-18,5,18.6,23.2,15.8,12.1,observed
2026-04-19,5,18.8,23.2,15.9,4.2,observed
2026-04-20,5,19.1,23.7,15.8,2.5,observed
2026-04-21,5,19.2,24.0,16.1,1.2,observed
2026-04-22,5,19.2,24.2,16.4,2.9,observed
2026-04-23,5,18.2,22.3,16.1,9.7,observed
2026-04-24,5,18.8,23.3,15.2,0.7,observed
2026-04-25,5,18.8,23.4,14.1,2.3,observed
2026-04-26,5,18.9,24.0,15.5,9.7,observed
2026-04-27,5,18.8,23.9,15.9,18.6,observed
2026-04-28,5,18.3,23.0,16.3,32.5,observed
2026-04-29,5,17.1,20.6,14.6,7.1,observed
2026-04-30,5,18.1,22.6,15.4,10.4,observed
2026-05-01,5,18.4,23.0,16.0,10.8,observed
2026-05-02,5,18.5,23.2,16.1,5.3,observed
2026-05-03,5,19.0,23.9,14.4,2.3,observed
2026-05-04,5,19.1,23.8,15.0,2.3,observed
2026-05-05,5,19.4,23.8,16.4,1.8,observed
2026-05-06,5,19.6,24.8,16.4,2.5,observed
2026-05-07,5,19.5,24.3,16.1,1.2,observed
2026-05-08,5,19.7,25.0,16.6,1.7,observed
2026-05-09,5,19.0,23.5,16.6,8.4,observed
2026-05-10,5,19.0,23.8,15.3,0.7,observed
2026-05-11,5,19.5,24.8,15.1,1.1,observed
2026-05-12,5,18.8,23.2,16.2,2.4,observed
2026-05-13,5,19.0,23.9,16.4,8.0,observed
2026-05-14,5,19.3,24.1,16.2,0.9,observed
2026-05-15,5,19.1,23.3,16.0,0.7,observed
2026-05-16,5,19.1,24.4,16.0,1.7,observed
2026-05-17,5,18.8,23.4,15.4,1.6,observed
2026-05-18,5,19.2,23.7,15.7,0.7,observed
2026-05-19,5,19.2,24.4,14.3,0.0,observed
2026-05-20,5,19.3,24.5,14.6,0.0,observed
2026-05-21,5,19.4,24.8,16.0,0.7,observed
2026-05-22,5,19.8,25.9,15.0,0.5,observed
2026-05-23,5,19.9,25.7,16.5,0.6,observed
2026-05-24,5,19.8,25.3,15.1,0.2,observed
2026-05-25,5,19.1,24.4,15.7,0.6,observed
2026-05-26,5,19.1,24.6,15.1,0.3,observed
2026-05-27,5,18.9,23.2,15.8,0.4,observed
2026-05-28,5,19.1,24.1,15.6,0.5,observed
2026-05-29,5,18.9,23.5,14.5,0.9,observed
2026-05-30,5,18.4,23.3,16.3,3.5,observed
2026-05-31,5,19.1,23.6,16.1,2.9,observed
2026-06-01,5,18.6,22.1,15.8,6.7,observed
2026-06-02,5,18.4,23.0,15.9,5.0,observed
2026-06-03,5,18.3,22.2,15.4,0.8,observed
2026-06-04,5,19.0,24.0,15.6,2.3,observed
2026-06-05,5,18.9,25.0,13.3,0.1,observed
2026-06-06,5,19.9,26.5,15.5,0.2,observed
2026-06-07,5,19.3,26.0,15.2,0.2,observed
2026-06-08,5,19.3,25.8,14.6,0.5,observed
2026-06-09,5,19.0,25.9,13.6,0.0,observed
2026-06-10,5,19.1,24.9,14.9,0.3,observed
2026-06-11,5,19.1,24.6,15.2,0.1,observed
2026-06-12,5,19.7,25.8,15.6,1.5,observed
2026-06-13,5,18.1,22.7,15.6,2.1,observed
2026-06-14,5,17.5,22.3,13.8,0.3,observed
2026-06-15,5,18.1,24.4,13.0,0.1,observed
2026-06-16,5,17.7,24.1,10.6,0.2,observed
2026-06-17,5,17.4,21.7,12.5,1.4,observed
2026-06-18,5,18.0,23.6,14.0,1.2,observed
2026-06-19,5,18.7,24.2,14.4,0.5,observed
2026-06-20,5,18.5,23.0,14.7,0.9,observed
2026-06-21,5,18.0,22.7,14.6,0.6,observed
2026-06-22,5,17.1,21.3,13.3,0.2,observed
2026-06-23,5,17.3,22.6,12.3,0.0,observed
2026-06-24,5,17.4,22.3,13.0,1.2,observed
2026-06-25,5,18.1,23.9,13.4,2.4,observed
2026-06-26,5,18.9,24.7,13.0,0.6,observed
2026-06-27,5,18.1,24.9,12.1,0.2,observed
2026-06-28,5,18.1,24.4,12.3,0.0,observed
2026-06-29,5,17.5,23.4,12.4,0.1,observed
2026-06-30,5,18.1,22.6,14.7,0.9,observed
2026-07-01,5,17.5,23.0,14.3,0.1,observed
2026-07-02,5,18.4,25.2,11.6,0.1,observed
2026-07-03,5,18.8,25.8,12.6,0.1,observed
2026-07-04,5,18.1,24.1,13.6,0.2,observed
2026-07-05,5,17.2,21.5,14.2,0.0,observed
2026-07-06,5,18.2,24.7,13.0,0.0,observed
2026-07-07,5,17.6,23.3,11.6,0.1,observed
2026-07-08,5,18.5,24.8,13.8,0.2,observed
2026-07-09,5,18.7,24.7,14.2,0.0,observed
2026-07-10,5,18.1,23.6,14.2,0.7,observed
2026-07-11,5,17.7,21.7,15.7,2.8,observed
2026-07-12,5,18.1,23.5,13.3,0.2,observed
2026-07-13,5,18.6,24.9,12.7,0.0,observed
2026-07-14,5,18.0,25.0,12.3,0.0,observed
2026-07-15,5,18.9,25.2,14.3,0.1,observed
2026-07-16,5,19.5,26.4,13.2,0.3,observed
2026-07-17,5,17.8,24.4,12.8,0.0,observed
2026-07-18,5,18.9,25.3,13.0,0.6,observed
2026-07-19,5,19.3,26.3,12.7,0.0,observed
2026-07-20,5,18.0,24.6,12.8,0.1,observed
2026-07-21,5,18.9,25.9,13.1,0.4,observed
2026-07-22,5,18.2,24.2,12.8,0.1,observed
2026-07-23,5,17.9,24.3,13.0,0.2,observed
2026-07-24,5,19.0,24.9,13.7,0.2,observed
2026-07-25,5,18.1,23.4,13.6,0.3,observed
2026-07-26,5,17.1,21.6,12.9,0.4,observed
2026-07-27,5,17.3,22.1,13.9,0.4,observed
2026-07-28,5,17.2,22.2,12.0,0.0,observed
2026-07-29,5,18.2,24.3,13.2,0.0,observed
2026-07-30,5,18.4,24.8,12.6,0.3,observed
2026-07-31,5,18.6,25.3,13.0,0.6,observed
2026-08-01,5,17.6,25.2,12.8,0.1,observed
2026-08-02,5,17.3,22.8,13.2,0.7,observed
2026-08-03,5,16.6,21.5,12.5,0.1,observed
2026-08-04,5,16.4,20.6,12.7,0.8,observed
2026-08-05,5,18.3,25.6,11.6,0.0,observed
2026-08-06,5,17.7,25.1,12.6,0.0,observed
2026-08-07,5,18.4,23.8,13.3,0.0,observed
2026-08-08,5,18.2,24.3,13.1,0.1,observed
2026-08-09,5,18.2,23.6,14.1,0.6,observed
2026-08-10,5,18.2,27.9,12.5,0.4,observed
2026-08-11,5,18.6,26.4,11.5,0.0,observed
2026-08-12,5,19.4,27.0,11.7,0.0,observed
2026-08-13,5,19.4,26.3,12.0,0.0,observed
2026-08-14,5,19.3,26.7,11.6,0.0,observed
2026-08-15,5,18.5,24.0,12.7,0.0,observed
2026-08-16,5,17.9,20.9,15.0,0.4,observed
2026-08-17,5,18.3,23.6,14.6,0.4,observed
2026-08-18,5,18.2,22.2,15.1,2.5,observed
2026-08-19,5,18.2,23.3,15.5,3.9,observed
2026-08-20,5,18.2,25.1,13.1,0.2,observed
2026-08-21,5,18.2,25.0,11.1,0.0,observed
2026-08-22,5,19.8,27.5,12.0,0.0,observed
2026-08-23,5,20.7,27.3,16.1,2.8,observed
2026-08-24,5,20.6,27.1,16.7,0.9,observed
2026-08-25,5,19.7,27.1,13.0,0.0,observed
2026-08-26,5,19.4,27.4,12.1,0.0,observed
2026-08-27,5,18.6,27.9,12.2,0.4,observed
2026-08-28,5,19.0,25.9,12.5,0.0,observed
2026-08-29,5,19.0,25.4,13.3,0.0,observed
2026-08-30,5,18.9,25.7,14.0,0.2,observed
2026-08-31,5,17.4,21.7,13.8,3.7,observed
2026-09-01,5,17.8,23.2,13.2,2.5,observed
2026-09-02,5,19.1,26.5,14.7,0.7,observed
2026-09-03,5,18.2,25.0,12.6,0.0,observed
2026-09-04,5,20.1,29.7,13.7,0.4,observed
2026-09-05,5,20.2,27.8,13.5,0.1,observed
2026-09-06,5,20.2,28.1,13.7,0.0,observed
2026-09-07,5,20.2,27.1,13.3,0.0,observed
2026-09-08,5,17.8,21.9,13.7,0.6,observed
2026-09-09,5,17.5,21.9,13.4,1.1,observed
2026-09-10,5,18.8,24.0,14.3,1.8,observed
2026-09-11,5,19.1,24.3,15.4,0.9,observed
2026-09-12,5,18.6,23.5,15.4,6.2,observed
2026-09-13,5,19.1,24.9,14.9,0.9,observed
2026-09-14,5,19.9,27.0,13.4,0.4,observed
2026-09-15,5,17.7,20.3,15.5,0.9,observed
2026-09-16,5,17.8,21.9,14.5,2.8,observed
2026-09-17,5,18.5,24.5,15.0,0.1,observed
2026-09-18,5,16.9,20.9,13.1,3.7,observed
2026-09-19,5,18.7,25.1,14.4,1.4,observed
2026-09-20,5,17.6,22.6,13.7,4.0,observed
2026-09-21,5,18.0,22.4,15.5,4.8,observed
2026-09-22,5,19.3,24.6,15.5,0.6,observed
2026-09-23,5,19.0,24.9,14.7,0.8,observed
2026-09-24,5,19.9,27.5,13.0,0.0,observed
2026-09-25,5,20.2,28.5,13.4,0.2,observed
2026-09-26,5,20.3,28.6,14.5,0.0,observed
2026-09-27,5,20.6,27.5,15.3,0.6,observed
2026-09-28,5,20.7,27.7,16.8,1.6,observed
2026-09-29,5,20.3,25.8,16.4,1.3,observed
2026-09-30,5,20.1,27.7,14.0,0.0,observed
2026-10-01,5,21.0,29.2,13.9,0.0,observed
2026-10-02,5,21.0,28.1,14.4,0.0,observed
2026-10-03,5,21.6,28.9,14.6,0.0,observed
2026-10-04,5,20.9,26.9,15.8,2.0,observed
2026-10-05,5,21.6,28.1,16.0,0.7,observed
2026-10-06,5,21.2,27.2,16.4,1.2,observed
2026-10-07,5,20.3,26.1,16.7,5.2,observed
2026-10-08,5,20.2,25.3,16.4,4.3,observed
2026-10-09,5,19.7,25.7,16.0,6.4,forecast
2026-10-10,5,18.3,24.0,15.2,32.5,forecast
2026-10-11,5,19.1,25.8,14.6,16.9,forecast
2026-10-12,5,17.1,22.0,13.5,16.3,forecast
2026-10-13,5,17.7,23.8,13.2,22.6,forecast
2026-10-14,5,17.7,22.3,15.6,35.7,forecast
2026-10-15,5,17.6,21.9,15.3,35.2,forecast
2026-10-16,5,18.7,24.5,14.0,0.2,forecast
2026-10-17,5,18.6,24.8,13.3,0.3,forecast
2026-10-18,5,18.7,23.6,15.0,2.2,forecast
2024-01-01,6,20.5,26.9,15.5,0.8,observed
2024-01-02,6,20.3,26.8,15.4,1.6,observed
2024-01-03,6,20.3,26.0,16.4,1.7,observed
2024-01-04,6,20.5,26.9,15.2,0.4,observed
2024-01-05,6,19.0,26.2,15.7,7.6,observed
2024-01-06,6,19.7,25.9,15.8,1.4,observed
2024-01-07,6,19.5,24.7,15.9,9.9,observed
2024-01-08,6,19.7,25.4,15.2,0.3,observed
2024-01-09,6,19.5,25.9,14.5,0.5,observed
2024-01-10,6,19.1,24.7,14.6,2.5,observed
2024-01-11,6,18.7,25.3,14.9,1.4,observed
2024-01-12,6,19.2,25.3,14.7,1.3,observed
2024-01-13,6,18.3,22.3,15.5,3.6,observed
2024-01-14,6,19.3,25.2,15.6,12.0,observed
2024-01-15,6,19.7,26.1,15.0,1.0,observed
2024-01-16,6,19.6,25.8,14.8,1.7,observed
2024-01-17,6,19.9,26.5,15.6,2.7,observed
2024-01-18,6,19.0,24.7,16.0,9.8,observed
2024-01-19,6,20.2,27.2,14.9,4.3,observed
2024-01-20,6,18.9,25.3,15.7,10.1,observed
2024-01-21,6,19.5,25.5,16.2,4.0,observed
2024-01-22,6,19.7,27.0,14.7,0.4,observed
2024-01-23,6,19.5,26.7,13.6,0.0,observed
2024-01-24,6,20.0,27.0,13.8,0.0,observed
2024-01-25,6,20.4,26.8,14.8,0.3,observed
2024-01-26,6,20.4,26.6,15.7,0.6,observed
2024-01-27,6,20.5,26.4,16.1,1.5,observed
2024-01-28,6,20.4,26.2,15.9,0.7,observed
2024-01-29,6,20.4,27.2,15.1,0.1,observed
2024-01-30,6,20.7,27.8,16.2,0.2,observed
2024-01-31,6,20.7,27.7,15.3,0.5,observed
2024-02-01,6,20.4,27.7,15.2,0.3,observed
2024-02-02,6,20.5,28.6,14.5,0.0,observed
2024-02-03,6,21.2,28.1,15.6,0.2,observed
2024-02-04,6,20.8,26.8,15.3,0.4,observed
2024-02-05,6,20.7,27.6,15.2,0.1,observed
2024-02-06,6,21.0,28.2,15.2,0.0,observed
2024-02-07,6,20.8,27.8,15.7,0.2,observed
2024-02-08,6,20.6,27.9,14.5,0.6,observed
2024-02-09,6,21.2,28.8,15.0,0.0,observed
2024-02-10,6,21.4,28.4,16.0,0.4,observed
2024-02-11,6,20.9,28.0,15.3,0.0,observed
2024-02-12,6,21.1,28.6,14.2,0.0,observed
2024-02-13,6,21.7,29.2,15.7,0.0,observed
2024-02-14,6,21.8,28.6,16.3,0.0,observed
2024-02-15,6,22.0,29.4,16.0,0.0,observed
2024-02-16,6,21.7,28.6,15.7,0.0,observed
2024-02-17,6,21.8,28.9,15.9,0.3,observed
2024-02-18,6,22.3,31.1,13.5,0.0,observed
2024-02-19,6,22.9,30.1,15.7,0.0,observed
2024-02-20,6,22.6,29.7,16.8,1.6,observed
2024-02-21,6,21.9,29.2,15.9,1.1,observed
2024-02-22,6,21.0,27.9,14.9,0.0,observed
2024-02-23,6,20.1,26.7,15.7,0.8,observed
2024-02-24,6,18.9,24.3,15.9,15.6,observed
2024-02-25,6,20.6,27.9,14.3,0.1,observed
2024-02-26,6,21.6,30.1,15.6,2.8,observed
2024-02-27,6,20.6,29.8,15.6,2.0,observed
2024-02-28,6,20.6,26.6,15.6,1.2,observed
2024-02-29,6,21.2,29.1,15.5,0.1,observed
2024-03-01,6,21.3,29.4,14.5,0.0,observed
2024-03-02,6,21.4,29.1,15.5,0.0,observed
2024-03-03,6,21.6,28.8,15.0,0.0,observed
2024-03-04,6,22.3,29.7,16.6,0.7,observed
2024-03-05,6,20.7,27.6,15.2,0.9,observed
2024-03-06,6,20.6,27.4,15.4,0.3,observed
2024-03-07,6,20.8,27.7,14.3,0.6,observed
2024-03-08,6,21.8,30.0,14.8,0.0,observed
2024-03-09,6,21.3,28.5,16.1,0.2,observed
2024-03-10,6,21.2,28.6,15.0,0.4,observed
2024-03-11,6,21.0,28.0,14.9,0.0,observed
2024-03-12,6,21.1,29.3,13.8,0.0,observed
2024-03-13,6,21.9,29.3,15.4,0.0,observed
2024-03-14,6,21.3,29.0,15.7,0.0,observed
2024-03-15,6,20.5,27.5,14.4,0.1,observed
2024-03-16,6,21.2,28.9,14.6,0.0,observed
2024-03-17,6,22.5,30.7,15.5,0.0,observed
2024-03-18,6,21.9,29.6,15.5,0.1,observed
2024-03-19,6,22.2,29.9,15.3,0.6,observed
2024-03-20,6,21.8,29.5,15.0,0.0,observed
2024-03-21,6,21.8,29.6,15.2,0.0,observed
2024-03-22,6,21.9,30.1,14.7,0.2,observed
2024-03-23,6,22.5,29.8,16.4,0.4,observed
2024-03-24,6,21.8,30.0,16.9,2.3,observed
2024-03-25,6,21.1,27.7,16.7,5.6,observed
2024-03-26,6,21.1,28.1,17.1,4.0,observed
2024-03-27,6,20.6,26.8,17.9,3.7,observed
2024-03-28,6,20.6,27.5,16.1,1.2,observed
2024-03-29,6,20.7,27.5,15.2,0.7,observed
2024-03-30,6,20.1,26.0,16.9,4.4,observed
2024-03-31,6,19.9,25.8,16.2,9.1,observed
2024-04-01,6,20.5,26.6,16.8,2.7,observed
2024-04-02,6,21.0,27.4,16.7,0.8,observed
2024-04-03,6,20.4,28.1,15.4,5.2,observed
2024-04-04,6,20.1,25.8,16.6,3.0,observed
2024-04-05,6,19.9,25.7,16.7,9.9,observed
2024-04-06,6,19.2,25.1,15.8,14.2,observed
2024-04-07,6,20.4,27.3,16.4,2.6,observed
2024-04-08,6,19.9,26.0,15.3,3.6,observed
2024-04-09,6,20.0,26.8,16.0,3.3,observed
2024-04-10,6,20.2,27.5,14.3,0.7,observed
2024-04-11,6,20.8,27.3,15.4,0.8,observed
2024-04-12,6,20.9,27.3,17.6,3.5,observed
2024-04-13,6,20.0,25.4,16.9,6.7,observed
2024-04-14,6,19.9,26.6,16.5,9.2,observed
2024-04-15,6,19.4,25.8,15.5,2.8,observed
2024-04-16,6,19.9,25.8,15.1,0.2,observed
2024-04-17,6,20.2,25.7,14.8,0.8,observed
2024-04-18,6,19.9,26.4,14.7,3.1,observed
2024-04-19,6,19.8,25.7,14.8,1.8,observed
2024-04-20,6,20.3,26.0,15.7,1.1,observed
2024-04-21,6,18.9,24.2,15.7,1.8,observed
2024-04-22,6,19.6,26.4,14.9,7.9,observed
2024-04-23,6,20.0,25.9,16.0,6.3,observed
2024-04-24,6,19.6,26.3,15.8,14.4,observed
2024-04-25,6,19.8,25.7,16.6,9.8,observed
2024-04-26,6,18.9,22.5,16.8,28.9,observed
2024-04-27,6,18.9,25.9,15.6,13.4,observed
2024-04-28,6,19.5,25.9,15.7,15.7,observed
2024-04-29,6,19.4,25.7,14.9,1.8,observed
2024-04-30,6,20.1,25.9,15.6,1.8,observed
2024-05-01,6,20.4,26.3,16.9,11.9,observed
2024-05-02,6,19.8,25.5,17.2,7.0,observed
2024-05-03,6,19.6,24.0,16.5,4.5,observed
2024-05-04,6,19.3,22.6,16.7,0.6,observed
2024-05-05,6,19.6,25.3,16.0,5.1,observed
2024-05-06,6,19.2,24.4,16.1,0.7,observed
2024-05-07,6,19.2,24.1,16.8,9.2,observed
2024-05-08,6,18.4,24.3,14.4,6.6,observed
2024-05-09,6,18.9,24.4,14.4,2.0,observed
2024-05-10,6,19.1,24.6,15.3,5.4,observed
2024-05-11,6,19.2,24.6,14.3,0.9,observed
2024-05-12,6,19.5,25.2,15.0,2.0,observed
2024-05-13,6,19.7,25.5,14.5,0.1,observed
2024-05-14,6,19.3,26.2,13.2,0.1,observed
2024-05-15,6,19.4,26.3,13.3,0.3,observed
2024-05-16,6,19.2,25.2,12.7,2.5,observed
2024-05-17,6,19.7,26.0,14.5,0.2,observed
2024-05-18,6,20.4,26.7,14.6,0.1,observed
2024-05-19,6,19.7,26.6,14.7,2.3,observed
2024-05-20,6,19.8,25.9,15.2,5.4,observed
2024-05-21,6,19.4,24.9,14.7,1.6,observed
2024-05-22,6,19.2,25.1,14.4,1.7,observed
2024-05-23,6,19.1,25.1,15.4,5.3,observed
2024-05-24,6,18.9,24.7,12.9,1.5,observed
2024-05-25,6,19.2,25.1,15.7,1.8,observed
2024-05-26,6,19.4,25.2,14.2,0.5,observed
2024-05-27,6,19.7,26.0,14.1,0.1,observed
2024-05-28,6,19.2,25.6,14.8,0.0,observed
2024-05-29,6,19.2,25.6,12.9,0.1,observed
2024-05-30,6,18.8,25.8,12.1,0.1,observed
2024-05-31,6,19.5,26.7,12.9,0.2,observed
2024-06-01,6,19.3,26.6,13.1,0.2,observed
2024-06-02,6,19.8,27.1,13.9,0.0,observed
2024-06-03,6,19.7,26.0,14.3,0.0,observed
2024-06-04,6,19.3,26.8,14.2,6.6,observed
2024-06-05,6,19.5,25.9,14.3,0.0,observed
2024-06-06,6,18.4,25.5,13.1,0.1,observed
2024-06-07,6,19.1,25.7,13.1,0.8,observed
2024-06-08,6,19.1,25.7,13.8,1.5,observed
2024-06-09,6,17.9,22.7,15.2,0.1,observed
2024-06-10,6,19.1,25.2,15.5,1.8,observed
2024-06-11,6,18.1,23.7,12.5,0.6,observed
2024-06-12,6,17.8,23.8,11.9,0.2,observed
2024-06-13,6,17.9,24.6,11.7,0.0,observed
2024-06-14,6,17.7,25.0,11.4,0.0,observed
2024-06-15,6,18.2,24.9,12.3,0.7,observed
2024-06-16,6,18.7,26.4,12.6,0.0,observed
2024-06-17,6,18.7,26.3,12.2,0.0,observed
2024-06-18,6,17.7,25.0,11.4,0.0,observed
2024-06-19,6,18.4,24.4,12.9,1.7,observed
2024-06-20,6,17.7,22.4,15.0,6.3,observed
2024-06-21,6,17.6,23.6,14.3,4.3,observed
2024-06-22,6,17.4,24.6,12.6,0.1,observed
2024-06-23,6,16.9,23.8,9.9,0.0,observed
2024-06-24,6,16.2,23.8,10.2,0.0,observed
2024-06-25,6,16.1,24.3,9.7,0.0,observed
2024-06-26,6,16.7,23.2,9.5,0.0,observed
2024-06-27,6,16.5,21.4,11.8,0.7,observed
2024-06-28,6,16.2,22.7,9.9,0.0,observed
2024-06-29,6,17.0,25.1,10.1,0.0,observed
2024-06-30,6,16.9,24.2,11.8,0.0,observed
2024-07-01,6,17.1,24.3,11.1,0.0,observed
2024-07-02,6,17.9,24.8,12.4,0.0,observed
2024-07-03,6,18.6,25.6,11.8,0.0,observed
2024-07-04,6,18.7,25.7,12.6,0.0,observed
2024-07-05,6,18.0,25.3,12.1,0.0,observed
2024-07-06,6,17.8,25.6,13.2,9.9,observed
2024-07-07,6,17.6,22.4,13.8,17.6,observed
2024-07-08,6,18.0,25.9,12.6,6.4,observed
2024-07-09,6,17.4,23.6,13.8,10.4,observed
2024-07-10,6,17.1,21.5,13.3,0.6,observed
2024-07-11,6,16.2,23.3,10.5,0.0,observed
2024-07-12,6,16.8,22.7,10.4,0.1,observed
2024-07-13,6,17.1,22.8,13.0,0.4,observed
2024-07-14,6,17.7,25.4,12.1,0.0,observed
2024-07-15,6,17.7,23.4,11.2,0.0,observed
2024-07-16,6,18.0,21.9,14.9,1.2,observed
2024-07-17,6,18.3,24.6,15.3,1.0,observed
2024-07-18,6,17.2,21.2,15.0,0.3,observed
2024-07-19,6,16.9,22.2,12.4,0.1,observed
2024-07-20,6,17.2,22.1,11.5,0.0,observed
2024-07-21,6,18.0,24.9,12.4,0.9,observed
2024-07-22,6,18.5,25.1,13.5,0.0,observed
2024-07-23,6,16.7,24.0,10.5,0.0,observed
2024-07-24,6,16.3,25.0,10.8,0.0,observed
2024-07-25,6,17.9,25.6,10.7,0.6,observed
2024-07-26,6,18.2,25.3,13.9,1.6,observed
2024-07-27,6,17.8,25.3,13.8,0.2,observed
2024-07-28,6,17.9,24.9,12.9,0.2,observed
2024-07-29,6,18.3,24.2,13.8,0.0,observed
2024-07-30,6,18.4,23.5,13.9,0.0,observed
2024-07-31,6,17.2,23.4,13.5,0.3,observed
2024-08-01,6,16.3,23.0,10.4,0.0,observed
2024-08-02,6,16.6,23.6,11.4,0.0,observed
2024-08-03,6,17.2,25.5,11.1,0.0,observed
2024-08-04,6,18.0,24.8,14.3,0.5,observed
2024-08-05,6,17.9,26.8,10.3,0.0,observed
2024-08-06,6,18.2,26.6,10.8,0.5,observed
2024-08-07,6,17.4,26.2,11.8,0.1,observed
2024-08-08,6,17.5,21.2,13.4,1.6,observed
2024-08-09,6,17.8,22.6,15.3,1.3,observed
2024-08-10,6,17.0,23.2,12.4,0.4,observed
2024-08-11,6,16.8,22.8,12.7,0.4,observed
2024-08-12,6,17.5,23.8,13.3,0.1,observed
2024-08-13,6,17.4,23.5,12.2,0.1,observed
2024-08-14,6,17.5,25.5,10.9,0.0,observed
2024-08-15,6,18.5,25.8,13.0,0.7,observed
2024-08-16,6,18.7,25.5,14.8,1.1,observed
2024-08-17,6,17.7,25.5,11.0,0.0,observed
2024-08-18,6,17.0,22.1,12.5,0.2,observed
2024-08-19,6,17.0,25.4,10.4,0.0,observed
2024-08-20,6,17.7,25.1,10.4,0.0,observed
2024-08-21,6,17.5,23.5,11.8,0.1,observed
2024-08-22,6,17.9,23.9,14.3,0.2,observed
2024-08-23,6,17.9,22.9,13.6,0.0,observed
2024-08-24,6,17.8,23.2,14.5,0.3,observed
2024-08-25,6,16.5,20.6,13.8,2.1,observed
2024-08-26,6,17.2,23.1,11.1,0.0,observed
2024-08-27,6,18.6,25.0,14.8,1.6,observed
2024-08-28,6,19.0,24.8,15.5,2.5,observed
2024-08-29,6,18.9,25.2,14.5,1.7,observed
2024-08-30,6,18.5,25.1,13.3,0.3,observed
2024-08-31,6,18.0,25.7,11.4,0.0,observed
2024-09-01,6,18.6,24.6,14.5,0.3,observed
2024-09-02,6,17.5,24.1,11.8,0.0,observed
2024-09-03,6,18.2,23.1,14.4,0.9,observed
2024-09-04,6,18.1,23.1,14.9,2.7,observed
2024-09-05,6,17.9,24.2,13.6,0.1,observed
2024-09-06,6,17.7,22.9,14.2,5.0,observed
2024-09-07,6,18.2,25.2,12.6,0.0,observed
2024-09-08,6,18.4,26.9,12.6,0.0,observed
2024-09-09,6,18.8,26.8,11.3,0.0,observed
2024-09-10,6,19.6,27.2,12.7,0.1,observed
2024-09-11,6,19.2,27.6,12.2,0.0,observed
2024-09-12,6,18.8,27.4,11.7,0.0,observed
2024-09-13,6,18.9,26.9,11.0,0.2,observed
2024-09-14,6,18.8,27.1,11.5,0.0,observed
2024-09-15,6,19.2,27.5,11.4,0.0,observed
2024-09-16,6,18.5,27.1,11.1,0.2,observed
2024-09-17,6,19.2,26.1,12.2,0.0,observed
2024-09-18,6,19.5,27.0,11.9,0.0,observed
2024-09-19,6,19.9,28.3,13.0,0.0,observed
2024-09-20,6,20.2,26.9,13.8,0.3,observed
2024-09-21,6,19.5,26.8,13.3,0.1,observed
2024-09-22,6,20.0,26.8,15.2,0.1,observed
2024-09-23,6,19.0,25.6,12.8,0.1,observed
2024-09-24,6,19.3,26.1,12.7,0.0,observed
2024-09-25,6,18.7,26.0,11.7,0.0,observed
2024-09-26,6,19.6,27.4,11.6,0.2,observed
2024-09-27,6,20.1,28.2,14.1,0.4,observed
2024-09-28,6,19.7,28.2,13.8,0.6,observed
2024-09-29,6,19.4,25.5,13.9,2.8,observed
2024-09-30,6,19.1,26.4,13.6,8.0,observed
2024-10-01,6,20.6,27.2,14.4,0.1,observed
2024-10-02,6,20.0,27.2,15.2,1.1,observed
2024-10-03,6,19.2,25.7,14.7,1.0,observed
2024-10-04,6,19.0,28.0,11.3,0.0,observed
2024-10-05,6,19.2,25.5,13.0,1.6,observed
2024-10-06,6,19.6,25.6,15.8,1.3,observed
2024-10-07,6,19.7,25.9,15.7,1.1,observed
2024-10-08,6,20.5,26.7,16.0,0.5,observed
2024-10-09,6,20.0,26.5,14.3,0.1,observed
2024-10-10,6,19.5,26.1,12.4,0.0,observed
2024-10-11,6,20.2,28.3,14.6,0.5,observed
2024-10-12,6,20.0,28.3,12.3,1.0,observed
2024-10-13,6,19.3,26.4,15.0,8.1,observed
2024-10-14,6,19.8,27.8,12.3,0.1,observed
2024-10-15,6,20.4,27.5,13.7,0.3,observed
2024-10-16,6,20.7,28.5,14.8,0.5,observed
2024-10-17,6,21.9,29.4,15.8,0.0,observed
2024-10-18,6,19.7,27.0,14.3,4.8,observed
2024-10-19,6,18.9,25.3,15.4,5.3,observed
2024-10-20,6,19.3,25.5,15.6,6.0,observed
2024-10-21,6,19.6,26.3,13.2,0.2,observed
2024-10-22,6,20.1,26.9,13.5,0.3,observed
2024-10-23,6,20.0,26.4,14.1,0.3,observed
2024-10-24,6,20.2,26.6,14.1,0.3,observed
2024-10-25,6,20.5,27.8,13.6,0.2,observed
2024-10-26,6,21.0,28.9,14.2,0.0,observed
2024-10-27,6,21.2,28.2,15.1,0.7,observed
2024-10-28,6,21.6,28.7,15.9,0.0,observed
2024-10-29,6,21.4,29.0,14.6,0.0,observed
2024-10-30,6,21.8,29.9,14.2,0.0,observed
2024-10-31,6,21.8,30.0,14.1,0.0,observed
2024-11-01,6,20.8,27.3,15.8,1.8,observed
2024-11-02,6,21.1,28.6,15.7,0.0,observed
2024-11-03,6,21.5,29.4,16.4,0.2,observed
2024-11-04,6,21.6,28.6,16.0,0.0,observed
2024-11-05,6,20.1,26.9,15.8,3.6,observed
2024-11-06,6,19.7,26.0,16.2,2.0,observed
2024-11-07,6,18.5,24.8,16.0,5.1,observed
2024-11-08,6,18.4,24.7,14.9,5.1,observed
2024-11-09,6,19.2,26.7,13.5,1.3,observed
2024-11-10,6,19.1,25.5,15.9,1.8,observed
2024-11-11,6,16.9,20.5,14.0,9.8,observed
2024-11-12,6,18.7,26.1,12.5,0.2,observed
2024-11-13,6,19.0,25.3,15.5,2.8,observed
2024-11-14,6,19.8,26.5,16.5,7.9,observed
2024-11-15,6,17.6,21.5,15.6,7.2,observed
2024-11-16,6,17.0,20.2,15.3,12.0,observed
2024-11-17,6,18.5,24.8,13.6,1.3,observed
2024-11-18,6,19.4,25.3,15.0,0.6,observed
2024-11-19,6,19.7,25.4,15.8,1.7,observed
2024-11-20,6,19.7,25.5,16.1,2.2,observed
2024-11-21,6,18.5,23.2,15.7,6.7,observed
2024-11-22,6,19.1,24.8,15.4,2.5,observed
2024-11-23,6,19.3,24.6,16.0,1.6,observed
2024-11-24,6,19.0,24.1,16.3,19.9,observed
2024-11-25,6,18.1,23.9,15.3,21.2,observed
2024-11-26,6,18.7,23.8,14.3,2.0,observed
2024-11-27,6,18.5,23.9,15.4,3.2,observed
2024-11-28,6,19.2,24.4,15.7,4.4,observed
2024-11-29,6,19.3,24.8,15.1,0.4,observed
2024-11-30,6,19.0,24.5,13.8,0.5,observed
2024-12-01,6,18.6,23.4,15.2,12.2,observed
2024-12-02,6,19.4,24.5,15.8,1.2,observed
2024-12-03,6,19.2,23.8,15.8,4.2,observed
2024-12-04,6,20.0,25.8,15.2,0.4,observed
2024-12-05,6,20.5,27.0,15.6,0.2,observed
2024-12-06,6,20.7,27.2,15.9,0.3,observed
2024-12-07,6,20.9,28.3,15.2,0.6,observed
2024-12-08,6,20.7,27.4,14.7,0.2,observed
2024-12-09,6,20.2,26.8,15.3,0.5,observed
2024-12-10,6,20.3,26.3,16.3,2.1,observed
2024-12-11,6,20.1,25.7,15.4,2.2,observed
2024-12-12,6,20.5,26.9,15.9,1.7,observed
2024-12-13,6,21.2,28.6,15.5,0.3,observed
2024-12-14,6,21.6,27.5,16.6,0.0,observed
2024-12-15,6,21.6,28.1,16.4,1.2,observed
2024-12-16,6,20.4,25.9,16.1,1.9,observed
2024-12-17,6,19.9,25.8,15.1,1.3,observed
2024-12-18,6,20.6,27.2,15.0,1.1,observed
2024-12-19,6,19.1,23.7,15.7,5.1,observed
2024-12-20,6,19.1,25.6,15.9,5.6,observed
2024-12-21,6,18.4,24.3,16.2,7.8,observed
2024-12-22,6,18.7,23.6,14.8,3.1,observed
2024-12-23,6,18.8,23.4,15.9,3.3,observed
2024-12-24,6,18.7,24.2,15.7,6.9,observed
2024-12-25,6,18.6,23.0,15.8,4.8,observed
2024-12-26,6,18.8,24.0,15.0,1.9,observed
2024-12-27,6,19.0,24.8,14.5,0.3,observed
2024-12-28,6,19.3,25.9,14.5,0.4,observed
2024-12-29,6,19.9,26.8,14.1,0.0,observed
2024-12-30,6,20.3,27.1,14.9,0.0,observed
2024-12-31,6,20.1,26.1,15.4,0.6,observed
2025-01-01,6,20.1,26.1,14.8,0.7,observed
2025-01-02,6,20.0,25.3,15.1,0.7,observed
2025-01-03,6,19.9,25.6,14.7,0.0,observed
2025-01-04,6,20.0,25.8,15.5,1.3,observed
2025-01-05,6,19.6,24.9,15.2,0.9,observed
2025-01-06,6,19.5,26.3,13.4,0.0,observed
2025-01-07,6,20.3,28.0,13.9,0.0,observed
2025-01-08,6,21.1,28.2,14.6,0.0,observed
2025-01-09,6,21.0,27.7,15.9,0.5,observed
2025-01-10,6,20.4,26.1,15.6,1.3,observed
2025-01-11,6,21.0,27.6,15.5,0.1,observed
2025-01-12,6,21.8,27.6,16.1,0.2,observed
2025-01-13,6,22.0,27.7,16.7,0.0,observed
2025-01-14,6,21.0,27.0,16.2,0.0,observed
2025-01-15,6,19.1,25.3,14.1,0.2,observed
2025-01-16,6,19.6,26.0,14.2,0.0,observed
2025-01-17,6,20.2,26.7,14.6,0.0,observed
2025-01-18,6,21.3,28.0,15.0,0.0,observed
2025-01-19,6,21.7,27.6,16.3,0.0,observed
2025-01-20,6,22.1,28.9,16.1,0.0,observed
2025-01-21,6,22.0,28.6,15.8,0.0,observed
2025-01-22,6,22.3,28.8,16.3,0.0,observed
2025-01-23,6,21.8,27.9,15.8,0.0,observed
2025-01-24,6,21.7,28.8,15.8,0.1,observed
2025-01-25,6,21.8,28.5,16.0,0.4,observed
2025-01-26,6,19.8,25.8,16.5,8.0,observed
2025-01-27,6,19.2,23.8,15.7,0.3,observed
2025-01-28,6,18.5,24.2,15.1,5.4,observed
2025-01-29,6,19.3,24.9,14.4,4.7,observed
2025-01-30,6,17.8,22.5,15.1,25.5,observed
2025-01-31,6,19.3,25.0,14.6,0.4,observed
2025-02-01,6,19.4,24.8,15.4,1.2,observed
2025-02-02,6,20.2,26.0,15.3,0.3,observed
2025-02-03,6,20.7,26.9,15.3,0.0,observed
2025-02-04,6,20.2,26.7,15.2,0.0,observed
2025-02-05,6,20.4,27.4,14.5,0.5,observed
2025-02-06,6,21.1,27.2,15.5,0.2,observed
2025-02-07,6,21.1,26.9,16.4,0.3,observed
2025-02-08,6,21.8,29.9,15.1,0.0,observed
2025-02-09,6,22.3,29.3,15.5,0.0,observed
2025-02-10,6,22.2,29.1,16.1,0.0,observed
2025-02-11,6,21.7,27.7,16.2,0.0,observed
2025-02-12,6,20.6,26.4,15.7,1.1,observed
2025-02-13,6,20.5,26.1,17.0,3.2,observed
2025-02-14,6,21.6,28.7,15.2,0.0,observed
2025-02-15,6,22.8,29.8,16.3,0.0,observed
2025-02-16,6,22.6,29.3,16.7,0.8,observed
2025-02-17,6,22.1,28.1,16.3,0.1,observed
2025-02-18,6,22.0,29.5,15.2,0.0,observed
2025-02-19,6,22.6,30.1,15.2,0.0,observed
2025-02-20,6,23.3,31.1,16.2,0.0,observed
2025-02-21,6,23.0,30.0,15.9,0.0,observed
2025-02-22,6,22.0,28.3,15.2,0.0,observed
2025-02-23,6,22.0,29.0,15.4,0.0,observed
2025-02-24,6,22.0,28.6,15.1,0.0,observed
2025-02-25,6,22.0,28.9,15.3,0.0,observed
2025-02-26,6,22.4,29.3,15.9,0.0,observed
2025-02-27,6,23.1,30.1,16.1,0.0,observed
2025-02-28,6,23.5,31.1,16.0,0.0,observed
2025-03-01,6,23.5,29.7,16.9,0.0,observed
2025-03-02,6,22.9,29.9,16.0,0.0,observed
2025-03-03,6,22.9,29.3,15.9,0.0,observed
2025-03-04,6,22.7,29.5,16.3,0.0,observed
2025-03-05,6,23.1,30.1,16.9,0.0,observed
2025-03-06,6,23.1,30.5,16.2,0.0,observed
2025-03-07,6,23.7,31.3,16.8,0.7,observed
2025-03-08,6,23.0,29.5,17.9,0.9,observed
2025-03-09,6,22.1,28.5,17.7,2.3,observed
2025-03-10,6,20.1,25.2,16.8,13.8,observed
2025-03-11,6,20.6,26.6,16.4,1.6,observed
2025-03-12,6,20.3,26.1,16.3,1.0,observed
2025-03-13,6,20.2,26.1,15.7,2.2,observed
2025-03-14,6,22.6,30.5,15.9,0.0,observed
2025-03-15,6,22.9,29.9,16.7,0.0,observed
2025-03-16,6,22.3,28.9,16.2,0.0,observed
2025-03-17,6,21.5,28.0,16.3,0.9,observed
2025-03-18,6,20.4,26.3,16.5,3.8,observed
2025-03-19,6,19.6,24.4,16.0,11.2,observed
2025-03-20,6,19.2,23.7,16.0,7.5,observed
2025-03-21,6,20.3,27.0,15.9,2.1,observed
2025-03-22,6,20.5,26.2,16.2,2.1,observed
2025-03-23,6,20.5,26.6,16.0,3.7,observed
2025-03-24,6,21.1,27.8,17.0,1.0,observed
2025-03-25,6,20.1,26.4,15.3,2.1,observed
2025-03-26,6,19.8,25.7,15.9,1.8,observed
2025-03-27,6,19.6,25.7,15.7,4.4,observed
2025-03-28,6,18.5,23.6,15.9,7.6,observed
2025-03-29,6,19.3,24.2,16.1,3.5,observed
2025-03-30,6,19.3,24.0,15.8,2.8,observed
2025-03-31,6,18.8,23.1,16.2,9.6,observed
2025-04-01,6,19.6,25.1,16.1,3.9,observed
2025-04-02,6,20.2,25.8,15.8,0.1,observed
2025-04-03,6,19.8,25.4,16.3,5.0,observed
2025-04-04,6,19.5,25.6,16.7,2.4,observed
2025-04-05,6,19.6,25.7,16.6,3.9,observed
2025-04-06,6,17.6,21.6,16.3,9.8,observed
2025-04-07,6,18.8,23.4,15.9,2.0,observed
2025-04-08,6,19.5,24.7,15.8,2.2,observed
2025-04-09,6,20.1,26.0,15.8,0.2,observed
2025-04-10,6,19.4,24.1,16.7,1.1,observed
2025-04-11,6,19.3,25.1,15.1,1.3,observed
2025-04-12,6,19.5,25.1,16.6,2.7,observed
2025-04-13,6,19.2,24.4,16.0,5.3,observed
2025-04-14,6,19.6,25.3,16.3,3.7,observed
2025-04-15,6,19.7,25.3,16.4,3.3,observed
2025-04-16,6,19.7,25.5,15.6,2.8,observed
2025-04-17,6,20.1,25.7,15.8,1.3,observed
2025-04-18,6,20.3,26.2,16.7,3.8,observed
2025-04-19,6,19.4,26.2,16.6,14.0,observed
2025-04-20,6,18.8,24.7,15.7,10.0,observed
2025-04-21,6,18.3,23.2,15.2,11.8,observed
2025-04-22,6,18.9,23.9,16.4,5.7,observed
2025-04-23,6,17.7,22.2,16.1,9.1,observed
2025-04-24,6,18.2,22.3,15.2,2.3,observed
2025-04-25,6,18.3,23.3,15.4,3.4,observed
2025-04-26,6,18.8,24.7,14.6,0.0,observed
2025-04-27,6,19.1,24.9,15.4,1.0,observed
2025-04-28,6,19.8,24.8,15.4,0.3,observed
2025-04-29,6,19.9,25.6,16.0,2.5,observed
2025-04-30,6,19.5,25.0,16.2,2.2,observed
2025-05-01,6,19.6,25.3,15.7,0.7,observed
2025-05-02,6,20.2,26.2,15.9,0.9,observed
2025-05-03,6,20.5,26.4,16.2,3.0,observed
2025-05-04,6,20.0,26.7,15.9,10.5,observed
2025-05-05,6,18.8,23.6,15.4,12.5,observed
2025-05-06,6,18.2,23.6,14.5,17.8,observed
2025-05-07,6,18.6,23.5,15.0,10.2,observed
2025-05-08,6,18.9,24.0,14.8,2.1,observed
2025-05-09,6,19.1,23.6,15.6,2.1,observed
2025-05-10,6,19.1,24.4,15.9,1.5,observed
2025-05-11,6,18.9,24.3,15.5,3.6,observed
2025-05-12,6,19.2,25.3,15.9,15.9,observed
2025-05-13,6,18.3,23.2,15.1,26.8,observed
2025-05-14,6,18.4,23.6,14.6,2.2,observed
2025-05-15,6,18.7,23.3,14.7,1.4,observed
2025-05-16,6,18.8,23.5,15.3,1.1,observed
2025-05-17,6,18.9,23.8,15.1,0.7,observed
2025-05-18,6,18.6,23.5,15.8,2.9,observed
2025-05-19,6,18.7,22.8,15.1,2.6,observed
2025-05-20,6,19.5,24.6,16.1,1.8,observed
2025-05-21,6,19.6,24.5,16.4,0.9,observed
2025-05-22,6,19.6,25.1,16.8,1.8,observed
2025-05-23,6,19.5,24.7,15.7,2.4,observed
2025-05-24,6,19.8,26.4,14.0,0.0,observed
2025-05-25,6,18.5,23.3,14.4,0.8,observed
2025-05-26,6,19.0,25.0,14.0,2.2,observed
2025-05-27,6,18.0,22.9,14.6,10.3,observed
2025-05-28,6,19.0,24.4,14.9,0.5,observed
2025-05-29,6,19.2,24.3,15.3,1.3,observed
2025-05-30,6,19.1,25.6,13.9,0.0,observed
2025-05-31,6,18.9,26.3,13.3,0.0,observed
2025-06-01,6,18.4,23.9,13.6,2.2,observed
2025-06-02,6,19.2,23.9,15.4,2.2,observed
2025-06-03,6,19.5,25.6,15.0,0.0,observed
2025-06-04,6,19.0,25.6,14.4,0.5,observed
2025-06-05,6,19.0,25.3,15.8,3.4,observed
2025-06-06,6,18.0,22.9,15.2,6.8,observed
2025-06-07,6,18.5,23.0,15.3,4.4,observed
2025-06-08,6,18.5,23.5,14.4,1.5,observed
2025-06-09,6,17.9,23.6,14.1,8.4,observed
2025-06-10,6,18.2,24.2,13.1,0.8,observed
2025-06-11,6,18.1,23.5,13.9,0.9,observed
2025-06-12,6,18.5,23.2,15.4,2.4,observed
2025-06-13,6,18.8,25.4,14.0,0.2,observed
2025-06-14,6,18.1,24.9,11.8,0.0,observed
2025-06-15,6,18.7,24.5,13.9,0.0,observed
2025-06-16,6,18.4,23.8,12.7,0.0,observed
2025-06-17,6,19.0,24.6,13.9,0.5,observed
2025-06-18,6,18.9,24.7,13.4,0.3,observed
2025-06-19,6,19.2,24.8,14.6,0.0,observed
2025-06-20,6,18.5,23.5,14.8,3.0,observed
2025-06-21,6,18.9,25.3,12.8,0.1,observed
2025-06-22,6,18.8,24.6,14.5,1.2,observed
2025-06-23,6,18.8,24.9,15.1,1.1,observed
2025-06-24,6,18.5,25.6,12.1,0.0,observed
2025-06-25,6,18.4,24.2,13.1,0.7,observed
2025-06-26,6,18.7,23.8,15.6,4.1,observed
2025-06-27,6,19.6,25.6,15.6,0.2,observed
2025-06-28,6,18.6,24.9,14.5,0.7,observed
2025-06-29,6,18.0,21.6,14.9,0.0,observed
2025-06-30,6,17.4,21.6,13.6,0.0,observed
2025-07-01,6,17.8,23.1,13.5,0.6,observed
2025-07-02,6,18.6,23.7,13.4,0.0,observed
2025-07-03,6,18.2,22.9,14.7,0.5,observed
2025-07-04,6,18.8,24.0,15.1,0.5,observed
2025-07-05,6,18.2,22.2,14.9,1.0,observed
2025-07-06,6,18.6,23.5,15.0,0.9,observed
2025-07-07,6,18.1,22.2,15.1,0.7,observed
2025-07-08,6,17.8,22.4,14.4,0.6,observed
2025-07-09,6,17.3,20.0,14.4,0.1,observed
2025-07-10,6,18.4,22.9,14.9,0.0,observed
2025-07-11,6,18.1,22.3,15.0,1.4,observed
2025-07-12,6,18.4,23.3,14.2,1.4,observed
2025-07-13,6,18.3,22.4,15.3,2.0,observed
2025-07-14,6,18.6,23.8,13.3,0.2,observed
2025-07-15,6,18.6,23.7,13.4,0.2,observed
2025-07-16,6,18.6,23.3,14.0,0.7,observed
2025-07-17,6,18.8,24.1,13.6,1.3,observed
2025-07-18,6,18.5,23.6,13.6,0.9,observed
2025-07-19,6,19.4,26.6,13.2,0.4,observed
2025-07-20,6,17.7,25.0,12.3,0.0,observed
2025-07-21,6,17.8,24.8,11.6,0.0,observed
2025-07-22,6,17.6,24.5,11.8,0.1,observed
2025-07-23,6,16.5,20.2,13.1,0.5,observed
2025-07-24,6,18.0,26.5,11.5,0.0,observed
2025-07-25,6,18.9,26.8,11.8,0.0,observed
2025-07-26,6,18.9,26.8,12.2,0.0,observed
2025-07-27,6,18.5,25.7,11.7,0.0,observed
2025-07-28,6,18.5,26.2,12.0,0.0,observed
2025-07-29,6,18.0,23.7,14.1,0.2,observed
2025-07-30,6,18.4,27.5,13.0,0.1,observed
2025-07-31,6,19.0,27.0,13.8,0.4,observed
2025-08-01,6,18.1,22.9,14.8,0.9,observed
2025-08-02,6,18.0,23.9,13.6,0.6,observed
2025-08-03,6,18.0,23.0,13.4,0.5,observed
2025-08-04,6,18.2,24.9,12.7,0.0,observed
2025-08-05,6,17.2,24.3,11.5,0.0,observed
2025-08-06,6,18.4,25.8,11.5,0.0,observed
2025-08-07,6,19.3,26.8,14.6,0.8,observed
2025-08-08,6,16.8,22.5,14.4,10.1,observed
2025-08-09,6,15.8,18.8,14.4,9.0,observed
2025-08-10,6,16.8,22.2,12.9,1.0,observed
2025-08-11,6,17.3,22.1,13.3,0.1,observed
2025-08-12,6,16.6,19.9,14.2,1.5,observed
2025-08-13,6,17.7,23.4,12.0,0.1,observed
2025-08-14,6,18.1,24.7,11.4,0.1,observed
2025-08-15,6,18.4,23.8,13.8,0.0,observed
2025-08-16,6,18.0,24.3,13.3,4.6,observed
2025-08-17,6,17.4,21.9,13.2,6.6,observed
2025-08-18,6,16.8,19.9,15.5,16.0,observed
2025-08-19,6,16.6,20.7,13.5,2.8,observed
2025-08-20,6,16.8,22.7,12.5,0.4,observed
2025-08-21,6,16.8,21.7,13.8,1.3,observed
2025-08-22,6,16.9,21.6,13.2,0.0,observed
2025-08-23,6,16.1,19.5,12.7,0.0,observed
2025-08-24,6,17.4,22.8,12.2,1.4,observed
2025-08-25,6,18.3,23.5,14.4,0.9,observed
2025-08-26,6,18.5,25.2,13.7,0.2,observed
2025-08-27,6,18.9,25.1,13.1,0.4,observed
2025-08-28,6,18.7,25.6,13.6,0.0,observed
2025-08-29,6,18.2,26.7,11.7,0.0,observed
2025-08-30,6,18.5,25.8,13.7,0.5,observed
2025-08-31,6,18.2,24.9,11.9,0.0,observed
2025-09-01,6,19.1,26.1,13.5,0.0,observed
2025-09-02,6,18.8,26.9,11.8,0.0,observed
2025-09-03,6,18.5,24.3,12.3,0.0,observed
2025-09-04,6,19.2,26.8,12.2,0.0,observed
2025-09-05,6,19.3,26.4,13.0,0.0,observed
2025-09-06,6,19.9,27.7,12.4,0.0,observed
2025-09-07,6,19.3,26.8,12.2,0.0,observed
2025-09-08,6,19.9,26.9,13.3,0.1,observed
2025-09-09,6,19.9,25.9,15.6,1.3,observed
2025-09-10,6,19.9,27.4,14.0,0.7,observed
2025-09-11,6,19.4,27.0,14.6,0.0,observed
2025-09-12,6,19.4,27.3,13.0,0.0,observed
2025-09-13,6,19.6,27.5,12.7,0.0,observed
2025-09-14,6,20.3,28.0,13.2,0.1,observed
2025-09-15,6,19.6,27.3,13.5,2.1,observed
2025-09-16,6,19.5,26.4,13.8,0.3,observed
2025-09-17,6,20.0,27.0,12.9,0.1,observed
2025-09-18,6,19.8,25.9,15.6,2.4,observed
2025-09-19,6,20.4,27.3,15.3,3.0,observed
2025-09-20,6,19.4,27.3,13.0,0.0,observed
2025-09-21,6,19.5,25.4,14.8,0.8,observed
2025-09-22,6,19.7,25.9,13.2,0.8,observed
2025-09-23,6,20.0,27.8,15.7,2.5,observed
2025-09-24,6,19.7,28.5,12.1,0.0,observed
2025-09-25,6,20.3,28.2,13.1,0.0,observed
2025-09-26,6,20.5,28.1,14.7,0.2,observed
2025-09-27,6,20.9,28.3,15.1,0.8,observed
2025-09-28,6,20.3,27.2,14.9,0.1,observed
2025-09-29,6,20.5,29.1,14.1,0.6,observed
2025-09-30,6,20.4,29.2,13.9,0.0,observed
2025-10-01,6,20.9,29.3,13.4,0.0,observed
2025-10-02,6,21.0,28.3,12.8,0.0,observed
2025-10-03,6,20.5,27.0,15.8,1.0,observed
2025-10-04,6,18.5,22.8,16.0,0.8,observed
2025-10-05,6,19.2,25.2,15.6,1.2,observed
2025-10-06,6,19.3,25.0,14.9,0.8,observed
2025-10-07,6,19.0,26.0,15.7,2.7,observed
2025-10-08,6,18.9,24.1,15.0,4.2,observed
2025-10-09,6,19.2,25.5,14.8,3.5,observed
2025-10-10,6,19.3,24.9,15.1,3.8,observed
2025-10-11,6,19.8,27.5,13.5,0.0,observed
2025-10-12,6,19.9,26.7,13.5,0.1,observed
2025-10-13,6,19.9,26.5,14.9,0.3,observed
2025-10-14,6,20.1,26.3,15.3,0.2,observed
2025-10-15,6,20.3,27.7,14.6,0.1,observed
2025-10-16,6,20.2,25.9,14.8,0.9,observed
2025-10-17,6,19.3,25.7,15.5,5.2,observed
2025-10-18,6,19.6,25.1,15.6,2.6,observed
2025-10-19,6,19.7,25.8,14.3,0.1,observed
2025-10-20,6,20.7,28.5,13.1,0.0,observed
2025-10-21,6,21.2,28.0,14.7,0.3,observed
2025-10-22,6,19.5,23.6,16.6,1.0,observed
2025-10-23,6,20.4,26.4,16.0,0.7,observed
2025-10-24,6,19.2,24.7,16.0,4.0,observed
2025-10-25,6,20.2,25.8,16.0,0.7,observed
2025-10-26,6,20.4,25.9,14.8,0.8,observed
2025-10-27,6,19.8,26.3,14.9,5.1,observed
2025-10-28,6,19.4,25.5,16.3,13.2,observed
2025-10-29,6,18.2,22.1,16.2,10.4,observed
2025-10-30,6,18.3,23.8,15.7,8.0,observed
2025-10-31,6,18.3,23.7,15.2,11.5,observed
2025-11-01,6,18.1,21.8,16.0,5.1,observed
2025-11-02,6,18.4,23.6,15.8,5.2,observed
2025-11-03,6,18.6,24.2,14.9,3.3,observed
2025-11-04,6,18.8,25.4,15.2,2.4,observed
2025-11-05,6,19.5,25.7,14.4,0.1,observed
2025-11-06,6,19.7,25.7,15.9,1.1,observed
2025-11-07,6,19.7,25.6,16.0,4.5,observed
2025-11-08,6,19.4,26.1,15.6,1.8,observed
2025-11-09,6,17.2,20.5,15.4,4.4,observed
2025-11-10,6,18.4,24.4,13.5,1.2,observed
2025-11-11,6,19.3,24.6,15.5,1.4,observed
2025-11-12,6,19.1,24.9,15.2,2.8,observed
2025-11-13,6,18.8,23.9,15.7,3.5,observed
2025-11-14,6,18.6,25.2,14.7,2.1,observed
2025-11-15,6,19.7,25.4,15.2,1.1,observed
2025-11-16,6,20.0,25.3,16.3,1.9,observed
2025-11-17,6,19.6,25.0,15.3,0.6,observed
2025-11-18,6,19.2,26.0,16.1,2.4,observed
2025-11-19,6,19.2,25.8,14.1,0.4,observed
2025-11-20,6,19.6,26.1,14.1,0.1,observed
2025-11-21,6,20.1,26.4,15.2,1.0,observed
2025-11-22,6,19.5,25.3,13.5,0.2,observed
2025-11-23,6,18.6,23.6,14.7,4.1,observed
2025-11-24,6,19.0,25.5,13.1,0.7,observed
2025-11-25,6,19.5,25.4,15.8,3.9,observed
2025-11-26,6,18.8,23.7,15.4,7.0,observed
2025-11-27,6,19.0,24.0,15.6,3.9,observed
2025-11-28,6,19.7,25.4,15.6,1.7,observed
2025-11-29,6,19.9,26.1,15.7,1.0,observed
2025-11-30,6,20.2,26.1,15.2,0.0,observed
2025-12-01,6,19.8,25.8,14.3,0.0,observed
2025-12-02,6,19.9,26.8,13.6,0.0,observed
2025-12-03,6,20.1,26.4,15.1,0.5,observed
2025-12-04,6,20.1,26.0,16.0,2.1,observed
2025-12-05,6,19.6,25.6,15.4,1.4,observed
2025-12-06,6,19.4,25.3,15.1,1.6,observed
2025-12-07,6,19.2,24.5,14.8,1.2,observed
2025-12-08,6,19.0,24.4,15.4,1.5,observed
2025-12-09,6,19.5,25.3,14.7,0.3,observed
2025-12-10,6,20.1,26.4,14.8,0.0,observed
2025-12-11,6,20.2,26.0,15.8,1.0,observed
2025-12-12,6,20.0,26.3,15.8,2.0,observed
2025-12-13,6,19.6,26.2,14.2,6.4,observed
2025-12-14,6,18.7,24.6,15.8,5.5,observed
2025-12-15,6,19.7,25.4,15.2,2.4,observed
2025-12-16,6,20.2,26.0,16.1,2.3,observed
2025-12-17,6,20.8,27.2,16.4,1.6,observed
2025-12-18,6,20.5,26.8,16.0,1.5,observed
2025-12-19,6,19.2,25.6,16.1,4.2,observed
2025-12-20,6,19.8,25.7,15.8,3.9,observed
2025-12-21,6,18.4,24.0,15.9,4.5,observed
2025-12-22,6,19.0,24.5,15.3,2.9,observed
2025-12-23,6,19.7,25.6,14.7,0.3,observed
2025-12-24,6,19.9,26.1,15.5,1.6,observed
2025-12-25,6,20.6,26.7,14.8,0.9,observed
2025-12-26,6,21.9,28.8,15.9,0.1,observed
2025-12-27,6,21.2,29.5,16.3,10.1,observed
2025-12-28,6,18.1,23.8,15.8,9.5,observed
2025-12-29,6,19.1,25.5,15.3,5.1,observed
2025-12-30,6,18.8,24.3,14.7,3.6,observed
2025-12-31,6,19.0,24.7,14.6,0.5,observed
2026-01-01,6,18.7,24.0,14.8,1.8,observed
2026-01-02,6,19.5,25.7,14.6,0.1,observed
2026-01-03,6,20.4,27.1,14.7,0.0,observed
2026-01-04,6,20.9,26.7,15.3,0.0,observed
2026-01-05,6,20.9,27.0,15.7,0.0,observed
2026-01-06,6,20.5,26.4,14.9,0.0,observed
2026-01-07,6,21.1,27.6,15.2,0.0,observed
2026-01-08,6,21.2,26.3,16.6,0.0,observed
2026-01-09,6,21.0,27.0,16.0,0.3,observed
2026-01-10,6,20.4,26.7,14.8,2.0,observed
2026-01-11,6,21.3,28.0,15.9,0.4,observed
2026-01-12,6,19.9,25.3,15.0,7.5,observed
2026-01-13,6,20.3,26.2,15.5,0.1,observed
2026-01-14,6,20.0,26.6,13.7,0.0,observed
2026-01-15,6,20.8,27.7,14.3,0.0,observed
2026-01-16,6,21.9,29.7,15.0,0.0,observed
2026-01-17,6,21.0,27.7,15.9,0.7,observed
2026-01-18,6,20.9,26.7,15.9,1.1,observed
2026-01-19,6,20.5,26.1,15.2,0.7,observed
2026-01-20,6,21.1,27.8,14.9,0.0,observed
2026-01-21,6,21.6,28.7,15.0,0.0,observed
2026-01-22,6,20.6,26.3,15.5,0.3,observed
2026-01-23,6,21.3,27.6,14.9,0.0,observed
2026-01-24,6,22.0,29.4,15.2,0.0,observed
2026-01-25,6,23.0,31.3,16.0,0.0,observed
2026-01-26,6,22.9,30.1,16.0,0.0,observed
2026-01-27,6,22.2,28.9,15.9,0.0,observed
2026-01-28,6,22.2,28.1,16.6,0.1,observed
2026-01-29,6,22.7,29.9,16.1,0.0,observed
2026-01-30,6,22.4,28.7,16.0,0.0,observed
2026-01-31,6,22.4,28.5,16.4,0.0,observed
2026-02-01,6,22.4,28.6,16.4,0.0,observed
2026-02-02,6,21.9,27.7,15.7,0.0,observed
2026-02-03,6,22.1,28.7,15.8,0.0,observed
2026-02-04,6,22.4,29.9,15.6,0.0,observed
2026-02-05,6,22.3,28.8,17.1,0.1,observed
2026-02-06,6,22.2,27.8,17.5,0.2,observed
2026-02-07,6,22.4,29.5,15.6,0.0,observed
2026-02-08,6,22.1,28.6,16.4,0.4,observed
2026-02-09,6,21.4,27.4,16.5,1.2,observed
2026-02-10,6,22.4,28.7,17.0,0.0,observed
2026-02-11,6,22.2,28.7,15.6,0.0,observed
2026-02-12,6,22.4,29.6,15.5,0.0,observed
2026-02-13,6,22.6,30.0,15.7,0.0,observed
2026-02-14,6,22.0,28.6,16.5,0.1,observed
2026-02-15,6,21.1,28.3,16.3,1.9,observed
2026-02-16,6,20.9,28.0,15.8,0.4,observed
2026-02-17,6,21.2,27.1,16.8,1.2,observed
2026-02-18,6,20.2,25.4,16.1,0.9,observed
2026-02-19,6,21.6,28.2,15.2,0.6,observed
2026-02-20,6,22.7,28.9,16.7,0.4,observed
2026-02-21,6,19.4,23.5,16.3,6.9,observed
2026-02-22,6,18.7,24.5,15.7,10.6,observed
2026-02-23,6,18.2,21.4,16.1,8.9,observed
2026-02-24,6,18.8,23.7,15.2,4.7,observed
2026-02-25,6,18.5,24.2,15.3,17.1,observed
2026-02-26,6,19.1,25.1,15.2,16.3,observed
2026-02-27,6,19.1,25.4,15.9,13.2,observed
2026-02-28,6,18.5,23.5,15.0,8.0,observed
2026-03-01,6,18.5,23.3,15.9,8.9,observed
2026-03-02,6,18.5,23.6,15.6,7.2,observed
2026-03-03,6,19.0,24.0,16.0,6.6,observed
2026-03-04,6,18.7,23.9,15.9,20.5,observed
2026-03-05,6,18.5,23.7,15.7,15.7,observed
2026-03-06,6,18.3,23.5,16.2,21.9,observed
2026-03-07,6,18.3,22.7,14.8,8.4,observed
2026-03-08,6,18.8,24.4,14.5,5.4,observed
2026-03-09,6,19.1,24.0,15.6,3.4,observed
2026-03-10,6,19.0,24.3,16.1,3.6,observed
2026-03-11,6,19.6,25.2,16.0,0.9,observed
2026-03-12,6,19.9,25.2,16.2,0.6,observed
2026-03-13,6,20.2,26.3,15.2,1.8,observed
2026-03-14,6,19.7,24.8,16.2,2.0,observed
2026-03-15,6,19.8,25.2,16.6,1.3,observed
2026-03-16,6,19.6,25.1,15.4,0.5,observed
2026-03-17,6,19.9,26.0,16.4,2.2,observed
2026-03-18,6,19.9,26.4,16.2,5.2,observed
2026-03-19,6,19.9,25.7,16.3,3.5,observed
2026-03-20,6,18.6,23.9,15.7,30.5,observed
2026-03-21,6,18.9,23.6,16.2,31.5,observed
2026-03-22,6,18.7,23.8,15.9,9.3,observed
2026-03-23,6,18.3,23.2,15.9,7.1,observed
2026-03-24,6,18.5,23.7,15.7,11.9,observed
2026-03-25,6,18.6,23.5,15.7,3.1,observed
2026-03-26,6,19.1,24.5,15.7,2.7,observed
2026-03-27,6,18.3,23.1,15.8,7.3,observed
2026-03-28,6,18.7,23.8,15.8,3.8,observed
2026-03-29,6,19.0,24.3,15.0,0.5,observed
2026-03-30,6,19.1,24.5,15.8,1.8,observed
2026-03-31,6,18.8,24.1,15.2,3.2,observed
2026-04-01,6,19.4,24.5,16.1,1.7,observed
2026-04-02,6,19.2,24.5,15.4,2.4,observed
2026-04-03,6,19.6,25.2,15.4,1.1,observed
2026-04-04,6,19.6,25.1,15.2,1.0,observed
2026-04-05,6,18.9,24.0,15.2,4.6,observed
2026-04-06,6,19.5,24.9,15.0,1.3,observed
2026-04-07,6,19.5,24.6,16.0,2.6,observed
2026-04-08,6,19.9,25.2,16.1,2.0,observed
2026-04-09,6,19.8,25.4,16.0,0.5,observed
2026-04-10,6,19.9,25.9,16.0,0.7,observed
2026-04-11,6,20.5,27.0,15.5,0.6,observed
2026-04-12,6,20.2,25.5,16.6,4.2,observed
2026-04-13,6,19.4,25.2,16.4,4.5,observed
2026-04-14,6,18.8,23.3,16.3,9.4,observed
2026-04-15,6,18.9,23.9,16.2,4.2,observed
2026-04-16,6,18.8,24.2,16.1,4.2,observed
2026-04-17,6,18.3,22.8,15.8,8.4,observed
2026-04-18,6,18.6,23.2,15.8,12.1,observed
2026-04-19,6,18.8,23.2,15.9,4.2,observed
2026-04-20,6,19.1,23.7,15.8,2.5,observed
2026-04-21,6,19.2,24.0,16.1,1.2,observed
2026-04-22,6,19.2,24.2,16.4,2.9,observed
2026-04-23,6,18.2,22.3,16.1,9.7,observed
2026-04-24,6,18.8,23.3,15.2,0.7,observed
2026-04-25,6,18.8,23.4,14.1,2.3,observed
2026-04-26,6,18.9,24.0,15.5,9.7,observed
2026-04-27,6,18.8,23.9,15.9,18.6,observed
2026-04-28,6,18.3,23.0,16.3,32.5,observed
2026-04-29,6,17.1,20.6,14.6,7.1,observed
2026-04-30,6,18.1,22.6,15.4,10.4,observed
2026-05-01,6,18.4,23.0,16.0,10.8,observed
2026-05-02,6,18.5,23.2,16.1,5.3,observed
2026-05-03,6,19.0,23.9,14.4,2.3,observed
2026-05-04,6,19.1,23.8,15.0,2.3,observed
2026-05-05,6,19.4,23.8,16.4,1.8,observed
2026-05-06,6,19.6,24.8,16.4,2.5,observed
2026-05-07,6,19.5,24.3,16.1,1.2,observed
2026-05-08,6,19.7,25.0,16.6,1.7,observed
2026-05-09,6,19.0,23.5,16.6,8.4,observed
2026-05-10,6,19.0,23.8,15.3,0.7,observed
2026-05-11,6,19.5,24.8,15.1,1.1,observed
2026-05-12,6,18.8,23.2,16.2,2.4,observed
2026-05-13,6,19.0,23.9,16.4,8.0,observed
2026-05-14,6,19.3,24.1,16.2,0.9,observed
2026-05-15,6,19.1,23.3,16.0,0.7,observed
2026-05-16,6,19.1,24.4,16.0,1.7,observed
2026-05-17,6,18.8,23.4,15.4,1.6,observed
2026-05-18,6,19.2,23.7,15.7,0.7,observed
2026-05-19,6,19.2,24.4,14.3,0.0,observed
2026-05-20,6,19.3,24.5,14.6,0.0,observed
2026-05-21,6,19.4,24.8,16.0,0.7,observed
2026-05-22,6,19.8,25.9,15.0,0.5,observed
2026-05-23,6,19.9,25.7,16.5,0.6,observed
2026-05-24,6,19.8,25.3,15.1,0.2,observed
2026-05-25,6,19.1,24.4,15.7,0.6,observed
2026-05-26,6,19.1,24.6,15.1,0.3,observed
2026-05-27,6,18.9,23.2,15.8,0.4,observed
2026-05-28,6,19.1,24.1,15.6,0.5,observed
2026-05-29,6,18.9,23.5,14.5,0.9,observed
2026-05-30,6,18.4,23.3,16.3,3.5,observed
2026-05-31,6,19.1,23.6,16.1,2.9,observed
2026-06-01,6,18.6,22.1,15.8,6.7,observed
2026-06-02,6,18.4,23.0,15.9,5.0,observed
2026-06-03,6,18.3,22.2,15.4,0.8,observed
2026-06-04,6,19.0,24.0,15.6,2.3,observed
2026-06-05,6,18.9,25.0,13.3,0.1,observed
2026-06-06,6,19.9,26.5,15.5,0.2,observed
2026-06-07,6,19.3,26.0,15.2,0.2,observed
2026-06-08,6,19.3,25.8,14.6,0.5,observed
2026-06-09,6,19.0,25.9,13.6,0.0,observed
2026-06-10,6,19.1,24.9,14.9,0.3,observed
2026-06-11,6,19.1,24.6,15.2,0.1,observed
2026-06-12,6,19.7,25.8,15.6,1.5,observed
2026-06-13,6,18.1,22.7,15.6,2.1,observed
2026-06-14,6,17.5,22.3,13.8,0.3,observed
2026-06-15,6,18.1,24.4,13.0,0.1,observed
2026-06-16,6,17.7,24.1,10.6,0.2,observed
2026-06-17,6,17.4,21.7,12.5,1.4,observed
2026-06-18,6,18.0,23.6,14.0,1.2,observed
2026-06-19,6,18.7,24.2,14.4,0.5,observed
2026-06-20,6,18.5,23.0,14.7,0.9,observed
2026-06-21,6,18.0,22.7,14.6,0.6,observed
2026-06-22,6,17.1,21.3,13.3,0.2,observed
2026-06-23,6,17.3,22.6,12.3,0.0,observed
2026-06-24,6,17.4,22.3,13.0,1.2,observed
2026-06-25,6,18.1,23.9,13.4,2.4,observed
2026-06-26,6,18.9,24.7,13.0,0.6,observed
2026-06-27,6,18.1,24.9,12.1,0.2,observed
2026-06-28,6,18.1,24.4,12.3,0.0,observed
2026-06-29,6,17.5,23.4,12.4,0.1,observed
2026-06-30,6,18.1,22.6,14.7,0.9,observed
2026-07-01,6,17.5,23.0,14.3,0.1,observed
2026-07-02,6,18.4,25.2,11.6,0.1,observed
2026-07-03,6,18.8,25.8,12.6,0.1,observed
2026-07-04,6,18.1,24.1,13.6,0.2,observed
2026-07-05,6,17.2,21.5,14.2,0.0,observed
2026-07-06,6,18.2,24.7,13.0,0.0,observed
2026-07-07,6,17.6,23.3,11.6,0.1,observed
2026-07-08,6,18.5,24.8,13.8,0.2,observed
2026-07-09,6,18.7,24.7,14.2,0.0,observed
2026-07-10,6,18.1,23.6,14.2,0.7,observed
2026-07-11,6,17.7,21.7,15.7,2.8,observed
2026-07-12,6,18.1,23.5,13.3,0.2,observed
2026-07-13,6,18.6,24.9,12.7,0.0,observed
2026-07-14,6,18.0,25.0,12.3,0.0,observed
2026-07-15,6,18.9,25.2,14.3,0.1,observed
2026-07-16,6,19.5,26.4,13.2,0.3,observed
2026-07-17,6,17.8,24.4,12.8,0.0,observed
2026-07-18,6,18.9,25.3,13.0,0.6,observed
2026-07-19,6,19.3,26.3,12.7,0.0,observed
2026-07-20,6,18.0,24.6,12.8,0.1,observed
2026-07-21,6,18.9,25.9,13.1,0.4,observed
2026-07-22,6,18.2,24.2,12.8,0.1,observed
2026-07-23,6,17.9,24.3,13.0,0.2,observed
2026-07-24,6,19.0,24.9,13.7,0.2,observed
2026-07-25,6,18.1,23.4,13.6,0.3,observed
2026-07-26,6,17.1,21.6,12.9,0.4,observed
2026-07-27,6,17.3,22.1,13.9,0.4,observed
2026-07-28,6,17.2,22.2,12.0,0.0,observed
2026-07-29,6,18.2,24.3,13.2,0.0,observed
2026-07-30,6,18.4,24.8,12.6,0.3,observed
2026-07-31,6,18.6,25.3,13.0,0.6,observed
2026-08-01,6,17.6,25.2,12.8,0.1,observed
2026-08-02,6,17.3,22.8,13.2,0.7,observed
2026-08-03,6,16.6,21.5,12.5,0.1,observed
2026-08-04,6,16.4,20.6,12.7,0.8,observed
2026-08-05,6,18.3,25.6,11.6,0.0,observed
2026-08-06,6,17.7,25.1,12.6,0.0,observed
2026-08-07,6,18.4,23.8,13.3,0.0,observed
2026-08-08,6,18.2,24.3,13.1,0.1,observed
2026-08-09,6,18.2,23.6,14.1,0.6,observed
2026-08-10,6,18.2,27.9,12.5,0.4,observed
2026-08-11,6,18.6,26.4,11.5,0.0,observed
2026-08-12,6,19.4,27.0,11.7,0.0,observed
2026-08-13,6,19.4,26.3,12.0,0.0,observed
2026-08-14,6,19.3,26.7,11.6,0.0,observed
2026-08-15,6,18.5,24.0,12.7,0.0,observed
2026-08-16,6,17.9,20.9,15.0,0.4,observed
2026-08-17,6,18.3,23.6,14.6,0.4,observed
2026-08-18,6,18.2,22.2,15.1,2.5,observed
2026-08-19,6,18.2,23.3,15.5,3.9,observed
2026-08-20,6,18.2,25.1,13.1,0.2,observed
2026-08-21,6,18.2,25.0,11.1,0.0,observed
2026-08-22,6,19.8,27.5,12.0,0.0,observed
2026-08-23,6,20.7,27.3,16.1,2.8,observed
2026-08-24,6,20.6,27.1,16.7,0.9,observed
2026-08-25,6,19.7,27.1,13.0,0.0,observed
2026-08-26,6,19.4,27.4,12.1,0.0,observed
2026-08-27,6,18.6,27.9,12.2,0.4,observed
2026-08-28,6,19.0,25.9,12.5,0.0,observed
2026-08-29,6,19.0,25.4,13.3,0.0,observed
2026-08-30,6,18.9,25.7,14.0,0.2,observed
2026-08-31,6,17.4,21.7,13.8,3.7,observed
2026-09-01,6,17.8,23.2,13.2,2.5,observed
2026-09-02,6,19.1,26.5,14.7,0.7,observed
2026-09-03,6,18.2,25.0,12.6,0.0,observed
2026-09-04,6,20.1,29.7,13.7,0.4,observed
2026-09-05,6,20.2,27.8,13.5,0.1,observed
2026-09-06,6,20.2,28.1,13.7,0.0,observed
2026-09-07,6,20.2,27.1,13.3,0.0,observed
2026-09-08,6,17.8,21.9,13.7,0.6,observed
2026-09-09,6,17.5,21.9,13.4,1.1,observed
2026-09-10,6,18.8,24.0,14.3,1.8,observed
2026-09-11,6,19.1,24.3,15.4,0.9,observed
2026-09-12,6,18.6,23.5,15.4,6.2,observed
2026-09-13,6,19.1,24.9,14.9,0.9,observed
2026-09-14,6,19.9,27.0,13.4,0.4,observed
2026-09-15,6,17.7,20.3,15.5,0.9,observed
2026-09-16,6,17.8,21.9,14.5,2.8,observed
2026-09-17,6,18.5,24.5,15.0,0.1,observed
2026-09-18,6,16.9,20.9,13.1,3.7,observed
2026-09-19,6,18.7,25.1,14.4,1.4,observed
2026-09-20,6,17.6,22.6,13.7,4.0,observed
2026-09-21,6,18.0,22.4,15.5,4.8,observed
2026-09-22,6,19.3,24.6,15.5,0.6,observed
2026-09-23,6,19.0,24.9,14.7,0.8,observed
2026-09-24,6,19.9,27.5,13.0,0.0,observed
2026-09-25,6,20.2,28.5,13.4,0.2,observed
2026-09-26,6,20.3,28.6,14.5,0.0,observed
2026-09-27,6,20.6,27.5,15.3,0.6,observed
2026-09-28,6,20.7,27.7,16.8,1.6,observed
2026-09-29,6,20.3,25.8,16.4,1.3,observed
2026-09-30,6,20.1,27.7,14.0,0.0,observed
2026-10-01,6,21.0,29.2,13.9,0.0,observed
2026-10-02,6,21.0,28.1,14.4,0.0,observed
2026-10-03,6,21.6,28.9,14.6,0.0,observed
2026-10-04,6,20.9,26.9,15.8,2.0,observed
2026-10-05,6,21.6,28.1,16.0,0.7,observed
2026-10-06,6,21.2,27.2,16.4,1.2,observed
2026-10-07,6,20.3,26.1,16.7,5.2,observed
2026-10-08,6,20.2,25.3,16.4,4.3,observed
2026-10-09,6,19.7,25.7,16.0,6.4,forecast
2026-10-10,6,18.3,24.0,15.2,32.5,forecast
2026-10-11,6,19.1,25.8,14.6,16.9,forecast
2026-10-12,6,17.1,22.0,13.5,16.3,forecast
2026-10-13,6,17.7,23.8,13.2,22.6,forecast
2026-10-14,6,17.7,22.3,15.6,35.7,forecast
2026-10-15,6,17.6,21.9,15.3,35.2,forecast
2026-10-16,6,18.7,24.5,14.0,0.2,forecast
2026-10-17,6,18.6,24.8,13.3,0.3,forecast
2026-10-18,6,18.7,23.6,15.0,2.2,forecast
2024-01-01,7,20.5,26.9,15.5,0.8,observed
2024-01-02,7,20.3,26.8,15.4,1.6,observed
2024-01-03,7,20.3,26.0,16.4,1.7,observed
2024-01-04,7,20.5,26.9,15.2,0.4,observed
2024-01-05,7,19.0,26.2,15.7,7.6,observed
2024-01-06,7,19.7,25.9,15.8,1.4,observed
2024-01-07,7,19.5,24.7,15.9,9.9,observed
2024-01-08,7,19.7,25.4,15.2,0.3,observed
2024-01-09,7,19.5,25.9,14.5,0.5,observed
2024-01-10,7,19.1,24.7,14.6,2.5,observed
2024-01-11,7,18.7,25.3,14.9,1.4,observed
2024-01-12,7,19.2,25.3,14.7,1.3,observed
2024-01-13,7,18.3,22.3,15.5,3.6,observed
2024-01-14,7,19.3,25.2,15.6,12.0,observed
2024-01-15,7,19.7,26.1,15.0,1.0,observed
2024-01-16,7,19.6,25.8,14.8,1.7,observed
2024-01-17,7,19.9,26.5,15.6,2.7,observed
2024-01-18,7,19.0,24.7,16.0,9.8,observed
2024-01-19,7,20.2,27.2,14.9,4.3,observed
2024-01-20,7,18.9,25.3,15.7,10.1,observed
2024-01-21,7,19.5,25.5,16.2,4.0,observed
2024-01-22,7,19.7,27.0,14.7,0.4,observed
2024-01-23,7,19.5,26.7,13.6,0.0,observed
2024-01-24,7,20.0,27.0,13.8,0.0,observed
2024-01-25,7,20.4,26.8,14.8,0.3,observed
2024-01-26,7,20.4,26.6,15.7,0.6,observed
2024-01-27,7,20.5,26.4,16.1,1.5,observed
2024-01-28,7,20.4,26.2,15.9,0.7,observed
2024-01-29,7,20.4,27.2,15.1,0.1,observed
2024-01-30,7,20.7,27.8,16.2,0.2,observed
2024-01-31,7,20.7,27.7,15.3,0.5,observed
2024-02-01,7,20.4,27.7,15.2,0.3,observed
2024-02-02,7,20.5,28.6,14.5,0.0,observed
2024-02-03,7,21.2,28.1,15.6,0.2,observed
2024-02-04,7,20.8,26.8,15.3,0.4,observed
2024-02-05,7,20.7,27.6,15.2,0.1,observed
2024-02-06,7,21.0,28.2,15.2,0.0,observed
2024-02-07,7,20.8,27.8,15.7,0.2,observed
2024-02-08,7,20.6,27.9,14.5,0.6,observed
2024-02-09,7,21.2,28.8,15.0,0.0,observed
2024-02-10,7,21.4,28.4,16.0,0.4,observed
2024-02-11,7,20.9,28.0,15.3,0.0,observed
2024-02-12,7,21.1,28.6,14.2,0.0,observed
2024-02-13,7,21.7,29.2,15.7,0.0,observed
2024-02-14,7,21.8,28.6,16.3,0.0,observed
2024-02-15,7,22.0,29.4,16.0,0.0,observed
2024-02-16,7,21.7,28.6,15.7,0.0,observed
2024-02-17,7,21.8,28.9,15.9,0.3,observed
2024-02-18,7,22.3,31.1,13.5,0.0,observed
2024-02-19,7,22.9,30.1,15.7,0.0,observed
2024-02-20,7,22.6,29.7,16.8,1.6,observed
2024-02-21,7,21.9,29.2,15.9,1.1,observed
2024-02-22,7,21.0,27.9,14.9,0.0,observed
2024-02-23,7,20.1,26.7,15.7,0.8,observed
2024-02-24,7,18.9,24.3,15.9,15.6,observed
2024-02-25,7,20.6,27.9,14.3,0.1,observed
2024-02-26,7,21.6,30.1,15.6,2.8,observed
2024-02-27,7,20.6,29.8,15.6,2.0,observed
2024-02-28,7,20.6,26.6,15.6,1.2,observed
2024-02-29,7,21.2,29.1,15.5,0.1,observed
2024-03-01,7,21.3,29.4,14.5,0.0,observed
2024-03-02,7,21.4,29.1,15.5,0.0,observed
2024-03-03,7,21.6,28.8,15.0,0.0,observed
2024-03-04,7,22.3,29.7,16.6,0.7,observed
2024-03-05,7,20.7,27.6,15.2,0.9,observed
2024-03-06,7,20.6,27.4,15.4,0.3,observed
2024-03-07,7,20.8,27.7,14.3,0.6,observed
2024-03-08,7,21.8,30.0,14.8,0.0,observed
2024-03-09,7,21.3,28.5,16.1,0.2,observed
2024-03-10,7,21.2,28.6,15.0,0.4,observed
2024-03-11,7,21.0,28.0,14.9,0.0,observed
2024-03-12,7,21.1,29.3,13.8,0.0,observed
2024-03-13,7,21.9,29.3,15.4,0.0,observed
2024-03-14,7,21.3,29.0,15.7,0.0,observed
2024-03-15,7,20.5,27.5,14.4,0.1,observed
2024-03-16,7,21.2,28.9,14.6,0.0,observed
2024-03-17,7,22.5,30.7,15.5,0.0,observed
2024-03-18,7,21.9,29.6,15.5,0.1,observed
2024-03-19,7,22.2,29.9,15.3,0.6,observed
2024-03-20,7,21.8,29.5,15.0,0.0,observed
2024-03-21,7,21.8,29.6,15.2,0.0,observed
2024-03-22,7,21.9,30.1,14.7,0.2,observed
2024-03-23,7,22.5,29.8,16.4,0.4,observed
2024-03-24,7,21.8,30.0,16.9,2.3,observed
2024-03-25,7,21.1,27.7,16.7,5.6,observed
2024-03-26,7,21.1,28.1,17.1,4.0,observed
2024-03-27,7,20.6,26.8,17.9,3.7,observed
2024-03-28,7,20.6,27.5,16.1,1.2,observed
2024-03-29,7,20.7,27.5,15.2,0.7,observed
2024-03-30,7,20.1,26.0,16.9,4.4,observed
2024-03-31,7,19.9,25.8,16.2,9.1,observed
2024-04-01,7,20.5,26.6,16.8,2.7,observed
2024-04-02,7,21.0,27.4,16.7,0.8,observed
2024-04-03,7,20.4,28.1,15.4,5.2,observed
2024-04-04,7,20.1,25.8,16.6,3.0,observed
2024-04-05,7,19.9,25.7,16.7,9.9,observed
2024-04-06,7,19.2,25.1,15.8,14.2,observed
2024-04-07,7,20.4,27.3,16.4,2.6,observed
2024-04-08,7,19.9,26.0,15.3,3.6,observed
2024-04-09,7,20.0,26.8,16.0,3.3,observed
2024-04-10,7,20.2,27.5,14.3,0.7,observed
2024-04-11,7,20.8,27.3,15.4,0.8,observed
2024-04-12,7,20.9,27.3,17.6,3.5,observed
2024-04-13,7,20.0,25.4,16.9,6.7,observed
2024-04-14,7,19.9,26.6,16.5,9.2,observed
2024-04-15,7,19.4,25.8,15.5,2.8,observed
2024-04-16,7,19.9,25.8,15.1,0.2,observed
2024-04-17,7,20.2,25.7,14.8,0.8,observed
2024-04-18,7,19.9,26.4,14.7,3.1,observed
2024-04-19,7,19.8,25.7,14.8,1.8,observed
2024-04-20,7,20.3,26.0,15.7,1.1,observed
2024-04-21,7,18.9,24.2,15.7,1.8,observed
2024-04-22,7,19.6,26.4,14.9,7.9,observed
2024-04-23,7,20.0,25.9,16.0,6.3,observed
2024-04-24,7,19.6,26.3,15.8,14.4,observed
2024-04-25,7,19.8,25.7,16.6,9.8,observed
2024-04-26,7,18.9,22.5,16.8,28.9,observed
2024-04-27,7,18.9,25.9,15.6,13.4,observed
2024-04-28,7,19.5,25.9,15.7,15.7,observed
2024-04-29,7,19.4,25.7,14.9,1.8,observed
2024-04-30,7,20.1,25.9,15.6,1.8,observed
2024-05-01,7,20.4,26.3,16.9,11.9,observed
2024-05-02,7,19.8,25.5,17.2,7.0,observed
2024-05-03,7,19.6,24.0,16.5,4.5,observed
2024-05-04,7,19.3,22.6,16.7,0.6,observed
2024-05-05,7,19.6,25.3,16.0,5.1,observed
2024-05-06,7,19.2,24.4,16.1,0.7,observed
2024-05-07,7,19.2,24.1,16.8,9.2,observed
2024-05-08,7,18.4,24.3,14.4,6.6,observed
2024-05-09,7,18.9,24.4,14.4,2.0,observed
2024-05-10,7,19.1,24.6,15.3,5.4,observed
2024-05-11,7,19.2,24.6,14.3,0.9,observed
2024-05-12,7,19.5,25.2,15.0,2.0,observed
2024-05-13,7,19.7,25.5,14.5,0.1,observed
2024-05-14,7,19.3,26.2,13.2,0.1,observed
2024-05-15,7,19.4,26.3,13.3,0.3,observed
2024-05-16,7,19.2,25.2,12.7,2.5,observed
2024-05-17,7,19.7,26.0,14.5,0.2,observed
2024-05-18,7,20.4,26.7,14.6,0.1,observed
2024-05-19,7,19.7,26.6,14.7,2.3,observed
2024-05-20,7,19.8,25.9,15.2,5.4,observed
2024-05-21,7,19.4,24.9,14.7,1.6,observed
2024-05-22,7,19.2,25.1,14.4,1.7,observed
2024-05-23,7,19.1,25.1,15.4,5.3,observed
2024-05-24,7,18.9,24.7,12.9,1.5,observed
2024-05-25,7,19.2,25.1,15.7,1.8,observed
2024-05-26,7,19.4,25.2,14.2,0.5,observed
2024-05-27,7,19.7,26.0,14.1,0.1,observed
2024-05-28,7,19.2,25.6,14.8,0.0,observed
2024-05-29,7,19.2,25.6,12.9,0.1,observed
2024-05-30,7,18.8,25.8,12.1,0.1,observed
2024-05-31,7,19.5,26.7,12.9,0.2,observed
2024-06-01,7,19.3,26.6,13.1,0.2,observed
2024-06-02,7,19.8,27.1,13.9,0.0,observed
2024-06-03,7,19.7,26.0,14.3,0.0,observed
2024-06-04,7,19.3,26.8,14.2,6.6,observed
2024-06-05,7,19.5,25.9,14.3,0.0,observed
2024-06-06,7,18.4,25.5,13.1,0.1,observed
2024-06-07,7,19.1,25.7,13.1,0.8,observed
2024-06-08,7,19.1,25.7,13.8,1.5,observed
2024-06-09,7,17.9,22.7,15.2,0.1,observed
2024-06-10,7,19.1,25.2,15.5,1.8,observed
2024-06-11,7,18.1,23.7,12.5,0.6,observed
2024-06-12,7,17.8,23.8,11.9,0.2,observed
2024-06-13,7,17.9,24.6,11.7,0.0,observed
2024-06-14,7,17.7,25.0,11.4,0.0,observed
2024-06-15,7,18.2,24.9,12.3,0.7,observed
2024-06-16,7,18.7,26.4,12.6,0.0,observed
2024-06-17,7,18.7,26.3,12.2,0.0,observed
2024-06-18,7,17.7,25.0,11.4,0.0,observed
2024-06-19,7,18.4,24.4,12.9,1.7,observed
2024-06-20,7,17.7,22.4,15.0,6.3,observed
2024-06-21,7,17.6,23.6,14.3,4.3,observed
2024-06-22,7,17.4,24.6,12.6,0.1,observed
2024-06-23,7,16.9,23.8,9.9,0.0,observed
2024-06-24,7,16.2,23.8,10.2,0.0,observed
2024-06-25,7,16.1,24.3,9.7,0.0,observed
2024-06-26,7,16.7,23.2,9.5,0.0,observed
2024-06-27,7,16.5,21.4,11.8,0.7,observed
2024-06-28,7,16.2,22.7,9.9,0.0,observed
2024-06-29,7,17.0,25.1,10.1,0.0,observed
2024-06-30,7,16.9,24.2,11.8,0.0,observed
2024-07-01,7,17.1,24.3,11.1,0.0,observed
2024-07-02,7,17.9,24.8,12.4,0.0,observed
2024-07-03,7,18.6,25.6,11.8,0.0,observed
2024-07-04,7,18.7,25.7,12.6,0.0,observed
2024-07-05,7,18.0,25.3,12.1,0.0,observed
2024-07-06,7,17.8,25.6,13.2,9.9,observed
2024-07-07,7,17.6,22.4,13.8,17.6,observed
2024-07-08,7,18.0,25.9,12.6,6.4,observed
2024-07-09,7,17.4,23.6,13.8,10.4,observed
2024-07-10,7,17.1,21.5,13.3,0.6,observed
2024-07-11,7,16.2,23.3,10.5,0.0,observed
2024-07-12,7,16.8,22.7,10.4,0.1,observed
2024-07-13,7,17.1,22.8,13.0,0.4,observed
2024-07-14,7,17.7,25.4,12.1,0.0,observed
2024-07-15,7,17.7,23.4,11.2,0.0,observed
2024-07-16,7,18.0,21.9,14.9,1.2,observed
2024-07-17,7,18.3,24.6,15.3,1.0,observed
2024-07-18,7,17.2,21.2,15.0,0.3,observed
2024-07-19,7,16.9,22.2,12.4,0.1,observed
2024-07-20,7,17.2,22.1,11.5,0.0,observed
2024-07-21,7,18.0,24.9,12.4,0.9,observed
2024-07-22,7,18.5,25.1,13.5,0.0,observed
2024-07-23,7,16.7,24.0,10.5,0.0,observed
2024-07-24,7,16.3,25.0,10.8,0.0,observed
2024-07-25,7,17.9,25.6,10.7,0.6,observed
2024-07-26,7,18.2,25.3,13.9,1.6,observed
2024-07-27,7,17.8,25.3,13.8,0.2,observed
2024-07-28,7,17.9,24.9,12.9,0.2,observed
2024-07-29,7,18.3,24.2,13.8,0.0,observed
2024-07-30,7,18.4,23.5,13.9,0.0,observed
2024-07-31,7,17.2,23.4,13.5,0.3,observed
2024-08-01,7,16.3,23.0,10.4,0.0,observed
2024-08-02,7,16.6,23.6,11.4,0.0,observed
2024-08-03,7,17.2,25.5,11.1,0.0,observed
2024-08-04,7,18.0,24.8,14.3,0.5,observed
2024-08-05,7,17.9,26.8,10.3,0.0,observed
2024-08-06,7,18.2,26.6,10.8,0.5,observed
2024-08-07,7,17.4,26.2,11.8,0.1,observed
2024-08-08,7,17.5,21.2,13.4,1.6,observed
2024-08-09,7,17.8,22.6,15.3,1.3,observed
2024-08-10,7,17.0,23.2,12.4,0.4,observed
2024-08-11,7,16.8,22.8,12.7,0.4,observed
2024-08-12,7,17.5,23.8,13.3,0.1,observed
2024-08-13,7,17.4,23.5,12.2,0.1,observed
2024-08-14,7,17.5,25.5,10.9,0.0,observed
2024-08-15,7,18.5,25.8,13.0,0.7,observed
2024-08-16,7,18.7,25.5,14.8,1.1,observed
2024-08-17,7,17.7,25.5,11.0,0.0,observed
2024-08-18,7,17.0,22.1,12.5,0.2,observed
2024-08-19,7,17.0,25.4,10.4,0.0,observed
2024-08-20,7,17.7,25.1,10.4,0.0,observed
2024-08-21,7,17.5,23.5,11.8,0.1,observed
2024-08-22,7,17.9,23.9,14.3,0.2,observed
2024-08-23,7,17.9,22.9,13.6,0.0,observed
2024-08-24,7,17.8,23.2,14.5,0.3,observed
2024-08-25,7,16.5,20.6,13.8,2.1,observed
2024-08-26,7,17.2,23.1,11.1,0.0,observed
2024-08-27,7,18.6,25.0,14.8,1.6,observed
2024-08-28,7,19.0,24.8,15.5,2.5,observed
2024-08-29,7,18.9,25.2,14.5,1.7,observed
2024-08-30,7,18.5,25.1,13.3,0.3,observed
2024-08-31,7,18.0,25.7,11.4,0.0,observed
2024-09-01,7,18.6,24.6,14.5,0.3,observed
2024-09-02,7,17.5,24.1,11.8,0.0,observed
2024-09-03,7,18.2,23.1,14.4,0.9,observed
2024-09-04,7,18.1,23.1,14.9,2.7,observed
2024-09-05,7,17.9,24.2,13.6,0.1,observed
2024-09-06,7,17.7,22.9,14.2,5.0,observed
2024-09-07,7,18.2,25.2,12.6,0.0,observed
2024-09-08,7,18.4,26.9,12.6,0.0,observed
2024-09-09,7,18.8,26.8,11.3,0.0,observed
2024-09-10,7,19.6,27.2,12.7,0.1,observed
2024-09-11,7,19.2,27.6,12.2,0.0,observed
2024-09-12,7,18.8,27.4,11.7,0.0,observed
2024-09-13,7,18.9,26.9,11.0,0.2,observed
2024-09-14,7,18.8,27.1,11.5,0.0,observed
2024-09-15,7,19.2,27.5,11.4,0.0,observed
2024-09-16,7,18.5,27.1,11.1,0.2,observed
2024-09-17,7,19.2,26.1,12.2,0.0,observed
2024-09-18,7,19.5,27.0,11.9,0.0,observed
2024-09-19,7,19.9,28.3,13.0,0.0,observed
2024-09-20,7,20.2,26.9,13.8,0.3,observed
2024-09-21,7,19.5,26.8,13.3,0.1,observed
2024-09-22,7,20.0,26.8,15.2,0.1,observed
2024-09-23,7,19.0,25.6,12.8,0.1,observed
2024-09-24,7,19.3,26.1,12.7,0.0,observed
2024-09-25,7,18.7,26.0,11.7,0.0,observed
2024-09-26,7,19.6,27.4,11.6,0.2,observed
2024-09-27,7,20.1,28.2,14.1,0.4,observed
2024-09-28,7,19.7,28.2,13.8,0.6,observed
2024-09-29,7,19.4,25.5,13.9,2.8,observed
2024-09-30,7,19.1,26.4,13.6,8.0,observed
2024-10-01,7,20.6,27.2,14.4,0.1,observed
2024-10-02,7,20.0,27.2,15.2,1.1,observed
2024-10-03,7,19.2,25.7,14.7,1.0,observed
2024-10-04,7,19.0,28.0,11.3,0.0,observed
2024-10-05,7,19.2,25.5,13.0,1.6,observed
2024-10-06,7,19.6,25.6,15.8,1.3,observed
2024-10-07,7,19.7,25.9,15.7,1.1,observed
2024-10-08,7,20.5,26.7,16.0,0.5,observed
2024-10-09,7,20.0,26.5,14.3,0.1,observed
2024-10-10,7,19.5,26.1,12.4,0.0,observed
2024-10-11,7,20.2,28.3,14.6,0.5,observed
2024-10-12,7,20.0,28.3,12.3,1.0,observed
2024-10-13,7,19.3,26.4,15.0,8.1,observed
2024-10-14,7,19.8,27.8,12.3,0.1,observed
2024-10-15,7,20.4,27.5,13.7,0.3,observed
2024-10-16,7,20.7,28.5,14.8,0.5,observed
2024-10-17,7,21.9,29.4,15.8,0.0,observed
2024-10-18,7,19.7,27.0,14.3,4.8,observed
2024-10-19,7,18.9,25.3,15.4,5.3,observed
2024-10-20,7,19.3,25.5,15.6,6.0,observed
2024-10-21,7,19.6,26.3,13.2,0.2,observed
2024-10-22,7,20.1,26.9,13.5,0.3,observed
2024-10-23,7,20.0,26.4,14.1,0.3,observed
2024-10-24,7,20.2,26.6,14.1,0.3,observed
2024-10-25,7,20.5,27.8,13.6,0.2,observed
2024-10-26,7,21.0,28.9,14.2,0.0,observed
2024-10-27,7,21.2,28.2,15.1,0.7,observed
2024-10-28,7,21.6,28.7,15.9,0.0,observed
2024-10-29,7,21.4,29.0,14.6,0.0,observed
2024-10-30,7,21.8,29.9,14.2,0.0,observed
2024-10-31,7,21.8,30.0,14.1,0.0,observed
2024-11-01,7,20.8,27.3,15.8,1.8,observed
2024-11-02,7,21.1,28.6,15.7,0.0,observed
2024-11-03,7,21.5,29.4,16.4,0.2,observed
2024-11-04,7,21.6,28.6,16.0,0.0,observed
2024-11-05,7,20.1,26.9,15.8,3.6,observed
2024-11-06,7,19.7,26.0,16.2,2.0,observed
2024-11-07,7,18.5,24.8,16.0,5.1,observed
2024-11-08,7,18.4,24.7,14.9,5.1,observed
2024-11-09,7,19.2,26.7,13.5,1.3,observed
2024-11-10,7,19.1,25.5,15.9,1.8,observed
2024-11-11,7,16.9,20.5,14.0,9.8,observed
2024-11-12,7,18.7,26.1,12.5,0.2,observed
2024-11-13,7,19.0,25.3,15.5,2.8,observed
2024-11-14,7,19.8,26.5,16.5,7.9,observed
2024-11-15,7,17.6,21.5,15.6,7.2,observed
2024-11-16,7,17.0,20.2,15.3,12.0,observed
2024-11-17,7,18.5,24.8,13.6,1.3,observed
2024-11-18,7,19.4,25.3,15.0,0.6,observed
2024-11-19,7,19.7,25.4,15.8,1.7,observed
2024-11-20,7,19.7,25.5,16.1,2.2,observed
2024-11-21,7,18.5,23.2,15.7,6.7,observed
2024-11-22,7,19.1,24.8,15.4,2.5,observed
2024-11-23,7,19.3,24.6,16.0,1.6,observed
2024-11-24,7,19.0,24.1,16.3,19.9,observed
2024-11-25,7,18.1,23.9,15.3,21.2,observed
2024-11-26,7,18.7,23.8,14.3,2.0,observed
2024-11-27,7,18.5,23.9,15.4,3.2,observed
2024-11-28,7,19.2,24.4,15.7,4.4,observed
2024-11-29,7,19.3,24.8,15.1,0.4,observed
2024-11-30,7,19.0,24.5,13.8,0.5,observed
2024-12-01,7,18.6,23.4,15.2,12.2,observed
2024-12-02,7,19.4,24.5,15.8,1.2,observed
2024-12-03,7,19.2,23.8,15.8,4.2,observed
2024-12-04,7,20.0,25.8,15.2,0.4,observed
2024-12-05,7,20.5,27.0,15.6,0.2,observed
2024-12-06,7,20.7,27.2,15.9,0.3,observed
2024-12-07,7,20.9,28.3,15.2,0.6,observed
2024-12-08,7,20.7,27.4,14.7,0.2,observed
2024-12-09,7,20.2,26.8,15.3,0.5,observed
2024-12-10,7,20.3,26.3,16.3,2.1,observed
2024-12-11,7,20.1,25.7,15.4,2.2,observed
2024-12-12,7,20.5,26.9,15.9,1.7,observed
2024-12-13,7,21.2,28.6,15.5,0.3,observed
2024-12-14,7,21.6,27.5,16.6,0.0,observed
2024-12-15,7,21.6,28.1,16.4,1.2,observed
2024-12-16,7,20.4,25.9,16.1,1.9,observed
2024-12-17,7,19.9,25.8,15.1,1.3,observed
2024-12-18,7,20.6,27.2,15.0,1.1,observed
2024-12-19,7,19.1,23.7,15.7,5.1,observed
2024-12-20,7,19.1,25.6,15.9,5.6,observed
2024-12-21,7,18.4,24.3,16.2,7.8,observed
2024-12-22,7,18.7,23.6,14.8,3.1,observed
2024-12-23,7,18.8,23.4,15.9,3.3,observed
2024-12-24,7,18.7,24.2,15.7,6.9,observed
2024-12-25,7,18.6,23.0,15.8,4.8,observed
2024-12-26,7,18.8,24.0,15.0,1.9,observed
2024-12-27,7,19.0,24.8,14.5,0.3,observed
2024-12-28,7,19.3,25.9,14.5,0.4,observed
2024-12-29,7,19.9,26.8,14.1,0.0,observed
2024-12-30,7,20.3,27.1,14.9,0.0,observed
2024-12-31,7,20.1,26.1,15.4,0.6,observed
2025-01-01,7,20.1,26.1,14.8,0.7,observed
2025-01-02,7,20.0,25.3,15.1,0.7,observed
2025-01-03,7,19.9,25.6,14.7,0.0,observed
2025-01-04,7,20.0,25.8,15.5,1.3,observed
2025-01-05,7,19.6,24.9,15.2,0.9,observed
2025-01-06,7,19.5,26.3,13.4,0.0,observed
2025-01-07,7,20.3,28.0,13.9,0.0,observed
2025-01-08,7,21.1,28.2,14.6,0.0,observed
2025-01-09,7,21.0,27.7,15.9,0.5,observed
2025-01-10,7,20.4,26.1,15.6,1.3,observed
2025-01-11,7,21.0,27.6,15.5,0.1,observed
2025-01-12,7,21.8,27.6,16.1,0.2,observed
2025-01-13,7,22.0,27.7,16.7,0.0,observed
2025-01-14,7,21.0,27.0,16.2,0.0,observed
2025-01-15,7,19.1,25.3,14.1,0.2,observed
2025-01-16,7,19.6,26.0,14.2,0.0,observed
2025-01-17,7,20.2,26.7,14.6,0.0,observed
2025-01-18,7,21.3,28.0,15.0,0.0,observed
2025-01-19,7,21.7,27.6,16.3,0.0,observed
2025-01-20,7,22.1,28.9,16.1,0.0,observed
2025-01-21,7,22.0,28.6,15.8,0.0,observed
2025-01-22,7,22.3,28.8,16.3,0.0,observed
2025-01-23,7,21.8,27.9,15.8,0.0,observed
2025-01-24,7,21.7,28.8,15.8,0.1,observed
2025-01-25,7,21.8,28.5,16.0,0.4,observed
2025-01-26,7,19.8,25.8,16.5,8.0,observed
2025-01-27,7,19.2,23.8,15.7,0.3,observed
2025-01-28,7,18.5,24.2,15.1,5.4,observed
2025-01-29,7,19.3,24.9,14.4,4.7,observed
2025-01-30,7,17.8,22.5,15.1,25.5,observed
2025-01-31,7,19.3,25.0,14.6,0.4,observed
2025-02-01,7,19.4,24.8,15.4,1.2,observed
2025-02-02,7,20.2,26.0,15.3,0.3,observed
2025-02-03,7,20.7,26.9,15.3,0.0,observed
2025-02-04,7,20.2,26.7,15.2,0.0,observed
2025-02-05,7,20.4,27.4,14.5,0.5,observed
2025-02-06,7,21.1,27.2,15.5,0.2,observed
2025-02-07,7,21.1,26.9,16.4,0.3,observed
2025-02-08,7,21.8,29.9,15.1,0.0,observed
2025-02-09,7,22.3,29.3,15.5,0.0,observed
2025-02-10,7,22.2,29.1,16.1,0.0,observed
2025-02-11,7,21.7,27.7,16.2,0.0,observed
2025-02-12,7,20.6,26.4,15.7,1.1,observed
2025-02-13,7,20.5,26.1,17.0,3.2,observed
2025-02-14,7,21.6,28.7,15.2,0.0,observed
2025-02-15,7,22.8,29.8,16.3,0.0,observed
2025-02-16,7,22.6,29.3,16.7,0.8,observed
2025-02-17,7,22.1,28.1,16.3,0.1,observed
2025-02-18,7,22.0,29.5,15.2,0.0,observed
2025-02-19,7,22.6,30.1,15.2,0.0,observed
2025-02-20,7,23.3,31.1,16.2,0.0,observed
2025-02-21,7,23.0,30.0,15.9,0.0,observed
2025-02-22,7,22.0,28.3,15.2,0.0,observed
2025-02-23,7,22.0,29.0,15.4,0.0,observed
2025-02-24,7,22.0,28.6,15.1,0.0,observed
2025-02-25,7,22.0,28.9,15.3,0.0,observed
2025-02-26,7,22.4,29.3,15.9,0.0,observed
2025-02-27,7,23.1,30.1,16.1,0.0,observed
2025-02-28,7,23.5,31.1,16.0,0.0,observed
2025-03-01,7,23.5,29.7,16.9,0.0,observed
2025-03-02,7,22.9,29.9,16.0,0.0,observed
2025-03-03,7,22.9,29.3,15.9,0.0,observed
2025-03-04,7,22.7,29.5,16.3,0.0,observed
2025-03-05,7,23.1,30.1,16.9,0.0,observed
2025-03-06,7,23.1,30.5,16.2,0.0,observed
2025-03-07,7,23.7,31.3,16.8,0.7,observed
2025-03-08,7,23.0,29.5,17.9,0.9,observed
2025-03-09,7,22.1,28.5,17.7,2.3,observed
2025-03-10,7,20.1,25.2,16.8,13.8,observed
2025-03-11,7,20.6,26.6,16.4,1.6,observed
2025-03-12,7,20.3,26.1,16.3,1.0,observed
2025-03-13,7,20.2,26.1,15.7,2.2,observed
2025-03-14,7,22.6,30.5,15.9,0.0,observed
2025-03-15,7,22.9,29.9,16.7,0.0,observed
2025-03-16,7,22.3,28.9,16.2,0.0,observed
2025-03-17,7,21.5,28.0,16.3,0.9,observed
2025-03-18,7,20.4,26.3,16.5,3.8,observed
2025-03-19,7,19.6,24.4,16.0,11.2,observed
2025-03-20,7,19.2,23.7,16.0,7.5,observed
2025-03-21,7,20.3,27.0,15.9,2.1,observed
2025-03-22,7,20.5,26.2,16.2,2.1,observed
2025-03-23,7,20.5,26.6,16.0,3.7,observed
2025-03-24,7,21.1,27.8,17.0,1.0,observed
2025-03-25,7,20.1,26.4,15.3,2.1,observed
2025-03-26,7,19.8,25.7,15.9,1.8,observed
2025-03-27,7,19.6,25.7,15.7,4.4,observed
2025-03-28,7,18.5,23.6,15.9,7.6,observed
2025-03-29,7,19.3,24.2,16.1,3.5,observed
2025-03-30,7,19.3,24.0,15.8,2.8,observed
2025-03-31,7,18.8,23.1,16.2,9.6,observed
2025-04-01,7,19.6,25.1,16.1,3.9,observed
2025-04-02,7,20.2,25.8,15.8,0.1,observed
2025-04-03,7,19.8,25.4,16.3,5.0,observed
2025-04-04,7,19.5,25.6,16.7,2.4,observed
2025-04-05,7,19.6,25.7,16.6,3.9,observed
2025-04-06,7,17.6,21.6,16.3,9.8,observed
2025-04-07,7,18.8,23.4,15.9,2.0,observed
2025-04-08,7,19.5,24.7,15.8,2.2,observed
2025-04-09,7,20.1,26.0,15.8,0.2,observed
2025-04-10,7,19.4,24.1,16.7,1.1,observed
2025-04-11,7,19.3,25.1,15.1,1.3,observed
2025-04-12,7,19.5,25.1,16.6,2.7,observed
2025-04-13,7,19.2,24.4,16.0,5.3,observed
2025-04-14,7,19.6,25.3,16.3,3.7,observed
2025-04-15,7,19.7,25.3,16.4,3.3,observed
2025-04-16,7,19.7,25.5,15.6,2.8,observed
2025-04-17,7,20.1,25.7,15.8,1.3,observed
2025-04-18,7,20.3,26.2,16.7,3.8,observed
2025-04-19,7,19.4,26.2,16.6,14.0,observed
2025-04-20,7,18.8,24.7,15.7,10.0,observed
2025-04-21,7,18.3,23.2,15.2,11.8,observed
2025-04-22,7,18.9,23.9,16.4,5.7,observed
2025-04-23,7,17.7,22.2,16.1,9.1,observed
2025-04-24,7,18.2,22.3,15.2,2.3,observed
2025-04-25,7,18.3,23.3,15.4,3.4,observed
2025-04-26,7,18.8,24.7,14.6,0.0,observed
2025-04-27,7,19.1,24.9,15.4,1.0,observed
2025-04-28,7,19.8,24.8,15.4,0.3,observed
2025-04-29,7,19.9,25.6,16.0,2.5,observed
2025-04-30,7,19.5,25.0,16.2,2.2,observed
2025-05-01,7,19.6,25.3,15.7,0.7,observed
2025-05-02,7,20.2,26.2,15.9,0.9,observed
2025-05-03,7,20.5,26.4,16.2,3.0,observed
2025-05-04,7,20.0,26.7,15.9,10.5,observed
2025-05-05,7,18.8,23.6,15.4,12.5,observed
2025-05-06,7,18.2,23.6,14.5,17.8,observed
2025-05-07,7,18.6,23.5,15.0,10.2,observed
2025-05-08,7,18.9,24.0,14.8,2.1,observed
2025-05-09,7,19.1,23.6,15.6,2.1,observed
2025-05-10,7,19.1,24.4,15.9,1.5,observed
2025-05-11,7,18.9,24.3,15.5,3.6,observed
2025-05-12,7,19.2,25.3,15.9,15.9,observed
2025-05-13,7,18.3,23.2,15.1,26.8,observed
2025-05-14,7,18.4,23.6,14.6,2.2,observed
2025-05-15,7,18.7,23.3,14.7,1.4,observed
2025-05-16,7,18.8,23.5,15.3,1.1,observed
2025-05-17,7,18.9,23.8,15.1,0.7,observed
2025-05-18,7,18.6,23.5,15.8,2.9,observed
2025-05-19,7,18.7,22.8,15.1,2.6,observed
2025-05-20,7,19.5,24.6,16.1,1.8,observed
2025-05-21,7,19.6,24.5,16.4,0.9,observed
2025-05-22,7,19.6,25.1,16.8,1.8,observed
2025-05-23,7,19.5,24.7,15.7,2.4,observed
2025-05-24,7,19.8,26.4,14.0,0.0,observed
2025-05-25,7,18.5,23.3,14.4,0.8,observed
2025-05-26,7,19.0,25.0,14.0,2.2,observed
2025-05-27,7,18.0,22.9,14.6,10.3,observed
2025-05-28,7,19.0,24.4,14.9,0.5,observed
2025-05-29,7,19.2,24.3,15.3,1.3,observed
2025-05-30,7,19.1,25.6,13.9,0.0,observed
2025-05-31,7,18.9,26.3,13.3,0.0,observed
2025-06-01,7,18.4,23.9,13.6,2.2,observed
2025-06-02,7,19.2,23.9,15.4,2.2,observed
2025-06-03,7,19.5,25.6,15.0,0.0,observed
2025-06-04,7,19.0,25.6,14.4,0.5,observed
2025-06-05,7,19.0,25.3,15.8,3.4,observed
2025-06-06,7,18.0,22.9,15.2,6.8,observed
2025-06-07,7,18.5,23.0,15.3,4.4,observed
2025-06-08,7,18.5,23.5,14.4,1.5,observed
2025-06-09,7,17.9,23.6,14.1,8.4,observed
2025-06-10,7,18.2,24.2,13.1,0.8,observed
2025-06-11,7,18.1,23.5,13.9,0.9,observed
2025-06-12,7,18.5,23.2,15.4,2.4,observed
2025-06-13,7,18.8,25.4,14.0,0.2,observed
2025-06-14,7,18.1,24.9,11.8,0.0,observed
2025-06-15,7,18.7,24.5,13.9,0.0,observed
2025-06-16,7,18.4,23.8,12.7,0.0,observed
2025-06-17,7,19.0,24.6,13.9,0.5,observed
2025-06-18,7,18.9,24.7,13.4,0.3,observed
2025-06-19,7,19.2,24.8,14.6,0.0,observed
2025-06-20,7,18.5,23.5,14.8,3.0,observed
2025-06-21,7,18.9,25.3,12.8,0.1,observed
2025-06-22,7,18.8,24.6,14.5,1.2,observed
2025-06-23,7,18.8,24.9,15.1,1.1,observed
2025-06-24,7,18.5,25.6,12.1,0.0,observed
2025-06-25,7,18.4,24.2,13.1,0.7,observed
2025-06-26,7,18.7,23.8,15.6,4.1,observed
2025-06-27,7,19.6,25.6,15.6,0.2,observed
2025-06-28,7,18.6,24.9,14.5,0.7,observed
2025-06-29,7,18.0,21.6,14.9,0.0,observed
2025-06-30,7,17.4,21.6,13.6,0.0,observed
2025-07-01,7,17.8,23.1,13.5,0.6,observed
2025-07-02,7,18.6,23.7,13.4,0.0,observed
2025-07-03,7,18.2,22.9,14.7,0.5,observed
2025-07-04,7,18.8,24.0,15.1,0.5,observed
2025-07-05,7,18.2,22.2,14.9,1.0,observed
2025-07-06,7,18.6,23.5,15.0,0.9,observed
2025-07-07,7,18.1,22.2,15.1,0.7,observed
2025-07-08,7,17.8,22.4,14.4,0.6,observed
2025-07-09,7,17.3,20.0,14.4,0.1,observed
2025-07-10,7,18.4,22.9,14.9,0.0,observed
2025-07-11,7,18.1,22.3,15.0,1.4,observed
2025-07-12,7,18.4,23.3,14.2,1.4,observed
2025-07-13,7,18.3,22.4,15.3,2.0,observed
2025-07-14,7,18.6,23.8,13.3,0.2,observed
2025-07-15,7,18.6,23.7,13.4,0.2,observed
2025-07-16,7,18.6,23.3,14.0,0.7,observed
2025-07-17,7,18.8,24.1,13.6,1.3,observed
2025-07-18,7,18.5,23.6,13.6,0.9,observed
2025-07-19,7,19.4,26.6,13.2,0.4,observed
2025-07-20,7,17.7,25.0,12.3,0.0,observed
2025-07-21,7,17.8,24.8,11.6,0.0,observed
2025-07-22,7,17.6,24.5,11.8,0.1,observed
2025-07-23,7,16.5,20.2,13.1,0.5,observed
2025-07-24,7,18.0,26.5,11.5,0.0,observed
2025-07-25,7,18.9,26.8,11.8,0.0,observed
2025-07-26,7,18.9,26.8,12.2,0.0,observed
2025-07-27,7,18.5,25.7,11.7,0.0,observed
2025-07-28,7,18.5,26.2,12.0,0.0,observed
2025-07-29,7,18.0,23.7,14.1,0.2,observed
2025-07-30,7,18.4,27.5,13.0,0.1,observed
2025-07-31,7,19.0,27.0,13.8,0.4,observed
2025-08-01,7,18.1,22.9,14.8,0.9,observed
2025-08-02,7,18.0,23.9,13.6,0.6,observed
2025-08-03,7,18.0,23.0,13.4,0.5,observed
2025-08-04,7,18.2,24.9,12.7,0.0,observed
2025-08-05,7,17.2,24.3,11.5,0.0,observed
2025-08-06,7,18.4,25.8,11.5,0.0,observed
2025-08-07,7,19.3,26.8,14.6,0.8,observed
2025-08-08,7,16.8,22.5,14.4,10.1,observed
2025-08-09,7,15.8,18.8,14.4,9.0,observed
2025-08-10,7,16.8,22.2,12.9,1.0,observed
2025-08-11,7,17.3,22.1,13.3,0.1,observed
2025-08-12,7,16.6,19.9,14.2,1.5,observed
2025-08-13,7,17.7,23.4,12.0,0.1,observed
2025-08-14,7,18.1,24.7,11.4,0.1,observed
2025-08-15,7,18.4,23.8,13.8,0.0,observed
2025-08-16,7,18.0,24.3,13.3,4.6,observed
2025-08-17,7,17.4,21.9,13.2,6.6,observed
2025-08-18,7,16.8,19.9,15.5,16.0,observed
2025-08-19,7,16.6,20.7,13.5,2.8,observed
2025-08-20,7,16.8,22.7,12.5,0.4,observed
2025-08-21,7,16.8,21.7,13.8,1.3,observed
2025-08-22,7,16.9,21.6,13.2,0.0,observed
2025-08-23,7,16.1,19.5,12.7,0.0,observed
2025-08-24,7,17.4,22.8,12.2,1.4,observed
2025-08-25,7,18.3,23.5,14.4,0.9,observed
2025-08-26,7,18.5,25.2,13.7,0.2,observed
2025-08-27,7,18.9,25.1,13.1,0.4,observed
2025-08-28,7,18.7,25.6,13.6,0.0,observed
2025-08-29,7,18.2,26.7,11.7,0.0,observed
2025-08-30,7,18.5,25.8,13.7,0.5,observed
2025-08-31,7,18.2,24.9,11.9,0.0,observed
2025-09-01,7,19.1,26.1,13.5,0.0,observed
2025-09-02,7,18.8,26.9,11.8,0.0,observed
2025-09-03,7,18.5,24.3,12.3,0.0,observed
2025-09-04,7,19.2,26.8,12.2,0.0,observed
2025-09-05,7,19.3,26.4,13.0,0.0,observed
2025-09-06,7,19.9,27.7,12.4,0.0,observed
2025-09-07,7,19.3,26.8,12.2,0.0,observed
2025-09-08,7,19.9,26.9,13.3,0.1,observed
2025-09-09,7,19.9,25.9,15.6,1.3,observed
2025-09-10,7,19.9,27.4,14.0,0.7,observed
2025-09-11,7,19.4,27.0,14.6,0.0,observed
2025-09-12,7,19.4,27.3,13.0,0.0,observed
2025-09-13,7,19.6,27.5,12.7,0.0,observed
2025-09-14,7,20.3,28.0,13.2,0.1,observed
2025-09-15,7,19.6,27.3,13.5,2.1,observed
2025-09-16,7,19.5,26.4,13.8,0.3,observed
2025-09-17,7,20.0,27.0,12.9,0.1,observed
2025-09-18,7,19.8,25.9,15.6,2.4,observed
2025-09-19,7,20.4,27.3,15.3,3.0,observed
2025-09-20,7,19.4,27.3,13.0,0.0,observed
2025-09-21,7,19.5,25.4,14.8,0.8,observed
2025-09-22,7,19.7,25.9,13.2,0.8,observed
2025-09-23,7,20.0,27.8,15.7,2.5,observed
2025-09-24,7,19.7,28.5,12.1,0.0,observed
2025-09-25,7,20.3,28.2,13.1,0.0,observed
2025-09-26,7,20.5,28.1,14.7,0.2,observed
2025-09-27,7,20.9,28.3,15.1,0.8,observed
2025-09-28,7,20.3,27.2,14.9,0.1,observed
2025-09-29,7,20.5,29.1,14.1,0.6,observed
2025-09-30,7,20.4,29.2,13.9,0.0,observed
2025-10-01,7,20.9,29.3,13.4,0.0,observed
2025-10-02,7,21.0,28.3,12.8,0.0,observed
2025-10-03,7,20.5,27.0,15.8,1.0,observed
2025-10-04,7,18.5,22.8,16.0,0.8,observed
2025-10-05,7,19.2,25.2,15.6,1.2,observed
2025-10-06,7,19.3,25.0,14.9,0.8,observed
2025-10-07,7,19.0,26.0,15.7,2.7,observed
2025-10-08,7,18.9,24.1,15.0,4.2,observed
2025-10-09,7,19.2,25.5,14.8,3.5,observed
2025-10-10,7,19.3,24.9,15.1,3.8,observed
2025-10-11,7,19.8,27.5,13.5,0.0,observed
2025-10-12,7,19.9,26.7,13.5,0.1,observed
2025-10-13,7,19.9,26.5,14.9,0.3,observed
2025-10-14,7,20.1,26.3,15.3,0.2,observed
2025-10-15,7,20.3,27.7,14.6,0.1,observed
2025-10-16,7,20.2,25.9,14.8,0.9,observed
2025-10-17,7,19.3,25.7,15.5,5.2,observed
2025-10-18,7,19.6,25.1,15.6,2.6,observed
2025-10-19,7,19.7,25.8,14.3,0.1,observed
2025-10-20,7,20.7,28.5,13.1,0.0,observed
2025-10-21,7,21.2,28.0,14.7,0.3,observed
2025-10-22,7,19.5,23.6,16.6,1.0,observed
2025-10-23,7,20.4,26.4,16.0,0.7,observed
2025-10-24,7,19.2,24.7,16.0,4.0,observed
2025-10-25,7,20.2,25.8,16.0,0.7,observed
2025-10-26,7,20.4,25.9,14.8,0.8,observed
2025-10-27,7,19.8,26.3,14.9,5.1,observed
2025-10-28,7,19.4,25.5,16.3,13.2,observed
2025-10-29,7,18.2,22.1,16.2,10.4,observed
2025-10-30,7,18.3,23.8,15.7,8.0,observed
2025-10-31,7,18.3,23.7,15.2,11.5,observed
2025-11-01,7,18.1,21.8,16.0,5.1,observed
2025-11-02,7,18.4,23.6,15.8,5.2,observed
2025-11-03,7,18.6,24.2,14.9,3.3,observed
2025-11-04,7,18.8,25.4,15.2,2.4,observed
2025-11-05,7,19.5,25.7,14.4,0.1,observed
2025-11-06,7,19.7,25.7,15.9,1.1,observed
2025-11-07,7,19.7,25.6,16.0,4.5,observed
2025-11-08,7,19.4,26.1,15.6,1.8,observed
2025-11-09,7,17.2,20.5,15.4,4.4,observed
2025-11-10,7,18.4,24.4,13.5,1.2,observed
2025-11-11,7,19.3,24.6,15.5,1.4,observed
2025-11-12,7,19.1,24.9,15.2,2.8,observed
2025-11-13,7,18.8,23.9,15.7,3.5,observed
2025-11-14,7,18.6,25.2,14.7,2.1,observed
2025-11-15,7,19.7,25.4,15.2,1.1,observed
2025-11-16,7,20.0,25.3,16.3,1.9,observed
2025-11-17,7,19.6,25.0,15.3,0.6,observed
2025-11-18,7,19.2,26.0,16.1,2.4,observed
2025-11-19,7,19.2,25.8,14.1,0.4,observed
2025-11-20,7,19.6,26.1,14.1,0.1,observed
2025-11-21,7,20.1,26.4,15.2,1.0,observed
2025-11-22,7,19.5,25.3,13.5,0.2,observed
2025-11-23,7,18.6,23.6,14.7,4.1,observed
2025-11-24,7,19.0,25.5,13.1,0.7,observed
2025-11-25,7,19.5,25.4,15.8,3.9,observed
2025-11-26,7,18.8,23.7,15.4,7.0,observed
2025-11-27,7,19.0,24.0,15.6,3.9,observed
2025-11-28,7,19.7,25.4,15.6,1.7,observed
2025-11-29,7,19.9,26.1,15.7,1.0,observed
2025-11-30,7,20.2,26.1,15.2,0.0,observed
2025-12-01,7,19.8,25.8,14.3,0.0,observed
2025-12-02,7,19.9,26.8,13.6,0.0,observed
2025-12-03,7,20.1,26.4,15.1,0.5,observed
2025-12-04,7,20.1,26.0,16.0,2.1,observed
2025-12-05,7,19.6,25.6,15.4,1.4,observed
2025-12-06,7,19.4,25.3,15.1,1.6,observed
2025-12-07,7,19.2,24.5,14.8,1.2,observed
2025-12-08,7,19.0,24.4,15.4,1.5,observed
2025-12-09,7,19.5,25.3,14.7,0.3,observed
2025-12-10,7,20.1,26.4,14.8,0.0,observed
2025-12-11,7,20.2,26.0,15.8,1.0,observed
2025-12-12,7,20.0,26.3,15.8,2.0,observed
2025-12-13,7,19.6,26.2,14.2,6.4,observed
2025-12-14,7,18.7,24.6,15.8,5.5,observed
2025-12-15,7,19.7,25.4,15.2,2.4,observed
2025-12-16,7,20.2,26.0,16.1,2.3,observed
2025-12-17,7,20.8,27.2,16.4,1.6,observed
2025-12-18,7,20.5,26.8,16.0,1.5,observed
2025-12-19,7,19.2,25.6,16.1,4.2,observed
2025-12-20,7,19.8,25.7,15.8,3.9,observed
2025-12-21,7,18.4,24.0,15.9,4.5,observed
2025-12-22,7,19.0,24.5,15.3,2.9,observed
2025-12-23,7,19.7,25.6,14.7,0.3,observed
2025-12-24,7,19.9,26.1,15.5,1.6,observed
2025-12-25,7,20.6,26.7,14.8,0.9,observed
2025-12-26,7,21.9,28.8,15.9,0.1,observed
2025-12-27,7,21.2,29.5,16.3,10.1,observed
2025-12-28,7,18.1,23.8,15.8,9.5,observed
2025-12-29,7,19.1,25.5,15.3,5.1,observed
2025-12-30,7,18.8,24.3,14.7,3.6,observed
2025-12-31,7,19.0,24.7,14.6,0.5,observed
2026-01-01,7,18.7,24.0,14.8,1.8,observed
2026-01-02,7,19.5,25.7,14.6,0.1,observed
2026-01-03,7,20.4,27.1,14.7,0.0,observed
2026-01-04,7,20.9,26.7,15.3,0.0,observed
2026-01-05,7,20.9,27.0,15.7,0.0,observed
2026-01-06,7,20.5,26.4,14.9,0.0,observed
2026-01-07,7,21.1,27.6,15.2,0.0,observed
2026-01-08,7,21.2,26.3,16.6,0.0,observed
2026-01-09,7,21.0,27.0,16.0,0.3,observed
2026-01-10,7,20.4,26.7,14.8,2.0,observed
2026-01-11,7,21.3,28.0,15.9,0.4,observed
2026-01-12,7,19.9,25.3,15.0,7.5,observed
2026-01-13,7,20.3,26.2,15.5,0.1,observed
2026-01-14,7,20.0,26.6,13.7,0.0,observed
2026-01-15,7,20.8,27.7,14.3,0.0,observed
2026-01-16,7,21.9,29.7,15.0,0.0,observed
2026-01-17,7,21.0,27.7,15.9,0.7,observed
2026-01-18,7,20.9,26.7,15.9,1.1,observed
2026-01-19,7,20.5,26.1,15.2,0.7,observed
2026-01-20,7,21.1,27.8,14.9,0.0,observed
2026-01-21,7,21.6,28.7,15.0,0.0,observed
2026-01-22,7,20.6,26.3,15.5,0.3,observed
2026-01-23,7,21.3,27.6,14.9,0.0,observed
2026-01-24,7,22.0,29.4,15.2,0.0,observed
2026-01-25,7,23.0,31.3,16.0,0.0,observed
2026-01-26,7,22.9,30.1,16.0,0.0,observed
2026-01-27,7,22.2,28.9,15.9,0.0,observed
2026-01-28,7,22.2,28.1,16.6,0.1,observed
2026-01-29,7,22.7,29.9,16.1,0.0,observed
2026-01-30,7,22.4,28.7,16.0,0.0,observed
2026-01-31,7,22.4,28.5,16.4,0.0,observed
2026-02-01,7,22.4,28.6,16.4,0.0,observed
2026-02-02,7,21.9,27.7,15.7,0.0,observed
2026-02-03,7,22.1,28.7,15.8,0.0,observed
2026-02-04,7,22.4,29.9,15.6,0.0,observed
2026-02-05,7,22.3,28.8,17.1,0.1,observed
2026-02-06,7,22.2,27.8,17.5,0.2,observed
2026-02-07,7,22.4,29.5,15.6,0.0,observed
2026-02-08,7,22.1,28.6,16.4,0.4,observed
2026-02-09,7,21.4,27.4,16.5,1.2,observed
2026-02-10,7,22.4,28.7,17.0,0.0,observed
2026-02-11,7,22.2,28.7,15.6,0.0,observed
2026-02-12,7,22.4,29.6,15.5,0.0,observed
2026-02-13,7,22.6,30.0,15.7,0.0,observed
2026-02-14,7,22.0,28.6,16.5,0.1,observed
2026-02-15,7,21.1,28.3,16.3,1.9,observed
2026-02-16,7,20.9,28.0,15.8,0.4,observed
2026-02-17,7,21.2,27.1,16.8,1.2,observed
2026-02-18,7,20.2,25.4,16.1,0.9,observed
2026-02-19,7,21.6,28.2,15.2,0.6,observed
2026-02-20,7,22.7,28.9,16.7,0.4,observed
2026-02-21,7,19.4,23.5,16.3,6.9,observed
2026-02-22,7,18.7,24.5,15.7,10.6,observed
2026-02-23,7,18.2,21.4,16.1,8.9,observed
2026-02-24,7,18.8,23.7,15.2,4.7,observed
2026-02-25,7,18.5,24.2,15.3,17.1,observed
2026-02-26,7,19.1,25.1,15.2,16.3,observed
2026-02-27,7,19.1,25.4,15.9,13.2,observed
2026-02-28,7,18.5,23.5,15.0,8.0,observed
2026-03-01,7,18.5,23.3,15.9,8.9,observed
2026-03-02,7,18.5,23.6,15.6,7.2,observed
2026-03-03,7,19.0,24.0,16.0,6.6,observed
2026-03-04,7,18.7,23.9,15.9,20.5,observed
2026-03-05,7,18.5,23.7,15.7,15.7,observed
2026-03-06,7,18.3,23.5,16.2,21.9,observed
2026-03-07,7,18.3,22.7,14.8,8.4,observed
2026-03-08,7,18.8,24.4,14.5,5.4,observed
2026-03-09,7,19.1,24.0,15.6,3.4,observed
2026-03-10,7,19.0,24.3,16.1,3.6,observed
2026-03-11,7,19.6,25.2,16.0,0.9,observed
2026-03-12,7,19.9,25.2,16.2,0.6,observed
2026-03-13,7,20.2,26.3,15.2,1.8,observed
2026-03-14,7,19.7,24.8,16.2,2.0,observed
2026-03-15,7,19.8,25.2,16.6,1.3,observed
2026-03-16,7,19.6,25.1,15.4,0.5,observed
2026-03-17,7,19.9,26.0,16.4,2.2,observed
2026-03-18,7,19.9,26.4,16.2,5.2,observed
2026-03-19,7,19.9,25.7,16.3,3.5,observed
2026-03-20,7,18.6,23.9,15.7,30.5,observed
2026-03-21,7,18.9,23.6,16.2,31.5,observed
2026-03-22,7,18.7,23.8,15.9,9.3,observed
2026-03-23,7,18.3,23.2,15.9,7.1,observed
2026-03-24,7,18.5,23.7,15.7,11.9,observed
2026-03-25,7,18.6,23.5,15.7,3.1,observed
2026-03-26,7,19.1,24.5,15.7,2.7,observed
2026-03-27,7,18.3,23.1,15.8,7.3,observed
2026-03-28,7,18.7,23.8,15.8,3.8,observed
2026-03-29,7,19.0,24.3,15.0,0.5,observed
2026-03-30,7,19.1,24.5,15.8,1.8,observed
2026-03-31,7,18.8,24.1,15.2,3.2,observed
2026-04-01,7,19.4,24.5,16.1,1.7,observed
2026-04-02,7,19.2,24.5,15.4,2.4,observed
2026-04-03,7,19.6,25.2,15.4,1.1,observed
2026-04-04,7,19.6,25.1,15.2,1.0,observed
2026-04-05,7,18.9,24.0,15.2,4.6,observed
2026-04-06,7,19.5,24.9,15.0,1.3,observed
2026-04-07,7,19.5,24.6,16.0,2.6,observed
2026-04-08,7,19.9,25.2,16.1,2.0,observed
2026-04-09,7,19.8,25.4,16.0,0.5,observed
2026-04-10,7,19.9,25.9,16.0,0.7,observed
2026-04-11,7,20.5,27.0,15.5,0.6,observed
2026-04-12,7,20.2,25.5,16.6,4.2,observed
2026-04-13,7,19.4,25.2,16.4,4.5,observed
2026-04-14,7,18.8,23.3,16.3,9.4,observed
2026-04-15,7,18.9,23.9,16.2,4.2,observed
2026-04-16,7,18.8,24.2,16.1,4.2,observed
2026-04-17,7,18.3,22.8,15.8,8.4,observed
2026-04-18,7,18.6,23.2,15.8,12.1,observed
2026-04-19,7,18.8,23.2,15.9,4.2,observed
2026-04-20,7,19.1,23.7,15.8,2.5,observed
2026-04-21,7,19.2,24.0,16.1,1.2,observed
2026-04-22,7,19.2,24.2,16.4,2.9,observed
2026-04-23,7,18.2,22.3,16.1,9.7,observed
2026-04-24,7,18.8,23.3,15.2,0.7,observed
2026-04-25,7,18.8,23.4,14.1,2.3,observed
2026-04-26,7,18.9,24.0,15.5,9.7,observed
2026-04-27,7,18.8,23.9,15.9,18.6,observed
2026-04-28,7,18.3,23.0,16.3,32.5,observed
2026-04-29,7,17.1,20.6,14.6,7.1,observed
2026-04-30,7,18.1,22.6,15.4,10.4,observed
2026-05-01,7,18.4,23.0,16.0,10.8,observed
2026-05-02,7,18.5,23.2,16.1,5.3,observed
2026-05-03,7,19.0,23.9,14.4,2.3,observed
2026-05-04,7,19.1,23.8,15.0,2.3,observed
2026-05-05,7,19.4,23.8,16.4,1.8,observed
2026-05-06,7,19.6,24.8,16.4,2.5,observed
2026-05-07,7,19.5,24.3,16.1,1.2,observed
2026-05-08,7,19.7,25.0,16.6,1.7,observed
2026-05-09,7,19.0,23.5,16.6,8.4,observed
2026-05-10,7,19.0,23.8,15.3,0.7,observed
2026-05-11,7,19.5,24.8,15.1,1.1,observed
2026-05-12,7,18.8,23.2,16.2,2.4,observed
2026-05-13,7,19.0,23.9,16.4,8.0,observed
2026-05-14,7,19.3,24.1,16.2,0.9,observed
2026-05-15,7,19.1,23.3,16.0,0.7,observed
2026-05-16,7,19.1,24.4,16.0,1.7,observed
2026-05-17,7,18.8,23.4,15.4,1.6,observed
2026-05-18,7,19.2,23.7,15.7,0.7,observed
2026-05-19,7,19.2,24.4,14.3,0.0,observed
2026-05-20,7,19.3,24.5,14.6,0.0,observed
2026-05-21,7,19.4,24.8,16.0,0.7,observed
2026-05-22,7,19.8,25.9,15.0,0.5,observed
2026-05-23,7,19.9,25.7,16.5,0.6,observed
2026-05-24,7,19.8,25.3,15.1,0.2,observed
2026-05-25,7,19.1,24.4,15.7,0.6,observed
2026-05-26,7,19.1,24.6,15.1,0.3,observed
2026-05-27,7,18.9,23.2,15.8,0.4,observed
2026-05-28,7,19.1,24.1,15.6,0.5,observed
2026-05-29,7,18.9,23.5,14.5,0.9,observed
2026-05-30,7,18.4,23.3,16.3,3.5,observed
2026-05-31,7,19.1,23.6,16.1,2.9,observed
2026-06-01,7,18.6,22.1,15.8,6.7,observed
2026-06-02,7,18.4,23.0,15.9,5.0,observed
2026-06-03,7,18.3,22.2,15.4,0.8,observed
2026-06-04,7,19.0,24.0,15.6,2.3,observed
2026-06-05,7,18.9,25.0,13.3,0.1,observed
2026-06-06,7,19.9,26.5,15.5,0.2,observed
2026-06-07,7,19.3,26.0,15.2,0.2,observed
2026-06-08,7,19.3,25.8,14.6,0.5,observed
2026-06-09,7,19.0,25.9,13.6,0.0,observed
2026-06-10,7,19.1,24.9,14.9,0.3,observed
2026-06-11,7,19.1,24.6,15.2,0.1,observed
2026-06-12,7,19.7,25.8,15.6,1.5,observed
2026-06-13,7,18.1,22.7,15.6,2.1,observed
2026-06-14,7,17.5,22.3,13.8,0.3,observed
2026-06-15,7,18.1,24.4,13.0,0.1,observed
2026-06-16,7,17.7,24.1,10.6,0.2,observed
2026-06-17,7,17.4,21.7,12.5,1.4,observed
2026-06-18,7,18.0,23.6,14.0,1.2,observed
2026-06-19,7,18.7,24.2,14.4,0.5,observed
2026-06-20,7,18.5,23.0,14.7,0.9,observed
2026-06-21,7,18.0,22.7,14.6,0.6,observed
2026-06-22,7,17.1,21.3,13.3,0.2,observed
2026-06-23,7,17.3,22.6,12.3,0.0,observed
2026-06-24,7,17.4,22.3,13.0,1.2,observed
2026-06-25,7,18.1,23.9,13.4,2.4,observed
2026-06-26,7,18.9,24.7,13.0,0.6,observed
2026-06-27,7,18.1,24.9,12.1,0.2,observed
2026-06-28,7,18.1,24.4,12.3,0.0,observed
2026-06-29,7,17.5,23.4,12.4,0.1,observed
2026-06-30,7,18.1,22.6,14.7,0.9,observed
2026-07-01,7,17.5,23.0,14.3,0.1,observed
2026-07-02,7,18.4,25.2,11.6,0.1,observed
2026-07-03,7,18.8,25.8,12.6,0.1,observed
2026-07-04,7,18.1,24.1,13.6,0.2,observed
2026-07-05,7,17.2,21.5,14.2,0.0,observed
2026-07-06,7,18.2,24.7,13.0,0.0,observed
2026-07-07,7,17.6,23.3,11.6,0.1,observed
2026-07-08,7,18.5,24.8,13.8,0.2,observed
2026-07-09,7,18.7,24.7,14.2,0.0,observed
2026-07-10,7,18.1,23.6,14.2,0.7,observed
2026-07-11,7,17.7,21.7,15.7,2.8,observed
2026-07-12,7,18.1,23.5,13.3,0.2,observed
2026-07-13,7,18.6,24.9,12.7,0.0,observed
2026-07-14,7,18.0,25.0,12.3,0.0,observed
2026-07-15,7,18.9,25.2,14.3,0.1,observed
2026-07-16,7,19.5,26.4,13.2,0.3,observed
2026-07-17,7,17.8,24.4,12.8,0.0,observed
2026-07-18,7,18.9,25.3,13.0,0.6,observed
2026-07-19,7,19.3,26.3,12.7,0.0,observed
2026-07-20,7,18.0,24.6,12.8,0.1,observed
2026-07-21,7,18.9,25.9,13.1,0.4,observed
2026-07-22,7,18.2,24.2,12.8,0.1,observed
2026-07-23,7,17.9,24.3,13.0,0.2,observed
2026-07-24,7,19.0,24.9,13.7,0.2,observed
2026-07-25,7,18.1,23.4,13.6,0.3,observed
2026-07-26,7,17.1,21.6,12.9,0.4,observed
2026-07-27,7,17.3,22.1,13.9,0.4,observed
2026-07-28,7,17.2,22.2,12.0,0.0,observed
2026-07-29,7,18.2,24.3,13.2,0.0,observed
2026-07-30,7,18.4,24.8,12.6,0.3,observed
2026-07-31,7,18.6,25.3,13.0,0.6,observed
2026-08-01,7,17.6,25.2,12.8,0.1,observed
2026-08-02,7,17.3,22.8,13.2,0.7,observed
2026-08-03,7,16.6,21.5,12.5,0.1,observed
2026-08-04,7,16.4,20.6,12.7,0.8,observed
2026-08-05,7,18.3,25.6,11.6,0.0,observed
2026-08-06,7,17.7,25.1,12.6,0.0,observed
2026-08-07,7,18.4,23.8,13.3,0.0,observed
2026-08-08,7,18.2,24.3,13.1,0.1,observed
2026-08-09,7,18.2,23.6,14.1,0.6,observed
2026-08-10,7,18.2,27.9,12.5,0.4,observed
2026-08-11,7,18.6,26.4,11.5,0.0,observed
2026-08-12,7,19.4,27.0,11.7,0.0,observed
2026-08-13,7,19.4,26.3,12.0,0.0,observed
2026-08-14,7,19.3,26.7,11.6,0.0,observed
2026-08-15,7,18.5,24.0,12.7,0.0,observed
2026-08-16,7,17.9,20.9,15.0,0.4,observed
2026-08-17,7,18.3,23.6,14.6,0.4,observed
2026-08-18,7,18.2,22.2,15.1,2.5,observed
2026-08-19,7,18.2,23.3,15.5,3.9,observed
2026-08-20,7,18.2,25.1,13.1,0.2,observed
2026-08-21,7,18.2,25.0,11.1,0.0,observed
2026-08-22,7,19.8,27.5,12.0,0.0,observed
2026-08-23,7,20.7,27.3,16.1,2.8,observed
2026-08-24,7,20.6,27.1,16.7,0.9,observed
2026-08-25,7,19.7,27.1,13.0,0.0,observed
2026-08-26,7,19.4,27.4,12.1,0.0,observed
2026-08-27,7,18.6,27.9,12.2,0.4,observed
2026-08-28,7,19.0,25.9,12.5,0.0,observed
2026-08-29,7,19.0,25.4,13.3,0.0,observed
2026-08-30,7,18.9,25.7,14.0,0.2,observed
2026-08-31,7,17.4,21.7,13.8,3.7,observed
2026-09-01,7,17.8,23.2,13.2,2.5,observed
2026-09-02,7,19.1,26.5,14.7,0.7,observed
2026-09-03,7,18.2,25.0,12.6,0.0,observed
2026-09-04,7,20.1,29.7,13.7,0.4,observed
2026-09-05,7,20.2,27.8,13.5,0.1,observed
2026-09-06,7,20.2,28.1,13.7,0.0,observed
2026-09-07,7,20.2,27.1,13.3,0.0,observed
2026-09-08,7,17.8,21.9,13.7,0.6,observed
2026-09-09,7,17.5,21.9,13.4,1.1,observed
2026-09-10,7,18.8,24.0,14.3,1.8,observed
2026-09-11,7,19.1,24.3,15.4,0.9,observed
2026-09-12,7,18.6,23.5,15.4,6.2,observed
2026-09-13,7,19.1,24.9,14.9,0.9,observed
2026-09-14,7,19.9,27.0,13.4,0.4,observed
2026-09-15,7,17.7,20.3,15.5,0.9,observed
2026-09-16,7,17.8,21.9,14.5,2.8,observed
2026-09-17,7,18.5,24.5,15.0,0.1,observed
2026-09-18,7,16.9,20.9,13.1,3.7,observed
2026-09-19,7,18.7,25.1,14.4,1.4,observed
2026-09-20,7,17.6,22.6,13.7,4.0,observed
2026-09-21,7,18.0,22.4,15.5,4.8,observed
2026-09-22,7,19.3,24.6,15.5,0.6,observed
2026-09-23,7,19.0,24.9,14.7,0.8,observed
2026-09-24,7,19.9,27.5,13.0,0.0,observed
2026-09-25,7,20.2,28.5,13.4,0.2,observed
2026-09-26,7,20.3,28.6,14.5,0.0,observed
2026-09-27,7,20.6,27.5,15.3,0.6,observed
2026-09-28,7,20.7,27.7,16.8,1.6,observed
2026-09-29,7,20.3,25.8,16.4,1.3,observed
2026-09-30,7,20.1,27.7,14.0,0.0,observed
2026-10-01,7,21.0,29.2,13.9,0.0,observed
2026-10-02,7,21.0,28.1,14.4,0.0,observed
2026-10-03,7,21.6,28.9,14.6,0.0,observed
2026-10-04,7,20.9,26.9,15.8,2.0,observed
2026-10-05,7,21.6,28.1,16.0,0.7,observed
2026-10-06,7,21.2,27.2,16.4,1.2,observed
2026-10-07,7,20.3,26.1,16.7,5.2,observed
2026-10-08,7,20.2,25.3,16.4,4.3,observed
2026-10-09,7,19.7,25.7,16.0,6.4,forecast
2026-10-10,7,18.3,24.0,15.2,32.5,forecast
2026-10-11,7,19.1,25.8,14.6,16.9,forecast
2026-10-12,7,17.1,22.0,13.5,16.3,forecast
2026-10-13,7,17.7,23.8,13.2,22.6,forecast
2026-10-14,7,17.7,22.3,15.6,35.7,forecast
2026-10-15,7,17.6,21.9,15.3,35.2,forecast
2026-10-16,7,18.7,24.5,14.0,0.2,forecast
2026-10-17,7,18.6,24.8,13.3,0.3,forecast
2026-10-18,7,18.7,23.6,15.0,2.2,forecast
2024-01-01,8,20.5,26.9,15.5,0.8,observed
2024-01-02,8,20.3,26.8,15.4,1.6,observed
2024-01-03,8,20.3,26.0,16.4,1.7,observed
2024-01-04,8,20.5,26.9,15.2,0.4,observed
2024-01-05,8,19.0,26.2,15.7,7.6,observed
2024-01-06,8,19.7,25.9,15.8,1.4,observed
2024-01-07,8,19.5,24.7,15.9,9.9,observed
2024-01-08,8,19.7,25.4,15.2,0.3,observed
2024-01-09,8,19.5,25.9,14.5,0.5,observed
2024-01-10,8,19.1,24.7,14.6,2.5,observed
2024-01-11,8,18.7,25.3,14.9,1.4,observed
2024-01-12,8,19.2,25.3,14.7,1.3,observed
2024-01-13,8,18.3,22.3,15.5,3.6,observed
2024-01-14,8,19.3,25.2,15.6,12.0,observed
2024-01-15,8,19.7,26.1,15.0,1.0,observed
2024-01-16,8,19.6,25.8,14.8,1.7,observed
2024-01-17,8,19.9,26.5,15.6,2.7,observed
2024-01-18,8,19.0,24.7,16.0,9.8,observed
2024-01-19,8,20.2,27.2,14.9,4.3,observed
2024-01-20,8,18.9,25.3,15.7,10.1,observed
2024-01-21,8,19.5,25.5,16.2,4.0,observed
2024-01-22,8,19.7,27.0,14.7,0.4,observed
2024-01-23,8,19.5,26.7,13.6,0.0,observed
2024-01-24,8,20.0,27.0,13.8,0.0,observed
2024-01-25,8,20.4,26.8,14.8,0.3,observed
2024-01-26,8,20.4,26.6,15.7,0.6,observed
2024-01-27,8,20.5,26.4,16.1,1.5,observed
2024-01-28,8,20.4,26.2,15.9,0.7,observed
2024-01-29,8,20.4,27.2,15.1,0.1,observed
2024-01-30,8,20.7,27.8,16.2,0.2,observed
2024-01-31,8,20.7,27.7,15.3,0.5,observed
2024-02-01,8,20.4,27.7,15.2,0.3,observed
2024-02-02,8,20.5,28.6,14.5,0.0,observed
2024-02-03,8,21.2,28.1,15.6,0.2,observed
2024-02-04,8,20.8,26.8,15.3,0.4,observed
2024-02-05,8,20.7,27.6,15.2,0.1,observed
2024-02-06,8,21.0,28.2,15.2,0.0,observed
2024-02-07,8,20.8,27.8,15.7,0.2,observed
2024-02-08,8,20.6,27.9,14.5,0.6,observed
2024-02-09,8,21.2,28.8,15.0,0.0,observed
2024-02-10,8,21.4,28.4,16.0,0.4,observed
2024-02-11,8,20.9,28.0,15.3,0.0,observed
2024-02-12,8,21.1,28.6,14.2,0.0,observed
2024-02-13,8,21.7,29.2,15.7,0.0,observed
2024-02-14,8,21.8,28.6,16.3,0.0,observed
2024-02-15,8,22.0,29.4,16.0,0.0,observed
2024-02-16,8,21.7,28.6,15.7,0.0,observed
2024-02-17,8,21.8,28.9,15.9,0.3,observed
2024-02-18,8,22.3,31.1,13.5,0.0,observed
2024-02-19,8,22.9,30.1,15.7,0.0,observed
2024-02-20,8,22.6,29.7,16.8,1.6,observed
2024-02-21,8,21.9,29.2,15.9,1.1,observed
2024-02-22,8,21.0,27.9,14.9,0.0,observed
2024-02-23,8,20.1,26.7,15.7,0.8,observed
2024-02-24,8,18.9,24.3,15.9,15.6,observed
2024-02-25,8,20.6,27.9,14.3,0.1,observed
2024-02-26,8,21.6,30.1,15.6,2.8,observed
2024-02-27,8,20.6,29.8,15.6,2.0,observed
2024-02-28,8,20.6,26.6,15.6,1.2,observed
2024-02-29,8,21.2,29.1,15.5,0.1,observed
2024-03-01,8,21.3,29.4,14.5,0.0,observed
2024-03-02,8,21.4,29.1,15.5,0.0,observed
2024-03-03,8,21.6,28.8,15.0,0.0,observed
2024-03-04,8,22.3,29.7,16.6,0.7,observed
2024-03-05,8,20.7,27.6,15.2,0.9,observed
2024-03-06,8,20.6,27.4,15.4,0.3,observed
2024-03-07,8,20.8,27.7,14.3,0.6,observed
2024-03-08,8,21.8,30.0,14.8,0.0,observed
2024-03-09,8,21.3,28.5,16.1,0.2,observed
2024-03-10,8,21.2,28.6,15.0,0.4,observed
2024-03-11,8,21.0,28.0,14.9,0.0,observed
2024-03-12,8,21.1,29.3,13.8,0.0,observed
2024-03-13,8,21.9,29.3,15.4,0.0,observed
2024-03-14,8,21.3,29.0,15.7,0.0,observed
2024-03-15,8,20.5,27.5,14.4,0.1,observed
2024-03-16,8,21.2,28.9,14.6,0.0,observed
2024-03-17,8,22.5,30.7,15.5,0.0,observed
2024-03-18,8,21.9,29.6,15.5,0.1,observed
2024-03-19,8,22.2,29.9,15.3,0.6,observed
2024-03-20,8,21.8,29.5,15.0,0.0,observed
2024-03-21,8,21.8,29.6,15.2,0.0,observed
2024-03-22,8,21.9,30.1,14.7,0.2,observed
2024-03-23,8,22.5,29.8,16.4,0.4,observed
2024-03-24,8,21.8,30.0,16.9,2.3,observed
2024-03-25,8,21.1,27.7,16.7,5.6,observed
2024-03-26,8,21.1,28.1,17.1,4.0,observed
2024-03-27,8,20.6,26.8,17.9,3.7,observed
2024-03-28,8,20.6,27.5,16.1,1.2,observed
2024-03-29,8,20.7,27.5,15.2,0.7,observed
2024-03-30,8,20.1,26.0,16.9,4.4,observed
2024-03-31,8,19.9,25.8,16.2,9.1,observed
2024-04-01,8,20.5,26.6,16.8,2.7,observed
2024-04-02,8,21.0,27.4,16.7,0.8,observed
2024-04-03,8,20.4,28.1,15.4,5.2,observed
2024-04-04,8,20.1,25.8,16.6,3.0,observed
2024-04-05,8,19.9,25.7,16.7,9.9,observed
2024-04-06,8,19.2,25.1,15.8,14.2,observed
2024-04-07,8,20.4,27.3,16.4,2.6,observed
2024-04-08,8,19.9,26.0,15.3,3.6,observed
2024-04-09,8,20.0,26.8,16.0,3.3,observed
2024-04-10,8,20.2,27.5,14.3,0.7,observed
2024-04-11,8,20.8,27.3,15.4,0.8,observed
2024-04-12,8,20.9,27.3,17.6,3.5,observed
2024-04-13,8,20.0,25.4,16.9,6.7,observed
2024-04-14,8,19.9,26.6,16.5,9.2,observed
2024-04-15,8,19.4,25.8,15.5,2.8,observed
2024-04-16,8,19.9,25.8,15.1,0.2,observed
2024-04-17,8,20.2,25.7,14.8,0.8,observed
2024-04-18,8,19.9,26.4,14.7,3.1,observed
2024-04-19,8,19.8,25.7,14.8,1.8,observed
2024-04-20,8,20.3,26.0,15.7,1.1,observed
2024-04-21,8,18.9,24.2,15.7,1.8,observed
2024-04-22,8,19.6,26.4,14.9,7.9,observed
2024-04-23,8,20.0,25.9,16.0,6.3,observed
2024-04-24,8,19.6,26.3,15.8,14.4,observed
2024-04-25,8,19.8,25.7,16.6,9.8,observed
2024-04-26,8,18.9,22.5,16.8,28.9,observed
2024-04-27,8,18.9,25.9,15.6,13.4,observed
2024-04-28,8,19.5,25.9,15.7,15.7,observed
2024-04-29,8,19.4,25.7,14.9,1.8,observed
2024-04-30,8,20.1,25.9,15.6,1.8,observed
2024-05-01,8,20.4,26.3,16.9,11.9,observed
2024-05-02,8,19.8,25.5,17.2,7.0,observed
2024-05-03,8,19.6,24.0,16.5,4.5,observed
2024-05-04,8,19.3,22.6,16.7,0.6,observed
2024-05-05,8,19.6,25.3,16.0,5.1,observed
2024-05-06,8,19.2,24.4,16.1,0.7,observed
2024-05-07,8,19.2,24.1,16.8,9.2,observed
2024-05-08,8,18.4,24.3,14.4,6.6,observed
2024-05-09,8,18.9,24.4,14.4,2.0,observed
2024-05-10,8,19.1,24.6,15.3,5.4,observed
2024-05-11,8,19.2,24.6,14.3,0.9,observed
2024-05-12,8,19.5,25.2,15.0,2.0,observed
2024-05-13,8,19.7,25.5,14.5,0.1,observed
2024-05-14,8,19.3,26.2,13.2,0.1,observed
2024-05-15,8,19.4,26.3,13.3,0.3,observed
2024-05-16,8,19.2,25.2,12.7,2.5,observed
2024-05-17,8,19.7,26.0,14.5,0.2,observed
2024-05-18,8,20.4,26.7,14.6,0.1,observed
2024-05-19,8,19.7,26.6,14.7,2.3,observed
2024-05-20,8,19.8,25.9,15.2,5.4,observed
2024-05-21,8,19.4,24.9,14.7,1.6,observed
2024-05-22,8,19.2,25.1,14.4,1.7,observed
2024-05-23,8,19.1,25.1,15.4,5.3,observed
2024-05-24,8,18.9,24.7,12.9,1.5,observed
2024-05-25,8,19.2,25.1,15.7,1.8,observed
2024-05-26,8,19.4,25.2,14.2,0.5,observed
2024-05-27,8,19.7,26.0,14.1,0.1,observed
2024-05-28,8,19.2,25.6,14.8,0.0,observed
2024-05-29,8,19.2,25.6,12.9,0.1,observed
2024-05-30,8,18.8,25.8,12.1,0.1,observed
2024-05-31,8,19.5,26.7,12.9,0.2,observed
2024-06-01,8,19.3,26.6,13.1,0.2,observed
2024-06-02,8,19.8,27.1,13.9,0.0,observed
2024-06-03,8,19.7,26.0,14.3,0.0,observed
2024-06-04,8,19.3,26.8,14.2,6.6,observed
2024-06-05,8,19.5,25.9,14.3,0.0,observed
2024-06-06,8,18.4,25.5,13.1,0.1,observed
2024-06-07,8,19.1,25.7,13.1,0.8,observed
2024-06-08,8,19.1,25.7,13.8,1.5,observed
2024-06-09,8,17.9,22.7,15.2,0.1,observed
2024-06-10,8,19.1,25.2,15.5,1.8,observed
2024-06-11,8,18.1,23.7,12.5,0.6,observed
2024-06-12,8,17.8,23.8,11.9,0.2,observed
2024-06-13,8,17.9,24.6,11.7,0.0,observed
2024-06-14,8,17.7,25.0,11.4,0.0,observed
2024-06-15,8,18.2,24.9,12.3,0.7,observed
2024-06-16,8,18.7,26.4,12.6,0.0,observed
2024-06-17,8,18.7,26.3,12.2,0.0,observed
2024-06-18,8,17.7,25.0,11.4,0.0,observed
2024-06-19,8,18.4,24.4,12.9,1.7,observed
2024-06-20,8,17.7,22.4,15.0,6.3,observed
2024-06-21,8,17.6,23.6,14.3,4.3,observed
2024-06-22,8,17.4,24.6,12.6,0.1,observed
2024-06-23,8,16.9,23.8,9.9,0.0,observed
2024-06-24,8,16.2,23.8,10.2,0.0,observed
2024-06-25,8,16.1,24.3,9.7,0.0,observed
2024-06-26,8,16.7,23.2,9.5,0.0,observed
2024-06-27,8,16.5,21.4,11.8,0.7,observed
2024-06-28,8,16.2,22.7,9.9,0.0,observed
2024-06-29,8,17.0,25.1,10.1,0.0,observed
2024-06-30,8,16.9,24.2,11.8,0.0,observed
2024-07-01,8,17.1,24.3,11.1,0.0,observed
2024-07-02,8,17.9,24.8,12.4,0.0,observed
2024-07-03,8,18.6,25.6,11.8,0.0,observed
2024-07-04,8,18.7,25.7,12.6,0.0,observed
2024-07-05,8,18.0,25.3,12.1,0.0,observed
2024-07-06,8,17.8,25.6,13.2,9.9,observed
2024-07-07,8,17.6,22.4,13.8,17.6,observed
2024-07-08,8,18.0,25.9,12.6,6.4,observed
2024-07-09,8,17.4,23.6,13.8,10.4,observed
2024-07-10,8,17.1,21.5,13.3,0.6,observed
2024-07-11,8,16.2,23.3,10.5,0.0,observed
2024-07-12,8,16.8,22.7,10.4,0.1,observed
2024-07-13,8,17.1,22.8,13.0,0.4,observed
2024-07-14,8,17.7,25.4,12.1,0.0,observed
2024-07-15,8,17.7,23.4,11.2,0.0,observed
2024-07-16,8,18.0,21.9,14.9,1.2,observed
2024-07-17,8,18.3,24.6,15.3,1.0,observed
2024-07-18,8,17.2,21.2,15.0,0.3,observed
2024-07-19,8,16.9,22.2,12.4,0.1,observed
2024-07-20,8,17.2,22.1,11.5,0.0,observed
2024-07-21,8,18.0,24.9,12.4,0.9,observed
2024-07-22,8,18.5,25.1,13.5,0.0,observed
2024-07-23,8,16.7,24.0,10.5,0.0,observed
2024-07-24,8,16.3,25.0,10.8,0.0,observed
2024-07-25,8,17.9,25.6,10.7,0.6,observed
2024-07-26,8,18.2,25.3,13.9,1.6,observed
2024-07-27,8,17.8,25.3,13.8,0.2,observed
2024-07-28,8,17.9,24.9,12.9,0.2,observed
2024-07-29,8,18.3,24.2,13.8,0.0,observed
2024-07-30,8,18.4,23.5,13.9,0.0,observed
2024-07-31,8,17.2,23.4,13.5,0.3,observed
2024-08-01,8,16.3,23.0,10.4,0.0,observed
2024-08-02,8,16.6,23.6,11.4,0.0,observed
2024-08-03,8,17.2,25.5,11.1,0.0,observed
2024-08-04,8,18.0,24.8,14.3,0.5,observed
2024-08-05,8,17.9,26.8,10.3,0.0,observed
2024-08-06,8,18.2,26.6,10.8,0.5,observed
2024-08-07,8,17.4,26.2,11.8,0.1,observed
2024-08-08,8,17.5,21.2,13.4,1.6,observed
2024-08-09,8,17.8,22.6,15.3,1.3,observed
2024-08-10,8,17.0,23.2,12.4,0.4,observed
2024-08-11,8,16.8,22.8,12.7,0.4,observed
2024-08-12,8,17.5,23.8,13.3,0.1,observed
2024-08-13,8,17.4,23.5,12.2,0.1,observed
2024-08-14,8,17.5,25.5,10.9,0.0,observed
2024-08-15,8,18.5,25.8,13.0,0.7,observed
2024-08-16,8,18.7,25.5,14.8,1.1,observed
2024-08-17,8,17.7,25.5,11.0,0.0,observed
2024-08-18,8,17.0,22.1,12.5,0.2,observed
2024-08-19,8,17.0,25.4,10.4,0.0,observed
2024-08-20,8,17.7,25.1,10.4,0.0,observed
2024-08-21,8,17.5,23.5,11.8,0.1,observed
2024-08-22,8,17.9,23.9,14.3,0.2,observed
2024-08-23,8,17.9,22.9,13.6,0.0,observed
2024-08-24,8,17.8,23.2,14.5,0.3,observed
2024-08-25,8,16.5,20.6,13.8,2.1,observed
2024-08-26,8,17.2,23.1,11.1,0.0,observed
2024-08-27,8,18.6,25.0,14.8,1.6,observed
2024-08-28,8,19.0,24.8,15.5,2.5,observed
2024-08-29,8,18.9,25.2,14.5,1.7,observed
2024-08-30,8,18.5,25.1,13.3,0.3,observed
2024-08-31,8,18.0,25.7,11.4,0.0,observed
2024-09-01,8,18.6,24.6,14.5,0.3,observed
2024-09-02,8,17.5,24.1,11.8,0.0,observed
2024-09-03,8,18.2,23.1,14.4,0.9,observed
2024-09-04,8,18.1,23.1,14.9,2.7,observed
2024-09-05,8,17.9,24.2,13.6,0.1,observed
2024-09-06,8,17.7,22.9,14.2,5.0,observed
2024-09-07,8,18.2,25.2,12.6,0.0,observed
2024-09-08,8,18.4,26.9,12.6,0.0,observed
2024-09-09,8,18.8,26.8,11.3,0.0,observed
2024-09-10,8,19.6,27.2,12.7,0.1,observed
2024-09-11,8,19.2,27.6,12.2,0.0,observed
2024-09-12,8,18.8,27.4,11.7,0.0,observed
2024-09-13,8,18.9,26.9,11.0,0.2,observed
2024-09-14,8,18.8,27.1,11.5,0.0,observed
2024-09-15,8,19.2,27.5,11.4,0.0,observed
2024-09-16,8,18.5,27.1,11.1,0.2,observed
2024-09-17,8,19.2,26.1,12.2,0.0,observed
2024-09-18,8,19.5,27.0,11.9,0.0,observed
2024-09-19,8,19.9,28.3,13.0,0.0,observed
2024-09-20,8,20.2,26.9,13.8,0.3,observed
2024-09-21,8,19.5,26.8,13.3,0.1,observed
2024-09-22,8,20.0,26.8,15.2,0.1,observed
2024-09-23,8,19.0,25.6,12.8,0.1,observed
2024-09-24,8,19.3,26.1,12.7,0.0,observed
2024-09-25,8,18.7,26.0,11.7,0.0,observed
2024-09-26,8,19.6,27.4,11.6,0.2,observed
2024-09-27,8,20.1,28.2,14.1,0.4,observed
2024-09-28,8,19.7,28.2,13.8,0.6,observed
2024-09-29,8,19.4,25.5,13.9,2.8,observed
2024-09-30,8,19.1,26.4,13.6,8.0,observed
2024-10-01,8,20.6,27.2,14.4,0.1,observed
2024-10-02,8,20.0,27.2,15.2,1.1,observed
2024-10-03,8,19.2,25.7,14.7,1.0,observed
2024-10-04,8,19.0,28.0,11.3,0.0,observed
2024-10-05,8,19.2,25.5,13.0,1.6,observed
2024-10-06,8,19.6,25.6,15.8,1.3,observed
2024-10-07,8,19.7,25.9,15.7,1.1,observed
2024-10-08,8,20.5,26.7,16.0,0.5,observed
2024-10-09,8,20.0,26.5,14.3,0.1,observed
2024-10-10,8,19.5,26.1,12.4,0.0,observed
2024-10-11,8,20.2,28.3,14.6,0.5,observed
2024-10-12,8,20.0,28.3,12.3,1.0,observed
2024-10-13,8,19.3,26.4,15.0,8.1,observed
2024-10-14,8,19.8,27.8,12.3,0.1,observed
2024-10-15,8,20.4,27.5,13.7,0.3,observed
2024-10-16,8,20.7,28.5,14.8,0.5,observed
2024-10-17,8,21.9,29.4,15.8,0.0,observed
2024-10-18,8,19.7,27.0,14.3,4.8,observed
2024-10-19,8,18.9,25.3,15.4,5.3,observed
2024-10-20,8,19.3,25.5,15.6,6.0,observed
2024-10-21,8,19.6,26.3,13.2,0.2,observed
2024-10-22,8,20.1,26.9,13.5,0.3,observed
2024-10-23,8,20.0,26.4,14.1,0.3,observed
2024-10-24,8,20.2,26.6,14.1,0.3,observed
2024-10-25,8,20.5,27.8,13.6,0.2,observed
2024-10-26,8,21.0,28.9,14.2,0.0,observed
2024-10-27,8,21.2,28.2,15.1,0.7,observed
2024-10-28,8,21.6,28.7,15.9,0.0,observed
2024-10-29,8,21.4,29.0,14.6,0.0,observed
2024-10-30,8,21.8,29.9,14.2,0.0,observed
2024-10-31,8,21.8,30.0,14.1,0.0,observed
2024-11-01,8,20.8,27.3,15.8,1.8,observed
2024-11-02,8,21.1,28.6,15.7,0.0,observed
2024-11-03,8,21.5,29.4,16.4,0.2,observed
2024-11-04,8,21.6,28.6,16.0,0.0,observed
2024-11-05,8,20.1,26.9,15.8,3.6,observed
2024-11-06,8,19.7,26.0,16.2,2.0,observed
2024-11-07,8,18.5,24.8,16.0,5.1,observed
2024-11-08,8,18.4,24.7,14.9,5.1,observed
2024-11-09,8,19.2,26.7,13.5,1.3,observed
2024-11-10,8,19.1,25.5,15.9,1.8,observed
2024-11-11,8,16.9,20.5,14.0,9.8,observed
2024-11-12,8,18.7,26.1,12.5,0.2,observed
2024-11-13,8,19.0,25.3,15.5,2.8,observed
2024-11-14,8,19.8,26.5,16.5,7.9,observed
2024-11-15,8,17.6,21.5,15.6,7.2,observed
2024-11-16,8,17.0,20.2,15.3,12.0,observed
2024-11-17,8,18.5,24.8,13.6,1.3,observed
2024-11-18,8,19.4,25.3,15.0,0.6,observed
2024-11-19,8,19.7,25.4,15.8,1.7,observed
2024-11-20,8,19.7,25.5,16.1,2.2,observed
2024-11-21,8,18.5,23.2,15.7,6.7,observed
2024-11-22,8,19.1,24.8,15.4,2.5,observed
2024-11-23,8,19.3,24.6,16.0,1.6,observed
2024-11-24,8,19.0,24.1,16.3,19.9,observed
2024-11-25,8,18.1,23.9,15.3,21.2,observed
2024-11-26,8,18.7,23.8,14.3,2.0,observed
2024-11-27,8,18.5,23.9,15.4,3.2,observed
2024-11-28,8,19.2,24.4,15.7,4.4,observed
2024-11-29,8,19.3,24.8,15.1,0.4,observed
2024-11-30,8,19.0,24.5,13.8,0.5,observed
2024-12-01,8,18.6,23.4,15.2,12.2,observed
2024-12-02,8,19.4,24.5,15.8,1.2,observed
2024-12-03,8,19.2,23.8,15.8,4.2,observed
2024-12-04,8,20.0,25.8,15.2,0.4,observed
2024-12-05,8,20.5,27.0,15.6,0.2,observed
2024-12-06,8,20.7,27.2,15.9,0.3,observed
2024-12-07,8,20.9,28.3,15.2,0.6,observed
2024-12-08,8,20.7,27.4,14.7,0.2,observed
2024-12-09,8,20.2,26.8,15.3,0.5,observed
2024-12-10,8,20.3,26.3,16.3,2.1,observed
2024-12-11,8,20.1,25.7,15.4,2.2,observed
2024-12-12,8,20.5,26.9,15.9,1.7,observed
2024-12-13,8,21.2,28.6,15.5,0.3,observed
2024-12-14,8,21.6,27.5,16.6,0.0,observed
2024-12-15,8,21.6,28.1,16.4,1.2,observed
2024-12-16,8,20.4,25.9,16.1,1.9,observed
2024-12-17,8,19.9,25.8,15.1,1.3,observed
2024-12-18,8,20.6,27.2,15.0,1.1,observed
2024-12-19,8,19.1,23.7,15.7,5.1,observed
2024-12-20,8,19.1,25.6,15.9,5.6,observed
2024-12-21,8,18.4,24.3,16.2,7.8,observed
2024-12-22,8,18.7,23.6,14.8,3.1,observed
2024-12-23,8,18.8,23.4,15.9,3.3,observed
2024-12-24,8,18.7,24.2,15.7,6.9,observed
2024-12-25,8,18.6,23.0,15.8,4.8,observed
2024-12-26,8,18.8,24.0,15.0,1.9,observed
2024-12-27,8,19.0,24.8,14.5,0.3,observed
2024-12-28,8,19.3,25.9,14.5,0.4,observed
2024-12-29,8,19.9,26.8,14.1,0.0,observed
2024-12-30,8,20.3,27.1,14.9,0.0,observed
2024-12-31,8,20.1,26.1,15.4,0.6,observed
2025-01-01,8,20.1,26.1,14.8,0.7,observed
2025-01-02,8,20.0,25.3,15.1,0.7,observed
2025-01-03,8,19.9,25.6,14.7,0.0,observed
2025-01-04,8,20.0,25.8,15.5,1.3,observed
2025-01-05,8,19.6,24.9,15.2,0.9,observed
2025-01-06,8,19.5,26.3,13.4,0.0,observed
2025-01-07,8,20.3,28.0,13.9,0.0,observed
2025-01-08,8,21.1,28.2,14.6,0.0,observed
2025-01-09,8,21.0,27.7,15.9,0.5,observed
2025-01-10,8,20.4,26.1,15.6,1.3,observed
2025-01-11,8,21.0,27.6,15.5,0.1,observed
2025-01-12,8,21.8,27.6,16.1,0.2,observed
2025-01-13,8,22.0,27.7,16.7,0.0,observed
2025-01-14,8,21.0,27.0,16.2,0.0,observed
2025-01-15,8,19.1,25.3,14.1,0.2,observed
2025-01-16,8,19.6,26.0,14.2,0.0,observed
2025-01-17,8,20.2,26.7,14.6,0.0,observed
2025-01-18,8,21.3,28.0,15.0,0.0,observed
2025-01-19,8,21.7,27.6,16.3,0.0,observed
2025-01-20,8,22.1,28.9,16.1,0.0,observed
2025-01-21,8,22.0,28.6,15.8,0.0,observed
2025-01-22,8,22.3,28.8,16.3,0.0,observed
2025-01-23,8,21.8,27.9,15.8,0.0,observed
2025-01-24,8,21.7,28.8,15.8,0.1,observed
2025-01-25,8,21.8,28.5,16.0,0.4,observed
2025-01-26,8,19.8,25.8,16.5,8.0,observed
2025-01-27,8,19.2,23.8,15.7,0.3,observed
2025-01-28,8,18.5,24.2,15.1,5.4,observed
2025-01-29,8,19.3,24.9,14.4,4.7,observed
2025-01-30,8,17.8,22.5,15.1,25.5,observed
2025-01-31,8,19.3,25.0,14.6,0.4,observed
2025-02-01,8,19.4,24.8,15.4,1.2,observed
2025-02-02,8,20.2,26.0,15.3,0.3,observed
2025-02-03,8,20.7,26.9,15.3,0.0,observed
2025-02-04,8,20.2,26.7,15.2,0.0,observed
2025-02-05,8,20.4,27.4,14.5,0.5,observed
2025-02-06,8,21.1,27.2,15.5,0.2,observed
2025-02-07,8,21.1,26.9,16.4,0.3,observed
2025-02-08,8,21.8,29.9,15.1,0.0,observed
2025-02-09,8,22.3,29.3,15.5,0.0,observed
2025-02-10,8,22.2,29.1,16.1,0.0,observed
2025-02-11,8,21.7,27.7,16.2,0.0,observed
2025-02-12,8,20.6,26.4,15.7,1.1,observed
2025-02-13,8,20.5,26.1,17.0,3.2,observed
2025-02-14,8,21.6,28.7,15.2,0.0,observed
2025-02-15,8,22.8,29.8,16.3,0.0,observed
2025-02-16,8,22.6,29.3,16.7,0.8,observed
2025-02-17,8,22.1,28.1,16.3,0.1,observed
2025-02-18,8,22.0,29.5,15.2,0.0,observed
2025-02-19,8,22.6,30.1,15.2,0.0,observed
2025-02-20,8,23.3,31.1,16.2,0.0,observed
2025-02-21,8,23.0,30.0,15.9,0.0,observed
2025-02-22,8,22.0,28.3,15.2,0.0,observed
2025-02-23,8,22.0,29.0,15.4,0.0,observed
2025-02-24,8,22.0,28.6,15.1,0.0,observed
2025-02-25,8,22.0,28.9,15.3,0.0,observed
2025-02-26,8,22.4,29.3,15.9,0.0,observed
2025-02-27,8,23.1,30.1,16.1,0.0,observed
2025-02-28,8,23.5,31.1,16.0,0.0,observed
2025-03-01,8,23.5,29.7,16.9,0.0,observed
2025-03-02,8,22.9,29.9,16.0,0.0,observed
2025-03-03,8,22.9,29.3,15.9,0.0,observed
2025-03-04,8,22.7,29.5,16.3,0.0,observed
2025-03-05,8,23.1,30.1,16.9,0.0,observed
2025-03-06,8,23.1,30.5,16.2,0.0,observed
2025-03-07,8,23.7,31.3,16.8,0.7,observed
2025-03-08,8,23.0,29.5,17.9,0.9,observed
2025-03-09,8,22.1,28.5,17.7,2.3,observed
2025-03-10,8,20.1,25.2,16.8,13.8,observed
2025-03-11,8,20.6,26.6,16.4,1.6,observed
2025-03-12,8,20.3,26.1,16.3,1.0,observed
2025-03-13,8,20.2,26.1,15.7,2.2,observed
2025-03-14,8,22.6,30.5,15.9,0.0,observed
2025-03-15,8,22.9,29.9,16.7,0.0,observed
2025-03-16,8,22.3,28.9,16.2,0.0,observed
2025-03-17,8,21.5,28.0,16.3,0.9,observed
2025-03-18,8,20.4,26.3,16.5,3.8,observed
2025-03-19,8,19.6,24.4,16.0,11.2,observed
2025-03-20,8,19.2,23.7,16.0,7.5,observed
2025-03-21,8,20.3,27.0,15.9,2.1,observed
2025-03-22,8,20.5,26.2,16.2,2.1,observed
2025-03-23,8,20.5,26.6,16.0,3.7,observed
2025-03-24,8,21.1,27.8,17.0,1.0,observed
2025-03-25,8,20.1,26.4,15.3,2.1,observed
2025-03-26,8,19.8,25.7,15.9,1.8,observed
2025-03-27,8,19.6,25.7,15.7,4.4,observed
2025-03-28,8,18.5,23.6,15.9,7.6,observed
2025-03-29,8,19.3,24.2,16.1,3.5,observed
2025-03-30,8,19.3,24.0,15.8,2.8,observed
2025-03-31,8,18.8,23.1,16.2,9.6,observed
2025-04-01,8,19.6,25.1,16.1,3.9,observed
2025-04-02,8,20.2,25.8,15.8,0.1,observed
2025-04-03,8,19.8,25.4,16.3,5.0,observed
2025-04-04,8,19.5,25.6,16.7,2.4,observed
2025-04-05,8,19.6,25.7,16.6,3.9,observed
2025-04-06,8,17.6,21.6,16.3,9.8,observed
2025-04-07,8,18.8,23.4,15.9,2.0,observed
2025-04-08,8,19.5,24.7,15.8,2.2,observed
2025-04-09,8,20.1,26.0,15.8,0.2,observed
2025-04-10,8,19.4,24.1,16.7,1.1,observed
2025-04-11,8,19.3,25.1,15.1,1.3,observed
2025-04-12,8,19.5,25.1,16.6,2.7,observed
2025-04-13,8,19.2,24.4,16.0,5.3,observed
2025-04-14,8,19.6,25.3,16.3,3.7,observed
2025-04-15,8,19.7,25.3,16.4,3.3,observed
2025-04-16,8,19.7,25.5,15.6,2.8,observed
2025-04-17,8,20.1,25.7,15.8,1.3,observed
2025-04-18,8,20.3,26.2,16.7,3.8,observed
2025-04-19,8,19.4,26.2,16.6,14.0,observed
2025-04-20,8,18.8,24.7,15.7,10.0,observed
2025-04-21,8,18.3,23.2,15.2,11.8,observed
2025-04-22,8,18.9,23.9,16.4,5.7,observed
2025-04-23,8,17.7,22.2,16.1,9.1,observed
2025-04-24,8,18.2,22.3,15.2,2.3,observed
2025-04-25,8,18.3,23.3,15.4,3.4,observed
2025-04-26,8,18.8,24.7,14.6,0.0,observed
2025-04-27,8,19.1,24.9,15.4,1.0,observed
2025-04-28,8,19.8,24.8,15.4,0.3,observed
2025-04-29,8,19.9,25.6,16.0,2.5,observed
2025-04-30,8,19.5,25.0,16.2,2.2,observed
2025-05-01,8,19.6,25.3,15.7,0.7,observed
2025-05-02,8,20.2,26.2,15.9,0.9,observed
2025-05-03,8,20.5,26.4,16.2,3.0,observed
2025-05-04,8,20.0,26.7,15.9,10.5,observed
2025-05-05,8,18.8,23.6,15.4,12.5,observed
2025-05-06,8,18.2,23.6,14.5,17.8,observed
2025-05-07,8,18.6,23.5,15.0,10.2,observed
2025-05-08,8,18.9,24.0,14.8,2.1,observed
2025-05-09,8,19.1,23.6,15.6,2.1,observed
2025-05-10,8,19.1,24.4,15.9,1.5,observed
2025-05-11,8,18.9,24.3,15.5,3.6,observed
2025-05-12,8,19.2,25.3,15.9,15.9,observed
2025-05-13,8,18.3,23.2,15.1,26.8,observed
2025-05-14,8,18.4,23.6,14.6,2.2,observed
2025-05-15,8,18.7,23.3,14.7,1.4,observed
2025-05-16,8,18.8,23.5,15.3,1.1,observed
2025-05-17,8,18.9,23.8,15.1,0.7,observed
2025-05-18,8,18.6,23.5,15.8,2.9,observed
2025-05-19,8,18.7,22.8,15.1,2.6,observed
2025-05-20,8,19.5,24.6,16.1,1.8,observed
2025-05-21,8,19.6,24.5,16.4,0.9,observed
2025-05-22,8,19.6,25.1,16.8,1.8,observed
2025-05-23,8,19.5,24.7,15.7,2.4,observed
2025-05-24,8,19.8,26.4,14.0,0.0,observed
2025-05-25,8,18.5,23.3,14.4,0.8,observed
2025-05-26,8,19.0,25.0,14.0,2.2,observed
2025-05-27,8,18.0,22.9,14.6,10.3,observed
2025-05-28,8,19.0,24.4,14.9,0.5,observed
2025-05-29,8,19.2,24.3,15.3,1.3,observed
2025-05-30,8,19.1,25.6,13.9,0.0,observed
2025-05-31,8,18.9,26.3,13.3,0.0,observed
2025-06-01,8,18.4,23.9,13.6,2.2,observed
2025-06-02,8,19.2,23.9,15.4,2.2,observed
2025-06-03,8,19.5,25.6,15.0,0.0,observed
2025-06-04,8,19.0,25.6,14.4,0.5,observed
2025-06-05,8,19.0,25.3,15.8,3.4,observed
2025-06-06,8,18.0,22.9,15.2,6.8,observed
2025-06-07,8,18.5,23.0,15.3,4.4,observed
2025-06-08,8,18.5,23.5,14.4,1.5,observed
2025-06-09,8,17.9,23.6,14.1,8.4,observed
2025-06-10,8,18.2,24.2,13.1,0.8,observed
2025-06-11,8,18.1,23.5,13.9,0.9,observed
2025-06-12,8,18.5,23.2,15.4,2.4,observed
2025-06-13,8,18.8,25.4,14.0,0.2,observed
2025-06-14,8,18.1,24.9,11.8,0.0,observed
2025-06-15,8,18.7,24.5,13.9,0.0,observed
2025-06-16,8,18.4,23.8,12.7,0.0,observed
2025-06-17,8,19.0,24.6,13.9,0.5,observed
2025-06-18,8,18.9,24.7,13.4,0.3,observed
2025-06-19,8,19.2,24.8,14.6,0.0,observed
2025-06-20,8,18.5,23.5,14.8,3.0,observed
2025-06-21,8,18.9,25.3,12.8,0.1,observed
2025-06-22,8,18.8,24.6,14.5,1.2,observed
2025-06-23,8,18.8,24.9,15.1,1.1,observed
2025-06-24,8,18.5,25.6,12.1,0.0,observed
2025-06-25,8,18.4,24.2,13.1,0.7,observed
2025-06-26,8,18.7,23.8,15.6,4.1,observed
2025-06-27,8,19.6,25.6,15.6,0.2,observed
2025-06-28,8,18.6,24.9,14.5,0.7,observed
2025-06-29,8,18.0,21.6,14.9,0.0,observed
2025-06-30,8,17.4,21.6,13.6,0.0,observed
2025-07-01,8,17.8,23.1,13.5,0.6,observed
2025-07-02,8,18.6,23.7,13.4,0.0,observed
2025-07-03,8,18.2,22.9,14.7,0.5,observed
2025-07-04,8,18.8,24.0,15.1,0.5,observed
2025-07-05,8,18.2,22.2,14.9,1.0,observed
2025-07-06,8,18.6,23.5,15.0,0.9,observed
2025-07-07,8,18.1,22.2,15.1,0.7,observed
2025-07-08,8,17.8,22.4,14.4,0.6,observed
2025-07-09,8,17.3,20.0,14.4,0.1,observed
2025-07-10,8,18.4,22.9,14.9,0.0,observed
2025-07-11,8,18.1,22.3,15.0,1.4,observed
2025-07-12,8,18.4,23.3,14.2,1.4,observed
2025-07-13,8,18.3,22.4,15.3,2.0,observed
2025-07-14,8,18.6,23.8,13.3,0.2,observed
2025-07-15,8,18.6,23.7,13.4,0.2,observed
2025-07-16,8,18.6,23.3,14.0,0.7,observed
2025-07-17,8,18.8,24.1,13.6,1.3,observed
2025-07-18,8,18.5,23.6,13.6,0.9,observed
2025-07-19,8,19.4,26.6,13.2,0.4,observed
2025-07-20,8,17.7,25.0,12.3,0.0,observed
2025-07-21,8,17.8,24.8,11.6,0.0,observed
2025-07-22,8,17.6,24.5,11.8,0.1,observed
2025-07-23,8,16.5,20.2,13.1,0.5,observed
2025-07-24,8,18.0,26.5,11.5,0.0,observed
2025-07-25,8,18.9,26.8,11.8,0.0,observed
2025-07-26,8,18.9,26.8,12.2,0.0,observed
2025-07-27,8,18.5,25.7,11.7,0.0,observed
2025-07-28,8,18.5,26.2,12.0,0.0,observed
2025-07-29,8,18.0,23.7,14.1,0.2,observed
2025-07-30,8,18.4,27.5,13.0,0.1,observed
2025-07-31,8,19.0,27.0,13.8,0.4,observed
2025-08-01,8,18.1,22.9,14.8,0.9,observed
2025-08-02,8,18.0,23.9,13.6,0.6,observed
2025-08-03,8,18.0,23.0,13.4,0.5,observed
2025-08-04,8,18.2,24.9,12.7,0.0,observed
2025-08-05,8,17.2,24.3,11.5,0.0,observed
2025-08-06,8,18.4,25.8,11.5,0.0,observed
2025-08-07,8,19.3,26.8,14.6,0.8,observed
2025-08-08,8,16.8,22.5,14.4,10.1,observed
2025-08-09,8,15.8,18.8,14.4,9.0,observed
2025-08-10,8,16.8,22.2,12.9,1.0,observed
2025-08-11,8,17.3,22.1,13.3,0.1,observed
2025-08-12,8,16.6,19.9,14.2,1.5,observed
2025-08-13,8,17.7,23.4,12.0,0.1,observed
2025-08-14,8,18.1,24.7,11.4,0.1,observed
2025-08-15,8,18.4,23.8,13.8,0.0,observed
2025-08-16,8,18.0,24.3,13.3,4.6,observed
2025-08-17,8,17.4,21.9,13.2,6.6,observed
2025-08-18,8,16.8,19.9,15.5,16.0,observed
2025-08-19,8,16.6,20.7,13.5,2.8,observed
2025-08-20,8,16.8,22.7,12.5,0.4,observed
2025-08-21,8,16.8,21.7,13.8,1.3,observed
2025-08-22,8,16.9,21.6,13.2,0.0,observed
2025-08-23,8,16.1,19.5,12.7,0.0,observed
2025-08-24,8,17.4,22.8,12.2,1.4,observed
2025-08-25,8,18.3,23.5,14.4,0.9,observed
2025-08-26,8,18.5,25.2,13.7,0.2,observed
2025-08-27,8,18.9,25.1,13.1,0.4,observed
2025-08-28,8,18.7,25.6,13.6,0.0,observed
2025-08-29,8,18.2,26.7,11.7,0.0,observed
2025-08-30,8,18.5,25.8,13.7,0.5,observed
2025-08-31,8,18.2,24.9,11.9,0.0,observed
2025-09-01,8,19.1,26.1,13.5,0.0,observed
2025-09-02,8,18.8,26.9,11.8,0.0,observed
2025-09-03,8,18.5,24.3,12.3,0.0,observed
2025-09-04,8,19.2,26.8,12.2,0.0,observed
2025-09-05,8,19.3,26.4,13.0,0.0,observed
2025-09-06,8,19.9,27.7,12.4,0.0,observed
2025-09-07,8,19.3,26.8,12.2,0.0,observed
2025-09-08,8,19.9,26.9,13.3,0.1,observed
2025-09-09,8,19.9,25.9,15.6,1.3,observed
2025-09-10,8,19.9,27.4,14.0,0.7,observed
2025-09-11,8,19.4,27.0,14.6,0.0,observed
2025-09-12,8,19.4,27.3,13.0,0.0,observed
2025-09-13,8,19.6,27.5,12.7,0.0,observed
2025-09-14,8,20.3,28.0,13.2,0.1,observed
2025-09-15,8,19.6,27.3,13.5,2.1,observed
2025-09-16,8,19.5,26.4,13.8,0.3,observed
2025-09-17,8,20.0,27.0,12.9,0.1,observed
2025-09-18,8,19.8,25.9,15.6,2.4,observed
2025-09-19,8,20.4,27.3,15.3,3.0,observed
2025-09-20,8,19.4,27.3,13.0,0.0,observed
2025-09-21,8,19.5,25.4,14.8,0.8,observed
2025-09-22,8,19.7,25.9,13.2,0.8,observed
2025-09-23,8,20.0,27.8,15.7,2.5,observed
2025-09-24,8,19.7,28.5,12.1,0.0,observed
2025-09-25,8,20.3,28.2,13.1,0.0,observed
2025-09-26,8,20.5,28.1,14.7,0.2,observed
2025-09-27,8,20.9,28.3,15.1,0.8,observed
2025-09-28,8,20.3,27.2,14.9,0.1,observed
2025-09-29,8,20.5,29.1,14.1,0.6,observed
2025-09-30,8,20.4,29.2,13.9,0.0,observed
2025-10-01,8,20.9,29.3,13.4,0.0,observed
2025-10-02,8,21.0,28.3,12.8,0.0,observed
2025-10-03,8,20.5,27.0,15.8,1.0,observed
2025-10-04,8,18.5,22.8,16.0,0.8,observed
2025-10-05,8,19.2,25.2,15.6,1.2,observed
2025-10-06,8,19.3,25.0,14.9,0.8,observed
2025-10-07,8,19.0,26.0,15.7,2.7,observed
2025-10-08,8,18.9,24.1,15.0,4.2,observed
2025-10-09,8,19.2,25.5,14.8,3.5,observed
2025-10-10,8,19.3,24.9,15.1,3.8,observed
2025-10-11,8,19.8,27.5,13.5,0.0,observed
2025-10-12,8,19.9,26.7,13.5,0.1,observed
2025-10-13,8,19.9,26.5,14.9,0.3,observed
2025-10-14,8,20.1,26.3,15.3,0.2,observed
2025-10-15,8,20.3,27.7,14.6,0.1,observed
2025-10-16,8,20.2,25.9,14.8,0.9,observed
2025-10-17,8,19.3,25.7,15.5,5.2,observed
2025-10-18,8,19.6,25.1,15.6,2.6,observed
2025-10-19,8,19.7,25.8,14.3,0.1,observed
2025-10-20,8,20.7,28.5,13.1,0.0,observed
2025-10-21,8,21.2,28.0,14.7,0.3,observed
2025-10-22,8,19.5,23.6,16.6,1.0,observed
2025-10-23,8,20.4,26.4,16.0,0.7,observed
2025-10-24,8,19.2,24.7,16.0,4.0,observed
2025-10-25,8,20.2,25.8,16.0,0.7,observed
2025-10-26,8,20.4,25.9,14.8,0.8,observed
2025-10-27,8,19.8,26.3,14.9,5.1,observed
2025-10-28,8,19.4,25.5,16.3,13.2,observed
2025-10-29,8,18.2,22.1,16.2,10.4,observed
2025-10-30,8,18.3,23.8,15.7,8.0,observed
2025-10-31,8,18.3,23.7,15.2,11.5,observed
2025-11-01,8,18.1,21.8,16.0,5.1,observed
2025-11-02,8,18.4,23.6,15.8,5.2,observed
2025-11-03,8,18.6,24.2,14.9,3.3,observed
2025-11-04,8,18.8,25.4,15.2,2.4,observed
2025-11-05,8,19.5,25.7,14.4,0.1,observed
2025-11-06,8,19.7,25.7,15.9,1.1,observed
2025-11-07,8,19.7,25.6,16.0,4.5,observed
2025-11-08,8,19.4,26.1,15.6,1.8,observed
2025-11-09,8,17.2,20.5,15.4,4.4,observed
2025-11-10,8,18.4,24.4,13.5,1.2,observed
2025-11-11,8,19.3,24.6,15.5,1.4,observed
2025-11-12,8,19.1,24.9,15.2,2.8,observed
2025-11-13,8,18.8,23.9,15.7,3.5,observed
2025-11-14,8,18.6,25.2,14.7,2.1,observed
2025-11-15,8,19.7,25.4,15.2,1.1,observed
2025-11-16,8,20.0,25.3,16.3,1.9,observed
2025-11-17,8,19.6,25.0,15.3,0.6,observed
2025-11-18,8,19.2,26.0,16.1,2.4,observed
2025-11-19,8,19.2,25.8,14.1,0.4,observed
2025-11-20,8,19.6,26.1,14.1,0.1,observed
2025-11-21,8,20.1,26.4,15.2,1.0,observed
2025-11-22,8,19.5,25.3,13.5,0.2,observed
2025-11-23,8,18.6,23.6,14.7,4.1,observed
2025-11-24,8,19.0,25.5,13.1,0.7,observed
2025-11-25,8,19.5,25.4,15.8,3.9,observed
2025-11-26,8,18.8,23.7,15.4,7.0,observed
2025-11-27,8,19.0,24.0,15.6,3.9,observed
2025-11-28,8,19.7,25.4,15.6,1.7,observed
2025-11-29,8,19.9,26.1,15.7,1.0,observed
2025-11-30,8,20.2,26.1,15.2,0.0,observed
2025-12-01,8,19.8,25.8,14.3,0.0,observed
2025-12-02,8,19.9,26.8,13.6,0.0,observed
2025-12-03,8,20.1,26.4,15.1,0.5,observed
2025-12-04,8,20.1,26.0,16.0,2.1,observed
2025-12-05,8,19.6,25.6,15.4,1.4,observed
2025-12-06,8,19.4,25.3,15.1,1.6,observed
2025-12-07,8,19.2,24.5,14.8,1.2,observed
2025-12-08,8,19.0,24.4,15.4,1.5,observed
2025-12-09,8,19.5,25.3,14.7,0.3,observed
2025-12-10,8,20.1,26.4,14.8,0.0,observed
2025-12-11,8,20.2,26.0,15.8,1.0,observed
2025-12-12,8,20.0,26.3,15.8,2.0,observed
2025-12-13,8,19.6,26.2,14.2,6.4,observed
2025-12-14,8,18.7,24.6,15.8,5.5,observed
2025-12-15,8,19.7,25.4,15.2,2.4,observed
2025-12-16,8,20.2,26.0,16.1,2.3,observed
2025-12-17,8,20.8,27.2,16.4,1.6,observed
2025-12-18,8,20.5,26.8,16.0,1.5,observed
2025-12-19,8,19.2,25.6,16.1,4.2,observed
2025-12-20,8,19.8,25.7,15.8,3.9,observed
2025-12-21,8,18.4,24.0,15.9,4.5,observed
2025-12-22,8,19.0,24.5,15.3,2.9,observed
2025-12-23,8,19.7,25.6,14.7,0.3,observed
2025-12-24,8,19.9,26.1,15.5,1.6,observed
2025-12-25,8,20.6,26.7,14.8,0.9,observed
2025-12-26,8,21.9,28.8,15.9,0.1,observed
2025-12-27,8,21.2,29.5,16.3,10.1,observed
2025-12-28,8,18.1,23.8,15.8,9.5,observed
2025-12-29,8,19.1,25.5,15.3,5.1,observed
2025-12-30,8,18.8,24.3,14.7,3.6,observed
2025-12-31,8,19.0,24.7,14.6,0.5,observed
2026-01-01,8,18.7,24.0,14.8,1.8,observed
2026-01-02,8,19.5,25.7,14.6,0.1,observed
2026-01-03,8,20.4,27.1,14.7,0.0,observed
2026-01-04,8,20.9,26.7,15.3,0.0,observed
2026-01-05,8,20.9,27.0,15.7,0.0,observed
2026-01-06,8,20.5,26.4,14.9,0.0,observed
2026-01-07,8,21.1,27.6,15.2,0.0,observed
2026-01-08,8,21.2,26.3,16.6,0.0,observed
2026-01-09,8,21.0,27.0,16.0,0.3,observed
2026-01-10,8,20.4,26.7,14.8,2.0,observed
2026-01-11,8,21.3,28.0,15.9,0.4,observed
2026-01-12,8,19.9,25.3,15.0,7.5,observed
2026-01-13,8,20.3,26.2,15.5,0.1,observed
2026-01-14,8,20.0,26.6,13.7,0.0,observed
2026-01-15,8,20.8,27.7,14.3,0.0,observed
2026-01-16,8,21.9,29.7,15.0,0.0,observed
2026-01-17,8,21.0,27.7,15.9,0.7,observed
2026-01-18,8,20.9,26.7,15.9,1.1,observed
2026-01-19,8,20.5,26.1,15.2,0.7,observed
2026-01-20,8,21.1,27.8,14.9,0.0,observed
2026-01-21,8,21.6,28.7,15.0,0.0,observed
2026-01-22,8,20.6,26.3,15.5,0.3,observed
2026-01-23,8,21.3,27.6,14.9,0.0,observed
2026-01-24,8,22.0,29.4,15.2,0.0,observed
2026-01-25,8,23.0,31.3,16.0,0.0,observed
2026-01-26,8,22.9,30.1,16.0,0.0,observed
2026-01-27,8,22.2,28.9,15.9,0.0,observed
2026-01-28,8,22.2,28.1,16.6,0.1,observed
2026-01-29,8,22.7,29.9,16.1,0.0,observed
2026-01-30,8,22.4,28.7,16.0,0.0,observed
2026-01-31,8,22.4,28.5,16.4,0.0,observed
2026-02-01,8,22.4,28.6,16.4,0.0,observed
2026-02-02,8,21.9,27.7,15.7,0.0,observed
2026-02-03,8,22.1,28.7,15.8,0.0,observed
2026-02-04,8,22.4,29.9,15.6,0.0,observed
2026-02-05,8,22.3,28.8,17.1,0.1,observed
2026-02-06,8,22.2,27.8,17.5,0.2,observed
2026-02-07,8,22.4,29.5,15.6,0.0,observed
2026-02-08,8,22.1,28.6,16.4,0.4,observed
2026-02-09,8,21.4,27.4,16.5,1.2,observed
2026-02-10,8,22.4,28.7,17.0,0.0,observed
2026-02-11,8,22.2,28.7,15.6,0.0,observed
2026-02-12,8,22.4,29.6,15.5,0.0,observed
2026-02-13,8,22.6,30.0,15.7,0.0,observed
2026-02-14,8,22.0,28.6,16.5,0.1,observed
2026-02-15,8,21.1,28.3,16.3,1.9,observed
2026-02-16,8,20.9,28.0,15.8,0.4,observed
2026-02-17,8,21.2,27.1,16.8,1.2,observed
2026-02-18,8,20.2,25.4,16.1,0.9,observed
2026-02-19,8,21.6,28.2,15.2,0.6,observed
2026-02-20,8,22.7,28.9,16.7,0.4,observed
2026-02-21,8,19.4,23.5,16.3,6.9,observed
2026-02-22,8,18.7,24.5,15.7,10.6,observed
2026-02-23,8,18.2,21.4,16.1,8.9,observed
2026-02-24,8,18.8,23.7,15.2,4.7,observed
2026-02-25,8,18.5,24.2,15.3,17.1,observed
2026-02-26,8,19.1,25.1,15.2,16.3,observed
2026-02-27,8,19.1,25.4,15.9,13.2,observed
2026-02-28,8,18.5,23.5,15.0,8.0,observed
2026-03-01,8,18.5,23.3,15.9,8.9,observed
2026-03-02,8,18.5,23.6,15.6,7.2,observed
2026-03-03,8,19.0,24.0,16.0,6.6,observed
2026-03-04,8,18.7,23.9,15.9,20.5,observed
2026-03-05,8,18.5,23.7,15.7,15.7,observed
2026-03-06,8,18.3,23.5,16.2,21.9,observed
2026-03-07,8,18.3,22.7,14.8,8.4,observed
2026-03-08,8,18.8,24.4,14.5,5.4,observed
2026-03-09,8,19.1,24.0,15.6,3.4,observed
2026-03-10,8,19.0,24.3,16.1,3.6,observed
2026-03-11,8,19.6,25.2,16.0,0.9,observed
2026-03-12,8,19.9,25.2,16.2,0.6,observed
2026-03-13,8,20.2,26.3,15.2,1.8,observed
2026-03-14,8,19.7,24.8,16.2,2.0,observed
2026-03-15,8,19.8,25.2,16.6,1.3,observed
2026-03-16,8,19.6,25.1,15.4,0.5,observed
2026-03-17,8,19.9,26.0,16.4,2.2,observed
2026-03-18,8,19.9,26.4,16.2,5.2,observed
2026-03-19,8,19.9,25.7,16.3,3.5,observed
2026-03-20,8,18.6,23.9,15.7,30.5,observed
2026-03-21,8,18.9,23.6,16.2,31.5,observed
2026-03-22,8,18.7,23.8,15.9,9.3,observed
2026-03-23,8,18.3,23.2,15.9,7.1,observed
2026-03-24,8,18.5,23.7,15.7,11.9,observed
2026-03-25,8,18.6,23.5,15.7,3.1,observed
2026-03-26,8,19.1,24.5,15.7,2.7,observed
2026-03-27,8,18.3,23.1,15.8,7.3,observed
2026-03-28,8,18.7,23.8,15.8,3.8,observed
2026-03-29,8,19.0,24.3,15.0,0.5,observed
2026-03-30,8,19.1,24.5,15.8,1.8,observed
2026-03-31,8,18.8,24.1,15.2,3.2,observed
2026-04-01,8,19.4,24.5,16.1,1.7,observed
2026-04-02,8,19.2,24.5,15.4,2.4,observed
2026-04-03,8,19.6,25.2,15.4,1.1,observed
2026-04-04,8,19.6,25.1,15.2,1.0,observed
2026-04-05,8,18.9,24.0,15.2,4.6,observed
2026-04-06,8,19.5,24.9,15.0,1.3,observed
2026-04-07,8,19.5,24.6,16.0,2.6,observed
2026-04-08,8,19.9,25.2,16.1,2.0,observed
2026-04-09,8,19.8,25.4,16.0,0.5,observed
2026-04-10,8,19.9,25.9,16.0,0.7,observed
2026-04-11,8,20.5,27.0,15.5,0.6,observed
2026-04-12,8,20.2,25.5,16.6,4.2,observed
2026-04-13,8,19.4,25.2,16.4,4.5,observed
2026-04-14,8,18.8,23.3,16.3,9.4,observed
2026-04-15,8,18.9,23.9,16.2,4.2,observed
2026-04-16,8,18.8,24.2,16.1,4.2,observed
2026-04-17,8,18.3,22.8,15.8,8.4,observed
2026-04-18,8,18.6,23.2,15.8,12.1,observed
2026-04-19,8,18.8,23.2,15.9,4.2,observed
2026-04-20,8,19.1,23.7,15.8,2.5,observed
2026-04-21,8,19.2,24.0,16.1,1.2,observed
2026-04-22,8,19.2,24.2,16.4,2.9,observed
2026-04-23,8,18.2,22.3,16.1,9.7,observed
2026-04-24,8,18.8,23.3,15.2,0.7,observed
2026-04-25,8,18.8,23.4,14.1,2.3,observed
2026-04-26,8,18.9,24.0,15.5,9.7,observed
2026-04-27,8,18.8,23.9,15.9,18.6,observed
2026-04-28,8,18.3,23.0,16.3,32.5,observed
2026-04-29,8,17.1,20.6,14.6,7.1,observed
2026-04-30,8,18.1,22.6,15.4,10.4,observed
2026-05-01,8,18.4,23.0,16.0,10.8,observed
2026-05-02,8,18.5,23.2,16.1,5.3,observed
2026-05-03,8,19.0,23.9,14.4,2.3,observed
2026-05-04,8,19.1,23.8,15.0,2.3,observed
2026-05-05,8,19.4,23.8,16.4,1.8,observed
2026-05-06,8,19.6,24.8,16.4,2.5,observed
2026-05-07,8,19.5,24.3,16.1,1.2,observed
2026-05-08,8,19.7,25.0,16.6,1.7,observed
2026-05-09,8,19.0,23.5,16.6,8.4,observed
2026-05-10,8,19.0,23.8,15.3,0.7,observed
2026-05-11,8,19.5,24.8,15.1,1.1,observed
2026-05-12,8,18.8,23.2,16.2,2.4,observed
2026-05-13,8,19.0,23.9,16.4,8.0,observed
2026-05-14,8,19.3,24.1,16.2,0.9,observed
2026-05-15,8,19.1,23.3,16.0,0.7,observed
2026-05-16,8,19.1,24.4,16.0,1.7,observed
2026-05-17,8,18.8,23.4,15.4,1.6,observed
2026-05-18,8,19.2,23.7,15.7,0.7,observed
2026-05-19,8,19.2,24.4,14.3,0.0,observed
2026-05-20,8,19.3,24.5,14.6,0.0,observed
2026-05-21,8,19.4,24.8,16.0,0.7,observed
2026-05-22,8,19.8,25.9,15.0,0.5,observed
2026-05-23,8,19.9,25.7,16.5,0.6,observed
2026-05-24,8,19.8,25.3,15.1,0.2,observed
2026-05-25,8,19.1,24.4,15.7,0.6,observed
2026-05-26,8,19.1,24.6,15.1,0.3,observed
2026-05-27,8,18.9,23.2,15.8,0.4,observed
2026-05-28,8,19.1,24.1,15.6,0.5,observed
2026-05-29,8,18.9,23.5,14.5,0.9,observed
2026-05-30,8,18.4,23.3,16.3,3.5,observed
2026-05-31,8,19.1,23.6,16.1,2.9,observed
2026-06-01,8,18.6,22.1,15.8,6.7,observed
2026-06-02,8,18.4,23.0,15.9,5.0,observed
2026-06-03,8,18.3,22.2,15.4,0.8,observed
2026-06-04,8,19.0,24.0,15.6,2.3,observed
2026-06-05,8,18.9,25.0,13.3,0.1,observed
2026-06-06,8,19.9,26.5,15.5,0.2,observed
2026-06-07,8,19.3,26.0,15.2,0.2,observed
2026-06-08,8,19.3,25.8,14.6,0.5,observed
2026-06-09,8,19.0,25.9,13.6,0.0,observed
2026-06-10,8,19.1,24.9,14.9,0.3,observed
2026-06-11,8,19.1,24.6,15.2,0.1,observed
2026-06-12,8,19.7,25.8,15.6,1.5,observed
2026-06-13,8,18.1,22.7,15.6,2.1,observed
2026-06-14,8,17.5,22.3,13.8,0.3,observed
2026-06-15,8,18.1,24.4,13.0,0.1,observed
2026-06-16,8,17.7,24.1,10.6,0.2,observed
2026-06-17,8,17.4,21.7,12.5,1.4,observed
2026-06-18,8,18.0,23.6,14.0,1.2,observed
2026-06-19,8,18.7,24.2,14.4,0.5,observed
2026-06-20,8,18.5,23.0,14.7,0.9,observed
2026-06-21,8,18.0,22.7,14.6,0.6,observed
2026-06-22,8,17.1,21.3,13.3,0.2,observed
2026-06-23,8,17.3,22.6,12.3,0.0,observed
2026-06-24,8,17.4,22.3,13.0,1.2,observed
2026-06-25,8,18.1,23.9,13.4,2.4,observed
2026-06-26,8,18.9,24.7,13.0,0.6,observed
2026-06-27,8,18.1,24.9,12.1,0.2,observed
2026-06-28,8,18.1,24.4,12.3,0.0,observed
2026-06-29,8,17.5,23.4,12.4,0.1,observed
2026-06-30,8,18.1,22.6,14.7,0.9,observed
2026-07-01,8,17.5,23.0,14.3,0.1,observed
2026-07-02,8,18.4,25.2,11.6,0.1,observed
2026-07-03,8,18.8,25.8,12.6,0.1,observed
2026-07-04,8,18.1,24.1,13.6,0.2,observed
2026-07-05,8,17.2,21.5,14.2,0.0,observed
2026-07-06,8,18.2,24.7,13.0,0.0,observed
2026-07-07,8,17.6,23.3,11.6,0.1,observed
2026-07-08,8,18.5,24.8,13.8,0.2,observed
2026-07-09,8,18.7,24.7,14.2,0.0,observed
2026-07-10,8,18.1,23.6,14.2,0.7,observed
2026-07-11,8,17.7,21.7,15.7,2.8,observed
2026-07-12,8,18.1,23.5,13.3,0.2,observed
2026-07-13,8,18.6,24.9,12.7,0.0,observed
2026-07-14,8,18.0,25.0,12.3,0.0,observed
2026-07-15,8,18.9,25.2,14.3,0.1,observed
2026-07-16,8,19.5,26.4,13.2,0.3,observed
2026-07-17,8,17.8,24.4,12.8,0.0,observed
2026-07-18,8,18.9,25.3,13.0,0.6,observed
2026-07-19,8,19.3,26.3,12.7,0.0,observed
2026-07-20,8,18.0,24.6,12.8,0.1,observed
2026-07-21,8,18.9,25.9,13.1,0.4,observed
2026-07-22,8,18.2,24.2,12.8,0.1,observed
2026-07-23,8,17.9,24.3,13.0,0.2,observed
2026-07-24,8,19.0,24.9,13.7,0.2,observed
2026-07-25,8,18.1,23.4,13.6,0.3,observed
2026-07-26,8,17.1,21.6,12.9,0.4,observed
2026-07-27,8,17.3,22.1,13.9,0.4,observed
2026-07-28,8,17.2,22.2,12.0,0.0,observed
2026-07-29,8,18.2,24.3,13.2,0.0,observed
2026-07-30,8,18.4,24.8,12.6,0.3,observed
2026-07-31,8,18.6,25.3,13.0,0.6,observed
2026-08-01,8,17.6,25.2,12.8,0.1,observed
2026-08-02,8,17.3,22.8,13.2,0.7,observed
2026-08-03,8,16.6,21.5,12.5,0.1,observed
2026-08-04,8,16.4,20.6,12.7,0.8,observed
2026-08-05,8,18.3,25.6,11.6,0.0,observed
2026-08-06,8,17.7,25.1,12.6,0.0,observed
2026-08-07,8,18.4,23.8,13.3,0.0,observed
2026-08-08,8,18.2,24.3,13.1,0.1,observed
2026-08-09,8,18.2,23.6,14.1,0.6,observed
2026-08-10,8,18.2,27.9,12.5,0.4,observed
2026-08-11,8,18.6,26.4,11.5,0.0,observed
2026-08-12,8,19.4,27.0,11.7,0.0,observed
2026-08-13,8,19.4,26.3,12.0,0.0,observed
2026-08-14,8,19.3,26.7,11.6,0.0,observed
2026-08-15,8,18.5,24.0,12.7,0.0,observed
2026-08-16,8,17.9,20.9,15.0,0.4,observed
2026-08-17,8,18.3,23.6,14.6,0.4,observed
2026-08-18,8,18.2,22.2,15.1,2.5,observed
2026-08-19,8,18.2,23.3,15.5,3.9,observed
2026-08-20,8,18.2,25.1,13.1,0.2,observed
2026-08-21,8,18.2,25.0,11.1,0.0,observed
2026-08-22,8,19.8,27.5,12.0,0.0,observed
2026-08-23,8,20.7,27.3,16.1,2.8,observed
2026-08-24,8,20.6,27.1,16.7,0.9,observed
2026-08-25,8,19.7,27.1,13.0,0.0,observed
2026-08-26,8,19.4,27.4,12.1,0.0,observed
2026-08-27,8,18.6,27.9,12.2,0.4,observed
2026-08-28,8,19.0,25.9,12.5,0.0,observed
2026-08-29,8,19.0,25.4,13.3,0.0,observed
2026-08-30,8,18.9,25.7,14.0,0.2,observed
2026-08-31,8,17.4,21.7,13.8,3.7,observed
2026-09-01,8,17.8,23.2,13.2,2.5,observed
2026-09-02,8,19.1,26.5,14.7,0.7,observed
2026-09-03,8,18.2,25.0,12.6,0.0,observed
2026-09-04,8,20.1,29.7,13.7,0.4,observed
2026-09-05,8,20.2,27.8,13.5,0.1,observed
2026-09-06,8,20.2,28.1,13.7,0.0,observed
2026-09-07,8,20.2,27.1,13.3,0.0,observed
2026-09-08,8,17.8,21.9,13.7,0.6,observed
2026-09-09,8,17.5,21.9,13.4,1.1,observed
2026-09-10,8,18.8,24.0,14.3,1.8,observed
2026-09-11,8,19.1,24.3,15.4,0.9,observed
2026-09-12,8,18.6,23.5,15.4,6.2,observed
2026-09-13,8,19.1,24.9,14.9,0.9,observed
2026-09-14,8,19.9,27.0,13.4,0.4,observed
2026-09-15,8,17.7,20.3,15.5,0.9,observed
2026-09-16,8,17.8,21.9,14.5,2.8,observed
2026-09-17,8,18.5,24.5,15.0,0.1,observed
2026-09-18,8,16.9,20.9,13.1,3.7,observed
2026-09-19,8,18.7,25.1,14.4,1.4,observed
2026-09-20,8,17.6,22.6,13.7,4.0,observed
2026-09-21,8,18.0,22.4,15.5,4.8,observed
2026-09-22,8,19.3,24.6,15.5,0.6,observed
2026-09-23,8,19.0,24.9,14.7,0.8,observed
2026-09-24,8,19.9,27.5,13.0,0.0,observed
2026-09-25,8,20.2,28.5,13.4,0.2,observed
2026-09-26,8,20.3,28.6,14.5,0.0,observed
2026-09-27,8,20.6,27.5,15.3,0.6,observed
2026-09-28,8,20.7,27.7,16.8,1.6,observed
2026-09-29,8,20.3,25.8,16.4,1.3,observed
2026-09-30,8,20.1,27.7,14.0,0.0,observed
2026-10-01,8,21.0,29.2,13.9,0.0,observed
2026-10-02,8,21.0,28.1,14.4,0.0,observed
2026-10-03,8,21.6,28.9,14.6,0.0,observed
2026-10-04,8,20.9,26.9,15.8,2.0,observed
2026-10-05,8,21.6,28.1,16.0,0.7,observed
2026-10-06,8,21.2,27.2,16.4,1.2,observed
2026-10-07,8,20.3,26.1,16.7,5.2,observed
2026-10-08,8,20.2,25.3,16.4,4.3,observed
2026-10-09,8,19.7,25.7,16.0,6.4,forecast
2026-10-10,8,18.3,24.0,15.2,32.5,forecast
2026-10-11,8,19.1,25.8,14.6,16.9,forecast
2026-10-12,8,17.1,22.0,13.5,16.3,forecast
2026-10-13,8,17.7,23.8,13.2,22.6,forecast
2026-10-14,8,17.7,22.3,15.6,35.7,forecast
2026-10-15,8,17.6,21.9,15.3,35.2,forecast
2026-10-16,8,18.7,24.5,14.0,0.2,forecast
2026-10-17,8,18.6,24.8,13.3,0.3,forecast
2026-10-18,8,18.7,23.6,15.0,2.2,forecast
